COUPON_ID,MBR_ID,ISSUE_YMD,EXPIRE_YMD,USED_YN
CP-2608-0001,20001,2026-08-13,2026-09-12,N
CP-2605-0002,20002,2026-05-13,2026-06-12,N
CP-2510-0003,20002,2025-10-23,2025-11-22,N
CP-2410-0004,20002,2024-10-01,2024-10-31,N
CP-2511-0005,20003,2025-11-07,2025-12-07,Y
CP-2604-0006,20003,2026-04-18,2026-06-17,N
CP-2406-0007,20005,2024-06-13,2024-07-13,Y
CP-2604-0008,20006,2026-04-08,2026-06-07,Y
CP-2602-0009,20006,2026-02-17,2026-03-19,Y
CP-2608-0010,20008,2026-08-19,2026-09-18,Y
CP-2608-0011,20008,2026-08-19,2026-09-02,N
CP-2608-0012,20008,2026-08-17,2026-09-16,N
CP-2608-0013,20008,2026-08-03,2026-10-02,Y
CP-2608-0014,20008,2026-08-27,2026-09-26,N
CP-2607-0015,20009,2026-07-27,2026-08-26,Y
CP-2503-0016,20009,2025-03-01,2025-03-15,N
CP-2605-0017,20009,2026-05-13,2026-05-27,N
CP-2510-0018,20010,2025-10-08,2025-10-22,N
CP-2605-0019,20010,2026-05-26,2026-08-24,N
CP-2511-0020,20010,2025-11-16,2025-11-30,N
CP-2412-0021,20010,2024-12-30,2025-01-29,Y
CP-2608-0022,20011,2026-08-16,2026-08-30,Y
CP-2511-0023,20011,2025-11-24,2026-01-23,N
CP-2508-0024,20013,2025-08-31,2025-09-30,Y
CP-2607-0025,20014,2026-07-22,2026-10-20,N
CP-2607-0026,20014,2026-07-15,2026-07-29,N
CP-2608-0027,20014,2026-08-11,2026-08-25,N
CP-2510-0028,20015,2025-10-17,2026-01-15,N
CP-2502-0029,20015,2025-02-25,2025-03-27,Y
CP-2410-0030,20015,2024-10-23,2024-11-22,Y
CP-2608-0031,20016,2026-08-28,2026-09-27,N
CP-2608-0032,20016,2026-08-12,2026-10-11,N
CP-2608-0033,20016,2026-08-18,2026-09-17,N
CP-2407-0034,20017,2024-07-16,2024-08-15,N
CP-2608-0035,20018,2026-08-24,2026-09-07,N
CP-2608-0036,20018,2026-08-09,2026-10-08,Y
CP-2511-0037,20019,2025-11-21,2026-01-20,N
CP-2605-0038,20019,2026-05-24,2026-08-22,Y
CP-2606-0039,20019,2026-06-24,2026-07-24,Y
CP-2607-0040,20019,2026-07-11,2026-08-10,N
CP-2607-0041,20021,2026-07-20,2026-10-18,Y
CP-2512-0042,20021,2025-12-12,2025-12-26,N
CP-2609-0043,20022,2026-09-03,2026-11-02,N
CP-2609-0044,20022,2026-09-03,2026-11-02,N
CP-2507-0045,20023,2025-07-18,2025-08-17,N
CP-2605-0046,20023,2026-05-24,2026-06-23,Y
CP-2607-0047,20024,2026-07-16,2026-08-15,N
CP-2607-0048,20024,2026-07-28,2026-08-27,N
CP-2608-0049,20025,2026-08-26,2026-11-24,N
CP-2505-0050,20026,2025-05-10,2025-06-09,Y
CP-2606-0051,20027,2026-06-09,2026-07-09,N
CP-2510-0052,20027,2025-10-26,2025-11-25,N
CP-2512-0053,20027,2025-12-23,2026-03-23,N
CP-2606-0054,20029,2026-06-25,2026-07-25,Y
CP-2604-0055,20029,2026-04-20,2026-07-19,N
CP-2607-0056,20029,2026-07-27,2026-08-26,Y
CP-2605-0057,20030,2026-05-09,2026-07-08,Y
CP-2603-0058,20030,2026-03-21,2026-04-20,Y
CP-2510-0059,20030,2025-10-21,2025-11-04,N
CP-2509-0060,20031,2025-09-25,2025-10-25,N
CP-2506-0061,20031,2025-06-16,2025-09-14,N
CP-2608-0062,20032,2026-08-31,2026-10-30,N
CP-2608-0063,20032,2026-08-24,2026-09-07,N
CP-2604-0064,20033,2026-04-15,2026-05-15,N
CP-2601-0065,20033,2026-01-07,2026-03-08,Y
CP-2607-0066,20033,2026-07-31,2026-08-30,N
CP-2509-0067,20033,2025-09-19,2025-10-03,Y
CP-2601-0068,20033,2026-01-21,2026-02-20,N
CP-2608-0069,20037,2026-08-09,2026-10-08,N
CP-2510-0070,20038,2025-10-16,2025-11-15,N
CP-2604-0071,20039,2026-04-24,2026-06-23,N
CP-2606-0072,20039,2026-06-19,2026-09-17,Y
CP-2605-0073,20040,2026-05-18,2026-08-16,N
CP-2601-0074,20040,2026-01-01,2026-01-31,N
CP-2607-0075,20040,2026-07-09,2026-08-08,N
CP-2606-0076,20041,2026-06-04,2026-08-03,N
CP-2603-0077,20041,2026-03-08,2026-05-07,N
CP-2605-0078,20042,2026-05-22,2026-06-21,N
CP-2604-0079,20042,2026-04-09,2026-07-08,Y
CP-2604-0080,20042,2026-04-26,2026-05-10,N
CP-2608-0081,20042,2026-08-05,2026-09-04,N
CP-2608-0082,20042,2026-08-17,2026-10-16,N
CP-2608-0083,20044,2026-08-10,2026-11-08,N
CP-2609-0084,20045,2026-09-01,2026-11-30,N
CP-2509-0085,20047,2025-09-24,2025-10-24,N
CP-2603-0086,20048,2026-03-03,2026-03-17,Y
CP-2608-0087,20048,2026-08-24,2026-09-07,N
CP-2507-0088,20048,2025-07-26,2025-08-25,Y
CP-2605-0089,20048,2026-05-16,2026-07-15,N
CP-2408-0090,20049,2024-08-31,2024-09-14,Y
CP-2504-0091,20049,2025-04-21,2025-05-21,Y
CP-2409-0092,20050,2024-09-24,2024-11-23,N
CP-2509-0093,20050,2025-09-09,2025-10-09,Y
CP-2605-0094,20051,2026-05-28,2026-06-27,N
CP-2501-0095,20051,2025-01-21,2025-03-22,N
CP-2501-0096,20051,2025-01-15,2025-04-15,N
CP-2608-0097,20052,2026-08-27,2026-09-26,N
CP-2607-0098,20052,2026-07-31,2026-08-14,Y
CP-2606-0099,20053,2026-06-28,2026-07-28,N
CP-2412-0100,20053,2024-12-15,2025-01-14,N
CP-2507-0101,20053,2025-07-20,2025-08-19,N
CP-2505-0102,20053,2025-05-07,2025-06-06,N
CP-2604-0103,20053,2026-04-03,2026-05-03,Y
CP-2606-0104,20054,2026-06-07,2026-08-06,Y
CP-2605-0105,20054,2026-05-07,2026-05-21,Y
CP-2608-0106,20054,2026-08-23,2026-09-22,N
CP-2606-0107,20054,2026-06-20,2026-07-20,N
CP-2503-0108,20057,2025-03-14,2025-06-12,Y
CP-2410-0109,20058,2024-10-22,2024-11-05,N
CP-2410-0110,20058,2024-10-17,2024-10-31,N
CP-2605-0111,20058,2026-05-28,2026-06-11,Y
CP-2501-0112,20059,2025-01-14,2025-02-13,N
CP-2608-0113,20060,2026-08-25,2026-10-24,Y
CP-2609-0114,20061,2026-09-02,2026-12-01,N
CP-2605-0115,20062,2026-05-04,2026-07-03,N
CP-2604-0116,20062,2026-04-18,2026-05-18,N
CP-2507-0117,20062,2025-07-05,2025-10-03,Y
CP-2607-0118,20063,2026-07-24,2026-08-23,N
CP-2607-0119,20063,2026-07-19,2026-09-17,N
CP-2606-0120,20063,2026-06-05,2026-09-03,Y
CP-2606-0121,20065,2026-06-25,2026-08-24,N
CP-2608-0122,20065,2026-08-26,2026-09-09,N
CP-2608-0123,20067,2026-08-27,2026-11-25,N
CP-2608-0124,20068,2026-08-15,2026-11-13,Y
CP-2607-0125,20070,2026-07-14,2026-09-12,N
CP-2607-0126,20070,2026-07-09,2026-08-08,N
CP-2608-0127,20070,2026-08-23,2026-09-22,N
CP-2606-0128,20071,2026-06-08,2026-07-08,Y
CP-2412-0129,20071,2024-12-12,2025-02-10,N
CP-2502-0130,20071,2025-02-22,2025-03-24,N
CP-2506-0131,20071,2025-06-02,2025-08-01,N
CP-2608-0132,20073,2026-08-06,2026-10-05,N
CP-2608-0133,20074,2026-08-01,2026-08-15,Y
CP-2608-0134,20074,2026-08-06,2026-10-05,N
CP-2607-0135,20074,2026-07-12,2026-10-10,N
CP-2608-0136,20074,2026-08-31,2026-11-29,N
CP-2405-0137,20075,2024-05-27,2024-08-25,N
CP-2607-0138,20078,2026-07-27,2026-08-10,Y
CP-2607-0139,20078,2026-07-17,2026-10-15,N
CP-2605-0140,20078,2026-05-06,2026-05-20,N
CP-2601-0141,20079,2026-01-22,2026-04-22,N
CP-2607-0142,20079,2026-07-07,2026-09-05,N
CP-2511-0143,20079,2025-11-26,2025-12-26,N
CP-2604-0144,20080,2026-04-28,2026-05-28,N
CP-2607-0145,20080,2026-07-25,2026-08-08,Y
CP-2606-0146,20080,2026-06-03,2026-06-17,Y
CP-2608-0147,20081,2026-08-07,2026-09-06,N
CP-2412-0148,20081,2024-12-02,2025-01-01,Y
CP-2606-0149,20081,2026-06-24,2026-08-23,N
CP-2512-0150,20082,2025-12-28,2026-02-26,N
CP-2511-0151,20082,2025-11-08,2025-12-08,Y
CP-2503-0152,20082,2025-03-13,2025-03-27,N
CP-2608-0153,20083,2026-08-20,2026-09-19,N
CP-2603-0154,20084,2026-03-21,2026-04-20,N
CP-2602-0155,20084,2026-02-21,2026-04-22,N
CP-2412-0156,20084,2024-12-26,2025-03-26,N
CP-2506-0157,20085,2025-06-01,2025-07-01,N
CP-2604-0158,20085,2026-04-05,2026-04-19,N
CP-2503-0159,20085,2025-03-28,2025-04-11,Y
CP-2407-0160,20086,2024-07-18,2024-10-16,N
CP-2402-0161,20086,2024-02-21,2024-04-21,N
CP-2607-0162,20086,2026-07-08,2026-08-07,Y
CP-2609-0163,20086,2026-09-02,2026-11-01,N
CP-2608-0164,20087,2026-08-16,2026-10-15,N
CP-2608-0165,20087,2026-08-13,2026-09-12,Y
CP-2608-0166,20087,2026-08-29,2026-11-27,N
CP-2608-0167,20087,2026-08-24,2026-09-07,N
CP-2510-0168,20089,2025-10-03,2026-01-01,N
CP-2504-0169,20089,2025-04-11,2025-06-10,N
CP-2503-0170,20089,2025-03-01,2025-03-15,Y
CP-2608-0171,20090,2026-08-31,2026-10-30,N
CP-2604-0172,20090,2026-04-19,2026-07-18,N
CP-2606-0173,20090,2026-06-21,2026-07-05,N
CP-2608-0174,20090,2026-08-10,2026-09-09,N
CP-2607-0175,20090,2026-07-24,2026-08-23,Y
CP-2603-0176,20092,2026-03-07,2026-03-21,N
CP-2510-0177,20092,2025-10-13,2026-01-11,N
CP-2607-0178,20092,2026-07-07,2026-08-06,N
CP-2601-0179,20092,2026-01-12,2026-04-12,N
CP-2508-0180,20093,2025-08-13,2025-11-11,N
CP-2607-0181,20093,2026-07-03,2026-09-01,Y
CP-2608-0182,20093,2026-08-21,2026-11-19,N
CP-2606-0183,20093,2026-06-15,2026-07-15,N
CP-2607-0184,20094,2026-07-01,2026-07-31,N
CP-2608-0185,20095,2026-08-07,2026-08-21,N
CP-2506-0186,20096,2025-06-04,2025-08-03,Y
CP-2508-0187,20096,2025-08-27,2025-09-26,Y
CP-2509-0188,20096,2025-09-10,2025-10-10,N
CP-2606-0189,20097,2026-06-20,2026-09-18,N
CP-2501-0190,20098,2025-01-23,2025-04-23,N
CP-2608-0191,20099,2026-08-09,2026-09-08,N
CP-2603-0192,20099,2026-03-25,2026-04-24,Y
CP-2604-0193,20099,2026-04-25,2026-06-24,N
CP-2608-0194,20099,2026-08-07,2026-08-21,N
CP-2608-0195,20099,2026-08-09,2026-09-08,Y
CP-2302-0196,20100,2023-02-17,2023-05-18,Y
CP-2604-0197,20101,2026-04-11,2026-05-11,N
CP-2607-0198,20104,2026-07-31,2026-08-14,Y
CP-2411-0199,20104,2024-11-03,2024-11-17,N
CP-2412-0200,20104,2024-12-26,2025-03-26,Y
CP-2410-0201,20105,2024-10-12,2024-11-11,N
CP-2510-0202,20105,2025-10-01,2025-12-30,N
CP-2503-0203,20105,2025-03-27,2025-06-25,N
CP-2509-0204,20105,2025-09-20,2025-10-20,N
CP-2606-0205,20105,2026-06-15,2026-08-14,N
CP-2603-0206,20106,2026-03-21,2026-04-20,N
CP-2604-0207,20106,2026-04-10,2026-04-24,Y
CP-2507-0208,20106,2025-07-01,2025-09-29,Y
CP-2603-0209,20106,2026-03-14,2026-04-13,Y
CP-2602-0210,20107,2026-02-06,2026-04-07,N
CP-2603-0211,20107,2026-03-25,2026-05-24,Y
CP-2604-0212,20108,2026-04-09,2026-07-08,Y
CP-2606-0213,20108,2026-06-30,2026-09-28,Y
CP-2608-0214,20110,2026-08-30,2026-10-29,N
CP-2601-0215,20110,2026-01-16,2026-04-16,Y
CP-2511-0216,20111,2025-11-12,2025-12-12,N
CP-2507-0217,20111,2025-07-01,2025-07-31,N
CP-2501-0218,20112,2025-01-18,2025-02-17,N
CP-2507-0219,20112,2025-07-18,2025-08-17,N
CP-2601-0220,20112,2026-01-17,2026-02-16,N
CP-2608-0221,20112,2026-08-26,2026-09-25,Y
CP-2608-0222,20113,2026-08-29,2026-11-27,N
CP-2602-0223,20113,2026-02-14,2026-04-15,N
CP-2608-0224,20113,2026-08-15,2026-11-13,N
CP-2605-0225,20114,2026-05-06,2026-05-20,N
CP-2506-0226,20114,2025-06-05,2025-06-19,N
CP-2608-0227,20114,2026-08-11,2026-09-10,N
CP-2603-0228,20114,2026-03-07,2026-06-05,N
CP-2506-0229,20115,2025-06-01,2025-07-31,Y
CP-2505-0230,20115,2025-05-08,2025-05-22,N
CP-2511-0231,20115,2025-11-12,2025-12-12,N
CP-2509-0232,20115,2025-09-13,2025-10-13,N
CP-2603-0233,20118,2026-03-11,2026-05-10,Y
CP-2508-0234,20119,2025-08-04,2025-09-03,N
CP-2502-0235,20120,2025-02-25,2025-03-27,N
CP-2608-0236,20121,2026-08-17,2026-09-16,N
CP-2608-0237,20122,2026-08-17,2026-10-16,N
CP-2608-0238,20124,2026-08-27,2026-09-26,N
CP-2506-0239,20125,2025-06-09,2025-06-23,N
CP-2605-0240,20125,2026-05-10,2026-08-08,N
CP-2511-0241,20125,2025-11-29,2025-12-29,Y
CP-2504-0242,20125,2025-04-22,2025-05-22,N
CP-2410-0243,20126,2024-10-30,2024-12-29,N
CP-2608-0244,20127,2026-08-23,2026-09-06,Y
CP-2608-0245,20127,2026-08-19,2026-09-18,N
CP-2607-0246,20127,2026-07-20,2026-08-03,N
CP-2604-0247,20129,2026-04-08,2026-06-07,N
CP-2603-0248,20129,2026-03-04,2026-05-03,Y
CP-2603-0249,20129,2026-03-22,2026-04-21,Y
CP-2509-0250,20130,2025-09-25,2025-12-24,Y
CP-2601-0251,20130,2026-01-20,2026-03-21,N
CP-2509-0252,20130,2025-09-27,2025-10-27,N
CP-2512-0253,20130,2025-12-17,2026-02-15,Y
CP-2608-0254,20130,2026-08-14,2026-10-13,N
CP-2407-0255,20132,2024-07-02,2024-09-30,N
CP-2604-0256,20132,2026-04-28,2026-06-27,Y
CP-2601-0257,20133,2026-01-30,2026-03-01,N
CP-2607-0258,20133,2026-07-11,2026-09-09,N
CP-2602-0259,20135,2026-02-15,2026-03-17,N
CP-2607-0260,20135,2026-07-28,2026-08-27,Y
CP-2604-0261,20135,2026-04-08,2026-07-07,N
CP-2608-0262,20136,2026-08-21,2026-09-20,N
CP-2608-0263,20136,2026-08-07,2026-09-06,N
CP-2512-0264,20136,2025-12-11,2026-02-09,N
CP-2510-0265,20136,2025-10-26,2025-11-25,Y
CP-2602-0266,20136,2026-02-13,2026-04-14,N
CP-2308-0267,20137,2023-08-23,2023-09-22,N
CP-2410-0268,20137,2024-10-03,2025-01-01,Y
CP-2606-0269,20138,2026-06-25,2026-07-09,Y
CP-2602-0270,20138,2026-02-20,2026-03-06,N
CP-2608-0271,20138,2026-08-27,2026-09-10,Y
CP-2603-0272,20138,2026-03-08,2026-03-22,N
CP-2602-0273,20138,2026-02-23,2026-04-24,N
CP-2601-0274,20140,2026-01-26,2026-02-25,N
CP-2506-0275,20140,2025-06-24,2025-07-08,N
CP-2605-0276,20140,2026-05-31,2026-07-30,N
CP-2510-0277,20141,2025-10-11,2025-10-25,N
CP-2603-0278,20141,2026-03-02,2026-05-01,Y
CP-2608-0279,20142,2026-08-16,2026-09-15,N
CP-2608-0280,20143,2026-08-27,2026-09-10,Y
CP-2607-0281,20143,2026-07-21,2026-08-20,N
CP-2608-0282,20143,2026-08-24,2026-10-23,Y
CP-2606-0283,20143,2026-06-14,2026-07-14,N
CP-2607-0284,20143,2026-07-12,2026-08-11,Y
CP-2512-0285,20144,2025-12-11,2026-03-11,N
CP-2608-0286,20144,2026-08-19,2026-09-18,N
CP-2506-0287,20144,2025-06-13,2025-07-13,Y
CP-2603-0288,20145,2026-03-30,2026-05-29,N
CP-2605-0289,20145,2026-05-20,2026-06-19,Y
CP-2604-0290,20146,2026-04-01,2026-05-31,N
CP-2602-0291,20146,2026-02-01,2026-04-02,Y
CP-2604-0292,20146,2026-04-15,2026-06-14,N
CP-2607-0293,20146,2026-07-10,2026-08-09,N
CP-2602-0294,20148,2026-02-19,2026-03-21,Y
CP-2606-0295,20148,2026-06-13,2026-08-12,Y
CP-2609-0296,20151,2026-09-02,2026-11-01,N
CP-2506-0297,20152,2025-06-15,2025-07-15,Y
CP-2606-0298,20152,2026-06-30,2026-09-28,N
CP-2606-0299,20153,2026-06-02,2026-08-01,N
CP-2411-0300,20154,2024-11-17,2024-12-17,N
CP-2605-0301,20154,2026-05-30,2026-07-29,Y
CP-2608-0302,20156,2026-08-06,2026-09-05,N
CP-2604-0303,20157,2026-04-06,2026-07-05,Y
CP-2603-0304,20158,2026-03-08,2026-05-07,N
CP-2510-0305,20158,2025-10-15,2025-11-14,N
CP-2602-0306,20158,2026-02-11,2026-03-13,N
CP-2606-0307,20158,2026-06-09,2026-07-09,N
CP-2606-0308,20159,2026-06-30,2026-09-28,N
CP-2604-0309,20159,2026-04-05,2026-06-04,N
CP-2601-0310,20159,2026-01-13,2026-02-12,N
CP-2606-0311,20159,2026-06-30,2026-09-28,N
CP-2608-0312,20160,2026-08-31,2026-09-30,N
CP-2605-0313,20160,2026-05-13,2026-07-12,N
CP-2606-0314,20160,2026-06-26,2026-07-26,N
CP-2508-0315,20163,2025-08-19,2025-10-18,N
CP-2604-0316,20164,2026-04-26,2026-05-10,Y
CP-2602-0317,20164,2026-02-23,2026-03-25,N
CP-2605-0318,20164,2026-05-31,2026-07-30,Y
CP-2512-0319,20166,2025-12-15,2026-01-14,N
CP-2606-0320,20166,2026-06-23,2026-07-07,N
CP-2605-0321,20166,2026-05-05,2026-05-19,Y
CP-2608-0322,20166,2026-08-30,2026-09-29,N
CP-2608-0323,20167,2026-08-26,2026-09-25,N
CP-2608-0324,20167,2026-08-18,2026-11-16,Y
CP-2608-0325,20167,2026-08-16,2026-10-15,N
CP-2609-0326,20167,2026-09-01,2026-10-31,N
CP-2608-0327,20167,2026-08-17,2026-10-16,Y
CP-2601-0328,20169,2026-01-18,2026-02-01,N
CP-2607-0329,20169,2026-07-24,2026-09-22,Y
CP-2509-0330,20169,2025-09-13,2025-10-13,Y
CP-2504-0331,20169,2025-04-21,2025-06-20,Y
CP-2512-0332,20171,2025-12-13,2025-12-27,Y
CP-2603-0333,20171,2026-03-13,2026-04-12,N
CP-2412-0334,20171,2024-12-07,2025-02-05,N
CP-2303-0335,20171,2023-03-21,2023-05-20,N
CP-2306-0336,20171,2023-06-12,2023-09-10,N
CP-2604-0337,20172,2026-04-23,2026-06-22,Y
CP-2604-0338,20172,2026-04-26,2026-07-25,N
CP-2510-0339,20172,2025-10-19,2025-12-18,Y
CP-2605-0340,20172,2026-05-27,2026-08-25,N
CP-2608-0341,20173,2026-08-17,2026-10-16,Y
CP-2606-0342,20173,2026-06-24,2026-07-08,N
CP-2607-0343,20173,2026-07-06,2026-08-05,Y
CP-2502-0344,20175,2025-02-19,2025-04-20,N
CP-2601-0345,20175,2026-01-22,2026-02-21,N
CP-2508-0346,20175,2025-08-18,2025-09-01,Y
CP-2608-0347,20177,2026-08-31,2026-10-30,Y
CP-2608-0348,20177,2026-08-27,2026-09-10,N
CP-2608-0349,20177,2026-08-22,2026-10-21,Y
CP-2608-0350,20178,2026-08-17,2026-10-16,Y
CP-2603-0351,20178,2026-03-24,2026-05-23,N
CP-2608-0352,20179,2026-08-12,2026-09-11,N
CP-2609-0353,20179,2026-09-01,2026-10-01,N
CP-2608-0354,20179,2026-08-29,2026-09-28,N
CP-2603-0355,20181,2026-03-24,2026-04-23,Y
CP-2607-0356,20182,2026-07-20,2026-08-19,Y
CP-2606-0357,20182,2026-06-19,2026-08-18,Y
CP-2606-0358,20182,2026-06-29,2026-08-28,N
CP-2409-0359,20183,2024-09-27,2024-11-26,N
CP-2601-0360,20185,2026-01-17,2026-02-16,N
CP-2601-0361,20185,2026-01-11,2026-02-10,N
CP-2607-0362,20185,2026-07-06,2026-08-05,N
CP-2608-0363,20185,2026-08-20,2026-09-03,Y
CP-2608-0364,20185,2026-08-13,2026-10-12,N
CP-2602-0365,20186,2026-02-28,2026-04-29,Y
CP-2603-0366,20186,2026-03-01,2026-03-31,Y
CP-2603-0367,20186,2026-03-04,2026-04-03,N
CP-2607-0368,20187,2026-07-18,2026-08-01,N
CP-2608-0369,20187,2026-08-28,2026-09-27,N
CP-2608-0370,20187,2026-08-11,2026-09-10,N
CP-2608-0371,20187,2026-08-29,2026-10-28,N
CP-2512-0372,20188,2025-12-05,2026-02-03,N
CP-2606-0373,20188,2026-06-04,2026-07-04,N
CP-2311-0374,20189,2023-11-06,2023-12-06,N
CP-2512-0375,20189,2025-12-05,2026-01-04,Y
CP-2604-0376,20190,2026-04-05,2026-05-05,Y
CP-2510-0377,20191,2025-10-05,2025-11-04,Y
CP-2510-0378,20191,2025-10-10,2025-11-09,Y
CP-2607-0379,20193,2026-07-08,2026-10-06,N
CP-2606-0380,20193,2026-06-02,2026-07-02,Y
CP-2605-0381,20193,2026-05-15,2026-07-14,N
CP-2606-0382,20193,2026-06-08,2026-08-07,N
CP-2512-0383,20193,2025-12-23,2026-01-06,N
CP-2508-0384,20194,2025-08-26,2025-11-24,N
CP-2407-0385,20194,2024-07-28,2024-08-11,Y
CP-2508-0386,20194,2025-08-15,2025-09-14,N
CP-2510-0387,20194,2025-10-03,2025-11-02,N
CP-2605-0388,20196,2026-05-08,2026-07-07,Y
CP-2605-0389,20196,2026-05-04,2026-06-03,Y
CP-2607-0390,20196,2026-07-10,2026-09-08,N
CP-2603-0391,20197,2026-03-25,2026-06-23,N
CP-2602-0392,20197,2026-02-28,2026-03-30,N
CP-2606-0393,20198,2026-06-21,2026-07-21,N
CP-2608-0394,20198,2026-08-11,2026-09-10,N
CP-2608-0395,20199,2026-08-19,2026-10-18,N
CP-2608-0396,20199,2026-08-31,2026-09-30,N
CP-2602-0397,20200,2026-02-12,2026-02-26,Y
CP-2606-0398,20200,2026-06-13,2026-07-13,N
CP-2604-0399,20201,2026-04-19,2026-05-19,Y
CP-2601-0400,20201,2026-01-30,2026-03-31,N
CP-2603-0401,20201,2026-03-13,2026-06-11,N
CP-2411-0402,20201,2024-11-17,2025-01-16,N
CP-2602-0403,20202,2026-02-25,2026-05-26,Y
CP-2604-0404,20202,2026-04-03,2026-06-02,Y
CP-2407-0405,20202,2024-07-30,2024-10-28,Y
CP-2607-0406,20203,2026-07-17,2026-07-31,N
CP-2608-0407,20203,2026-08-25,2026-11-23,N
CP-2606-0408,20203,2026-06-02,2026-07-02,N
CP-2604-0409,20203,2026-04-22,2026-05-22,Y
CP-2407-0410,20204,2024-07-13,2024-09-11,N
CP-2312-0411,20204,2023-12-28,2024-03-27,N
CP-2605-0412,20204,2026-05-19,2026-07-18,N
CP-2604-0413,20205,2026-04-19,2026-05-03,N
CP-2608-0414,20205,2026-08-09,2026-09-08,Y
CP-2512-0415,20205,2025-12-03,2026-02-01,N
CP-2609-0416,20206,2026-09-01,2026-10-31,N
CP-2403-0417,20207,2024-03-12,2024-05-11,N
CP-2606-0418,20208,2026-06-12,2026-09-10,N
CP-2506-0419,20210,2025-06-27,2025-08-26,Y
CP-2607-0420,20210,2026-07-22,2026-08-05,Y
CP-2607-0421,20211,2026-07-30,2026-08-13,Y
CP-2604-0422,20211,2026-04-07,2026-07-06,Y
CP-2606-0423,20211,2026-06-24,2026-07-24,N
CP-2407-0424,20212,2024-07-26,2024-08-25,N
CP-2507-0425,20213,2025-07-23,2025-08-06,N
CP-2607-0426,20213,2026-07-26,2026-08-09,N
CP-2608-0427,20214,2026-08-26,2026-09-25,N
CP-2607-0428,20214,2026-07-12,2026-07-26,Y
CP-2607-0429,20214,2026-07-21,2026-09-19,N
CP-2410-0430,20215,2024-10-26,2024-12-25,Y
CP-2602-0431,20215,2026-02-16,2026-05-17,N
CP-2507-0432,20216,2025-07-17,2025-08-16,Y
CP-2608-0433,20216,2026-08-07,2026-08-21,Y
CP-2605-0434,20217,2026-05-03,2026-08-01,N
CP-2601-0435,20217,2026-01-01,2026-03-02,N
CP-2607-0436,20217,2026-07-24,2026-08-23,Y
CP-2608-0437,20218,2026-08-11,2026-09-10,N
CP-2608-0438,20218,2026-08-19,2026-09-02,Y
CP-2509-0439,20219,2025-09-19,2025-10-19,N
CP-2607-0440,20220,2026-07-02,2026-08-31,Y
CP-2511-0441,20220,2025-11-09,2026-01-08,Y
CP-2501-0442,20220,2025-01-23,2025-02-22,N
CP-2508-0443,20220,2025-08-08,2025-09-07,N
CP-2607-0444,20220,2026-07-10,2026-08-09,Y
CP-2510-0445,20222,2025-10-02,2025-11-01,N
CP-2407-0446,20222,2024-07-12,2024-10-10,Y
CP-2507-0447,20222,2025-07-08,2025-08-07,N
CP-2509-0448,20224,2025-09-02,2025-11-01,Y
CP-2502-0449,20226,2025-02-09,2025-04-10,N
CP-2605-0450,20227,2026-05-30,2026-06-13,Y
CP-2603-0451,20227,2026-03-12,2026-04-11,N
CP-2604-0452,20227,2026-04-12,2026-05-12,Y
CP-2605-0453,20228,2026-05-05,2026-07-04,N
CP-2507-0454,20230,2025-07-21,2025-10-19,Y
CP-2410-0455,20231,2024-10-04,2024-11-03,N
CP-2503-0456,20231,2025-03-30,2025-05-29,N
CP-2608-0457,20232,2026-08-17,2026-09-16,N
CP-2510-0458,20232,2025-10-25,2025-11-24,N
CP-2603-0459,20234,2026-03-16,2026-04-15,Y
CP-2608-0460,20235,2026-08-19,2026-09-18,Y
CP-2602-0461,20236,2026-02-25,2026-03-27,Y
CP-2607-0462,20236,2026-07-18,2026-08-17,N
CP-2607-0463,20238,2026-07-25,2026-08-08,N
CP-2607-0464,20238,2026-07-28,2026-09-26,N
CP-2607-0465,20238,2026-07-08,2026-09-06,N
CP-2605-0466,20238,2026-05-05,2026-08-03,Y
CP-2609-0467,20238,2026-09-02,2026-09-16,Y
CP-2407-0468,20239,2024-07-18,2024-08-17,N
CP-2503-0469,20239,2025-03-19,2025-04-02,Y
CP-2604-0470,20239,2026-04-02,2026-06-01,Y
CP-2604-0471,20240,2026-04-27,2026-05-27,Y
CP-2504-0472,20240,2025-04-17,2025-07-16,Y
CP-2608-0473,20241,2026-08-25,2026-09-24,N
CP-2608-0474,20241,2026-08-24,2026-09-23,N
CP-2608-0475,20241,2026-08-24,2026-09-23,N
CP-2608-0476,20241,2026-08-14,2026-09-13,N
CP-2608-0477,20241,2026-08-29,2026-10-28,N
CP-2608-0478,20242,2026-08-20,2026-09-03,N
CP-2603-0479,20243,2026-03-30,2026-05-29,Y
CP-2503-0480,20244,2025-03-25,2025-05-24,N
CP-2601-0481,20244,2026-01-21,2026-03-22,Y
CP-2606-0482,20244,2026-06-12,2026-08-11,N
CP-2608-0483,20245,2026-08-12,2026-09-11,N
CP-2603-0484,20245,2026-03-23,2026-04-06,Y
CP-2608-0485,20245,2026-08-28,2026-11-26,Y
CP-2605-0486,20245,2026-05-27,2026-07-26,N
CP-2604-0487,20247,2026-04-12,2026-06-11,Y
CP-2506-0488,20247,2025-06-25,2025-08-24,N
CP-2604-0489,20251,2026-04-21,2026-06-20,N
CP-2608-0490,20252,2026-08-07,2026-10-06,N
CP-2403-0491,20254,2024-03-19,2024-04-18,N
CP-2404-0492,20254,2024-04-14,2024-06-13,N
CP-2511-0493,20255,2025-11-03,2026-01-02,N
CP-2606-0494,20255,2026-06-11,2026-07-11,Y
CP-2504-0495,20257,2025-04-17,2025-07-16,Y
CP-2605-0496,20258,2026-05-27,2026-07-26,Y
CP-2410-0497,20260,2024-10-23,2025-01-21,Y
CP-2609-0498,20261,2026-09-01,2026-09-15,N
CP-2609-0499,20261,2026-09-02,2026-09-16,N
CP-2604-0500,20262,2026-04-08,2026-06-07,N
CP-2604-0501,20262,2026-04-22,2026-07-21,N
CP-2604-0502,20262,2026-04-03,2026-07-02,Y
CP-2608-0503,20262,2026-08-22,2026-11-20,N
CP-2608-0504,20262,2026-08-29,2026-09-28,N
CP-2604-0505,20263,2026-04-22,2026-05-22,Y
CP-2601-0506,20264,2026-01-23,2026-02-06,N
CP-2512-0507,20264,2025-12-17,2026-02-15,N
CP-2308-0508,20264,2023-08-09,2023-09-08,Y
CP-2501-0509,20264,2025-01-28,2025-02-27,Y
CP-2502-0510,20264,2025-02-21,2025-04-22,N
CP-2507-0511,20266,2025-07-13,2025-09-11,N
CP-2609-0512,20267,2026-09-03,2026-11-02,N
CP-2609-0513,20267,2026-09-03,2026-11-02,N
CP-2609-0514,20267,2026-09-03,2026-09-17,N
CP-2609-0515,20267,2026-09-03,2026-09-17,Y
CP-2609-0516,20267,2026-09-03,2026-09-17,N
CP-2606-0517,20268,2026-06-09,2026-09-07,Y
CP-2505-0518,20268,2025-05-17,2025-06-16,N
CP-2411-0519,20268,2024-11-11,2024-12-11,N
CP-2603-0520,20270,2026-03-01,2026-03-31,Y
CP-2608-0521,20270,2026-08-07,2026-11-05,N
CP-2604-0522,20270,2026-04-08,2026-05-08,N
CP-2606-0523,20270,2026-06-10,2026-07-10,N
CP-2508-0524,20270,2025-08-05,2025-09-04,Y
CP-2605-0525,20271,2026-05-10,2026-06-09,Y
CP-2606-0526,20271,2026-06-13,2026-07-13,Y
CP-2608-0527,20271,2026-08-21,2026-09-20,N
CP-2606-0528,20272,2026-06-08,2026-06-22,Y
CP-2406-0529,20272,2024-06-05,2024-07-05,N
CP-2507-0530,20273,2025-07-17,2025-09-15,Y
CP-2607-0531,20274,2026-07-02,2026-08-31,Y
CP-2607-0532,20277,2026-07-30,2026-08-29,N
CP-2511-0533,20277,2025-11-15,2025-12-15,N
CP-2506-0534,20277,2025-06-02,2025-08-01,Y
CP-2509-0535,20277,2025-09-10,2025-11-09,N
CP-2511-0536,20278,2025-11-10,2025-12-10,Y
CP-2602-0537,20279,2026-02-21,2026-03-07,N
CP-2506-0538,20279,2025-06-10,2025-06-24,Y
CP-2512-0539,20279,2025-12-27,2026-02-25,Y
CP-2505-0540,20281,2025-05-12,2025-08-10,N
CP-2604-0541,20282,2026-04-13,2026-07-12,N
CP-2603-0542,20282,2026-03-03,2026-04-02,Y
CP-2608-0543,20282,2026-08-07,2026-09-06,N
CP-2608-0544,20282,2026-08-23,2026-11-21,Y
CP-2405-0545,20283,2024-05-29,2024-07-28,N
CP-2605-0546,20283,2026-05-29,2026-06-12,Y
CP-2603-0547,20283,2026-03-30,2026-04-29,Y
CP-2607-0548,20283,2026-07-26,2026-08-09,Y
CP-2509-0549,20284,2025-09-17,2025-10-17,Y
CP-2608-0550,20285,2026-08-25,2026-10-24,N
CP-2505-0551,20286,2025-05-05,2025-06-04,N
CP-2603-0552,20286,2026-03-03,2026-04-02,Y
CP-2602-0553,20287,2026-02-17,2026-03-03,Y
CP-2501-0554,20287,2025-01-01,2025-01-31,Y
CP-2603-0555,20288,2026-03-30,2026-04-29,Y
CP-2605-0556,20289,2026-05-06,2026-06-05,Y
CP-2608-0557,20289,2026-08-07,2026-09-06,N
CP-2602-0558,20290,2026-02-10,2026-02-24,Y
CP-2510-0559,20290,2025-10-04,2025-11-03,N
CP-2603-0560,20290,2026-03-30,2026-04-29,N
CP-2601-0561,20291,2026-01-11,2026-03-12,N
CP-2506-0562,20292,2025-06-23,2025-08-22,N
CP-2604-0563,20293,2026-04-10,2026-05-10,Y
CP-2412-0564,20294,2024-12-27,2025-01-10,Y
CP-2608-0565,20294,2026-08-17,2026-11-15,N
CP-2607-0566,20294,2026-07-02,2026-08-01,N
CP-2603-0567,20294,2026-03-12,2026-06-10,Y
CP-2608-0568,20295,2026-08-09,2026-10-08,N
CP-2604-0569,20296,2026-04-24,2026-05-08,Y
CP-2604-0570,20297,2026-04-21,2026-05-21,Y
CP-2605-0571,20297,2026-05-11,2026-06-10,N
CP-2509-0572,20297,2025-09-17,2025-10-01,Y
CP-2607-0573,20298,2026-07-11,2026-10-09,N
CP-2607-0574,20298,2026-07-26,2026-08-25,Y
CP-2607-0575,20298,2026-07-19,2026-08-18,N
CP-2608-0576,20298,2026-08-16,2026-09-15,N
CP-2609-0577,20298,2026-09-01,2026-11-30,N
CP-2606-0578,20299,2026-06-18,2026-08-17,N
CP-2607-0579,20299,2026-07-14,2026-10-12,Y
CP-2609-0580,20299,2026-09-03,2026-10-03,N
CP-2606-0581,20299,2026-06-18,2026-07-02,N
CP-2607-0582,20299,2026-07-29,2026-09-27,N
CP-2602-0583,20300,2026-02-25,2026-05-26,Y
CP-2606-0584,20301,2026-06-02,2026-08-01,Y
CP-2605-0585,20301,2026-05-20,2026-07-19,N
CP-2507-0586,20303,2025-07-28,2025-10-26,N
CP-2510-0587,20306,2025-10-22,2025-11-21,Y
CP-2601-0588,20306,2026-01-11,2026-01-25,Y
CP-2608-0589,20306,2026-08-23,2026-09-22,N
CP-2601-0590,20306,2026-01-30,2026-03-01,N
CP-2604-0591,20306,2026-04-27,2026-07-26,N
CP-2406-0592,20307,2024-06-27,2024-07-27,Y
CP-2604-0593,20307,2026-04-26,2026-05-26,Y
CP-2509-0594,20307,2025-09-23,2025-10-23,N
CP-2607-0595,20308,2026-07-28,2026-10-26,N
CP-2210-0596,20309,2022-10-28,2022-11-11,Y
CP-2603-0597,20310,2026-03-17,2026-05-16,Y
CP-2602-0598,20310,2026-02-10,2026-02-24,N
CP-2608-0599,20310,2026-08-26,2026-09-25,Y
CP-2608-0600,20310,2026-08-17,2026-09-16,N
CP-2608-0601,20311,2026-08-23,2026-09-22,Y
CP-2606-0602,20312,2026-06-16,2026-07-16,N
CP-2504-0603,20313,2025-04-17,2025-07-16,Y
CP-2406-0604,20313,2024-06-30,2024-09-28,N
CP-2310-0605,20314,2023-10-05,2024-01-03,Y
CP-2603-0606,20314,2026-03-31,2026-04-30,N
CP-2510-0607,20314,2025-10-29,2025-11-12,Y
CP-2601-0608,20314,2026-01-30,2026-02-13,Y
CP-2511-0609,20315,2025-11-10,2025-12-10,N
CP-2608-0610,20315,2026-08-01,2026-10-30,N
CP-2601-0611,20315,2026-01-13,2026-01-27,Y
CP-2503-0612,20315,2025-03-24,2025-06-22,N
CP-2603-0613,20316,2026-03-30,2026-05-29,Y
CP-2501-0614,20316,2025-01-16,2025-01-30,N
CP-2607-0615,20317,2026-07-20,2026-08-19,Y
CP-2511-0616,20318,2025-11-23,2025-12-07,N
CP-2604-0617,20319,2026-04-01,2026-05-01,N
CP-2605-0618,20319,2026-05-06,2026-07-05,N
CP-2609-0619,20320,2026-09-02,2026-11-01,Y
CP-2608-0620,20320,2026-08-27,2026-09-26,N
CP-2607-0621,20320,2026-07-11,2026-08-10,N
CP-2408-0622,20321,2024-08-16,2024-09-15,Y
CP-2505-0623,20321,2025-05-15,2025-07-14,N
CP-2512-0624,20321,2025-12-31,2026-01-14,Y
CP-2404-0625,20322,2024-04-30,2024-06-29,Y
CP-2603-0626,20324,2026-03-14,2026-04-13,N
CP-2503-0627,20324,2025-03-26,2025-06-24,N
CP-2606-0628,20324,2026-06-17,2026-07-17,N
CP-2601-0629,20324,2026-01-06,2026-01-20,Y
CP-2506-0630,20325,2025-06-26,2025-07-10,Y
CP-2607-0631,20326,2026-07-18,2026-08-17,N
CP-2606-0632,20327,2026-06-12,2026-07-12,Y
CP-2510-0633,20327,2025-10-23,2025-11-22,N
CP-2608-0634,20328,2026-08-11,2026-08-25,N
CP-2606-0635,20328,2026-06-06,2026-07-06,Y
CP-2607-0636,20329,2026-07-21,2026-09-19,N
CP-2608-0637,20329,2026-08-24,2026-10-23,N
CP-2604-0638,20330,2026-04-14,2026-05-14,Y
CP-2511-0639,20330,2025-11-13,2026-02-11,Y
CP-2608-0640,20331,2026-08-03,2026-09-02,Y
CP-2409-0641,20331,2024-09-01,2024-09-15,N
CP-2607-0642,20332,2026-07-07,2026-09-05,N
CP-2607-0643,20333,2026-07-01,2026-08-30,N
CP-2507-0644,20333,2025-07-21,2025-10-19,N
CP-2608-0645,20334,2026-08-16,2026-09-15,N
CP-2608-0646,20334,2026-08-19,2026-11-17,N
CP-2606-0647,20335,2026-06-29,2026-07-13,Y
CP-2306-0648,20336,2023-06-23,2023-08-22,N
CP-2607-0649,20338,2026-07-01,2026-07-15,Y
CP-2607-0650,20338,2026-07-24,2026-08-23,Y
CP-2608-0651,20338,2026-08-22,2026-11-20,N
CP-2608-0652,20338,2026-08-17,2026-10-16,Y
CP-2608-0653,20338,2026-08-30,2026-11-28,N
CP-2608-0654,20340,2026-08-25,2026-09-24,N
CP-2608-0655,20340,2026-08-22,2026-09-05,N
CP-2609-0656,20340,2026-09-02,2026-09-16,Y
CP-2511-0657,20341,2025-11-16,2025-11-30,N
CP-2603-0658,20341,2026-03-25,2026-06-23,N
CP-2607-0659,20343,2026-07-25,2026-09-23,N
CP-2608-0660,20343,2026-08-30,2026-09-29,Y
CP-2607-0661,20343,2026-07-01,2026-08-30,N
CP-2605-0662,20344,2026-05-27,2026-08-25,N
CP-2411-0663,20344,2024-11-12,2024-12-12,Y
CP-2511-0664,20345,2025-11-29,2026-01-28,Y
CP-2410-0665,20345,2024-10-09,2024-12-08,N
CP-2607-0666,20346,2026-07-27,2026-09-25,N
CP-2607-0667,20346,2026-07-26,2026-08-25,N
CP-2607-0668,20346,2026-07-15,2026-10-13,N
CP-2608-0669,20348,2026-08-12,2026-09-11,N
CP-2608-0670,20349,2026-08-29,2026-09-28,N
CP-2608-0671,20349,2026-08-18,2026-10-17,Y
CP-2608-0672,20349,2026-08-11,2026-09-10,Y
CP-2608-0673,20349,2026-08-15,2026-09-14,N
CP-2608-0674,20349,2026-08-27,2026-09-10,N
CP-2608-0675,20352,2026-08-07,2026-09-06,N
CP-2608-0676,20352,2026-08-19,2026-11-17,N
CP-2607-0677,20353,2026-07-23,2026-08-22,Y
CP-2606-0678,20353,2026-06-29,2026-07-29,N
CP-2605-0679,20354,2026-05-21,2026-07-20,N
CP-2601-0680,20354,2026-01-14,2026-02-13,N
CP-2404-0681,20355,2024-04-06,2024-07-05,N
CP-2603-0682,20355,2026-03-02,2026-05-31,N
CP-2510-0683,20355,2025-10-28,2025-11-27,N
CP-2604-0684,20356,2026-04-20,2026-07-19,N
CP-2510-0685,20357,2025-10-10,2026-01-08,Y
CP-2603-0686,20357,2026-03-30,2026-06-28,Y
CP-2602-0687,20358,2026-02-10,2026-05-11,N
CP-2608-0688,20358,2026-08-08,2026-08-22,N
CP-2603-0689,20359,2026-03-25,2026-04-08,N
CP-2511-0690,20359,2025-11-09,2026-02-07,Y
CP-2606-0691,20359,2026-06-08,2026-08-07,Y
CP-2505-0692,20360,2025-05-28,2025-08-26,Y
CP-2608-0693,20361,2026-08-12,2026-08-26,Y
CP-2608-0694,20361,2026-08-12,2026-08-26,N
CP-2607-0695,20362,2026-07-24,2026-08-23,N
CP-2608-0696,20363,2026-08-15,2026-09-14,Y
CP-2409-0697,20364,2024-09-25,2024-10-25,N
CP-2607-0698,20364,2026-07-07,2026-07-21,Y
CP-2409-0699,20365,2024-09-28,2024-10-28,Y
CP-2507-0700,20365,2025-07-25,2025-08-08,Y
CP-2604-0701,20366,2026-04-28,2026-05-12,N
CP-2512-0702,20366,2025-12-13,2026-02-11,N
CP-2601-0703,20366,2026-01-15,2026-02-14,Y
CP-2606-0704,20368,2026-06-03,2026-08-02,N
CP-2607-0705,20368,2026-07-02,2026-08-01,N
CP-2508-0706,20368,2025-08-02,2025-09-01,Y
CP-2510-0707,20369,2025-10-03,2025-12-02,N
CP-2601-0708,20369,2026-01-28,2026-02-27,Y
CP-2609-0709,20370,2026-09-02,2026-10-02,N
CP-2502-0710,20371,2025-02-27,2025-03-29,Y
CP-2605-0711,20371,2026-05-26,2026-08-24,N
CP-2503-0712,20371,2025-03-25,2025-04-24,Y
CP-2606-0713,20373,2026-06-26,2026-08-25,Y
CP-2608-0714,20374,2026-08-10,2026-09-09,Y
CP-2608-0715,20374,2026-08-17,2026-11-15,N
CP-2607-0716,20374,2026-07-19,2026-09-17,N
CP-2606-0717,20374,2026-06-08,2026-07-08,Y
CP-2606-0718,20375,2026-06-23,2026-07-07,Y
CP-2605-0719,20375,2026-05-04,2026-07-03,N
CP-2608-0720,20377,2026-08-30,2026-10-29,N
CP-2607-0721,20377,2026-07-31,2026-10-29,N
CP-2608-0722,20377,2026-08-20,2026-09-19,N
CP-2601-0723,20378,2026-01-04,2026-03-05,Y
CP-2601-0724,20378,2026-01-28,2026-02-11,N
CP-2607-0725,20379,2026-07-27,2026-08-10,N
CP-2511-0726,20380,2025-11-08,2026-02-06,N
CP-2606-0727,20383,2026-06-23,2026-07-07,Y
CP-2411-0728,20383,2024-11-23,2024-12-23,N
CP-2603-0729,20384,2026-03-25,2026-05-24,N
CP-2604-0730,20384,2026-04-01,2026-05-01,N
CP-2608-0731,20385,2026-08-29,2026-10-28,Y
CP-2607-0732,20387,2026-07-10,2026-09-08,Y
CP-2604-0733,20388,2026-04-24,2026-05-08,Y
CP-2608-0734,20389,2026-08-05,2026-11-03,N
CP-2607-0735,20390,2026-07-06,2026-08-05,N
CP-2608-0736,20390,2026-08-27,2026-09-10,N
CP-2606-0737,20392,2026-06-30,2026-08-29,N
CP-2607-0738,20392,2026-07-04,2026-09-02,N
CP-2608-0739,20393,2026-08-06,2026-11-04,N
CP-2608-0740,20393,2026-08-09,2026-09-08,N
CP-2608-0741,20393,2026-08-02,2026-10-01,Y
CP-2509-0742,20395,2025-09-28,2025-10-28,N
CP-2604-0743,20395,2026-04-11,2026-07-10,Y
CP-2606-0744,20395,2026-06-14,2026-07-14,Y
CP-2608-0745,20396,2026-08-11,2026-10-10,N
CP-2608-0746,20396,2026-08-10,2026-10-09,N
CP-2608-0747,20396,2026-08-26,2026-09-09,Y
CP-2605-0748,20397,2026-05-19,2026-07-18,Y
CP-2601-0749,20397,2026-01-16,2026-04-16,Y
CP-2608-0750,20397,2026-08-11,2026-10-10,N
CP-2601-0751,20397,2026-01-01,2026-01-15,Y
CP-2606-0752,20400,2026-06-15,2026-09-13,Y
CP-2606-0753,20400,2026-06-24,2026-09-22,N
CP-2605-0754,20401,2026-05-23,2026-06-22,Y
CP-2508-0755,20402,2025-08-06,2025-11-04,N
CP-2608-0756,20404,2026-08-15,2026-11-13,N
CP-2412-0757,20405,2024-12-03,2025-02-01,N
CP-2504-0758,20405,2025-04-14,2025-06-13,N
CP-2608-0759,20405,2026-08-05,2026-10-04,N
CP-2410-0760,20405,2024-10-07,2024-11-06,N
CP-2604-0761,20406,2026-04-14,2026-05-14,Y
CP-2604-0762,20406,2026-04-30,2026-05-30,Y
CP-2605-0763,20406,2026-05-07,2026-05-21,N
CP-2511-0764,20407,2025-11-14,2025-11-28,Y
CP-2604-0765,20408,2026-04-22,2026-06-21,Y
CP-2508-0766,20409,2025-08-25,2025-09-08,Y
CP-2607-0767,20409,2026-07-12,2026-08-11,Y
CP-2504-0768,20409,2025-04-13,2025-06-12,Y
CP-2608-0769,20409,2026-08-05,2026-09-04,N
CP-2607-0770,20411,2026-07-02,2026-09-30,N
CP-2605-0771,20411,2026-05-23,2026-07-22,N
CP-2608-0772,20411,2026-08-10,2026-09-09,Y
CP-2601-0773,20411,2026-01-08,2026-01-22,Y
CP-2607-0774,20411,2026-07-19,2026-08-02,Y
CP-2604-0775,20412,2026-04-03,2026-07-02,Y
CP-2603-0776,20412,2026-03-31,2026-04-30,Y
CP-2512-0777,20414,2025-12-12,2026-02-10,Y
CP-2508-0778,20416,2025-08-04,2025-09-03,Y
CP-2506-0779,20417,2025-06-25,2025-07-25,Y
CP-2601-0780,20417,2026-01-26,2026-03-27,N
CP-2609-0781,20418,2026-09-01,2026-10-01,N
CP-2609-0782,20418,2026-09-02,2026-10-02,N
CP-2609-0783,20418,2026-09-03,2026-09-17,N
CP-2601-0784,20419,2026-01-19,2026-04-19,N
CP-2508-0785,20419,2025-08-19,2025-09-18,N
CP-2608-0786,20419,2026-08-28,2026-10-27,N
CP-2312-0787,20422,2023-12-31,2024-01-30,Y
CP-2608-0788,20423,2026-08-28,2026-10-27,N
CP-2609-0789,20423,2026-09-02,2026-09-16,N
CP-2511-0790,20424,2025-11-06,2025-11-20,N
CP-2604-0791,20424,2026-04-18,2026-06-17,Y
CP-2604-0792,20424,2026-04-24,2026-06-23,N
CP-2601-0793,20424,2026-01-07,2026-02-06,N
CP-2512-0794,20426,2025-12-18,2026-01-01,Y
CP-2511-0795,20426,2025-11-10,2026-01-09,N
CP-2510-0796,20426,2025-10-25,2025-11-08,N
CP-2606-0797,20426,2026-06-22,2026-07-06,Y
CP-2606-0798,20426,2026-06-17,2026-08-16,N
CP-2505-0799,20427,2025-05-26,2025-08-24,N
CP-2608-0800,20427,2026-08-24,2026-09-23,N
CP-2608-0801,20428,2026-08-31,2026-10-30,N
CP-2608-0802,20428,2026-08-15,2026-11-13,N
CP-2607-0803,20428,2026-07-29,2026-08-28,N
CP-2405-0804,20430,2024-05-08,2024-06-07,N
CP-2508-0805,20430,2025-08-27,2025-09-10,Y
CP-2606-0806,20431,2026-06-15,2026-07-15,N
CP-2502-0807,20431,2025-02-08,2025-03-10,N
CP-2508-0808,20431,2025-08-21,2025-11-19,N
CP-2604-0809,20431,2026-04-21,2026-05-21,Y
CP-2504-0810,20432,2025-04-24,2025-05-24,Y
CP-2606-0811,20433,2026-06-16,2026-09-14,N
CP-2602-0812,20433,2026-02-09,2026-04-10,Y
CP-2604-0813,20433,2026-04-30,2026-05-30,N
CP-2509-0814,20433,2025-09-17,2025-12-16,N
CP-2601-0815,20434,2026-01-10,2026-02-09,N
CP-2508-0816,20434,2025-08-19,2025-09-02,Y
CP-2602-0817,20434,2026-02-08,2026-05-09,N
CP-2511-0818,20434,2025-11-30,2026-02-28,Y
CP-2608-0819,20434,2026-08-26,2026-09-25,N
CP-2502-0820,20435,2025-02-16,2025-05-17,Y
CP-2603-0821,20435,2026-03-28,2026-04-27,Y
CP-2406-0822,20436,2024-06-17,2024-07-17,Y
CP-2504-0823,20437,2025-04-04,2025-04-18,N
CP-2607-0824,20438,2026-07-30,2026-10-28,N
CP-2602-0825,20439,2026-02-19,2026-03-21,N
CP-2606-0826,20439,2026-06-23,2026-09-21,N
CP-2510-0827,20440,2025-10-21,2025-11-20,N
CP-2606-0828,20440,2026-06-30,2026-07-30,Y
CP-2511-0829,20440,2025-11-25,2026-01-24,N
CP-2602-0830,20440,2026-02-14,2026-03-16,Y
CP-2603-0831,20441,2026-03-08,2026-06-06,N
CP-2605-0832,20441,2026-05-29,2026-06-28,N
CP-2605-0833,20442,2026-05-03,2026-07-02,N
CP-2608-0834,20442,2026-08-10,2026-10-09,Y
CP-2607-0835,20442,2026-07-20,2026-08-19,Y
CP-2606-0836,20442,2026-06-26,2026-07-26,N
CP-2605-0837,20442,2026-05-08,2026-07-07,Y
CP-2608-0838,20444,2026-08-21,2026-10-20,Y
CP-2608-0839,20444,2026-08-23,2026-09-22,N
CP-2506-0840,20445,2025-06-12,2025-06-26,N
CP-2410-0841,20448,2024-10-19,2024-11-18,N
CP-2601-0842,20448,2026-01-31,2026-02-14,N
CP-2605-0843,20449,2026-05-25,2026-06-08,Y
CP-2607-0844,20449,2026-07-22,2026-08-05,Y
CP-2604-0845,20449,2026-04-21,2026-07-20,N
CP-2602-0846,20449,2026-02-26,2026-04-27,Y
CP-2504-0847,20449,2025-04-30,2025-05-30,N
CP-2504-0848,20450,2025-04-23,2025-05-23,N
CP-2411-0849,20450,2024-11-15,2024-11-29,Y
CP-2511-0850,20451,2025-11-16,2025-11-30,Y
CP-2605-0851,20451,2026-05-24,2026-07-23,N
CP-2604-0852,20452,2026-04-17,2026-05-17,N
CP-2607-0853,20452,2026-07-14,2026-08-13,N
CP-2604-0854,20452,2026-04-02,2026-05-02,N
CP-2605-0855,20452,2026-05-11,2026-05-25,Y
CP-2604-0856,20453,2026-04-15,2026-07-14,Y
CP-2604-0857,20453,2026-04-13,2026-05-13,N
CP-2607-0858,20454,2026-07-03,2026-08-02,N
CP-2407-0859,20454,2024-07-27,2024-10-25,Y
CP-2603-0860,20454,2026-03-01,2026-03-15,N
CP-2602-0861,20455,2026-02-02,2026-04-03,Y
CP-2605-0862,20455,2026-05-21,2026-06-20,Y
CP-2606-0863,20456,2026-06-29,2026-09-27,N
CP-2608-0864,20456,2026-08-14,2026-09-13,N
CP-2607-0865,20456,2026-07-13,2026-08-12,N
CP-2608-0866,20457,2026-08-27,2026-10-26,N
CP-2607-0867,20458,2026-07-31,2026-08-30,N
CP-2604-0868,20458,2026-04-15,2026-05-15,N
CP-2604-0869,20459,2026-04-12,2026-07-11,Y
CP-2603-0870,20459,2026-03-25,2026-05-24,N
CP-2507-0871,20459,2025-07-14,2025-10-12,Y
CP-2603-0872,20459,2026-03-15,2026-04-14,N
CP-2608-0873,20460,2026-08-31,2026-09-14,Y
CP-2607-0874,20460,2026-07-20,2026-08-19,N
CP-2601-0875,20461,2026-01-19,2026-02-18,N
CP-2511-0876,20462,2025-11-03,2025-12-03,Y
CP-2503-0877,20462,2025-03-04,2025-03-18,Y
CP-2405-0878,20462,2024-05-29,2024-08-27,N
CP-2502-0879,20462,2025-02-22,2025-03-24,N
CP-2607-0880,20463,2026-07-28,2026-09-26,N
CP-2604-0881,20464,2026-04-21,2026-07-20,N
CP-2603-0882,20465,2026-03-05,2026-04-04,N
CP-2608-0883,20466,2026-08-12,2026-11-10,Y
CP-2608-0884,20466,2026-08-05,2026-10-04,N
CP-2605-0885,20468,2026-05-18,2026-08-16,N
CP-2508-0886,20469,2025-08-13,2025-09-12,N
CP-2504-0887,20469,2025-04-26,2025-05-26,Y
CP-2410-0888,20470,2024-10-13,2024-11-12,N
CP-2605-0889,20471,2026-05-20,2026-08-18,N
CP-2606-0890,20472,2026-06-25,2026-08-24,N
CP-2607-0891,20472,2026-07-24,2026-09-22,N
CP-2606-0892,20472,2026-06-11,2026-09-09,N
CP-2607-0893,20473,2026-07-14,2026-09-12,Y
CP-2607-0894,20473,2026-07-11,2026-09-09,N
CP-2509-0895,20473,2025-09-21,2025-11-20,Y
CP-2510-0896,20473,2025-10-23,2025-11-22,Y
CP-2512-0897,20473,2025-12-08,2026-01-07,Y
CP-2508-0898,20475,2025-08-29,2025-11-27,N
CP-2507-0899,20475,2025-07-12,2025-09-10,N
CP-2601-0900,20476,2026-01-26,2026-04-26,N
CP-2608-0901,20476,2026-08-25,2026-09-08,Y
CP-2604-0902,20478,2026-04-16,2026-06-15,Y
CP-2510-0903,20479,2025-10-29,2025-11-28,Y
CP-2601-0904,20479,2026-01-15,2026-03-16,N
CP-2502-0905,20481,2025-02-27,2025-03-13,Y
CP-2409-0906,20481,2024-09-03,2024-11-02,N
CP-2603-0907,20482,2026-03-10,2026-04-09,Y
CP-2608-0908,20482,2026-08-07,2026-09-06,Y
CP-2605-0909,20483,2026-05-08,2026-07-07,N
CP-2601-0910,20483,2026-01-27,2026-03-28,Y
CP-2607-0911,20484,2026-07-16,2026-07-30,N
CP-2608-0912,20484,2026-08-14,2026-09-13,N
CP-2608-0913,20484,2026-08-06,2026-11-04,N
CP-2608-0914,20484,2026-08-05,2026-08-19,N
CP-2506-0915,20485,2025-06-21,2025-08-20,Y
CP-2506-0916,20485,2025-06-12,2025-06-26,N
CP-2603-0917,20485,2026-03-22,2026-05-21,N
CP-2504-0918,20486,2025-04-22,2025-07-21,N
CP-2606-0919,20486,2026-06-13,2026-06-27,N
CP-2607-0920,20486,2026-07-06,2026-09-04,N
CP-2511-0921,20486,2025-11-26,2025-12-10,N
CP-2512-0922,20486,2025-12-06,2025-12-20,Y
CP-2509-0923,20488,2025-09-29,2025-12-28,Y
CP-2506-0924,20488,2025-06-01,2025-07-31,N
CP-2501-0925,20488,2025-01-11,2025-02-10,N
CP-2406-0926,20488,2024-06-05,2024-06-19,N
CP-2607-0927,20489,2026-07-12,2026-08-11,Y
CP-2510-0928,20490,2025-10-03,2025-11-02,N
CP-2606-0929,20490,2026-06-01,2026-07-31,Y
CP-2512-0930,20490,2025-12-09,2026-03-09,N
CP-2510-0931,20490,2025-10-18,2025-12-17,Y
CP-2608-0932,20491,2026-08-22,2026-10-21,N
CP-2608-0933,20491,2026-08-29,2026-09-28,N
CP-2608-0934,20491,2026-08-26,2026-11-24,N
CP-2608-0935,20491,2026-08-10,2026-08-24,Y
CP-2608-0936,20492,2026-08-25,2026-09-24,Y
CP-2608-0937,20492,2026-08-31,2026-10-30,N
CP-2609-0938,20492,2026-09-03,2026-10-03,N
CP-2508-0939,20494,2025-08-04,2025-08-18,Y
CP-2601-0940,20495,2026-01-19,2026-04-19,Y
CP-2603-0941,20495,2026-03-02,2026-05-01,Y
CP-2601-0942,20496,2026-01-19,2026-04-19,Y
CP-2405-0943,20496,2024-05-04,2024-06-03,N
CP-2308-0944,20498,2023-08-14,2023-09-13,N
CP-2607-0945,20499,2026-07-03,2026-08-02,Y
CP-2607-0946,20499,2026-07-12,2026-10-10,N
CP-2601-0947,20500,2026-01-20,2026-02-19,N
CP-2606-0948,20500,2026-06-11,2026-07-11,Y
CP-2511-0949,20500,2025-11-19,2025-12-19,Y
CP-2606-0950,20502,2026-06-23,2026-07-23,N
CP-2608-0951,20502,2026-08-09,2026-08-23,N
CP-2411-0952,20503,2024-11-13,2024-12-13,N
CP-2510-0953,20503,2025-10-09,2026-01-07,Y
CP-2606-0954,20503,2026-06-09,2026-08-08,Y
CP-2606-0955,20503,2026-06-19,2026-09-17,N
CP-2507-0956,20504,2025-07-11,2025-08-10,N
CP-2506-0957,20505,2025-06-24,2025-07-24,Y
CP-2608-0958,20506,2026-08-16,2026-11-14,N
CP-2609-0959,20506,2026-09-02,2026-09-16,N
CP-2609-0960,20506,2026-09-03,2026-09-17,N
CP-2607-0961,20507,2026-07-07,2026-08-06,N
CP-2509-0962,20508,2025-09-27,2025-11-26,Y
CP-2606-0963,20508,2026-06-05,2026-07-05,Y
CP-2609-0964,20509,2026-09-01,2026-11-30,N
CP-2607-0965,20510,2026-07-29,2026-08-12,N
CP-2605-0966,20510,2026-05-13,2026-07-12,Y
CP-2607-0967,20512,2026-07-26,2026-08-09,N
CP-2608-0968,20512,2026-08-26,2026-10-25,N
CP-2501-0969,20512,2025-01-09,2025-03-10,Y
CP-2608-0970,20513,2026-08-08,2026-09-07,N
CP-2605-0971,20513,2026-05-18,2026-06-17,N
CP-2605-0972,20515,2026-05-14,2026-05-28,N
CP-2603-0973,20515,2026-03-06,2026-04-05,Y
CP-2507-0974,20516,2025-07-28,2025-08-27,N
CP-2506-0975,20516,2025-06-14,2025-07-14,N
CP-2604-0976,20516,2026-04-12,2026-06-11,N
CP-2607-0977,20517,2026-07-03,2026-07-17,N
CP-2606-0978,20517,2026-06-10,2026-07-10,Y
CP-2410-0979,20518,2024-10-13,2025-01-11,N
CP-2411-0980,20518,2024-11-17,2024-12-17,Y
CP-2503-0981,20518,2025-03-29,2025-04-28,N
CP-2608-0982,20518,2026-08-27,2026-11-25,N
CP-2507-0983,20518,2025-07-03,2025-10-01,N
CP-2508-0984,20519,2025-08-30,2025-09-13,Y
CP-2608-0985,20520,2026-08-02,2026-10-31,N
CP-2510-0986,20520,2025-10-02,2025-12-01,Y
CP-2604-0987,20520,2026-04-24,2026-05-24,N
CP-2507-0988,20520,2025-07-12,2025-09-10,N
CP-2608-0989,20522,2026-08-30,2026-10-29,Y
CP-2609-0990,20522,2026-09-03,2026-09-17,Y
CP-2607-0991,20523,2026-07-29,2026-08-12,N
CP-2601-0992,20523,2026-01-22,2026-02-21,N
CP-2608-0993,20523,2026-08-02,2026-09-01,Y
CP-2607-0994,20523,2026-07-03,2026-08-02,Y
CP-2602-0995,20524,2026-02-18,2026-05-19,Y
CP-2507-0996,20524,2025-07-30,2025-08-29,N
CP-2608-0997,20524,2026-08-12,2026-10-11,Y
CP-2510-0998,20524,2025-10-17,2026-01-15,N
CP-2606-0999,20524,2026-06-05,2026-06-19,Y
CP-2605-1000,20525,2026-05-07,2026-07-06,N
CP-2606-1001,20525,2026-06-26,2026-07-26,Y
CP-2608-1002,20526,2026-08-10,2026-09-09,N
CP-2606-1003,20526,2026-06-15,2026-07-15,N
CP-2605-1004,20526,2026-05-13,2026-05-27,N
CP-2607-1005,20526,2026-07-18,2026-09-16,N
CP-2605-1006,20526,2026-05-27,2026-06-26,Y
CP-2604-1007,20527,2026-04-16,2026-06-15,N
CP-2608-1008,20528,2026-08-24,2026-09-23,N
CP-2609-1009,20528,2026-09-01,2026-10-01,N
CP-2608-1010,20529,2026-08-26,2026-09-09,Y
CP-2608-1011,20529,2026-08-10,2026-09-09,N
CP-2608-1012,20529,2026-08-16,2026-10-15,N
CP-2603-1013,20530,2026-03-19,2026-04-18,Y
CP-2511-1014,20531,2025-11-16,2025-12-16,Y
CP-2605-1015,20531,2026-05-30,2026-06-13,Y
CP-2607-1016,20532,2026-07-12,2026-08-11,N
CP-2601-1017,20536,2026-01-24,2026-02-07,N
CP-2608-1018,20538,2026-08-30,2026-09-13,N
CP-2609-1019,20538,2026-09-02,2026-10-02,N
CP-2608-1020,20538,2026-08-29,2026-09-28,N
CP-2501-1021,20539,2025-01-05,2025-04-05,N
CP-2506-1022,20539,2025-06-12,2025-09-10,Y
CP-2512-1023,20539,2025-12-20,2026-02-18,N
CP-2509-1024,20539,2025-09-15,2025-10-15,Y
CP-2404-1025,20539,2024-04-29,2024-06-28,N
CP-2605-1026,20540,2026-05-18,2026-06-17,N
CP-2412-1027,20541,2024-12-27,2025-01-26,N
CP-2604-1028,20542,2026-04-03,2026-07-02,N
CP-2601-1029,20543,2026-01-10,2026-02-09,N
CP-2510-1030,20543,2025-10-09,2025-12-08,N
CP-2608-1031,20544,2026-08-22,2026-09-21,N
CP-2608-1032,20544,2026-08-03,2026-10-02,N
CP-2605-1033,20545,2026-05-28,2026-07-27,N
CP-2510-1034,20545,2025-10-31,2025-11-14,N
CP-2604-1035,20546,2026-04-28,2026-07-27,N
CP-2507-1036,20547,2025-07-19,2025-10-17,Y
CP-2505-1037,20547,2025-05-08,2025-05-22,N
CP-2606-1038,20549,2026-06-29,2026-07-29,N
CP-2501-1039,20550,2025-01-06,2025-02-05,N
CP-2312-1040,20550,2023-12-28,2024-01-27,Y
CP-2604-1041,20550,2026-04-04,2026-05-04,N
CP-2508-1042,20550,2025-08-19,2025-10-18,Y
CP-2403-1043,20550,2024-03-30,2024-04-29,N
CP-2607-1044,20551,2026-07-23,2026-08-22,N
CP-2607-1045,20551,2026-07-19,2026-10-17,N
CP-2602-1046,20552,2026-02-02,2026-05-03,Y
CP-2602-1047,20552,2026-02-21,2026-03-23,N
CP-2604-1048,20552,2026-04-23,2026-05-23,N
CP-2605-1049,20552,2026-05-27,2026-06-26,N
CP-2504-1050,20552,2025-04-08,2025-05-08,Y
CP-2609-1051,20553,2026-09-01,2026-11-30,N
CP-2609-1052,20553,2026-09-02,2026-09-16,N
CP-2608-1053,20553,2026-08-18,2026-11-16,Y
CP-2605-1054,20554,2026-05-02,2026-07-31,N
CP-2608-1055,20554,2026-08-14,2026-08-28,Y
CP-2607-1056,20554,2026-07-13,2026-07-27,Y
CP-2606-1057,20556,2026-06-02,2026-08-01,Y
CP-2410-1058,20557,2024-10-23,2024-12-22,N
CP-2603-1059,20558,2026-03-14,2026-03-28,Y
CP-2608-1060,20558,2026-08-27,2026-10-26,Y
CP-2604-1061,20558,2026-04-25,2026-05-25,N
CP-2608-1062,20559,2026-08-13,2026-11-11,N
CP-2607-1063,20559,2026-07-19,2026-09-17,N
CP-2508-1064,20559,2025-08-21,2025-11-19,Y
CP-2508-1065,20559,2025-08-20,2025-09-03,N
CP-2512-1066,20561,2025-12-19,2026-02-17,Y
CP-2509-1067,20561,2025-09-12,2025-10-12,Y
CP-2511-1068,20562,2025-11-03,2026-01-02,N
CP-2608-1069,20563,2026-08-11,2026-09-10,N
CP-2608-1070,20563,2026-08-23,2026-09-22,Y
CP-2608-1071,20563,2026-08-30,2026-11-28,N
CP-2607-1072,20563,2026-07-12,2026-08-11,Y
CP-2606-1073,20564,2026-06-16,2026-07-16,Y
CP-2606-1074,20564,2026-06-23,2026-07-23,N
CP-2512-1075,20565,2025-12-16,2026-03-16,Y
CP-2606-1076,20565,2026-06-16,2026-06-30,N
CP-2512-1077,20566,2025-12-28,2026-01-27,N
CP-2512-1078,20566,2025-12-30,2026-01-13,N
CP-2608-1079,20567,2026-08-19,2026-09-02,N
CP-2602-1080,20568,2026-02-11,2026-03-13,N
CP-2605-1081,20569,2026-05-27,2026-08-25,N
CP-2601-1082,20569,2026-01-16,2026-04-16,N
CP-2607-1083,20570,2026-07-08,2026-10-06,N
CP-2605-1084,20570,2026-05-01,2026-05-31,Y
CP-2607-1085,20574,2026-07-05,2026-09-03,Y
CP-2601-1086,20574,2026-01-11,2026-02-10,Y
CP-2510-1087,20574,2025-10-16,2025-11-15,Y
CP-2607-1088,20575,2026-07-14,2026-08-13,N
CP-2606-1089,20576,2026-06-17,2026-07-17,Y
CP-2607-1090,20577,2026-07-13,2026-08-12,N
CP-2510-1091,20577,2025-10-10,2025-11-09,N
CP-2511-1092,20578,2025-11-21,2025-12-21,Y
CP-2607-1093,20581,2026-07-30,2026-08-13,Y
CP-2603-1094,20582,2026-03-26,2026-06-24,Y
CP-2607-1095,20583,2026-07-26,2026-10-24,N
CP-2608-1096,20583,2026-08-18,2026-09-17,N
CP-2605-1097,20585,2026-05-13,2026-05-27,N
CP-2607-1098,20586,2026-07-02,2026-08-01,Y
CP-2601-1099,20586,2026-01-19,2026-04-19,N
CP-2504-1100,20586,2025-04-13,2025-06-12,N
CP-2508-1101,20588,2025-08-23,2025-09-22,N
CP-2606-1102,20588,2026-06-08,2026-09-06,N
CP-2511-1103,20588,2025-11-03,2026-02-01,Y
CP-2405-1104,20589,2024-05-10,2024-06-09,Y
CP-2507-1105,20589,2025-07-19,2025-09-17,N
CP-2510-1106,20590,2025-10-05,2025-11-04,N
CP-2608-1107,20591,2026-08-18,2026-09-17,N
CP-2505-1108,20592,2025-05-12,2025-06-11,N
CP-2603-1109,20592,2026-03-02,2026-05-31,N
CP-2512-1110,20592,2025-12-30,2026-03-30,N
CP-2607-1111,20593,2026-07-22,2026-09-20,N
CP-2608-1112,20596,2026-08-09,2026-09-08,N
CP-2501-1113,20596,2025-01-09,2025-01-23,N
CP-2608-1114,20597,2026-08-15,2026-09-14,N
CP-2608-1115,20597,2026-08-30,2026-10-29,N
CP-2608-1116,20597,2026-08-31,2026-09-30,N
CP-2608-1117,20597,2026-08-17,2026-08-31,Y
CP-2605-1118,20598,2026-05-12,2026-07-11,Y
CP-2608-1119,20599,2026-08-16,2026-10-15,N
CP-2601-1120,20600,2026-01-09,2026-02-08,N
CP-2511-1121,20600,2025-11-05,2025-12-05,Y
CP-2606-1122,20601,2026-06-13,2026-09-11,N
CP-2505-1123,20602,2025-05-07,2025-07-06,N
CP-2312-1124,20603,2023-12-09,2024-01-08,N
CP-2606-1125,20603,2026-06-12,2026-07-12,Y
CP-2607-1126,20603,2026-07-05,2026-08-04,N
CP-2604-1127,20603,2026-04-19,2026-05-03,N
CP-2508-1128,20603,2025-08-04,2025-11-02,Y
CP-2311-1129,20604,2023-11-21,2024-01-20,Y
CP-2512-1130,20607,2025-12-20,2026-01-03,N
CP-2507-1131,20607,2025-07-30,2025-08-29,N
CP-2608-1132,20608,2026-08-02,2026-09-01,Y
CP-2608-1133,20608,2026-08-29,2026-09-28,Y
CP-2608-1134,20608,2026-08-03,2026-10-02,Y
CP-2609-1135,20608,2026-09-03,2026-11-02,Y
CP-2605-1136,20609,2026-05-08,2026-06-07,N
CP-2403-1137,20609,2024-03-09,2024-04-08,Y
CP-2608-1138,20609,2026-08-21,2026-09-20,N
CP-2601-1139,20610,2026-01-23,2026-02-22,Y
CP-2609-1140,20611,2026-09-01,2026-11-30,N
CP-2512-1141,20612,2025-12-19,2026-02-17,N
CP-2602-1142,20612,2026-02-06,2026-04-07,N
CP-2606-1143,20612,2026-06-26,2026-07-10,Y
CP-2603-1144,20612,2026-03-13,2026-04-12,N
CP-2506-1145,20613,2025-06-27,2025-07-11,N
CP-2604-1146,20615,2026-04-09,2026-06-08,Y
CP-2603-1147,20615,2026-03-04,2026-04-03,Y
CP-2512-1148,20616,2025-12-19,2026-02-17,N
CP-2507-1149,20616,2025-07-14,2025-07-28,N
CP-2508-1150,20616,2025-08-28,2025-09-27,Y
CP-2606-1151,20616,2026-06-29,2026-08-28,N
CP-2607-1152,20616,2026-07-25,2026-08-24,Y
CP-2412-1153,20617,2024-12-24,2025-01-07,N
CP-2508-1154,20617,2025-08-01,2025-08-15,Y
CP-2503-1155,20618,2025-03-31,2025-04-30,N
CP-2508-1156,20618,2025-08-27,2025-09-10,N
CP-2512-1157,20618,2025-12-01,2026-03-01,N
CP-2509-1158,20619,2025-09-09,2025-12-08,Y
CP-2607-1159,20619,2026-07-20,2026-08-19,N
CP-2408-1160,20620,2024-08-11,2024-09-10,Y
CP-2609-1161,20622,2026-09-02,2026-12-01,Y
CP-2608-1162,20622,2026-08-31,2026-09-14,N
CP-2604-1163,20623,2026-04-15,2026-04-29,Y
CP-2603-1164,20623,2026-03-11,2026-05-10,N
CP-2608-1165,20624,2026-08-22,2026-11-20,Y
CP-2602-1166,20625,2026-02-02,2026-03-04,Y
CP-2512-1167,20626,2025-12-25,2026-01-08,N
CP-2606-1168,20626,2026-06-05,2026-07-05,N
CP-2509-1169,20627,2025-09-14,2025-09-28,Y
CP-2601-1170,20627,2026-01-07,2026-02-06,N
CP-2606-1171,20627,2026-06-18,2026-07-18,N
CP-2401-1172,20628,2024-01-01,2024-01-31,N
CP-2407-1173,20628,2024-07-21,2024-08-20,N
CP-2603-1174,20628,2026-03-11,2026-04-10,N
CP-2602-1175,20628,2026-02-11,2026-03-13,Y
CP-2601-1176,20629,2026-01-05,2026-02-04,N
CP-2311-1177,20630,2023-11-12,2024-01-11,N
CP-2312-1178,20630,2023-12-05,2024-01-04,Y
CP-2606-1179,20631,2026-06-14,2026-07-14,N
CP-2608-1180,20631,2026-08-21,2026-10-20,N
CP-2606-1181,20631,2026-06-11,2026-07-11,N
CP-2507-1182,20633,2025-07-27,2025-08-26,Y
CP-2505-1183,20633,2025-05-02,2025-07-01,N
CP-2605-1184,20633,2026-05-19,2026-06-18,N
CP-2607-1185,20635,2026-07-28,2026-09-26,N
CP-2604-1186,20636,2026-04-10,2026-05-10,Y
CP-2605-1187,20636,2026-05-25,2026-07-24,N
CP-2501-1188,20636,2025-01-18,2025-02-17,Y
CP-2506-1189,20636,2025-06-23,2025-07-07,Y
CP-2608-1190,20637,2026-08-13,2026-11-11,N
CP-2608-1191,20637,2026-08-29,2026-11-27,N
CP-2608-1192,20637,2026-08-31,2026-10-30,Y
CP-2601-1193,20639,2026-01-16,2026-03-17,N
CP-2608-1194,20639,2026-08-31,2026-09-14,N
CP-2607-1195,20639,2026-07-21,2026-08-20,N
CP-2608-1196,20640,2026-08-25,2026-09-24,N
CP-2607-1197,20640,2026-07-01,2026-07-31,Y
CP-2603-1198,20640,2026-03-08,2026-06-06,Y
CP-2603-1199,20640,2026-03-16,2026-04-15,N
CP-2604-1200,20641,2026-04-02,2026-06-01,Y
CP-2603-1201,20642,2026-03-29,2026-05-28,N
CP-2501-1202,20644,2025-01-21,2025-03-22,N
CP-2604-1203,20644,2026-04-01,2026-05-01,N
CP-2511-1204,20644,2025-11-21,2026-01-20,N
CP-2608-1205,20644,2026-08-25,2026-10-24,Y
CP-2608-1206,20646,2026-08-22,2026-09-21,N
CP-2602-1207,20646,2026-02-23,2026-03-25,N
CP-2603-1208,20647,2026-03-24,2026-05-23,Y
CP-2512-1209,20647,2025-12-08,2025-12-22,N
CP-2511-1210,20647,2025-11-06,2025-12-06,Y
CP-2512-1211,20647,2025-12-12,2026-02-10,N
CP-2607-1212,20648,2026-07-12,2026-10-10,N
CP-2609-1213,20648,2026-09-01,2026-10-31,N
CP-2607-1214,20649,2026-07-03,2026-08-02,N
CP-2509-1215,20649,2025-09-23,2025-10-23,Y
CP-2608-1216,20649,2026-08-04,2026-11-02,N
CP-2602-1217,20650,2026-02-09,2026-03-11,Y
CP-2510-1218,20650,2025-10-22,2025-12-21,N
CP-2608-1219,20650,2026-08-24,2026-11-22,N
CP-2510-1220,20650,2025-10-15,2025-11-14,N
CP-2601-1221,20650,2026-01-01,2026-03-02,Y
CP-2603-1222,20651,2026-03-20,2026-05-19,N
CP-2608-1223,20652,2026-08-20,2026-09-19,N
CP-2606-1224,20654,2026-06-21,2026-08-20,N
CP-2601-1225,20654,2026-01-23,2026-02-22,N
CP-2502-1226,20654,2025-02-05,2025-04-06,N
CP-2602-1227,20655,2026-02-25,2026-05-26,N
CP-2602-1228,20655,2026-02-17,2026-04-18,Y
CP-2401-1229,20656,2024-01-01,2024-01-15,Y
CP-2408-1230,20656,2024-08-28,2024-09-27,N
CP-2607-1231,20656,2026-07-12,2026-10-10,N
CP-2602-1232,20656,2026-02-28,2026-03-30,N
CP-2504-1233,20656,2025-04-02,2025-06-01,Y
CP-2410-1234,20657,2024-10-02,2024-11-01,Y
CP-2503-1235,20658,2025-03-17,2025-06-15,Y
CP-2607-1236,20659,2026-07-23,2026-08-22,Y
CP-2606-1237,20659,2026-06-04,2026-08-03,N
CP-2608-1238,20659,2026-08-14,2026-08-28,N
CP-2303-1239,20660,2023-03-03,2023-03-17,Y
CP-2609-1240,20661,2026-09-01,2026-09-15,N
CP-2608-1241,20661,2026-08-05,2026-09-04,N
CP-2605-1242,20661,2026-05-02,2026-05-16,Y
CP-2608-1243,20661,2026-08-22,2026-09-21,N
CP-2506-1244,20663,2025-06-09,2025-06-23,Y
CP-2608-1245,20665,2026-08-21,2026-10-20,Y
CP-2608-1246,20665,2026-08-26,2026-09-25,N
CP-2608-1247,20667,2026-08-25,2026-09-24,N
CP-2608-1248,20667,2026-08-31,2026-09-14,N
CP-2606-1249,20668,2026-06-23,2026-07-23,N
CP-2608-1250,20668,2026-08-04,2026-09-03,N
CP-2603-1251,20669,2026-03-11,2026-06-09,Y
CP-2504-1252,20669,2025-04-05,2025-07-04,N
CP-2607-1253,20669,2026-07-17,2026-08-16,Y
CP-2604-1254,20670,2026-04-30,2026-05-30,N
CP-2604-1255,20670,2026-04-09,2026-06-08,Y
CP-2605-1256,20673,2026-05-23,2026-06-22,Y
CP-2608-1257,20673,2026-08-23,2026-09-22,N
CP-2506-1258,20674,2025-06-17,2025-07-17,Y
CP-2504-1259,20674,2025-04-27,2025-07-26,N
CP-2606-1260,20675,2026-06-28,2026-08-27,N
CP-2608-1261,20675,2026-08-22,2026-09-21,N
CP-2607-1262,20676,2026-07-27,2026-08-26,N
CP-2605-1263,20676,2026-05-25,2026-06-24,Y
CP-2412-1264,20676,2024-12-09,2024-12-23,Y
CP-2603-1265,20677,2026-03-13,2026-05-12,N
CP-2608-1266,20677,2026-08-11,2026-10-10,N
CP-2512-1267,20677,2025-12-18,2026-01-01,Y
CP-2608-1268,20678,2026-08-09,2026-09-08,N
CP-2607-1269,20678,2026-07-22,2026-09-20,N
CP-2607-1270,20679,2026-07-28,2026-09-26,N
CP-2606-1271,20679,2026-06-04,2026-07-04,N
CP-2606-1272,20679,2026-06-14,2026-08-13,N
CP-2603-1273,20681,2026-03-27,2026-06-25,Y
CP-2604-1274,20681,2026-04-25,2026-05-25,N
CP-2608-1275,20681,2026-08-16,2026-08-30,Y
CP-2604-1276,20681,2026-04-24,2026-05-08,N
CP-2509-1277,20683,2025-09-24,2025-10-08,Y
CP-2511-1278,20683,2025-11-21,2025-12-21,Y
CP-2411-1279,20683,2024-11-18,2024-12-02,N
CP-2512-1280,20683,2025-12-01,2025-12-15,N
CP-2507-1281,20683,2025-07-20,2025-08-03,Y
CP-2512-1282,20684,2025-12-10,2026-02-08,Y
CP-2604-1283,20685,2026-04-10,2026-07-09,Y
CP-2302-1284,20685,2023-02-04,2023-05-05,N
CP-2608-1285,20686,2026-08-31,2026-09-30,N
CP-2601-1286,20687,2026-01-13,2026-02-12,Y
CP-2601-1287,20689,2026-01-25,2026-02-08,Y
CP-2601-1288,20689,2026-01-14,2026-01-28,N
CP-2608-1289,20690,2026-08-29,2026-09-28,Y
CP-2608-1290,20690,2026-08-05,2026-09-04,Y
CP-2608-1291,20690,2026-08-11,2026-09-10,Y
CP-2608-1292,20690,2026-08-03,2026-11-01,N
CP-2608-1293,20690,2026-08-19,2026-09-02,N
CP-2608-1294,20691,2026-08-25,2026-09-08,N
CP-2601-1295,20691,2026-01-22,2026-03-23,Y
CP-2607-1296,20692,2026-07-28,2026-08-27,N
CP-2608-1297,20692,2026-08-02,2026-09-01,Y
CP-2607-1298,20692,2026-07-30,2026-08-29,Y
CP-2605-1299,20693,2026-05-27,2026-06-10,N
CP-2608-1300,20693,2026-08-31,2026-10-30,N
CP-2608-1301,20693,2026-08-09,2026-11-07,N
CP-2608-1302,20694,2026-08-18,2026-10-17,N
CP-2607-1303,20694,2026-07-13,2026-08-12,N
CP-2603-1304,20695,2026-03-31,2026-06-29,N
CP-2607-1305,20695,2026-07-10,2026-10-08,N
CP-2506-1306,20695,2025-06-14,2025-08-13,N
CP-2602-1307,20695,2026-02-05,2026-03-07,N
CP-2509-1308,20696,2025-09-11,2025-10-11,Y
CP-2601-1309,20696,2026-01-23,2026-03-24,N
CP-2605-1310,20698,2026-05-18,2026-06-17,N
CP-2512-1311,20698,2025-12-11,2026-02-09,N
CP-2512-1312,20699,2025-12-06,2026-02-04,Y
CP-2606-1313,20700,2026-06-11,2026-08-10,Y
CP-2606-1314,20700,2026-06-22,2026-07-06,Y
CP-2608-1315,20701,2026-08-05,2026-11-03,N
CP-2609-1316,20701,2026-09-01,2026-10-01,Y
CP-2604-1317,20702,2026-04-25,2026-06-24,Y
CP-2505-1318,20705,2025-05-30,2025-06-29,N
CP-2407-1319,20705,2024-07-28,2024-09-26,N
CP-2510-1320,20705,2025-10-09,2025-12-08,Y
CP-2412-1321,20708,2024-12-21,2025-01-20,N
CP-2603-1322,20708,2026-03-18,2026-04-17,N
CP-2606-1323,20709,2026-06-26,2026-09-24,N
CP-2602-1324,20710,2026-02-11,2026-03-13,N
CP-2607-1325,20710,2026-07-24,2026-10-22,Y
CP-2606-1326,20711,2026-06-22,2026-08-21,N
CP-2604-1327,20711,2026-04-27,2026-05-11,N
CP-2608-1328,20714,2026-08-19,2026-10-18,N
CP-2609-1329,20714,2026-09-02,2026-11-01,N
CP-2503-1330,20715,2025-03-11,2025-03-25,Y
CP-2411-1331,20715,2024-11-04,2024-11-18,Y
CP-2606-1332,20716,2026-06-07,2026-06-21,Y
CP-2606-1333,20716,2026-06-19,2026-09-17,N
CP-2506-1334,20717,2025-06-07,2025-09-05,Y
CP-2604-1335,20719,2026-04-20,2026-05-04,N
CP-2609-1336,20719,2026-09-03,2026-11-02,Y
CP-2605-1337,20719,2026-05-03,2026-06-02,N
CP-2608-1338,20719,2026-08-11,2026-11-09,N
CP-2501-1339,20720,2025-01-07,2025-01-21,N
CP-2504-1340,20720,2025-04-27,2025-05-11,Y
CP-2403-1341,20720,2024-03-30,2024-05-29,Y
CP-2608-1342,20721,2026-08-06,2026-10-05,N
CP-2608-1343,20721,2026-08-30,2026-09-29,N
CP-2505-1344,20722,2025-05-23,2025-07-22,Y
CP-2608-1345,20722,2026-08-13,2026-10-12,Y
CP-2501-1346,20723,2025-01-30,2025-03-31,N
CP-2607-1347,20723,2026-07-04,2026-08-03,Y
CP-2511-1348,20723,2025-11-04,2026-02-02,N
CP-2608-1349,20725,2026-08-18,2026-10-17,N
CP-2603-1350,20726,2026-03-18,2026-04-01,N
CP-2606-1351,20726,2026-06-30,2026-07-14,Y
CP-2604-1352,20726,2026-04-09,2026-05-09,Y
CP-2608-1353,20726,2026-08-17,2026-11-15,N
CP-2410-1354,20727,2024-10-16,2024-12-15,Y
CP-2606-1355,20727,2026-06-01,2026-08-30,N
CP-2409-1356,20727,2024-09-08,2024-10-08,N
CP-2605-1357,20727,2026-05-04,2026-06-03,Y
CP-2604-1358,20728,2026-04-01,2026-05-01,N
CP-2602-1359,20728,2026-02-25,2026-03-27,N
CP-2411-1360,20728,2024-11-20,2024-12-20,N
CP-2409-1361,20729,2024-09-16,2024-11-15,N
CP-2606-1362,20729,2026-06-17,2026-08-16,N
CP-2606-1363,20730,2026-06-28,2026-07-28,N
CP-2609-1364,20731,2026-09-04,2026-11-03,Y
CP-2609-1365,20731,2026-09-03,2026-09-17,N
CP-2609-1366,20731,2026-09-03,2026-09-17,Y
CP-2608-1367,20732,2026-08-13,2026-10-12,N
CP-2608-1368,20732,2026-08-21,2026-09-20,N
CP-2608-1369,20732,2026-08-04,2026-08-18,N
CP-2609-1370,20734,2026-09-02,2026-12-01,N
CP-2607-1371,20735,2026-07-01,2026-07-31,Y
CP-2608-1372,20735,2026-08-16,2026-09-15,Y
CP-2608-1373,20735,2026-08-21,2026-10-20,Y
CP-2606-1374,20735,2026-06-18,2026-07-02,N
CP-2607-1375,20735,2026-07-14,2026-08-13,Y
CP-2606-1376,20736,2026-06-10,2026-08-09,Y
CP-2603-1377,20736,2026-03-19,2026-05-18,N
CP-2608-1378,20737,2026-08-16,2026-08-30,N
CP-2608-1379,20737,2026-08-13,2026-08-27,N
CP-2602-1380,20738,2026-02-28,2026-03-14,N
CP-2606-1381,20739,2026-06-26,2026-07-10,N
CP-2511-1382,20740,2025-11-12,2026-01-11,N
CP-2512-1383,20740,2025-12-14,2025-12-28,Y
CP-2502-1384,20740,2025-02-14,2025-03-16,N
CP-2607-1385,20742,2026-07-30,2026-08-29,N
CP-2604-1386,20742,2026-04-17,2026-05-17,Y
CP-2512-1387,20742,2025-12-02,2025-12-16,Y
CP-2407-1388,20744,2024-07-29,2024-09-27,Y
CP-2607-1389,20745,2026-07-05,2026-08-04,N
CP-2608-1390,20745,2026-08-13,2026-09-12,N
CP-2605-1391,20745,2026-05-05,2026-06-04,Y
CP-2604-1392,20745,2026-04-28,2026-05-12,Y
CP-2508-1393,20746,2025-08-08,2025-11-06,N
CP-2506-1394,20747,2025-06-20,2025-08-19,Y
CP-2608-1395,20748,2026-08-16,2026-09-15,Y
CP-2608-1396,20749,2026-08-31,2026-09-14,N
CP-2603-1397,20750,2026-03-03,2026-05-02,N
CP-2604-1398,20750,2026-04-11,2026-05-11,N
CP-2409-1399,20750,2024-09-27,2024-10-11,Y
CP-2609-1400,20751,2026-09-01,2026-10-01,N
CP-2607-1401,20752,2026-07-05,2026-10-03,N
CP-2512-1402,20753,2025-12-23,2026-03-23,N
CP-2511-1403,20753,2025-11-30,2026-02-28,N
CP-2607-1404,20753,2026-07-26,2026-08-09,N
CP-2511-1405,20754,2025-11-22,2025-12-22,Y
CP-2512-1406,20754,2025-12-17,2026-02-15,N
CP-2606-1407,20754,2026-06-17,2026-07-17,N
CP-2606-1408,20755,2026-06-14,2026-07-14,N
CP-2604-1409,20755,2026-04-03,2026-05-03,N
CP-2608-1410,20756,2026-08-16,2026-10-15,N
CP-2608-1411,20756,2026-08-07,2026-11-05,N
CP-2604-1412,20758,2026-04-11,2026-04-25,N
CP-2504-1413,20758,2025-04-20,2025-07-19,N
CP-2608-1414,20760,2026-08-14,2026-10-13,N
CP-2503-1415,20760,2025-03-01,2025-03-15,N
CP-2602-1416,20760,2026-02-23,2026-03-09,N
CP-2607-1417,20760,2026-07-11,2026-08-10,N
CP-2602-1418,20761,2026-02-04,2026-05-05,N
CP-2411-1419,20761,2024-11-18,2024-12-18,N
CP-2608-1420,20762,2026-08-26,2026-10-25,N
CP-2608-1421,20762,2026-08-09,2026-09-08,N
CP-2311-1422,20763,2023-11-11,2024-02-09,Y
CP-2505-1423,20763,2025-05-26,2025-08-24,Y
CP-2605-1424,20764,2026-05-04,2026-06-03,Y
CP-2511-1425,20766,2025-11-27,2025-12-11,N
CP-2504-1426,20766,2025-04-05,2025-05-05,N
CP-2512-1427,20766,2025-12-23,2026-01-22,Y
CP-2411-1428,20768,2024-11-04,2024-12-04,Y
CP-2606-1429,20769,2026-06-13,2026-07-13,N
CP-2602-1430,20769,2026-02-21,2026-04-22,N
CP-2607-1431,20769,2026-07-15,2026-08-14,Y
CP-2608-1432,20770,2026-08-31,2026-10-30,Y
CP-2501-1433,20771,2025-01-06,2025-03-07,Y
CP-2503-1434,20771,2025-03-17,2025-04-16,N
CP-2601-1435,20771,2026-01-02,2026-03-03,N
CP-2605-1436,20771,2026-05-31,2026-06-30,N
CP-2607-1437,20772,2026-07-09,2026-09-07,N
CP-2607-1438,20772,2026-07-07,2026-08-06,Y
CP-2608-1439,20773,2026-08-18,2026-09-17,N
CP-2510-1440,20773,2025-10-23,2025-11-06,N
CP-2510-1441,20775,2025-10-05,2025-11-04,Y
CP-2410-1442,20775,2024-10-16,2024-11-15,N
CP-2604-1443,20775,2026-04-15,2026-05-15,N
CP-2605-1444,20776,2026-05-04,2026-07-03,Y
CP-2412-1445,20776,2024-12-12,2025-02-10,N
CP-2412-1446,20776,2024-12-23,2025-01-22,Y
CP-2608-1447,20777,2026-08-26,2026-09-25,N
CP-2604-1448,20777,2026-04-14,2026-05-14,Y
CP-2609-1449,20779,2026-09-02,2026-09-16,N
CP-2503-1450,20780,2025-03-28,2025-04-11,N
CP-2605-1451,20782,2026-05-22,2026-07-21,N
CP-2607-1452,20784,2026-07-25,2026-08-24,Y
CP-2604-1453,20784,2026-04-06,2026-04-20,N
CP-2608-1454,20784,2026-08-01,2026-08-31,Y
CP-2606-1455,20785,2026-06-02,2026-07-02,Y
CP-2607-1456,20785,2026-07-03,2026-10-01,N
CP-2607-1457,20787,2026-07-29,2026-09-27,N
CP-2607-1458,20788,2026-07-12,2026-08-11,N
CP-2503-1459,20788,2025-03-25,2025-04-08,Y
CP-2505-1460,20788,2025-05-21,2025-06-20,Y
CP-2401-1461,20789,2024-01-23,2024-03-23,N
CP-2509-1462,20789,2025-09-06,2025-09-20,Y
CP-2409-1463,20789,2024-09-22,2024-10-06,N
CP-2411-1464,20789,2024-11-20,2024-12-20,Y
CP-2506-1465,20789,2025-06-02,2025-08-01,N
CP-2607-1466,20790,2026-07-28,2026-08-27,Y
CP-2608-1467,20790,2026-08-17,2026-08-31,N
CP-2605-1468,20790,2026-05-10,2026-07-09,N
CP-2607-1469,20790,2026-07-20,2026-08-19,N
CP-2605-1470,20790,2026-05-20,2026-06-19,N
CP-2606-1471,20793,2026-06-27,2026-07-11,Y
CP-2607-1472,20793,2026-07-28,2026-08-27,Y
CP-2604-1473,20793,2026-04-26,2026-07-25,N
CP-2608-1474,20793,2026-08-25,2026-11-23,Y
CP-2607-1475,20793,2026-07-20,2026-09-18,Y
CP-2606-1476,20794,2026-06-24,2026-09-22,N
CP-2608-1477,20794,2026-08-15,2026-11-13,N
CP-2604-1478,20794,2026-04-10,2026-06-09,N
CP-2506-1479,20794,2025-06-06,2025-08-05,Y
CP-2506-1480,20794,2025-06-26,2025-08-25,N
CP-2406-1481,20797,2024-06-06,2024-07-06,N
CP-2210-1482,20797,2022-10-28,2022-11-27,N
CP-2606-1483,20798,2026-06-06,2026-09-04,N
CP-2603-1484,20798,2026-03-13,2026-04-12,N
CP-2512-1485,20798,2025-12-26,2026-03-26,N
CP-2512-1486,20798,2025-12-21,2026-01-04,N
CP-2606-1487,20799,2026-06-02,2026-08-31,Y
CP-2309-1488,20799,2023-09-17,2023-10-01,N
CP-2405-1489,20799,2024-05-12,2024-07-11,Y
CP-2503-1490,20799,2025-03-15,2025-04-14,Y
CP-2608-1491,20801,2026-08-05,2026-09-04,N
CP-2607-1492,20801,2026-07-15,2026-07-29,Y
CP-2605-1493,20804,2026-05-25,2026-08-23,N
CP-2602-1494,20804,2026-02-01,2026-04-02,N
CP-2608-1495,20805,2026-08-01,2026-08-31,N
CP-2608-1496,20805,2026-08-15,2026-10-14,N
CP-2603-1497,20806,2026-03-30,2026-05-29,N
CP-2501-1498,20806,2025-01-25,2025-03-26,N
CP-2504-1499,20807,2025-04-14,2025-05-14,N
CP-2604-1500,20808,2026-04-06,2026-05-06,N
CP-2505-1501,20808,2025-05-14,2025-06-13,Y
CP-2606-1502,20808,2026-06-08,2026-06-22,N
CP-2509-1503,20810,2025-09-30,2025-10-30,Y
CP-2607-1504,20810,2026-07-18,2026-08-17,Y
CP-2509-1505,20810,2025-09-10,2025-09-24,Y
CP-2601-1506,20810,2026-01-04,2026-03-05,Y
CP-2410-1507,20811,2024-10-31,2025-01-29,N
CP-2511-1508,20811,2025-11-30,2026-01-29,N
CP-2608-1509,20811,2026-08-26,2026-09-25,N
CP-2607-1510,20811,2026-07-13,2026-07-27,N
CP-2603-1511,20812,2026-03-08,2026-04-07,Y
CP-2502-1512,20814,2025-02-04,2025-05-05,Y
CP-2410-1513,20814,2024-10-24,2024-11-07,Y
CP-2506-1514,20815,2025-06-30,2025-07-14,N
CP-2603-1515,20817,2026-03-02,2026-05-01,N
CP-2603-1516,20818,2026-03-11,2026-05-10,Y
CP-2510-1517,20818,2025-10-20,2025-11-19,N
CP-2607-1518,20819,2026-07-27,2026-08-26,N
CP-2608-1519,20819,2026-08-26,2026-09-09,N
CP-2608-1520,20819,2026-08-14,2026-11-12,N
CP-2608-1521,20819,2026-08-26,2026-09-25,N
CP-2607-1522,20819,2026-07-18,2026-08-17,N
CP-2511-1523,20820,2025-11-26,2025-12-26,N
CP-2602-1524,20821,2026-02-27,2026-04-28,N
CP-2411-1525,20821,2024-11-22,2024-12-22,N
CP-2602-1526,20822,2026-02-21,2026-04-22,N
CP-2608-1527,20823,2026-08-29,2026-10-28,Y
CP-2511-1528,20824,2025-11-24,2025-12-08,N
CP-2608-1529,20825,2026-08-24,2026-09-23,Y
CP-2505-1530,20825,2025-05-19,2025-06-02,N
CP-2506-1531,20826,2025-06-14,2025-07-14,N
CP-2608-1532,20826,2026-08-07,2026-11-05,N
CP-2606-1533,20827,2026-06-29,2026-09-27,N
CP-2608-1534,20827,2026-08-10,2026-09-09,N
CP-2608-1535,20827,2026-08-16,2026-09-15,N
CP-2607-1536,20827,2026-07-07,2026-09-05,N
CP-2605-1537,20827,2026-05-16,2026-05-30,N
CP-2510-1538,20828,2025-10-14,2025-11-13,Y
CP-2507-1539,20828,2025-07-25,2025-10-23,N
CP-2512-1540,20828,2025-12-06,2026-03-06,N
CP-2601-1541,20829,2026-01-03,2026-03-04,N
CP-2409-1542,20830,2024-09-08,2024-10-08,N
CP-2506-1543,20830,2025-06-25,2025-07-25,N
CP-2304-1544,20830,2023-04-13,2023-06-12,N
CP-2608-1545,20831,2026-08-26,2026-09-25,N
CP-2504-1546,20832,2025-04-07,2025-05-07,N
CP-2408-1547,20832,2024-08-25,2024-09-24,N
CP-2506-1548,20832,2025-06-11,2025-06-25,N
CP-2607-1549,20833,2026-07-01,2026-07-15,N
CP-2602-1550,20834,2026-02-03,2026-02-17,Y
CP-2604-1551,20836,2026-04-29,2026-05-13,N
CP-2510-1552,20836,2025-10-13,2025-10-27,N
CP-2601-1553,20837,2026-01-25,2026-02-24,Y
CP-2604-1554,20837,2026-04-15,2026-06-14,N
CP-2602-1555,20838,2026-02-06,2026-03-08,N
CP-2605-1556,20839,2026-05-26,2026-06-09,N
CP-2601-1557,20839,2026-01-29,2026-02-12,Y
CP-2605-1558,20839,2026-05-31,2026-07-30,N
CP-2606-1559,20840,2026-06-08,2026-07-08,Y
CP-2608-1560,20840,2026-08-06,2026-09-05,N
CP-2608-1561,20840,2026-08-21,2026-10-20,N
CP-2608-1562,20841,2026-08-18,2026-09-17,Y
CP-2606-1563,20841,2026-06-12,2026-08-11,Y
CP-2606-1564,20841,2026-06-10,2026-08-09,N
CP-2608-1565,20842,2026-08-05,2026-09-04,N
CP-2608-1566,20842,2026-08-21,2026-09-20,N
CP-2605-1567,20842,2026-05-30,2026-06-29,N
CP-2512-1568,20842,2025-12-18,2026-01-17,N
CP-2602-1569,20844,2026-02-14,2026-03-16,N
CP-2605-1570,20844,2026-05-16,2026-06-15,N
CP-2603-1571,20844,2026-03-03,2026-05-02,N
CP-2608-1572,20845,2026-08-15,2026-09-14,N
CP-2507-1573,20845,2025-07-20,2025-08-03,Y
CP-2608-1574,20846,2026-08-06,2026-09-05,N
CP-2607-1575,20847,2026-07-31,2026-08-30,N
CP-2608-1576,20847,2026-08-10,2026-11-08,N
CP-2601-1577,20847,2026-01-25,2026-03-26,Y
CP-2505-1578,20848,2025-05-21,2025-08-19,N
CP-2606-1579,20849,2026-06-11,2026-06-25,Y
CP-2506-1580,20849,2025-06-08,2025-06-22,Y
CP-2608-1581,20850,2026-08-27,2026-10-26,N
CP-2607-1582,20851,2026-07-15,2026-08-14,N
CP-2608-1583,20851,2026-08-16,2026-09-15,N
CP-2601-1584,20852,2026-01-18,2026-02-17,N
CP-2607-1585,20853,2026-07-22,2026-08-21,Y
CP-2604-1586,20853,2026-04-05,2026-07-04,N
CP-2607-1587,20853,2026-07-05,2026-07-19,N
CP-2512-1588,20855,2025-12-23,2026-03-23,N
CP-2411-1589,20856,2024-11-03,2025-02-01,N
CP-2507-1590,20856,2025-07-24,2025-09-22,Y
CP-2512-1591,20856,2025-12-18,2026-02-16,N
CP-2511-1592,20857,2025-11-29,2026-02-27,N
CP-2509-1593,20859,2025-09-13,2025-10-13,Y
CP-2605-1594,20860,2026-05-04,2026-07-03,N
CP-2508-1595,20860,2025-08-21,2025-09-20,Y
CP-2512-1596,20860,2025-12-09,2026-01-08,N
CP-2605-1597,20860,2026-05-24,2026-07-23,Y
CP-2603-1598,20860,2026-03-01,2026-03-15,N
CP-2606-1599,20861,2026-06-29,2026-07-13,Y
CP-2607-1600,20861,2026-07-05,2026-09-03,N
CP-2606-1601,20861,2026-06-24,2026-09-22,N
CP-2511-1602,20862,2025-11-19,2026-01-18,Y
CP-2606-1603,20862,2026-06-19,2026-07-19,N
CP-2602-1604,20863,2026-02-10,2026-02-24,N
CP-2602-1605,20863,2026-02-13,2026-04-14,N
CP-2602-1606,20864,2026-02-11,2026-05-12,Y
CP-2608-1607,20864,2026-08-18,2026-09-01,Y
CP-2604-1608,20864,2026-04-07,2026-05-07,N
CP-2608-1609,20865,2026-08-29,2026-09-28,N
CP-2403-1610,20867,2024-03-16,2024-05-15,Y
CP-2406-1611,20867,2024-06-02,2024-07-02,N
CP-2603-1612,20868,2026-03-16,2026-03-30,N
CP-2607-1613,20869,2026-07-21,2026-08-20,N
CP-2608-1614,20869,2026-08-21,2026-10-20,N
CP-2604-1615,20869,2026-04-02,2026-05-02,Y
CP-2402-1616,20870,2024-02-03,2024-02-17,Y
CP-2606-1617,20870,2026-06-18,2026-07-18,N
CP-2608-1618,20872,2026-08-21,2026-10-20,N
CP-2601-1619,20872,2026-01-30,2026-03-01,N
CP-2607-1620,20873,2026-07-26,2026-08-09,N
CP-2607-1621,20873,2026-07-24,2026-08-23,Y
CP-2608-1622,20873,2026-08-07,2026-09-06,N
CP-2608-1623,20873,2026-08-25,2026-10-24,Y
CP-2602-1624,20876,2026-02-19,2026-03-05,N
CP-2405-1625,20877,2024-05-09,2024-06-08,N
CP-2601-1626,20877,2026-01-07,2026-03-08,N
CP-2312-1627,20878,2023-12-12,2024-01-11,N
CP-2408-1628,20878,2024-08-09,2024-10-08,Y
CP-2512-1629,20878,2025-12-18,2026-01-01,N
CP-2601-1630,20879,2026-01-23,2026-02-22,Y
CP-2407-1631,20879,2024-07-14,2024-08-13,Y
CP-2608-1632,20879,2026-08-31,2026-11-29,N
CP-2606-1633,20880,2026-06-14,2026-06-28,Y
CP-2607-1634,20880,2026-07-10,2026-07-24,Y
CP-2608-1635,20880,2026-08-22,2026-10-21,N
CP-2404-1636,20881,2024-04-03,2024-05-03,Y
CP-2402-1637,20881,2024-02-25,2024-04-25,N
CP-2608-1638,20882,2026-08-29,2026-10-28,N
CP-2608-1639,20883,2026-08-31,2026-09-30,N
CP-2604-1640,20884,2026-04-26,2026-06-25,Y
CP-2511-1641,20885,2025-11-26,2026-02-24,N
CP-2602-1642,20885,2026-02-02,2026-03-04,N
CP-2608-1643,20886,2026-08-13,2026-10-12,N
CP-2605-1644,20886,2026-05-02,2026-07-01,N
CP-2604-1645,20887,2026-04-14,2026-06-13,N
CP-2607-1646,20887,2026-07-30,2026-10-28,N
CP-2603-1647,20888,2026-03-22,2026-04-21,N
CP-2511-1648,20888,2025-11-16,2026-01-15,Y
CP-2506-1649,20888,2025-06-29,2025-07-29,Y
CP-2506-1650,20888,2025-06-18,2025-09-16,N
CP-2512-1651,20889,2025-12-17,2026-01-16,N
CP-2511-1652,20889,2025-11-01,2025-12-01,Y
CP-2603-1653,20890,2026-03-08,2026-04-07,N
CP-2603-1654,20891,2026-03-24,2026-04-07,N
CP-2607-1655,20891,2026-07-11,2026-09-09,N
CP-2606-1656,20891,2026-06-24,2026-09-22,N
CP-2608-1657,20891,2026-08-04,2026-09-03,Y
CP-2603-1658,20891,2026-03-26,2026-06-24,Y
CP-2605-1659,20892,2026-05-08,2026-06-07,Y
CP-2411-1660,20893,2024-11-11,2024-12-11,Y
CP-2608-1661,20893,2026-08-27,2026-09-26,Y
CP-2507-1662,20894,2025-07-15,2025-09-13,N
CP-2402-1663,20894,2024-02-22,2024-03-23,N
CP-2603-1664,20895,2026-03-27,2026-05-26,Y
CP-2607-1665,20895,2026-07-11,2026-08-10,N
CP-2605-1666,20895,2026-05-08,2026-06-07,Y
CP-2607-1667,20895,2026-07-15,2026-08-14,Y
CP-2607-1668,20897,2026-07-07,2026-08-06,N
CP-2608-1669,20898,2026-08-25,2026-10-24,N
CP-2607-1670,20898,2026-07-15,2026-08-14,Y
CP-2608-1671,20898,2026-08-28,2026-09-27,N
CP-2602-1672,20900,2026-02-05,2026-03-07,Y
CP-2512-1673,20900,2025-12-08,2026-03-08,Y
CP-2412-1674,20900,2024-12-27,2025-02-25,N
CP-2412-1675,20901,2024-12-10,2025-03-10,Y
CP-2607-1676,20902,2026-07-29,2026-08-12,N
CP-2604-1677,20903,2026-04-18,2026-05-02,N
CP-2507-1678,20904,2025-07-11,2025-08-10,N
CP-2604-1679,20904,2026-04-12,2026-05-12,N
CP-2411-1680,20904,2024-11-02,2024-12-02,Y
CP-2511-1681,20905,2025-11-30,2026-01-29,Y
CP-2307-1682,20905,2023-07-08,2023-08-07,N
CP-2511-1683,20905,2025-11-05,2025-12-05,Y
CP-2606-1684,20906,2026-06-26,2026-08-25,Y
CP-2606-1685,20906,2026-06-02,2026-08-01,N
CP-2608-1686,20906,2026-08-09,2026-10-08,N
CP-2605-1687,20906,2026-05-25,2026-06-24,N
CP-2411-1688,20907,2024-11-03,2024-12-03,Y
CP-2601-1689,20907,2026-01-24,2026-03-25,Y
CP-2605-1690,20908,2026-05-30,2026-08-28,N
CP-2503-1691,20909,2025-03-22,2025-04-21,N
CP-2608-1692,20910,2026-08-24,2026-09-23,N
CP-2607-1693,20910,2026-07-31,2026-09-29,Y
CP-2606-1694,20910,2026-06-10,2026-09-08,N
CP-2603-1695,20912,2026-03-02,2026-04-01,Y
CP-2608-1696,20913,2026-08-26,2026-09-25,N
CP-2601-1697,20915,2026-01-14,2026-02-13,N
CP-2305-1698,20915,2023-05-15,2023-05-29,N
CP-2507-1699,20915,2025-07-08,2025-09-06,N
CP-2607-1700,20917,2026-07-22,2026-08-21,Y
CP-2604-1701,20918,2026-04-18,2026-05-18,Y
CP-2604-1702,20919,2026-04-08,2026-07-07,N
CP-2403-1703,20920,2024-03-19,2024-05-18,N
CP-2507-1704,20920,2025-07-13,2025-07-27,Y
CP-2501-1705,20920,2025-01-16,2025-02-15,N
CP-2512-1706,20920,2025-12-14,2026-01-13,N
CP-2601-1707,20921,2026-01-25,2026-02-24,Y
CP-2601-1708,20921,2026-01-31,2026-04-01,N
CP-2505-1709,20922,2025-05-15,2025-06-14,Y
CP-2606-1710,20922,2026-06-22,2026-08-21,N
CP-2510-1711,20922,2025-10-11,2025-11-10,Y
CP-2605-1712,20923,2026-05-15,2026-06-14,N
CP-2606-1713,20923,2026-06-18,2026-07-18,Y
CP-2602-1714,20925,2026-02-17,2026-04-18,Y
CP-2608-1715,20925,2026-08-06,2026-09-05,N
CP-2608-1716,20927,2026-08-24,2026-10-23,N
CP-2504-1717,20928,2025-04-15,2025-07-14,Y
CP-2511-1718,20929,2025-11-15,2026-02-13,Y
CP-2306-1719,20929,2023-06-03,2023-07-03,N
CP-2312-1720,20929,2023-12-25,2024-01-08,Y
CP-2605-1721,20930,2026-05-11,2026-06-10,Y
CP-2608-1722,20930,2026-08-25,2026-09-24,Y
CP-2604-1723,20930,2026-04-01,2026-05-01,N
CP-2601-1724,20931,2026-01-30,2026-03-01,N
CP-2607-1725,20932,2026-07-28,2026-10-26,N
CP-2603-1726,20932,2026-03-04,2026-06-02,N
CP-2607-1727,20933,2026-07-10,2026-08-09,Y
CP-2603-1728,20933,2026-03-17,2026-04-16,N
CP-2605-1729,20934,2026-05-05,2026-06-04,Y
CP-2411-1730,20935,2024-11-23,2025-01-22,N
CP-2609-1731,20937,2026-09-01,2026-11-30,Y
CP-2608-1732,20938,2026-08-28,2026-09-27,N
CP-2608-1733,20938,2026-08-28,2026-11-26,Y
CP-2609-1734,20938,2026-09-02,2026-10-02,N
CP-2608-1735,20938,2026-08-31,2026-10-30,N
CP-2409-1736,20939,2024-09-12,2024-10-12,Y
CP-2603-1737,20940,2026-03-21,2026-04-04,Y
CP-2606-1738,20942,2026-06-17,2026-07-17,Y
CP-2605-1739,20943,2026-05-21,2026-06-04,Y
CP-2605-1740,20943,2026-05-30,2026-06-13,N
CP-2603-1741,20946,2026-03-11,2026-03-25,N
CP-2508-1742,20947,2025-08-12,2025-08-26,N
CP-2406-1743,20947,2024-06-24,2024-08-23,N
CP-2507-1744,20947,2025-07-03,2025-09-01,N
CP-2502-1745,20947,2025-02-04,2025-03-06,Y
CP-2511-1746,20947,2025-11-29,2026-01-28,N
CP-2605-1747,20948,2026-05-06,2026-07-05,Y
CP-2604-1748,20949,2026-04-04,2026-05-04,N
CP-2503-1749,20949,2025-03-22,2025-04-21,N
CP-2506-1750,20949,2025-06-08,2025-09-06,Y
CP-2501-1751,20949,2025-01-12,2025-01-26,N
CP-2504-1752,20950,2025-04-17,2025-06-16,N
CP-2509-1753,20950,2025-09-30,2025-11-29,N
CP-2606-1754,20950,2026-06-19,2026-07-19,Y
CP-2608-1755,20951,2026-08-14,2026-08-28,N
CP-2609-1756,20951,2026-09-02,2026-09-16,N
CP-2608-1757,20951,2026-08-14,2026-11-12,N
CP-2607-1758,20954,2026-07-23,2026-08-22,N
CP-2607-1759,20954,2026-07-08,2026-08-07,N
CP-2607-1760,20954,2026-07-27,2026-10-25,Y
CP-2607-1761,20954,2026-07-28,2026-08-27,Y
CP-2607-1762,20955,2026-07-27,2026-09-25,N
CP-2608-1763,20956,2026-08-05,2026-09-04,N
CP-2506-1764,20957,2025-06-29,2025-07-29,Y
CP-2608-1765,20957,2026-08-05,2026-09-04,N
CP-2511-1766,20958,2025-11-18,2025-12-18,Y
CP-2607-1767,20958,2026-07-28,2026-08-27,Y
CP-2508-1768,20958,2025-08-16,2025-08-30,N
CP-2605-1769,20958,2026-05-28,2026-06-27,N
CP-2607-1770,20960,2026-07-22,2026-08-05,N
CP-2606-1771,20960,2026-06-06,2026-07-06,Y
CP-2607-1772,20960,2026-07-09,2026-08-08,N
CP-2604-1773,20961,2026-04-13,2026-07-12,N
CP-2606-1774,20962,2026-06-13,2026-07-13,Y
CP-2608-1775,20962,2026-08-29,2026-11-27,N
CP-2604-1776,20964,2026-04-11,2026-05-11,Y
CP-2607-1777,20965,2026-07-08,2026-08-07,N
CP-2601-1778,20965,2026-01-06,2026-02-05,N
CP-2512-1779,20966,2025-12-15,2025-12-29,Y
CP-2605-1780,20966,2026-05-20,2026-06-19,N
CP-2509-1781,20966,2025-09-05,2025-11-04,N
CP-2605-1782,20966,2026-05-20,2026-06-19,Y
CP-2606-1783,20968,2026-06-23,2026-07-23,Y
CP-2607-1784,20968,2026-07-07,2026-08-06,N
CP-2509-1785,20968,2025-09-18,2025-10-02,N
CP-2508-1786,20968,2025-08-12,2025-09-11,Y
CP-2603-1787,20969,2026-03-26,2026-05-25,Y
CP-2608-1788,20969,2026-08-30,2026-09-29,N
CP-2601-1789,20970,2026-01-11,2026-01-25,Y
CP-2510-1790,20970,2025-10-31,2025-11-30,Y
CP-2608-1791,20973,2026-08-24,2026-11-22,N
CP-2606-1792,20973,2026-06-06,2026-07-06,N
CP-2608-1793,20974,2026-08-23,2026-11-21,N
CP-2606-1794,20974,2026-06-28,2026-07-12,Y
CP-2607-1795,20974,2026-07-11,2026-09-09,N
CP-2605-1796,20974,2026-05-07,2026-05-21,N
CP-2608-1797,20975,2026-08-21,2026-10-20,N
CP-2605-1798,20976,2026-05-08,2026-06-07,Y
CP-2605-1799,20976,2026-05-30,2026-06-29,N
CP-2601-1800,20976,2026-01-28,2026-03-29,Y
CP-2510-1801,20977,2025-10-29,2025-11-28,N
CP-2507-1802,20977,2025-07-12,2025-08-11,N
CP-2505-1803,20977,2025-05-02,2025-05-16,Y
CP-2607-1804,20978,2026-07-31,2026-09-29,Y
CP-2607-1805,20978,2026-07-07,2026-09-05,N
CP-2608-1806,20978,2026-08-07,2026-09-06,Y
CP-2608-1807,20978,2026-08-31,2026-09-30,N
CP-2505-1808,20979,2025-05-27,2025-06-26,Y
CP-2509-1809,20979,2025-09-05,2025-12-04,N
CP-2606-1810,20980,2026-06-03,2026-07-03,N
CP-2503-1811,20980,2025-03-17,2025-03-31,N
CP-2512-1812,20980,2025-12-14,2026-01-13,Y
CP-2608-1813,20981,2026-08-15,2026-10-14,N
CP-2608-1814,20983,2026-08-11,2026-11-09,N
CP-2604-1815,20985,2026-04-01,2026-05-31,N
CP-2502-1816,20985,2025-02-16,2025-05-17,N
CP-2509-1817,20986,2025-09-06,2025-10-06,N
CP-2510-1818,20988,2025-10-15,2025-12-14,Y
CP-2608-1819,20989,2026-08-31,2026-11-29,N
CP-2407-1820,20990,2024-07-07,2024-07-21,Y
CP-2410-1821,20991,2024-10-04,2024-12-03,N
CP-2505-1822,20992,2025-05-14,2025-07-13,N
CP-2606-1823,20993,2026-06-30,2026-09-28,Y
CP-2602-1824,20993,2026-02-07,2026-03-09,N
CP-2602-1825,20993,2026-02-15,2026-04-16,Y
CP-2607-1826,20993,2026-07-31,2026-10-29,N
CP-2605-1827,20993,2026-05-04,2026-06-03,N
CP-2605-1828,20994,2026-05-17,2026-06-16,N
CP-2607-1829,20995,2026-07-01,2026-07-31,Y
CP-2606-1830,20995,2026-06-29,2026-07-29,Y
CP-2609-1831,20996,2026-09-02,2026-09-16,N
CP-2609-1832,20996,2026-09-02,2026-10-02,N
CP-2607-1833,20996,2026-07-26,2026-08-25,N
CP-2604-1834,20996,2026-04-16,2026-06-15,N
CP-2606-1835,20996,2026-06-22,2026-07-22,Y
CP-2608-1836,20997,2026-08-31,2026-11-29,N
CP-2606-1837,20997,2026-06-20,2026-08-19,N
CP-2506-1838,20997,2025-06-25,2025-07-25,N
CP-2505-1839,20997,2025-05-28,2025-06-27,Y
CP-2609-1840,20998,2026-09-01,2026-10-01,N
CP-2608-1841,20998,2026-08-19,2026-09-18,N
CP-2608-1842,20998,2026-08-14,2026-09-13,N
CP-2607-1843,20999,2026-07-05,2026-10-03,N
CP-2608-1844,20999,2026-08-05,2026-09-04,N
CP-2603-1845,21000,2026-03-30,2026-04-13,N
CP-2509-1846,21001,2025-09-25,2025-12-24,N
CP-2412-1847,21001,2024-12-06,2025-02-04,N
CP-2601-1848,21002,2026-01-08,2026-03-09,N
CP-2607-1849,21002,2026-07-15,2026-08-14,Y
CP-2509-1850,21002,2025-09-13,2025-10-13,N
CP-2603-1851,21002,2026-03-10,2026-06-08,Y
CP-2608-1852,21003,2026-08-18,2026-11-16,N
CP-2608-1853,21003,2026-08-22,2026-10-21,N
CP-2609-1854,21003,2026-09-01,2026-10-31,N
CP-2508-1855,21007,2025-08-22,2025-09-05,N
CP-2607-1856,21007,2026-07-25,2026-10-23,Y
CP-2608-1857,21008,2026-08-29,2026-11-27,Y
CP-2508-1858,21009,2025-08-01,2025-10-30,Y
CP-2512-1859,21009,2025-12-26,2026-01-25,N
CP-2509-1860,21009,2025-09-27,2025-12-26,Y
CP-2605-1861,21010,2026-05-10,2026-06-09,N
CP-2603-1862,21010,2026-03-13,2026-05-12,N
CP-2510-1863,21010,2025-10-29,2025-11-28,Y
CP-2510-1864,21011,2025-10-27,2025-11-26,N
CP-2512-1865,21013,2025-12-16,2026-03-16,N
CP-2605-1866,21013,2026-05-16,2026-05-30,N
CP-2502-1867,21013,2025-02-25,2025-04-26,Y
CP-2511-1868,21014,2025-11-19,2026-01-18,N
CP-2606-1869,21016,2026-06-19,2026-07-19,N
CP-2607-1870,21016,2026-07-29,2026-08-28,Y
CP-2602-1871,21017,2026-02-25,2026-03-27,N
CP-2606-1872,21018,2026-06-02,2026-08-01,N
CP-2504-1873,21019,2025-04-28,2025-07-27,N
CP-2608-1874,21019,2026-08-06,2026-08-20,N
CP-2606-1875,21020,2026-06-02,2026-08-01,N
CP-2506-1876,21022,2025-06-21,2025-09-19,N
CP-2503-1877,21022,2025-03-30,2025-06-28,N
CP-2510-1878,21022,2025-10-27,2025-11-26,N
CP-2608-1879,21022,2026-08-05,2026-11-03,N
CP-2604-1880,21023,2026-04-10,2026-07-09,Y
CP-2603-1881,21023,2026-03-17,2026-03-31,Y
CP-2510-1882,21026,2025-10-21,2025-11-20,Y
CP-2506-1883,21026,2025-06-23,2025-07-07,Y
CP-2508-1884,21026,2025-08-20,2025-11-18,Y
CP-2512-1885,21026,2025-12-07,2025-12-21,Y
CP-2508-1886,21027,2025-08-31,2025-10-30,Y
CP-2409-1887,21028,2024-09-04,2024-09-18,N
CP-2503-1888,21029,2025-03-20,2025-04-19,N
CP-2507-1889,21031,2025-07-21,2025-08-20,Y
CP-2608-1890,21032,2026-08-29,2026-09-28,N
CP-2605-1891,21032,2026-05-31,2026-07-30,N
CP-2604-1892,21033,2026-04-22,2026-06-21,Y
CP-2507-1893,21033,2025-07-19,2025-10-17,N
CP-2601-1894,21034,2026-01-11,2026-02-10,Y
CP-2512-1895,21034,2025-12-15,2026-02-13,N
CP-2508-1896,21035,2025-08-21,2025-09-04,N
CP-2510-1897,21035,2025-10-11,2025-12-10,N
CP-2609-1898,21036,2026-09-03,2026-11-02,N
CP-2602-1899,21037,2026-02-17,2026-03-03,N
CP-2605-1900,21038,2026-05-30,2026-06-29,N
CP-2601-1901,21038,2026-01-22,2026-02-05,Y
CP-2608-1902,21038,2026-08-17,2026-11-15,N
CP-2604-1903,21038,2026-04-29,2026-05-13,N
CP-2604-1904,21040,2026-04-15,2026-07-14,N
CP-2501-1905,21040,2025-01-28,2025-02-11,N
CP-2407-1906,21042,2024-07-18,2024-08-17,N
CP-2609-1907,21044,2026-09-03,2026-10-03,N
CP-2512-1908,21045,2025-12-04,2026-03-04,Y
CP-2608-1909,21046,2026-08-13,2026-09-12,N
CP-2608-1910,21046,2026-08-20,2026-09-19,N
CP-2607-1911,21047,2026-07-21,2026-09-19,N
CP-2608-1912,21048,2026-08-29,2026-09-28,N
CP-2607-1913,21048,2026-07-23,2026-10-21,N
CP-2409-1914,21048,2024-09-25,2024-12-24,N
CP-2608-1915,21055,2026-08-13,2026-10-12,Y
CP-2608-1916,21056,2026-08-21,2026-10-20,Y
CP-2603-1917,21056,2026-03-20,2026-04-03,Y
CP-2607-1918,21057,2026-07-10,2026-10-08,N
CP-2512-1919,21058,2025-12-27,2026-01-26,Y
CP-2604-1920,21058,2026-04-19,2026-07-18,N
CP-2607-1921,21058,2026-07-27,2026-10-25,N
CP-2609-1922,21059,2026-09-02,2026-12-01,N
CP-2507-1923,21060,2025-07-05,2025-07-19,Y
CP-2607-1924,21061,2026-07-27,2026-10-25,N
CP-2608-1925,21063,2026-08-07,2026-09-06,N
CP-2608-1926,21067,2026-08-13,2026-10-12,N
CP-2507-1927,21068,2025-07-28,2025-08-27,Y
CP-2404-1928,21070,2024-04-16,2024-05-16,N
CP-2608-1929,21071,2026-08-24,2026-10-23,N
CP-2602-1930,21072,2026-02-22,2026-04-23,N
CP-2508-1931,21072,2025-08-05,2025-10-04,Y
CP-2608-1932,21073,2026-08-23,2026-11-21,Y
CP-2607-1933,21073,2026-07-14,2026-09-12,N
CP-2609-1934,21075,2026-09-01,2026-10-31,N
CP-2606-1935,21075,2026-06-07,2026-09-05,N
CP-2602-1936,21075,2026-02-03,2026-02-17,N
CP-2604-1937,21075,2026-04-11,2026-06-10,Y
CP-2511-1938,21075,2025-11-18,2026-02-16,Y
CP-2607-1939,21076,2026-07-20,2026-08-03,Y
CP-2608-1940,21076,2026-08-09,2026-10-08,N
CP-2607-1941,21077,2026-07-06,2026-09-04,N
CP-2601-1942,21078,2026-01-12,2026-04-12,N
CP-2605-1943,21078,2026-05-30,2026-06-29,Y
CP-2608-1944,21080,2026-08-29,2026-09-28,N
CP-2412-1945,21080,2024-12-06,2025-01-05,N
CP-2408-1946,21080,2024-08-31,2024-09-14,Y
CP-2405-1947,21081,2024-05-28,2024-06-27,N
CP-2506-1948,21081,2025-06-30,2025-07-14,Y
CP-2608-1949,21082,2026-08-11,2026-10-10,Y
CP-2509-1950,21084,2025-09-04,2025-09-18,Y
CP-2608-1951,21085,2026-08-26,2026-10-25,N
CP-2409-1952,21085,2024-09-09,2024-11-08,N
CP-2608-1953,21086,2026-08-24,2026-09-07,N
CP-2605-1954,21086,2026-05-23,2026-08-21,N
CP-2608-1955,21087,2026-08-11,2026-09-10,N
CP-2603-1956,21087,2026-03-05,2026-05-04,N
CP-2506-1957,21087,2025-06-17,2025-07-01,Y
CP-2502-1958,21087,2025-02-25,2025-03-27,Y
CP-2607-1959,21088,2026-07-25,2026-08-08,Y
CP-2608-1960,21088,2026-08-23,2026-09-06,N
CP-2512-1961,21089,2025-12-09,2026-01-08,Y
CP-2607-1962,21089,2026-07-24,2026-09-22,Y
CP-2608-1963,21090,2026-08-11,2026-11-09,N
CP-2609-1964,21091,2026-09-01,2026-10-01,N
CP-2503-1965,21092,2025-03-28,2025-04-11,Y
CP-2512-1966,21092,2025-12-09,2025-12-23,N
CP-2511-1967,21093,2025-11-05,2026-01-04,Y
CP-2409-1968,21093,2024-09-11,2024-10-11,Y
CP-2411-1969,21093,2024-11-15,2025-01-14,Y
CP-2607-1970,21093,2026-07-15,2026-09-13,N
CP-2505-1971,21093,2025-05-11,2025-06-10,Y
CP-2603-1972,21094,2026-03-29,2026-05-28,N
CP-2601-1973,21095,2026-01-30,2026-04-30,N
CP-2608-1974,21096,2026-08-28,2026-11-26,Y
CP-2608-1975,21096,2026-08-09,2026-10-08,N
CP-2604-1976,21096,2026-04-04,2026-05-04,N
CP-2605-1977,21096,2026-05-10,2026-07-09,N
CP-2608-1978,21096,2026-08-13,2026-10-12,N
CP-2509-1979,21097,2025-09-11,2025-12-10,Y
CP-2601-1980,21097,2026-01-06,2026-02-05,N
CP-2607-1981,21098,2026-07-06,2026-09-04,N
CP-2608-1982,21098,2026-08-26,2026-09-25,Y
CP-2501-1983,21099,2025-01-01,2025-03-02,N
CP-2508-1984,21100,2025-08-07,2025-11-05,N
CP-2507-1985,21101,2025-07-28,2025-08-11,N
CP-2511-1986,21101,2025-11-24,2025-12-24,N
CP-2601-1987,21101,2026-01-04,2026-03-05,Y
CP-2509-1988,21102,2025-09-28,2025-11-27,N
CP-2608-1989,21103,2026-08-05,2026-10-04,N
CP-2608-1990,21103,2026-08-08,2026-11-06,N
CP-2608-1991,21103,2026-08-28,2026-09-27,N
CP-2606-1992,21103,2026-06-03,2026-09-01,N
CP-2609-1993,21103,2026-09-03,2026-11-02,Y
CP-2408-1994,21105,2024-08-17,2024-09-16,Y
CP-2602-1995,21105,2026-02-25,2026-03-27,N
CP-2609-1996,21106,2026-09-02,2026-10-02,N
CP-2609-1997,21106,2026-09-01,2026-10-01,N
CP-2608-1998,21106,2026-08-27,2026-09-26,Y
CP-2601-1999,21107,2026-01-30,2026-02-13,Y
CP-2607-2000,21108,2026-07-15,2026-08-14,N
CP-2608-2001,21108,2026-08-07,2026-08-21,Y
CP-2510-2002,21108,2025-10-17,2025-12-16,Y
CP-2608-2003,21109,2026-08-23,2026-09-22,N
CP-2608-2004,21109,2026-08-26,2026-10-25,Y
CP-2607-2005,21109,2026-07-27,2026-10-25,N
CP-2607-2006,21109,2026-07-26,2026-08-25,N
CP-2608-2007,21109,2026-08-11,2026-11-09,Y
CP-2410-2008,21110,2024-10-08,2024-11-07,N
CP-2602-2009,21110,2026-02-27,2026-03-29,Y
CP-2605-2010,21110,2026-05-20,2026-06-19,Y
CP-2505-2011,21110,2025-05-27,2025-07-26,N
CP-2604-2012,21111,2026-04-13,2026-06-12,N
CP-2503-2013,21114,2025-03-17,2025-03-31,Y
CP-2511-2014,21114,2025-11-04,2025-12-04,Y
CP-2604-2015,21114,2026-04-06,2026-04-20,N
CP-2606-2016,21115,2026-06-04,2026-08-03,N
CP-2601-2017,21115,2026-01-30,2026-03-31,N
CP-2607-2018,21116,2026-07-09,2026-08-08,N
CP-2505-2019,21116,2025-05-24,2025-06-23,N
CP-2606-2020,21117,2026-06-24,2026-07-24,N
CP-2603-2021,21117,2026-03-17,2026-04-16,N
CP-2509-2022,21117,2025-09-24,2025-12-23,N
CP-2503-2023,21117,2025-03-11,2025-05-10,N
CP-2604-2024,21117,2026-04-05,2026-06-04,N
CP-2607-2025,21118,2026-07-23,2026-08-22,N
CP-2601-2026,21118,2026-01-31,2026-03-02,Y
CP-2607-2027,21119,2026-07-07,2026-10-05,N
CP-2603-2028,21119,2026-03-29,2026-04-28,N
CP-2608-2029,21119,2026-08-06,2026-10-05,Y
CP-2606-2030,21119,2026-06-23,2026-07-07,Y
CP-2410-2031,21120,2024-10-27,2024-11-26,N
CP-2510-2032,21121,2025-10-30,2025-11-29,N
CP-2507-2033,21122,2025-07-27,2025-10-25,N
CP-2501-2034,21122,2025-01-04,2025-02-03,Y
CP-2602-2035,21123,2026-02-08,2026-02-22,N
CP-2603-2036,21124,2026-03-21,2026-05-20,N
CP-2509-2037,21125,2025-09-30,2025-11-29,Y
CP-2511-2038,21125,2025-11-14,2025-12-14,Y
CP-2607-2039,21126,2026-07-24,2026-08-07,N
CP-2505-2040,21128,2025-05-23,2025-06-22,N
CP-2507-2041,21128,2025-07-30,2025-09-28,Y
CP-2603-2042,21128,2026-03-31,2026-04-14,Y
CP-2603-2043,21128,2026-03-20,2026-04-03,Y
CP-2608-2044,21129,2026-08-10,2026-09-09,N
CP-2607-2045,21130,2026-07-09,2026-08-08,N
CP-2607-2046,21130,2026-07-25,2026-09-23,N
CP-2607-2047,21130,2026-07-05,2026-07-19,N
CP-2608-2048,21130,2026-08-23,2026-09-06,N
CP-2606-2049,21132,2026-06-04,2026-06-18,Y
CP-2606-2050,21132,2026-06-02,2026-07-02,N
CP-2512-2051,21133,2025-12-29,2026-01-28,N
CP-2605-2052,21133,2026-05-17,2026-06-16,Y
CP-2607-2053,21134,2026-07-31,2026-09-29,Y
CP-2603-2054,21136,2026-03-05,2026-06-03,Y
CP-2502-2055,21136,2025-02-28,2025-03-30,N
CP-2603-2056,21136,2026-03-10,2026-05-09,N
CP-2607-2057,21139,2026-07-08,2026-09-06,N
CP-2604-2058,21139,2026-04-25,2026-06-24,N
CP-2606-2059,21139,2026-06-11,2026-07-11,N
CP-2504-2060,21139,2025-04-09,2025-04-23,N
CP-2510-2061,21140,2025-10-19,2025-11-02,N
CP-2607-2062,21140,2026-07-03,2026-09-01,N
CP-2502-2063,21140,2025-02-18,2025-05-19,Y
CP-2607-2064,21141,2026-07-26,2026-10-24,N
CP-2602-2065,21142,2026-02-06,2026-02-20,N
CP-2603-2066,21142,2026-03-30,2026-04-29,N
CP-2604-2067,21143,2026-04-30,2026-07-29,N
CP-2602-2068,21144,2026-02-07,2026-05-08,Y
CP-2607-2069,21144,2026-07-03,2026-08-02,Y
CP-2604-2070,21144,2026-04-25,2026-05-25,N
CP-2512-2071,21144,2025-12-20,2026-02-18,N
CP-2601-2072,21144,2026-01-16,2026-02-15,N
CP-2604-2073,21145,2026-04-28,2026-06-27,Y
CP-2511-2074,21145,2025-11-30,2026-01-29,N
CP-2607-2075,21146,2026-07-13,2026-10-11,N
CP-2608-2076,21146,2026-08-24,2026-11-22,N
CP-2606-2077,21146,2026-06-16,2026-07-16,Y
CP-2607-2078,21146,2026-07-23,2026-09-21,N
CP-2603-2079,21147,2026-03-21,2026-04-20,N
CP-2608-2080,21147,2026-08-28,2026-09-11,N
CP-2507-2081,21147,2025-07-18,2025-08-01,N
CP-2608-2082,21147,2026-08-26,2026-10-25,N
CP-2605-2083,21147,2026-05-14,2026-06-13,Y
CP-2411-2084,21148,2024-11-03,2024-12-03,Y
CP-2605-2085,21148,2026-05-10,2026-08-08,Y
CP-2604-2086,21148,2026-04-27,2026-06-26,Y
CP-2605-2087,21148,2026-05-13,2026-06-12,Y
CP-2507-2088,21148,2025-07-08,2025-08-07,N
CP-2504-2089,21149,2025-04-21,2025-07-20,N
CP-2510-2090,21149,2025-10-01,2025-10-31,N
CP-2512-2091,21149,2025-12-11,2026-03-11,N
CP-2608-2092,21150,2026-08-25,2026-09-24,N
CP-2503-2093,21151,2025-03-20,2025-04-03,N
CP-2603-2094,21151,2026-03-30,2026-04-29,Y
CP-2608-2095,21152,2026-08-25,2026-11-23,N
CP-2607-2096,21152,2026-07-05,2026-10-03,N
CP-2602-2097,21152,2026-02-26,2026-04-27,N
CP-2606-2098,21153,2026-06-04,2026-08-03,Y
CP-2607-2099,21153,2026-07-11,2026-08-10,N
CP-2608-2100,21154,2026-08-10,2026-10-09,N
CP-2512-2101,21154,2025-12-20,2026-01-19,Y
CP-2601-2102,21155,2026-01-29,2026-02-28,Y
CP-2506-2103,21155,2025-06-01,2025-06-15,Y
CP-2506-2104,21155,2025-06-22,2025-07-22,Y
CP-2608-2105,21156,2026-08-04,2026-08-18,N
CP-2606-2106,21158,2026-06-14,2026-07-14,N
CP-2608-2107,21159,2026-08-21,2026-09-04,N
CP-2608-2108,21159,2026-08-31,2026-09-30,N
CP-2608-2109,21159,2026-08-06,2026-10-05,N
CP-2608-2110,21159,2026-08-13,2026-10-12,N
CP-2608-2111,21159,2026-08-13,2026-09-12,N
CP-2607-2112,21161,2026-07-12,2026-09-10,Y
CP-2512-2113,21161,2025-12-17,2026-02-15,N
CP-2604-2114,21161,2026-04-23,2026-05-23,N
CP-2607-2115,21163,2026-07-25,2026-09-23,N
CP-2604-2116,21163,2026-04-07,2026-06-06,Y
CP-2607-2117,21163,2026-07-30,2026-08-29,N
CP-2608-2118,21164,2026-08-30,2026-10-29,Y
CP-2605-2119,21164,2026-05-12,2026-06-11,N
CP-2510-2120,21164,2025-10-05,2025-11-04,Y
CP-2606-2121,21166,2026-06-19,2026-07-19,Y
CP-2608-2122,21166,2026-08-24,2026-09-23,N
CP-2607-2123,21166,2026-07-03,2026-08-02,Y
CP-2509-2124,21167,2025-09-17,2025-10-17,Y
CP-2608-2125,21167,2026-08-03,2026-11-01,N
CP-2605-2126,21167,2026-05-09,2026-05-23,Y
CP-2604-2127,21167,2026-04-09,2026-05-09,N
CP-2605-2128,21168,2026-05-27,2026-06-26,N
CP-2511-2129,21168,2025-11-23,2026-02-21,Y
CP-2605-2130,21168,2026-05-30,2026-07-29,N
CP-2603-2131,21168,2026-03-07,2026-04-06,N
CP-2603-2132,21168,2026-03-02,2026-05-01,N
CP-2605-2133,21169,2026-05-14,2026-06-13,N
CP-2604-2134,21169,2026-04-09,2026-05-09,N
CP-2607-2135,21169,2026-07-24,2026-08-23,N
CP-2607-2136,21169,2026-07-27,2026-09-25,N
CP-2601-2137,21169,2026-01-19,2026-02-02,N
CP-2211-2138,21170,2022-11-21,2022-12-05,Y
CP-2504-2139,21170,2025-04-09,2025-04-23,N
CP-2412-2140,21170,2024-12-21,2025-01-20,N
CP-2506-2141,21172,2025-06-24,2025-07-24,Y
CP-2605-2142,21172,2026-05-16,2026-08-14,N
CP-2509-2143,21172,2025-09-24,2025-10-08,N
CP-2608-2144,21172,2026-08-12,2026-10-11,N
CP-2506-2145,21174,2025-06-16,2025-07-16,N
CP-2507-2146,21174,2025-07-13,2025-08-12,Y
CP-2604-2147,21174,2026-04-14,2026-05-14,Y
CP-2603-2148,21174,2026-03-19,2026-06-17,N
CP-2606-2149,21174,2026-06-17,2026-07-17,N
CP-2606-2150,21175,2026-06-17,2026-07-17,N
CP-2604-2151,21176,2026-04-24,2026-06-23,N
CP-2606-2152,21177,2026-06-07,2026-06-21,N
CP-2608-2153,21177,2026-08-22,2026-09-05,N
CP-2501-2154,21178,2025-01-23,2025-04-23,Y
CP-2606-2155,21178,2026-06-03,2026-06-17,Y
CP-2511-2156,21178,2025-11-27,2026-02-25,N
CP-2509-2157,21178,2025-09-23,2025-10-23,N
CP-2506-2158,21178,2025-06-25,2025-09-23,Y
CP-2309-2159,21179,2023-09-04,2023-09-18,Y
CP-2602-2160,21179,2026-02-19,2026-03-21,N
CP-2506-2161,21180,2025-06-27,2025-07-27,N
CP-2605-2162,21180,2026-05-13,2026-06-12,N
CP-2602-2163,21184,2026-02-21,2026-04-22,Y
CP-2607-2164,21185,2026-07-05,2026-10-03,Y
CP-2608-2165,21185,2026-08-21,2026-09-04,Y
CP-2607-2166,21185,2026-07-12,2026-10-10,Y
CP-2608-2167,21186,2026-08-01,2026-09-30,N
CP-2609-2168,21186,2026-09-01,2026-10-31,Y
CP-2608-2169,21186,2026-08-07,2026-11-05,N
CP-2608-2170,21187,2026-08-10,2026-09-09,Y
CP-2608-2171,21187,2026-08-21,2026-09-20,N
CP-2608-2172,21187,2026-08-12,2026-09-11,N
CP-2608-2173,21187,2026-08-19,2026-09-02,N
CP-2606-2174,21187,2026-06-18,2026-07-18,N
CP-2608-2175,21189,2026-08-29,2026-09-12,N
CP-2508-2176,21189,2025-08-05,2025-09-04,N
CP-2411-2177,21190,2024-11-28,2024-12-12,Y
CP-2605-2178,21190,2026-05-09,2026-07-08,N
CP-2505-2179,21190,2025-05-24,2025-06-23,N
CP-2506-2180,21190,2025-06-08,2025-08-07,Y
CP-2608-2181,21191,2026-08-18,2026-10-17,N
CP-2607-2182,21191,2026-07-01,2026-08-30,Y
CP-2608-2183,21191,2026-08-15,2026-08-29,N
CP-2510-2184,21192,2025-10-30,2025-11-13,Y
CP-2501-2185,21192,2025-01-06,2025-02-05,N
CP-2607-2186,21193,2026-07-19,2026-08-18,Y
CP-2603-2187,21193,2026-03-30,2026-04-29,Y
CP-2602-2188,21193,2026-02-21,2026-04-22,N
CP-2607-2189,21194,2026-07-31,2026-09-29,Y
CP-2608-2190,21196,2026-08-23,2026-09-22,N
CP-2607-2191,21196,2026-07-03,2026-08-02,Y
CP-2608-2192,21196,2026-08-08,2026-08-22,Y
CP-2606-2193,21196,2026-06-30,2026-08-29,N
CP-2607-2194,21198,2026-07-08,2026-09-06,N
CP-2605-2195,21198,2026-05-08,2026-07-07,N
CP-2512-2196,21199,2025-12-21,2026-02-19,N
CP-2608-2197,21199,2026-08-24,2026-09-23,N
CP-2607-2198,21200,2026-07-07,2026-08-06,Y
CP-2608-2199,21202,2026-08-05,2026-08-19,Y
CP-2607-2200,21202,2026-07-22,2026-08-21,Y
CP-2608-2201,21203,2026-08-06,2026-10-05,N
CP-2606-2202,21203,2026-06-20,2026-07-20,N
CP-2412-2203,21206,2024-12-28,2025-02-26,Y
CP-2601-2204,21206,2026-01-29,2026-02-12,Y
CP-2502-2205,21206,2025-02-12,2025-04-13,Y
CP-2609-2206,21207,2026-09-01,2026-09-15,Y
CP-2608-2207,21207,2026-08-29,2026-09-28,N
CP-2608-2208,21207,2026-08-21,2026-10-20,N
CP-2607-2209,21208,2026-07-29,2026-08-12,Y
CP-2608-2210,21209,2026-08-30,2026-09-13,N
CP-2603-2211,21211,2026-03-26,2026-06-24,N
CP-2607-2212,21211,2026-07-14,2026-09-12,N
CP-2608-2213,21212,2026-08-17,2026-08-31,N
CP-2609-2214,21212,2026-09-01,2026-09-15,N
CP-2609-2215,21212,2026-09-02,2026-10-02,N
CP-2608-2216,21213,2026-08-18,2026-09-17,N
CP-2607-2217,21213,2026-07-16,2026-08-15,N
CP-2608-2218,21215,2026-08-11,2026-08-25,N
CP-2601-2219,21216,2026-01-13,2026-02-12,Y
CP-2608-2220,21218,2026-08-09,2026-09-08,N
CP-2607-2221,21218,2026-07-28,2026-08-27,Y
CP-2606-2222,21218,2026-06-29,2026-07-13,N
CP-2604-2223,21219,2026-04-09,2026-05-09,N
CP-2608-2224,21219,2026-08-17,2026-09-16,N
CP-2606-2225,21219,2026-06-26,2026-07-26,N
CP-2608-2226,21221,2026-08-08,2026-08-22,N
CP-2606-2227,21221,2026-06-19,2026-08-18,N
CP-2604-2228,21221,2026-04-04,2026-04-18,N
CP-2605-2229,21221,2026-05-17,2026-07-16,N
CP-2505-2230,21222,2025-05-07,2025-05-21,Y
CP-2511-2231,21222,2025-11-24,2026-02-22,N
CP-2609-2232,21223,2026-09-03,2026-09-17,N
CP-2608-2233,21223,2026-08-29,2026-09-28,N
CP-2608-2234,21223,2026-08-31,2026-09-30,N
CP-2609-2235,21223,2026-09-01,2026-11-30,N
CP-2609-2236,21223,2026-09-02,2026-12-01,N
CP-2608-2237,21224,2026-08-11,2026-11-09,N
CP-2608-2238,21224,2026-08-17,2026-09-16,Y
CP-2605-2239,21226,2026-05-13,2026-05-27,Y
CP-2605-2240,21226,2026-05-20,2026-08-18,N
CP-2606-2241,21226,2026-06-11,2026-09-09,N
CP-2607-2242,21227,2026-07-31,2026-09-29,N
CP-2608-2243,21227,2026-08-01,2026-08-31,N
CP-2607-2244,21229,2026-07-14,2026-09-12,N
CP-2608-2245,21229,2026-08-26,2026-09-25,N
CP-2608-2246,21229,2026-08-11,2026-11-09,N
CP-2607-2247,21229,2026-07-31,2026-08-30,N
CP-2309-2248,21231,2023-09-11,2023-11-10,N
CP-2509-2249,21231,2025-09-15,2025-10-15,N
CP-2410-2250,21232,2024-10-13,2025-01-11,N
CP-2601-2251,21232,2026-01-07,2026-02-06,N
CP-2604-2252,21233,2026-04-20,2026-05-20,Y
CP-2510-2253,21233,2025-10-21,2026-01-19,Y
CP-2601-2254,21233,2026-01-01,2026-01-31,N
CP-2608-2255,21234,2026-08-07,2026-08-21,Y
CP-2608-2256,21234,2026-08-18,2026-10-17,N
CP-2602-2257,21234,2026-02-16,2026-03-18,Y
CP-2511-2258,21234,2025-11-08,2026-02-06,Y
CP-2609-2259,21234,2026-09-03,2026-09-17,N
CP-2603-2260,21235,2026-03-25,2026-04-24,N
CP-2507-2261,21235,2025-07-03,2025-10-01,Y
CP-2510-2262,21235,2025-10-15,2026-01-13,Y
CP-2606-2263,21235,2026-06-26,2026-09-24,N
CP-2404-2264,21236,2024-04-05,2024-06-04,N
CP-2604-2265,21236,2026-04-14,2026-06-13,N
CP-2604-2266,21236,2026-04-06,2026-07-05,N
CP-2602-2267,21237,2026-02-08,2026-03-10,Y
CP-2604-2268,21237,2026-04-30,2026-07-29,N
CP-2605-2269,21237,2026-05-17,2026-06-16,N
CP-2605-2270,21237,2026-05-16,2026-08-14,N
CP-2609-2271,21238,2026-09-04,2026-12-03,N
CP-2609-2272,21238,2026-09-04,2026-10-04,N
CP-2609-2273,21238,2026-09-04,2026-09-18,N
CP-2605-2274,21240,2026-05-10,2026-08-08,N
CP-2606-2275,21240,2026-06-21,2026-07-21,N
CP-2603-2276,21241,2026-03-24,2026-04-07,Y
CP-2601-2277,21241,2026-01-27,2026-03-28,Y
CP-2607-2278,21241,2026-07-20,2026-08-19,N
CP-2606-2279,21241,2026-06-06,2026-09-04,N
CP-2608-2280,21241,2026-08-17,2026-10-16,N
CP-2604-2281,21242,2026-04-16,2026-05-16,N
CP-2602-2282,21242,2026-02-07,2026-02-21,N
CP-2508-2283,21242,2025-08-10,2025-11-08,Y
CP-2608-2284,21242,2026-08-13,2026-10-12,Y
CP-2607-2285,21244,2026-07-08,2026-10-06,N
CP-2604-2286,21245,2026-04-06,2026-05-06,Y
CP-2506-2287,21245,2025-06-09,2025-07-09,N
CP-2608-2288,21246,2026-08-02,2026-09-01,Y
CP-2608-2289,21246,2026-08-18,2026-10-17,N
CP-2507-2290,21247,2025-07-30,2025-10-28,N
CP-2605-2291,21247,2026-05-19,2026-08-17,N
CP-2507-2292,21247,2025-07-04,2025-09-02,Y
CP-2504-2293,21248,2025-04-23,2025-05-07,N
CP-2506-2294,21248,2025-06-09,2025-08-08,N
CP-2601-2295,21248,2026-01-11,2026-02-10,N
CP-2608-2296,21250,2026-08-19,2026-09-02,N
CP-2608-2297,21250,2026-08-22,2026-10-21,N
CP-2511-2298,21252,2025-11-01,2025-11-15,N
CP-2604-2299,21253,2026-04-09,2026-06-08,Y
CP-2608-2300,21253,2026-08-27,2026-10-26,N
CP-2508-2301,21253,2025-08-24,2025-10-23,Y
CP-2603-2302,21254,2026-03-15,2026-05-14,Y
CP-2605-2303,21254,2026-05-15,2026-06-14,N
CP-2507-2304,21255,2025-07-16,2025-09-14,Y
CP-2512-2305,21255,2025-12-26,2026-01-25,N
CP-2607-2306,21256,2026-07-27,2026-08-26,N
CP-2608-2307,21256,2026-08-07,2026-09-06,N
CP-2603-2308,21256,2026-03-08,2026-05-07,N
CP-2606-2309,21256,2026-06-25,2026-07-25,N
CP-2608-2310,21256,2026-08-28,2026-09-27,N
CP-2510-2311,21257,2025-10-30,2025-12-29,N
CP-2306-2312,21258,2023-06-16,2023-08-15,Y
CP-2606-2313,21258,2026-06-25,2026-08-24,Y
CP-2608-2314,21259,2026-08-21,2026-11-19,N
CP-2603-2315,21259,2026-03-09,2026-04-08,N
CP-2607-2316,21259,2026-07-04,2026-10-02,N
CP-2607-2317,21259,2026-07-06,2026-08-05,Y
CP-2605-2318,21260,2026-05-20,2026-06-19,Y
CP-2601-2319,21260,2026-01-07,2026-02-06,Y
CP-2511-2320,21261,2025-11-13,2025-12-13,N
CP-2604-2321,21261,2026-04-25,2026-05-25,N
CP-2605-2322,21262,2026-05-16,2026-08-14,Y
CP-2607-2323,21262,2026-07-29,2026-10-27,N
CP-2606-2324,21263,2026-06-02,2026-07-02,N
CP-2606-2325,21263,2026-06-04,2026-07-04,N
CP-2602-2326,21263,2026-02-20,2026-03-06,N
CP-2604-2327,21263,2026-04-29,2026-06-28,Y
CP-2609-2328,21264,2026-09-01,2026-10-31,N
CP-2509-2329,21266,2025-09-19,2025-10-03,Y
CP-2510-2330,21267,2025-10-29,2025-11-28,N
CP-2603-2331,21267,2026-03-12,2026-03-26,N
CP-2502-2332,21268,2025-02-27,2025-05-28,N
CP-2410-2333,21268,2024-10-01,2024-10-31,N
CP-2510-2334,21268,2025-10-17,2025-11-16,N
CP-2602-2335,21268,2026-02-21,2026-03-07,Y
CP-2501-2336,21270,2025-01-17,2025-04-17,N
CP-2510-2337,21270,2025-10-03,2025-12-02,Y
CP-2505-2338,21270,2025-05-22,2025-07-21,N
CP-2506-2339,21271,2025-06-10,2025-09-08,Y
CP-2501-2340,21271,2025-01-11,2025-03-12,Y
CP-2606-2341,21272,2026-06-05,2026-08-04,N
CP-2605-2342,21272,2026-05-07,2026-06-06,Y
CP-2602-2343,21274,2026-02-26,2026-04-27,N
CP-2602-2344,21275,2026-02-15,2026-04-16,N
CP-2608-2345,21275,2026-08-26,2026-09-09,N
CP-2605-2346,21276,2026-05-26,2026-06-09,Y
CP-2607-2347,21276,2026-07-12,2026-09-10,N
CP-2502-2348,21277,2025-02-02,2025-05-03,Y
CP-2607-2349,21278,2026-07-07,2026-07-21,Y
CP-2605-2350,21279,2026-05-23,2026-08-21,N
CP-2412-2351,21280,2024-12-09,2025-01-08,N
CP-2604-2352,21280,2026-04-22,2026-06-21,N
CP-2606-2353,21282,2026-06-07,2026-07-07,N
CP-2504-2354,21282,2025-04-05,2025-07-04,N
CP-2512-2355,21282,2025-12-29,2026-02-27,N
CP-2601-2356,21286,2026-01-03,2026-03-04,N
CP-2603-2357,21286,2026-03-03,2026-04-02,N
CP-2606-2358,21287,2026-06-05,2026-06-19,Y
CP-2608-2359,21288,2026-08-08,2026-09-07,N
CP-2608-2360,21288,2026-08-30,2026-09-13,Y
CP-2607-2361,21289,2026-07-29,2026-10-27,N
CP-2604-2362,21290,2026-04-25,2026-05-25,N
CP-2607-2363,21290,2026-07-28,2026-10-26,N
CP-2605-2364,21290,2026-05-11,2026-06-10,N
CP-2608-2365,21291,2026-08-31,2026-10-30,N
CP-2407-2366,21292,2024-07-03,2024-07-17,Y
CP-2608-2367,21293,2026-08-07,2026-08-21,Y
CP-2608-2368,21293,2026-08-02,2026-08-16,N
CP-2606-2369,21295,2026-06-05,2026-08-04,N
CP-2606-2370,21295,2026-06-13,2026-08-12,Y
CP-2502-2371,21295,2025-02-26,2025-03-28,Y
CP-2608-2372,21296,2026-08-02,2026-10-31,N
CP-2412-2373,21297,2024-12-09,2024-12-23,Y
CP-2512-2374,21297,2025-12-13,2026-03-13,Y
CP-2305-2375,21297,2023-05-09,2023-08-07,N
CP-2602-2376,21298,2026-02-12,2026-03-14,Y
CP-2607-2377,21298,2026-07-07,2026-07-21,N
CP-2503-2378,21298,2025-03-11,2025-05-10,N
CP-2608-2379,21300,2026-08-27,2026-09-10,N
CP-2608-2380,21300,2026-08-28,2026-09-27,N
CP-2609-2381,21300,2026-09-01,2026-10-01,N
CP-2608-2382,21300,2026-08-31,2026-11-29,N
CP-2606-2383,21301,2026-06-02,2026-06-16,N
CP-2608-2384,21301,2026-08-31,2026-09-30,N
CP-2506-2385,21301,2025-06-13,2025-07-13,N
CP-2607-2386,21302,2026-07-07,2026-08-06,N
CP-2601-2387,21302,2026-01-03,2026-03-04,N
CP-2606-2388,21303,2026-06-21,2026-09-19,N
CP-2508-2389,21304,2025-08-20,2025-09-03,Y
CP-2502-2390,21305,2025-02-12,2025-03-14,N
CP-2607-2391,21305,2026-07-25,2026-08-24,N
CP-2607-2392,21306,2026-07-31,2026-10-29,N
CP-2606-2393,21306,2026-06-29,2026-08-28,N
CP-2607-2394,21306,2026-07-25,2026-08-08,N
CP-2604-2395,21307,2026-04-24,2026-06-23,N
CP-2602-2396,21307,2026-02-27,2026-03-29,Y
CP-2505-2397,21307,2025-05-05,2025-07-04,N
CP-2601-2398,21307,2026-01-01,2026-01-31,N
CP-2609-2399,21308,2026-09-02,2026-10-02,N
CP-2608-2400,21308,2026-08-22,2026-10-21,N
CP-2609-2401,21308,2026-09-02,2026-12-01,Y
CP-2608-2402,21308,2026-08-31,2026-09-30,N
CP-2608-2403,21309,2026-08-18,2026-09-17,N
CP-2608-2404,21312,2026-08-29,2026-10-28,N
CP-2606-2405,21313,2026-06-13,2026-07-13,Y
CP-2607-2406,21314,2026-07-29,2026-08-28,N
CP-2608-2407,21314,2026-08-30,2026-11-28,Y
CP-2607-2408,21314,2026-07-14,2026-08-13,Y
CP-2607-2409,21315,2026-07-07,2026-09-05,N
CP-2605-2410,21317,2026-05-31,2026-06-30,Y
CP-2605-2411,21317,2026-05-20,2026-07-19,Y
CP-2608-2412,21317,2026-08-28,2026-11-26,N
CP-2606-2413,21317,2026-06-22,2026-07-22,N
CP-2608-2414,21318,2026-08-31,2026-09-30,Y
CP-2609-2415,21318,2026-09-01,2026-10-01,Y
CP-2412-2416,21319,2024-12-02,2025-01-01,Y
CP-2605-2417,21319,2026-05-26,2026-06-25,N
CP-2504-2418,21319,2025-04-08,2025-05-08,N
CP-2608-2419,21321,2026-08-21,2026-10-20,N
CP-2607-2420,21321,2026-07-06,2026-08-05,Y
CP-2607-2421,21321,2026-07-24,2026-09-22,Y
CP-2405-2422,21322,2024-05-04,2024-08-02,N
CP-2606-2423,21323,2026-06-05,2026-08-04,Y
CP-2510-2424,21323,2025-10-23,2026-01-21,N
CP-2511-2425,21323,2025-11-15,2026-01-14,N
CP-2608-2426,21323,2026-08-19,2026-09-02,Y
CP-2602-2427,21323,2026-02-10,2026-04-11,Y
CP-2608-2428,21324,2026-08-25,2026-09-24,N
CP-2608-2429,21324,2026-08-27,2026-09-26,N
CP-2608-2430,21324,2026-08-30,2026-10-29,N
CP-2608-2431,21325,2026-08-09,2026-09-08,N
CP-2606-2432,21325,2026-06-29,2026-07-29,Y
CP-2607-2433,21325,2026-07-14,2026-07-28,Y
CP-2406-2434,21327,2024-06-26,2024-08-25,N
CP-2604-2435,21327,2026-04-13,2026-05-13,N
CP-2501-2436,21327,2025-01-29,2025-03-30,Y
CP-2510-2437,21327,2025-10-22,2025-12-21,Y
CP-2605-2438,21328,2026-05-20,2026-06-19,Y
CP-2602-2439,21329,2026-02-22,2026-03-24,N
CP-2608-2440,21329,2026-08-07,2026-11-05,N
CP-2603-2441,21330,2026-03-07,2026-04-06,Y
CP-2602-2442,21330,2026-02-09,2026-02-23,N
CP-2604-2443,21331,2026-04-01,2026-05-31,N
CP-2607-2444,21331,2026-07-24,2026-08-07,Y
CP-2606-2445,21331,2026-06-10,2026-07-10,Y
CP-2608-2446,21332,2026-08-23,2026-10-22,Y
CP-2412-2447,21332,2024-12-14,2025-01-13,N
CP-2602-2448,21332,2026-02-13,2026-04-14,Y
CP-2608-2449,21332,2026-08-14,2026-09-13,N
CP-2607-2450,21333,2026-07-07,2026-07-21,Y
CP-2605-2451,21336,2026-05-10,2026-06-09,N
CP-2607-2452,21336,2026-07-08,2026-08-07,N
CP-2607-2453,21336,2026-07-03,2026-08-02,N
CP-2609-2454,21336,2026-09-01,2026-10-01,N
CP-2505-2455,21337,2025-05-29,2025-06-12,N
CP-2507-2456,21337,2025-07-01,2025-07-15,Y
CP-2605-2457,21339,2026-05-05,2026-07-04,N
CP-2605-2458,21340,2026-05-06,2026-07-05,Y
CP-2607-2459,21341,2026-07-10,2026-07-24,Y
CP-2606-2460,21342,2026-06-17,2026-07-17,N
CP-2607-2461,21343,2026-07-06,2026-08-05,Y
CP-2608-2462,21343,2026-08-12,2026-09-11,N
CP-2510-2463,21345,2025-10-18,2025-11-17,N
CP-2502-2464,21345,2025-02-08,2025-04-09,N
CP-2608-2465,21346,2026-08-02,2026-09-01,Y
CP-2608-2466,21346,2026-08-14,2026-09-13,N
CP-2510-2467,21346,2025-10-04,2025-12-03,N
CP-2607-2468,21348,2026-07-20,2026-08-19,N
CP-2608-2469,21348,2026-08-21,2026-09-20,N
CP-2604-2470,21349,2026-04-26,2026-07-25,Y
CP-2606-2471,21349,2026-06-05,2026-08-04,N
CP-2608-2472,21350,2026-08-25,2026-11-23,Y
CP-2606-2473,21350,2026-06-30,2026-09-28,N
CP-2608-2474,21351,2026-08-27,2026-09-10,N
CP-2608-2475,21351,2026-08-18,2026-11-16,N
CP-2608-2476,21351,2026-08-27,2026-09-26,N
CP-2609-2477,21351,2026-09-01,2026-09-15,Y
CP-2608-2478,21351,2026-08-18,2026-09-01,N
CP-2605-2479,21352,2026-05-21,2026-06-20,N
CP-2604-2480,21352,2026-04-06,2026-05-06,N
CP-2608-2481,21352,2026-08-01,2026-10-30,N
CP-2604-2482,21352,2026-04-21,2026-07-20,N
CP-2512-2483,21353,2025-12-07,2025-12-21,N
CP-2608-2484,21355,2026-08-12,2026-10-11,N
CP-2605-2485,21355,2026-05-13,2026-07-12,N
CP-2510-2486,21355,2025-10-11,2026-01-09,Y
CP-2602-2487,21356,2026-02-13,2026-04-14,N
CP-2605-2488,21356,2026-05-10,2026-05-24,N
CP-2608-2489,21357,2026-08-22,2026-09-21,N
CP-2607-2490,21357,2026-07-13,2026-09-11,N
CP-2604-2491,21358,2026-04-14,2026-05-14,Y
CP-2607-2492,21358,2026-07-14,2026-08-13,Y
CP-2608-2493,21358,2026-08-17,2026-10-16,N
CP-2603-2494,21359,2026-03-31,2026-04-30,N
CP-2511-2495,21359,2025-11-23,2026-01-22,N
CP-2607-2496,21361,2026-07-30,2026-09-28,N
CP-2601-2497,21362,2026-01-11,2026-01-25,Y
CP-2606-2498,21362,2026-06-28,2026-09-26,N
CP-2508-2499,21362,2025-08-06,2025-08-20,N
CP-2607-2500,21364,2026-07-13,2026-08-12,Y
CP-2605-2501,21364,2026-05-10,2026-07-09,Y
CP-2512-2502,21364,2025-12-26,2026-01-25,N
CP-2605-2503,21365,2026-05-09,2026-05-23,N
CP-2606-2504,21365,2026-06-15,2026-07-15,Y
CP-2607-2505,21365,2026-07-16,2026-09-14,N
CP-2604-2506,21367,2026-04-29,2026-05-29,N
CP-2608-2507,21367,2026-08-26,2026-09-25,N
CP-2608-2508,21367,2026-08-01,2026-08-15,N
CP-2506-2509,21368,2025-06-18,2025-08-17,N
CP-2511-2510,21368,2025-11-28,2025-12-28,Y
CP-2608-2511,21368,2026-08-13,2026-09-12,N
CP-2606-2512,21369,2026-06-04,2026-07-04,N
CP-2603-2513,21369,2026-03-03,2026-05-02,Y
CP-2511-2514,21370,2025-11-13,2025-12-13,N
CP-2608-2515,21370,2026-08-25,2026-09-08,N
CP-2602-2516,21371,2026-02-24,2026-05-25,N
CP-2510-2517,21371,2025-10-17,2025-12-16,Y
CP-2607-2518,21372,2026-07-23,2026-08-22,N
CP-2511-2519,21372,2025-11-28,2025-12-12,N
CP-2606-2520,21373,2026-06-09,2026-06-23,N
CP-2602-2521,21373,2026-02-07,2026-03-09,N
CP-2605-2522,21373,2026-05-29,2026-06-28,N
CP-2501-2523,21374,2025-01-15,2025-01-29,N
CP-2510-2524,21374,2025-10-06,2025-11-05,N
CP-2409-2525,21374,2024-09-12,2024-10-12,Y
CP-2502-2526,21374,2025-02-15,2025-03-17,Y
CP-2507-2527,21376,2025-07-27,2025-10-25,N
CP-2607-2528,21377,2026-07-27,2026-08-26,N
CP-2507-2529,21378,2025-07-22,2025-08-05,N
CP-2303-2530,21378,2023-03-08,2023-05-07,Y
CP-2603-2531,21378,2026-03-24,2026-04-07,Y
CP-2304-2532,21378,2023-04-24,2023-05-24,N
CP-2503-2533,21379,2025-03-24,2025-06-22,Y
CP-2506-2534,21379,2025-06-12,2025-07-12,Y
CP-2605-2535,21380,2026-05-15,2026-06-14,Y
CP-2605-2536,21380,2026-05-30,2026-07-29,N
CP-2609-2537,21380,2026-09-01,2026-11-30,N
CP-2607-2538,21380,2026-07-20,2026-09-18,N
CP-2608-2539,21381,2026-08-29,2026-09-28,N
CP-2608-2540,21381,2026-08-13,2026-09-12,N
CP-2511-2541,21382,2025-11-08,2025-12-08,N
CP-2608-2542,21383,2026-08-18,2026-10-17,N
CP-2608-2543,21383,2026-08-20,2026-10-19,N
CP-2602-2544,21384,2026-02-20,2026-04-21,N
CP-2605-2545,21384,2026-05-25,2026-06-08,N
CP-2404-2546,21385,2024-04-16,2024-05-16,Y
CP-2504-2547,21385,2025-04-19,2025-07-18,Y
CP-2605-2548,21386,2026-05-04,2026-06-03,N
CP-2603-2549,21386,2026-03-03,2026-05-02,Y
CP-2601-2550,21386,2026-01-04,2026-02-03,N
CP-2510-2551,21387,2025-10-31,2025-11-30,Y
CP-2607-2552,21387,2026-07-06,2026-07-20,Y
CP-2603-2553,21390,2026-03-28,2026-05-27,Y
CP-2601-2554,21390,2026-01-17,2026-01-31,N
CP-2505-2555,21391,2025-05-13,2025-06-12,Y
CP-2607-2556,21392,2026-07-29,2026-08-28,Y
CP-2507-2557,21393,2025-07-28,2025-08-27,N
CP-2509-2558,21393,2025-09-06,2025-10-06,N
CP-2608-2559,21393,2026-08-28,2026-09-27,N
CP-2608-2560,21393,2026-08-30,2026-09-29,N
CP-2607-2561,21393,2026-07-02,2026-08-31,N
CP-2511-2562,21395,2025-11-07,2025-12-07,Y
CP-2308-2563,21395,2023-08-28,2023-11-26,Y
CP-2504-2564,21395,2025-04-03,2025-04-17,Y
CP-2308-2565,21395,2023-08-04,2023-11-02,N
CP-2605-2566,21397,2026-05-02,2026-06-01,N
CP-2608-2567,21397,2026-08-30,2026-09-13,N
CP-2604-2568,21400,2026-04-26,2026-06-25,Y
CP-2609-2569,21400,2026-09-02,2026-10-02,N
CP-2511-2570,21400,2025-11-08,2025-12-08,Y
CP-2511-2571,21401,2025-11-15,2026-01-14,N
CP-2509-2572,21401,2025-09-04,2025-10-04,N
CP-2510-2573,21402,2025-10-17,2025-11-16,N
CP-2507-2574,21403,2025-07-29,2025-08-12,N
CP-2510-2575,21403,2025-10-27,2025-12-26,N
CP-2605-2576,21404,2026-05-12,2026-07-11,N
CP-2608-2577,21404,2026-08-04,2026-09-03,N
CP-2606-2578,21404,2026-06-13,2026-07-13,N
CP-2607-2579,21405,2026-07-30,2026-09-28,N
CP-2511-2580,21405,2025-11-15,2026-02-13,Y
CP-2503-2581,21405,2025-03-16,2025-04-15,Y
CP-2604-2582,21406,2026-04-14,2026-04-28,Y
CP-2606-2583,21406,2026-06-25,2026-08-24,Y
CP-2601-2584,21407,2026-01-22,2026-02-05,Y
CP-2602-2585,21408,2026-02-01,2026-03-03,Y
CP-2606-2586,21408,2026-06-06,2026-09-04,N
CP-2503-2587,21408,2025-03-25,2025-05-24,Y
CP-2605-2588,21408,2026-05-10,2026-06-09,N
CP-2409-2589,21408,2024-09-17,2024-11-16,N
CP-2608-2590,21409,2026-08-16,2026-09-15,N
CP-2608-2591,21409,2026-08-29,2026-10-28,Y
CP-2608-2592,21409,2026-08-18,2026-09-17,Y
CP-2608-2593,21410,2026-08-20,2026-11-18,Y
CP-2604-2594,21411,2026-04-09,2026-04-23,N
CP-2605-2595,21411,2026-05-11,2026-05-25,Y
CP-2512-2596,21411,2025-12-14,2026-02-12,Y
CP-2606-2597,21411,2026-06-02,2026-07-02,N
CP-2607-2598,21412,2026-07-16,2026-08-15,Y
CP-2601-2599,21413,2026-01-13,2026-01-27,N
CP-2605-2600,21413,2026-05-24,2026-06-23,N
CP-2501-2601,21414,2025-01-26,2025-03-27,N
CP-2403-2602,21414,2024-03-30,2024-05-29,N
CP-2502-2603,21414,2025-02-09,2025-05-10,N
CP-2606-2604,21415,2026-06-28,2026-08-27,N
CP-2605-2605,21415,2026-05-04,2026-08-02,N
CP-2604-2606,21415,2026-04-02,2026-04-16,N
CP-2605-2607,21415,2026-05-20,2026-06-03,Y
CP-2605-2608,21417,2026-05-28,2026-07-27,Y
CP-2605-2609,21417,2026-05-12,2026-06-11,N
CP-2607-2610,21417,2026-07-13,2026-08-12,Y
CP-2603-2611,21418,2026-03-16,2026-04-15,N
CP-2605-2612,21418,2026-05-05,2026-06-04,Y
CP-2405-2613,21419,2024-05-20,2024-08-18,Y
CP-2307-2614,21419,2023-07-23,2023-08-06,Y
CP-2609-2615,21420,2026-09-01,2026-10-31,N
CP-2605-2616,21421,2026-05-13,2026-06-12,N
CP-2602-2617,21421,2026-02-07,2026-05-08,Y
CP-2608-2618,21421,2026-08-11,2026-09-10,N
CP-2602-2619,21422,2026-02-26,2026-03-28,Y
CP-2511-2620,21423,2025-11-30,2026-01-29,N
CP-2606-2621,21423,2026-06-23,2026-07-23,Y
CP-2608-2622,21424,2026-08-21,2026-09-04,N
CP-2510-2623,21424,2025-10-02,2025-11-01,Y
CP-2511-2624,21425,2025-11-12,2026-01-11,Y
CP-2406-2625,21425,2024-06-24,2024-07-24,Y
CP-2407-2626,21426,2024-07-31,2024-10-29,N
CP-2505-2627,21426,2025-05-30,2025-07-29,N
CP-2508-2628,21426,2025-08-26,2025-09-09,N
CP-2605-2629,21428,2026-05-03,2026-07-02,N
CP-2606-2630,21428,2026-06-20,2026-07-04,Y
CP-2608-2631,21428,2026-08-27,2026-10-26,N
CP-2504-2632,21428,2025-04-30,2025-05-30,Y
CP-2603-2633,21428,2026-03-15,2026-04-14,Y
CP-2609-2634,21431,2026-09-02,2026-10-02,N
CP-2609-2635,21432,2026-09-01,2026-10-01,N
CP-2608-2636,21433,2026-08-23,2026-11-21,Y
CP-2607-2637,21433,2026-07-25,2026-09-23,N
CP-2606-2638,21433,2026-06-14,2026-06-28,Y
CP-2606-2639,21433,2026-06-27,2026-09-25,N
CP-2608-2640,21434,2026-08-29,2026-10-28,Y
CP-2605-2641,21435,2026-05-12,2026-05-26,N
CP-2603-2642,21436,2026-03-03,2026-04-02,Y
CP-2506-2643,21436,2025-06-18,2025-08-17,Y
CP-2604-2644,21437,2026-04-14,2026-06-13,N
CP-2603-2645,21437,2026-03-28,2026-04-11,Y
CP-2608-2646,21438,2026-08-22,2026-09-05,N
CP-2608-2647,21438,2026-08-18,2026-09-17,N
CP-2603-2648,21439,2026-03-23,2026-05-22,N
CP-2607-2649,21440,2026-07-06,2026-08-05,Y
CP-2501-2650,21440,2025-01-08,2025-04-08,N
CP-2510-2651,21440,2025-10-04,2025-11-03,Y
CP-2510-2652,21440,2025-10-19,2025-12-18,Y
CP-2607-2653,21440,2026-07-29,2026-09-27,N
CP-2606-2654,21441,2026-06-24,2026-07-08,N
CP-2606-2655,21443,2026-06-09,2026-09-07,N
CP-2606-2656,21444,2026-06-30,2026-09-28,N
CP-2509-2657,21444,2025-09-07,2025-10-07,N
CP-2604-2658,21445,2026-04-20,2026-05-20,Y
CP-2507-2659,21445,2025-07-29,2025-09-27,N
CP-2602-2660,21446,2026-02-11,2026-03-13,N
CP-2608-2661,21447,2026-08-29,2026-11-27,N
CP-2608-2662,21447,2026-08-18,2026-09-17,N
CP-2605-2663,21448,2026-05-29,2026-07-28,N
CP-2606-2664,21450,2026-06-15,2026-07-15,Y
CP-2604-2665,21451,2026-04-19,2026-07-18,Y
CP-2608-2666,21453,2026-08-19,2026-11-17,N
CP-2606-2667,21454,2026-06-27,2026-09-25,N
CP-2607-2668,21454,2026-07-13,2026-10-11,N
CP-2609-2669,21455,2026-09-03,2026-12-02,Y
CP-2609-2670,21455,2026-09-01,2026-09-15,N
CP-2609-2671,21455,2026-09-01,2026-10-01,N
CP-2606-2672,21456,2026-06-19,2026-09-17,N
CP-2608-2673,21456,2026-08-22,2026-09-21,N
CP-2602-2674,21458,2026-02-17,2026-03-19,N
CP-2608-2675,21461,2026-08-28,2026-10-27,N
CP-2608-2676,21461,2026-08-06,2026-09-05,N
CP-2605-2677,21461,2026-05-14,2026-06-13,Y
CP-2606-2678,21461,2026-06-10,2026-08-09,Y
CP-2606-2679,21462,2026-06-25,2026-08-24,Y
CP-2602-2680,21463,2026-02-08,2026-03-10,N
CP-2606-2681,21463,2026-06-27,2026-07-11,N
CP-2605-2682,21465,2026-05-21,2026-06-20,Y
CP-2605-2683,21465,2026-05-19,2026-06-18,N
CP-2503-2684,21465,2025-03-26,2025-05-25,Y
CP-2608-2685,21466,2026-08-23,2026-10-22,N
CP-2606-2686,21467,2026-06-24,2026-07-08,Y
CP-2607-2687,21467,2026-07-20,2026-09-18,N
CP-2606-2688,21467,2026-06-03,2026-07-03,N
CP-2608-2689,21467,2026-08-03,2026-08-17,N
CP-2608-2690,21467,2026-08-01,2026-08-31,N
CP-2506-2691,21468,2025-06-19,2025-07-19,Y
CP-2608-2692,21469,2026-08-25,2026-09-24,N
CP-2510-2693,21469,2025-10-30,2025-11-29,Y
CP-2608-2694,21470,2026-08-19,2026-10-18,N
CP-2607-2695,21470,2026-07-31,2026-08-14,N
CP-2609-2696,21471,2026-09-03,2026-10-03,N
CP-2606-2697,21471,2026-06-29,2026-08-28,Y
CP-2607-2698,21471,2026-07-03,2026-08-02,N
CP-2608-2699,21471,2026-08-30,2026-09-13,N
CP-2605-2700,21471,2026-05-27,2026-06-26,Y
CP-2606-2701,21472,2026-06-20,2026-08-19,Y
CP-2608-2702,21472,2026-08-25,2026-09-24,N
CP-2607-2703,21473,2026-07-27,2026-08-10,N
CP-2606-2704,21473,2026-06-20,2026-09-18,N
CP-2605-2705,21473,2026-05-29,2026-07-28,Y
CP-2608-2706,21475,2026-08-30,2026-11-28,N
CP-2606-2707,21475,2026-06-04,2026-07-04,N
CP-2603-2708,21477,2026-03-05,2026-03-19,N
CP-2604-2709,21477,2026-04-19,2026-05-19,N
CP-2608-2710,21478,2026-08-08,2026-10-07,N
CP-2608-2711,21478,2026-08-17,2026-09-16,N
CP-2510-2712,21479,2025-10-31,2026-01-29,N
CP-2602-2713,21479,2026-02-02,2026-05-03,Y
CP-2608-2714,21481,2026-08-19,2026-09-02,N
CP-2609-2715,21481,2026-09-02,2026-10-02,N
CP-2606-2716,21482,2026-06-15,2026-08-14,N
CP-2503-2717,21482,2025-03-24,2025-05-23,N
CP-2603-2718,21482,2026-03-18,2026-05-17,N
CP-2608-2719,21483,2026-08-15,2026-11-13,N
CP-2608-2720,21483,2026-08-19,2026-09-18,N
CP-2608-2721,21483,2026-08-22,2026-10-21,N
CP-2608-2722,21483,2026-08-08,2026-09-07,Y
CP-2607-2723,21484,2026-07-14,2026-10-12,N
CP-2606-2724,21484,2026-06-13,2026-07-13,Y
CP-2603-2725,21484,2026-03-04,2026-06-02,N
CP-2603-2726,21485,2026-03-07,2026-04-06,N
CP-2603-2727,21486,2026-03-11,2026-05-10,Y
CP-2511-2728,21486,2025-11-18,2026-01-17,Y
CP-2507-2729,21486,2025-07-07,2025-08-06,N
CP-2601-2730,21486,2026-01-12,2026-04-12,N
CP-2609-2731,21488,2026-09-02,2026-09-16,Y
CP-2608-2732,21488,2026-08-15,2026-11-13,Y
CP-2608-2733,21488,2026-08-15,2026-10-14,Y
CP-2607-2734,21488,2026-07-30,2026-08-29,N
CP-2607-2735,21489,2026-07-18,2026-08-17,Y
CP-2606-2736,21489,2026-06-13,2026-06-27,Y
CP-2606-2737,21490,2026-06-16,2026-06-30,Y
CP-2511-2738,21490,2025-11-11,2026-01-10,Y
CP-2609-2739,21490,2026-09-01,2026-09-15,Y
CP-2603-2740,21490,2026-03-27,2026-05-26,N
CP-2607-2741,21491,2026-07-28,2026-09-26,N
CP-2608-2742,21492,2026-08-26,2026-09-09,N
CP-2604-2743,21495,2026-04-25,2026-06-24,Y
CP-2512-2744,21496,2025-12-25,2026-01-24,N
CP-2607-2745,21496,2026-07-17,2026-08-16,N
CP-2606-2746,21496,2026-06-21,2026-08-20,N
CP-2509-2747,21496,2025-09-06,2025-12-05,N
CP-2601-2748,21496,2026-01-25,2026-02-24,N
CP-2509-2749,21497,2025-09-16,2025-10-16,Y
CP-2509-2750,21497,2025-09-29,2025-11-28,N
CP-2607-2751,21499,2026-07-06,2026-07-20,N
CP-2602-2752,21499,2026-02-23,2026-03-09,N
CP-2604-2753,21499,2026-04-24,2026-06-23,N
CP-2607-2754,21501,2026-07-12,2026-10-10,Y
CP-2606-2755,21501,2026-06-19,2026-09-17,N
CP-2608-2756,21501,2026-08-06,2026-10-05,N
CP-2608-2757,21501,2026-08-31,2026-09-30,N
CP-2506-2758,21502,2025-06-08,2025-07-08,Y
CP-2601-2759,21502,2026-01-02,2026-03-03,Y
CP-2510-2760,21503,2025-10-13,2025-11-12,N
CP-2409-2761,21503,2024-09-15,2024-11-14,Y
CP-2608-2762,21503,2026-08-21,2026-09-04,N
CP-2512-2763,21503,2025-12-11,2026-01-10,Y
CP-2505-2764,21504,2025-05-26,2025-06-25,N
CP-2512-2765,21504,2025-12-30,2026-01-29,N
CP-2603-2766,21505,2026-03-10,2026-03-24,Y
CP-2602-2767,21506,2026-02-02,2026-03-04,Y
CP-2606-2768,21507,2026-06-25,2026-07-09,Y
CP-2601-2769,21507,2026-01-26,2026-02-09,Y
CP-2601-2770,21507,2026-01-08,2026-01-22,Y
CP-2502-2771,21508,2025-02-12,2025-03-14,Y
CP-2501-2772,21508,2025-01-02,2025-02-01,N
CP-2606-2773,21509,2026-06-14,2026-07-14,Y
CP-2608-2774,21509,2026-08-01,2026-08-31,Y
CP-2604-2775,21510,2026-04-16,2026-06-15,N
CP-2512-2776,21511,2025-12-04,2026-02-02,N
CP-2506-2777,21513,2025-06-23,2025-08-22,N
CP-2512-2778,21514,2025-12-11,2026-02-09,Y
CP-2608-2779,21515,2026-08-01,2026-09-30,N
CP-2607-2780,21515,2026-07-04,2026-07-18,Y
CP-2606-2781,21515,2026-06-04,2026-08-03,N
CP-2606-2782,21515,2026-06-24,2026-07-08,N
CP-2605-2783,21518,2026-05-11,2026-07-10,N
CP-2607-2784,21518,2026-07-15,2026-09-13,N
CP-2606-2785,21519,2026-06-10,2026-08-09,N
CP-2607-2786,21519,2026-07-09,2026-08-08,N
CP-2608-2787,21520,2026-08-21,2026-10-20,N
CP-2607-2788,21520,2026-07-29,2026-08-12,Y
CP-2606-2789,21520,2026-06-09,2026-08-08,Y
CP-2608-2790,21521,2026-08-31,2026-11-29,N
CP-2609-2791,21521,2026-09-02,2026-12-01,N
CP-2606-2792,21522,2026-06-08,2026-07-08,Y
CP-2601-2793,21522,2026-01-18,2026-02-17,N
CP-2604-2794,21522,2026-04-23,2026-05-07,Y
CP-2608-2795,21523,2026-08-13,2026-09-12,N
CP-2605-2796,21524,2026-05-30,2026-06-29,N
CP-2407-2797,21524,2024-07-05,2024-09-03,N
CP-2609-2798,21525,2026-09-02,2026-10-02,Y
CP-2608-2799,21525,2026-08-28,2026-09-11,Y
CP-2608-2800,21525,2026-08-22,2026-09-05,N
CP-2601-2801,21529,2026-01-04,2026-02-03,Y
CP-2602-2802,21529,2026-02-18,2026-04-19,N
CP-2607-2803,21530,2026-07-29,2026-09-27,Y
CP-2308-2804,21531,2023-08-26,2023-11-24,Y
CP-2312-2805,21531,2023-12-23,2024-01-06,Y
CP-2312-2806,21531,2023-12-03,2024-02-01,N
CP-2510-2807,21532,2025-10-19,2025-12-18,N
CP-2506-2808,21534,2025-06-13,2025-07-13,Y
CP-2604-2809,21534,2026-04-20,2026-06-19,Y
CP-2409-2810,21534,2024-09-01,2024-10-01,N
CP-2607-2811,21534,2026-07-27,2026-08-26,N
CP-2607-2812,21535,2026-07-06,2026-10-04,N
CP-2608-2813,21535,2026-08-09,2026-09-08,N
CP-2608-2814,21535,2026-08-05,2026-08-19,Y
CP-2608-2815,21538,2026-08-19,2026-09-18,N
CP-2606-2816,21538,2026-06-19,2026-09-17,N
CP-2608-2817,21538,2026-08-17,2026-09-16,N
CP-2507-2818,21539,2025-07-15,2025-08-14,N
CP-2503-2819,21539,2025-03-10,2025-03-24,Y
CP-2310-2820,21539,2023-10-07,2024-01-05,N
CP-2507-2821,21539,2025-07-06,2025-10-04,N
CP-2511-2822,21539,2025-11-01,2025-12-31,N
CP-2511-2823,21541,2025-11-23,2025-12-07,Y
CP-2509-2824,21541,2025-09-14,2025-10-14,N
CP-2507-2825,21542,2025-07-03,2025-08-02,N
CP-2507-2826,21542,2025-07-03,2025-10-01,N
CP-2607-2827,21543,2026-07-12,2026-07-26,N
CP-2407-2828,21543,2024-07-14,2024-08-13,N
CP-2606-2829,21543,2026-06-29,2026-07-29,N
CP-2605-2830,21543,2026-05-30,2026-06-29,N
CP-2405-2831,21544,2024-05-17,2024-06-16,N
CP-2510-2832,21545,2025-10-02,2025-11-01,N
CP-2510-2833,21547,2025-10-11,2025-11-10,Y
CP-2602-2834,21547,2026-02-06,2026-03-08,N
CP-2511-2835,21547,2025-11-18,2025-12-18,N
CP-2601-2836,21550,2026-01-04,2026-02-03,Y
CP-2601-2837,21550,2026-01-26,2026-04-26,N
CP-2604-2838,21550,2026-04-13,2026-05-13,Y
CP-2512-2839,21550,2025-12-15,2026-01-14,Y
CP-2608-2840,21551,2026-08-03,2026-11-01,N
CP-2608-2841,21551,2026-08-30,2026-11-28,Y
CP-2608-2842,21551,2026-08-31,2026-09-14,N
CP-2603-2843,21552,2026-03-27,2026-04-26,N
CP-2511-2844,21552,2025-11-04,2025-12-04,N
CP-2604-2845,21554,2026-04-25,2026-05-09,N
CP-2608-2846,21554,2026-08-25,2026-10-24,N
CP-2607-2847,21555,2026-07-27,2026-09-25,N
CP-2509-2848,21557,2025-09-11,2025-12-10,N
CP-2608-2849,21558,2026-08-16,2026-09-15,N
CP-2606-2850,21558,2026-06-04,2026-07-04,N
CP-2604-2851,21558,2026-04-27,2026-05-27,N
CP-2606-2852,21559,2026-06-13,2026-06-27,Y
CP-2602-2853,21559,2026-02-19,2026-03-21,N
CP-2607-2854,21559,2026-07-18,2026-08-17,Y
CP-2606-2855,21560,2026-06-06,2026-07-06,Y
CP-2609-2856,21560,2026-09-01,2026-10-01,N
CP-2601-2857,21560,2026-01-16,2026-02-15,Y
CP-2410-2858,21563,2024-10-15,2024-10-29,Y
CP-2606-2859,21563,2026-06-11,2026-07-11,Y
CP-2608-2860,21564,2026-08-24,2026-11-22,N
CP-2508-2861,21564,2025-08-29,2025-09-12,Y
CP-2503-2862,21564,2025-03-07,2025-06-05,Y
CP-2606-2863,21565,2026-06-17,2026-07-17,N
CP-2507-2864,21565,2025-07-27,2025-10-25,N
CP-2511-2865,21565,2025-11-23,2025-12-23,Y
CP-2403-2866,21565,2024-03-27,2024-04-26,Y
CP-2501-2867,21567,2025-01-27,2025-02-26,N
CP-2604-2868,21567,2026-04-07,2026-05-07,N
CP-2609-2869,21568,2026-09-02,2026-10-02,N
CP-2609-2870,21568,2026-09-02,2026-10-02,N
CP-2609-2871,21569,2026-09-01,2026-09-15,N
CP-2607-2872,21570,2026-07-27,2026-08-10,Y
CP-2602-2873,21571,2026-02-25,2026-03-27,N
CP-2603-2874,21574,2026-03-09,2026-03-23,N
CP-2608-2875,21574,2026-08-10,2026-09-09,N
CP-2603-2876,21574,2026-03-13,2026-06-11,N
CP-2410-2877,21575,2024-10-02,2024-11-01,Y
CP-2606-2878,21576,2026-06-23,2026-07-23,Y
CP-2608-2879,21576,2026-08-16,2026-08-30,N
CP-2608-2880,21576,2026-08-29,2026-09-28,N
CP-2607-2881,21576,2026-07-09,2026-10-07,N
CP-2608-2882,21576,2026-08-15,2026-09-14,N
CP-2605-2883,21577,2026-05-11,2026-05-25,N
CP-2603-2884,21579,2026-03-22,2026-04-21,N
CP-2411-2885,21579,2024-11-20,2025-01-19,Y
CP-2506-2886,21579,2025-06-29,2025-07-29,N
CP-2605-2887,21580,2026-05-14,2026-05-28,N
CP-2608-2888,21580,2026-08-27,2026-09-26,N
CP-2608-2889,21581,2026-08-22,2026-09-21,Y
CP-2607-2890,21581,2026-07-04,2026-08-03,N
CP-2606-2891,21581,2026-06-17,2026-07-17,N
CP-2410-2892,21581,2024-10-08,2024-12-07,Y
CP-2601-2893,21582,2026-01-19,2026-03-20,N
CP-2603-2894,21582,2026-03-24,2026-04-23,N
CP-2405-2895,21585,2024-05-28,2024-06-27,N
CP-2503-2896,21585,2025-03-14,2025-04-13,N
CP-2309-2897,21585,2023-09-26,2023-10-26,Y
CP-2403-2898,21585,2024-03-14,2024-04-13,N
CP-2609-2899,21585,2026-09-02,2026-10-02,N
CP-2604-2900,21586,2026-04-25,2026-05-25,Y
CP-2509-2901,21586,2025-09-25,2025-11-24,N
CP-2604-2902,21587,2026-04-04,2026-06-03,N
CP-2608-2903,21587,2026-08-17,2026-11-15,N
CP-2510-2904,21588,2025-10-03,2025-10-17,Y
CP-2604-2905,21588,2026-04-12,2026-05-12,Y
CP-2608-2906,21588,2026-08-23,2026-10-22,N
CP-2605-2907,21588,2026-05-26,2026-06-25,N
CP-2609-2908,21589,2026-09-03,2026-11-02,N
CP-2607-2909,21589,2026-07-24,2026-08-23,N
CP-2608-2910,21589,2026-08-08,2026-09-07,Y
CP-2601-2911,21590,2026-01-31,2026-03-02,Y
CP-2503-2912,21590,2025-03-01,2025-04-30,Y
CP-2607-2913,21590,2026-07-22,2026-08-21,Y
CP-2505-2914,21591,2025-05-13,2025-08-11,Y
CP-2606-2915,21591,2026-06-22,2026-08-21,N
CP-2607-2916,21593,2026-07-29,2026-08-12,N
CP-2606-2917,21594,2026-06-09,2026-06-23,Y
CP-2604-2918,21594,2026-04-07,2026-07-06,Y
CP-2604-2919,21594,2026-04-13,2026-04-27,N
CP-2608-2920,21596,2026-08-13,2026-11-11,N
CP-2608-2921,21596,2026-08-02,2026-08-16,Y
CP-2407-2922,21600,2024-07-21,2024-08-20,N
CP-2412-2923,21600,2024-12-12,2025-02-10,N
CP-2601-2924,21600,2026-01-16,2026-01-30,N
CP-2601-2925,21600,2026-01-04,2026-02-03,Y
CP-2601-2926,21600,2026-01-24,2026-02-23,Y
CP-2604-2927,21601,2026-04-19,2026-05-03,Y
CP-2603-2928,21602,2026-03-17,2026-05-16,N
CP-2608-2929,21603,2026-08-22,2026-11-20,N
CP-2608-2930,21606,2026-08-04,2026-08-18,N
CP-2607-2931,21606,2026-07-19,2026-10-17,Y
CP-2607-2932,21606,2026-07-28,2026-08-11,Y
CP-2608-2933,21607,2026-08-16,2026-09-15,N
CP-2608-2934,21608,2026-08-12,2026-08-26,N
CP-2602-2935,21608,2026-02-02,2026-05-03,Y
CP-2609-2936,21608,2026-09-02,2026-11-01,N
CP-2608-2937,21608,2026-08-25,2026-09-24,N
CP-2607-2938,21608,2026-07-11,2026-07-25,Y
CP-2603-2939,21609,2026-03-01,2026-04-30,Y
CP-2605-2940,21609,2026-05-25,2026-06-24,N
CP-2407-2941,21609,2024-07-18,2024-09-16,N
CP-2507-2942,21609,2025-07-30,2025-09-28,Y
CP-2602-2943,21610,2026-02-16,2026-03-18,N
CP-2512-2944,21611,2025-12-17,2026-01-16,N
CP-2509-2945,21611,2025-09-16,2025-11-15,N
CP-2511-2946,21611,2025-11-30,2025-12-30,Y
CP-2506-2947,21611,2025-06-20,2025-08-19,Y
CP-2501-2948,21612,2025-01-24,2025-03-25,Y
CP-2606-2949,21613,2026-06-20,2026-07-04,Y
CP-2608-2950,21613,2026-08-13,2026-09-12,N
CP-2312-2951,21613,2023-12-19,2024-01-18,N
CP-2605-2952,21613,2026-05-21,2026-06-20,N
CP-2601-2953,21614,2026-01-26,2026-02-25,Y
CP-2605-2954,21614,2026-05-20,2026-06-19,N
CP-2606-2955,21618,2026-06-07,2026-07-07,N
CP-2512-2956,21618,2025-12-15,2026-03-15,Y
CP-2407-2957,21620,2024-07-09,2024-09-07,N
CP-2512-2958,21621,2025-12-18,2026-01-17,N
CP-2509-2959,21621,2025-09-21,2025-12-20,N
CP-2602-2960,21621,2026-02-21,2026-04-22,Y
CP-2608-2961,21621,2026-08-09,2026-11-07,N
CP-2607-2962,21621,2026-07-06,2026-08-05,N
CP-2605-2963,21624,2026-05-12,2026-06-11,N
CP-2601-2964,21624,2026-01-17,2026-03-18,N
CP-2601-2965,21625,2026-01-04,2026-03-05,N
CP-2603-2966,21625,2026-03-27,2026-04-10,N
CP-2608-2967,21625,2026-08-24,2026-11-22,N
CP-2604-2968,21626,2026-04-20,2026-05-04,Y
CP-2510-2969,21626,2025-10-08,2026-01-06,N
CP-2603-2970,21628,2026-03-27,2026-05-26,N
CP-2604-2971,21629,2026-04-28,2026-07-27,N
CP-2602-2972,21629,2026-02-02,2026-03-04,Y
CP-2602-2973,21629,2026-02-24,2026-03-26,Y
CP-2608-2974,21631,2026-08-08,2026-09-07,Y
CP-2512-2975,21632,2025-12-03,2026-01-02,N
CP-2605-2976,21632,2026-05-13,2026-05-27,Y
CP-2512-2977,21632,2025-12-06,2026-01-05,N
CP-2411-2978,21632,2024-11-05,2024-11-19,Y
CP-2605-2979,21633,2026-05-02,2026-05-16,Y
CP-2607-2980,21633,2026-07-24,2026-09-22,N
CP-2607-2981,21634,2026-07-01,2026-09-29,N
CP-2512-2982,21634,2025-12-07,2026-01-06,Y
CP-2602-2983,21634,2026-02-14,2026-03-16,N
CP-2606-2984,21634,2026-06-13,2026-07-13,N
CP-2605-2985,21635,2026-05-09,2026-06-08,Y
CP-2605-2986,21635,2026-05-30,2026-07-29,Y
CP-2605-2987,21635,2026-05-16,2026-07-15,Y
CP-2511-2988,21635,2025-11-11,2026-02-09,N
CP-2607-2989,21635,2026-07-22,2026-08-21,N
CP-2605-2990,21637,2026-05-12,2026-06-11,N
CP-2605-2991,21639,2026-05-10,2026-08-08,N
CP-2608-2992,21639,2026-08-26,2026-09-09,N
CP-2603-2993,21639,2026-03-23,2026-05-22,N
CP-2602-2994,21639,2026-02-08,2026-03-10,N
CP-2511-2995,21640,2025-11-12,2025-12-12,Y
CP-2602-2996,21640,2026-02-18,2026-04-19,Y
CP-2602-2997,21640,2026-02-08,2026-04-09,N
CP-2608-2998,21640,2026-08-16,2026-09-15,Y
CP-2608-2999,21641,2026-08-15,2026-08-29,Y
CP-2510-3000,21641,2025-10-13,2026-01-11,N
CP-2601-3001,21641,2026-01-16,2026-03-17,N
CP-2605-3002,21642,2026-05-04,2026-07-03,Y
CP-2606-3003,21642,2026-06-22,2026-07-06,N
CP-2608-3004,21643,2026-08-24,2026-09-23,N
CP-2608-3005,21643,2026-08-19,2026-09-18,N
CP-2608-3006,21644,2026-08-04,2026-10-03,N
CP-2608-3007,21644,2026-08-26,2026-09-25,N
CP-2511-3008,21645,2025-11-28,2026-02-26,N
CP-2602-3009,21646,2026-02-21,2026-03-23,N
CP-2602-3010,21646,2026-02-03,2026-05-04,N
CP-2604-3011,21646,2026-04-30,2026-07-29,N
CP-2606-3012,21646,2026-06-07,2026-07-07,Y
CP-2401-3013,21648,2024-01-08,2024-04-07,N
CP-2310-3014,21648,2023-10-26,2023-12-25,N
CP-2607-3015,21649,2026-07-01,2026-07-31,Y
CP-2609-3016,21650,2026-09-03,2026-11-02,N
CP-2609-3017,21650,2026-09-02,2026-09-16,N
CP-2608-3018,21650,2026-08-12,2026-08-26,Y
CP-2608-3019,21650,2026-08-29,2026-09-28,N
CP-2608-3020,21651,2026-08-14,2026-09-13,N
CP-2606-3021,21651,2026-06-28,2026-07-28,N
CP-2606-3022,21651,2026-06-28,2026-07-12,N
CP-2502-3023,21652,2025-02-02,2025-02-16,Y
CP-2412-3024,21652,2024-12-24,2025-01-23,N
CP-2511-3025,21652,2025-11-08,2025-12-08,Y
CP-2608-3026,21653,2026-08-02,2026-09-01,N
CP-2607-3027,21653,2026-07-29,2026-09-27,N
CP-2606-3028,21654,2026-06-10,2026-07-10,Y
CP-2604-3029,21654,2026-04-12,2026-04-26,Y
CP-2608-3030,21655,2026-08-31,2026-09-14,N
CP-2608-3031,21655,2026-08-19,2026-09-18,Y
CP-2608-3032,21655,2026-08-30,2026-09-29,N
CP-2510-3033,21656,2025-10-31,2026-01-29,N
CP-2601-3034,21656,2026-01-03,2026-02-02,N
CP-2507-3035,21657,2025-07-16,2025-08-15,N
CP-2608-3036,21658,2026-08-28,2026-09-27,N
CP-2606-3037,21658,2026-06-15,2026-09-13,N
CP-2606-3038,21658,2026-06-22,2026-07-22,N
CP-2606-3039,21658,2026-06-11,2026-08-10,Y
CP-2607-3040,21659,2026-07-24,2026-08-07,N
CP-2607-3041,21661,2026-07-30,2026-08-29,N
CP-2608-3042,21661,2026-08-13,2026-09-12,N
CP-2606-3043,21662,2026-06-04,2026-08-03,Y
CP-2604-3044,21663,2026-04-18,2026-05-18,N
CP-2508-3045,21664,2025-08-27,2025-09-26,Y
CP-2602-3046,21664,2026-02-24,2026-04-25,N
CP-2512-3047,21665,2025-12-06,2026-01-05,N
CP-2508-3048,21665,2025-08-13,2025-09-12,N
CP-2502-3049,21666,2025-02-19,2025-05-20,N
CP-2503-3050,21667,2025-03-20,2025-04-19,Y
CP-2512-3051,21667,2025-12-19,2026-01-18,N
CP-2608-3052,21669,2026-08-03,2026-09-02,N
CP-2604-3053,21669,2026-04-27,2026-06-26,Y
CP-2608-3054,21669,2026-08-19,2026-11-17,N
CP-2603-3055,21669,2026-03-24,2026-04-23,N
CP-2608-3056,21669,2026-08-11,2026-11-09,N
CP-2510-3057,21670,2025-10-18,2025-12-17,N
CP-2609-3058,21671,2026-09-03,2026-10-03,N
CP-2608-3059,21671,2026-08-31,2026-11-29,N
CP-2609-3060,21671,2026-09-01,2026-09-15,N
CP-2410-3061,21672,2024-10-17,2024-10-31,N
CP-2602-3062,21673,2026-02-07,2026-02-21,Y
CP-2503-3063,21673,2025-03-03,2025-04-02,N
CP-2606-3064,21674,2026-06-15,2026-07-15,Y
CP-2412-3065,21675,2024-12-02,2025-01-31,Y
CP-2408-3066,21675,2024-08-16,2024-08-30,Y
CP-2403-3067,21675,2024-03-27,2024-06-25,Y
CP-2601-3068,21675,2026-01-07,2026-04-07,Y
CP-2608-3069,21676,2026-08-21,2026-09-04,Y
CP-2608-3070,21676,2026-08-26,2026-09-25,Y
CP-2603-3071,21677,2026-03-26,2026-05-25,N
CP-2601-3072,21677,2026-01-25,2026-02-08,N
CP-2505-3073,21678,2025-05-20,2025-07-19,N
CP-2602-3074,21678,2026-02-17,2026-03-19,N
CP-2510-3075,21678,2025-10-22,2025-11-21,N
CP-2606-3076,21679,2026-06-21,2026-07-21,N
CP-2509-3077,21679,2025-09-14,2025-11-13,N
CP-2602-3078,21679,2026-02-17,2026-03-03,Y
CP-2608-3079,21679,2026-08-10,2026-11-08,Y
CP-2606-3080,21680,2026-06-15,2026-07-15,N
CP-2506-3081,21680,2025-06-13,2025-08-12,N
CP-2509-3082,21680,2025-09-24,2025-12-23,Y
CP-2411-3083,21680,2024-11-01,2024-12-01,Y
CP-2608-3084,21680,2026-08-28,2026-10-27,N
CP-2605-3085,21681,2026-05-30,2026-06-29,Y
CP-2601-3086,21682,2026-01-13,2026-02-12,Y
CP-2512-3087,21683,2025-12-15,2025-12-29,N
CP-2607-3088,21683,2026-07-19,2026-08-02,Y
CP-2505-3089,21684,2025-05-30,2025-07-29,N
CP-2607-3090,21686,2026-07-18,2026-08-17,Y
CP-2408-3091,21687,2024-08-11,2024-08-25,N
CP-2504-3092,21688,2025-04-14,2025-05-14,Y
CP-2501-3093,21688,2025-01-31,2025-04-01,N
CP-2607-3094,21689,2026-07-29,2026-08-28,N
CP-2608-3095,21689,2026-08-28,2026-09-11,N
CP-2608-3096,21689,2026-08-01,2026-09-30,N
CP-2606-3097,21690,2026-06-22,2026-07-22,Y
CP-2601-3098,21690,2026-01-06,2026-04-06,N
CP-2604-3099,21691,2026-04-27,2026-06-26,N
CP-2503-3100,21691,2025-03-12,2025-04-11,N
CP-2602-3101,21693,2026-02-16,2026-05-17,N
CP-2608-3102,21694,2026-08-24,2026-09-07,N
CP-2607-3103,21695,2026-07-05,2026-08-04,Y
CP-2505-3104,21695,2025-05-04,2025-05-18,N
CP-2510-3105,21696,2025-10-27,2025-11-10,Y
CP-2601-3106,21696,2026-01-02,2026-03-03,N
CP-2607-3107,21696,2026-07-16,2026-10-14,N
CP-2602-3108,21697,2026-02-20,2026-03-22,Y
CP-2511-3109,21697,2025-11-13,2026-01-12,Y
CP-2605-3110,21697,2026-05-06,2026-07-05,N
CP-2604-3111,21697,2026-04-21,2026-06-20,Y
CP-2602-3112,21697,2026-02-20,2026-05-21,N
CP-2601-3113,21699,2026-01-12,2026-02-11,N
CP-2607-3114,21699,2026-07-01,2026-07-15,N
CP-2607-3115,21699,2026-07-22,2026-09-20,N
CP-2503-3116,21700,2025-03-22,2025-06-20,N
CP-2505-3117,21700,2025-05-26,2025-07-25,Y
CP-2605-3118,21701,2026-05-20,2026-06-03,N
CP-2507-3119,21701,2025-07-01,2025-08-30,N
CP-2512-3120,21702,2025-12-20,2026-01-19,N
CP-2601-3121,21702,2026-01-30,2026-04-30,Y
CP-2604-3122,21702,2026-04-21,2026-05-21,Y
CP-2608-3123,21703,2026-08-12,2026-08-26,N
CP-2608-3124,21703,2026-08-26,2026-09-25,N
CP-2608-3125,21703,2026-08-23,2026-10-22,N
CP-2609-3126,21703,2026-09-02,2026-10-02,N
CP-2512-3127,21704,2025-12-24,2026-01-23,N
CP-2603-3128,21704,2026-03-03,2026-04-02,N
CP-2608-3129,21705,2026-08-17,2026-09-16,N
CP-2505-3130,21705,2025-05-18,2025-07-17,N
CP-2401-3131,21705,2024-01-20,2024-02-19,Y
CP-2312-3132,21705,2023-12-25,2024-01-08,N
CP-2604-3133,21705,2026-04-03,2026-05-03,N
CP-2508-3134,21708,2025-08-16,2025-11-14,N
CP-2503-3135,21709,2025-03-02,2025-05-31,Y
CP-2508-3136,21710,2025-08-16,2025-09-15,Y
CP-2606-3137,21710,2026-06-22,2026-08-21,Y
CP-2509-3138,21710,2025-09-08,2025-09-22,Y
CP-2410-3139,21711,2024-10-22,2024-11-21,Y
CP-2409-3140,21711,2024-09-06,2024-11-05,N
CP-2511-3141,21711,2025-11-04,2026-01-03,Y
CP-2607-3142,21712,2026-07-16,2026-07-30,Y
CP-2607-3143,21712,2026-07-23,2026-08-22,Y
CP-2606-3144,21713,2026-06-06,2026-08-05,Y
CP-2401-3145,21713,2024-01-22,2024-04-21,N
CP-2511-3146,21713,2025-11-22,2025-12-22,Y
CP-2607-3147,21714,2026-07-24,2026-08-23,Y
CP-2608-3148,21715,2026-08-16,2026-10-15,N
CP-2606-3149,21715,2026-06-09,2026-09-07,N
CP-2606-3150,21715,2026-06-23,2026-09-21,N
CP-2601-3151,21716,2026-01-06,2026-02-05,N
CP-2602-3152,21716,2026-02-19,2026-03-21,N
CP-2604-3153,21716,2026-04-08,2026-05-08,N
CP-2608-3154,21718,2026-08-26,2026-09-25,Y
CP-2607-3155,21718,2026-07-30,2026-10-28,N
CP-2604-3156,21719,2026-04-26,2026-05-10,Y
CP-2605-3157,21721,2026-05-22,2026-08-20,N
CP-2605-3158,21722,2026-05-21,2026-06-20,Y
CP-2603-3159,21722,2026-03-24,2026-04-23,N
CP-2604-3160,21722,2026-04-10,2026-07-09,Y
CP-2604-3161,21722,2026-04-29,2026-05-13,N
CP-2506-3162,21723,2025-06-22,2025-07-22,N
CP-2501-3163,21724,2025-01-16,2025-02-15,N
CP-2409-3164,21724,2024-09-21,2024-10-21,Y
CP-2507-3165,21725,2025-07-16,2025-08-15,N
CP-2607-3166,21726,2026-07-07,2026-07-21,N
CP-2511-3167,21726,2025-11-11,2025-11-25,Y
CP-2502-3168,21727,2025-02-07,2025-05-08,Y
CP-2504-3169,21727,2025-04-06,2025-04-20,N
CP-2608-3170,21728,2026-08-28,2026-10-27,N
CP-2608-3171,21728,2026-08-16,2026-10-15,Y
CP-2608-3172,21728,2026-08-19,2026-09-18,N
CP-2601-3173,21729,2026-01-06,2026-02-05,N
CP-2507-3174,21730,2025-07-27,2025-10-25,Y
CP-2607-3175,21731,2026-07-27,2026-08-26,Y
CP-2607-3176,21732,2026-07-16,2026-10-14,N
CP-2607-3177,21733,2026-07-23,2026-08-22,N
CP-2606-3178,21736,2026-06-25,2026-07-25,Y
CP-2606-3179,21736,2026-06-18,2026-09-16,N
CP-2607-3180,21736,2026-07-28,2026-09-26,N
CP-2607-3181,21736,2026-07-08,2026-09-06,N
CP-2602-3182,21737,2026-02-25,2026-03-11,N
CP-2607-3183,21738,2026-07-17,2026-08-16,Y
CP-2605-3184,21738,2026-05-02,2026-06-01,Y
CP-2602-3185,21738,2026-02-14,2026-03-16,Y
CP-2506-3186,21738,2025-06-16,2025-08-15,N
CP-2510-3187,21738,2025-10-26,2025-11-09,N
CP-2512-3188,21739,2025-12-16,2025-12-30,N
CP-2604-3189,21739,2026-04-12,2026-05-12,Y
CP-2606-3190,21740,2026-06-27,2026-09-25,N
CP-2608-3191,21740,2026-08-13,2026-08-27,N
CP-2606-3192,21740,2026-06-10,2026-09-08,N
CP-2608-3193,21740,2026-08-17,2026-08-31,Y
CP-2412-3194,21741,2024-12-14,2025-01-13,N
CP-2506-3195,21741,2025-06-20,2025-09-18,N
CP-2503-3196,21741,2025-03-11,2025-03-25,Y
CP-2603-3197,21742,2026-03-09,2026-06-07,N
CP-2508-3198,21742,2025-08-05,2025-08-19,Y
CP-2509-3199,21742,2025-09-03,2025-10-03,Y
CP-2309-3200,21742,2023-09-23,2023-11-22,Y
CP-2412-3201,21743,2024-12-05,2025-03-05,N
CP-2608-3202,21744,2026-08-02,2026-10-31,N
CP-2606-3203,21744,2026-06-10,2026-08-09,N
CP-2602-3204,21744,2026-02-19,2026-03-05,Y
CP-2609-3205,21745,2026-09-02,2026-09-16,N
CP-2602-3206,21746,2026-02-26,2026-05-27,N
CP-2608-3207,21746,2026-08-14,2026-11-12,N
CP-2605-3208,21747,2026-05-23,2026-07-22,N
CP-2605-3209,21749,2026-05-28,2026-06-27,N
CP-2509-3210,21749,2025-09-27,2025-10-27,Y
CP-2607-3211,21749,2026-07-18,2026-09-16,Y
CP-2512-3212,21751,2025-12-06,2025-12-20,Y
CP-2608-3213,21752,2026-08-11,2026-08-25,N
CP-2606-3214,21753,2026-06-25,2026-09-23,N
CP-2607-3215,21754,2026-07-01,2026-07-31,Y
CP-2606-3216,21754,2026-06-10,2026-07-10,Y
CP-2604-3217,21757,2026-04-25,2026-05-09,N
CP-2607-3218,21757,2026-07-31,2026-08-14,N
CP-2608-3219,21758,2026-08-27,2026-10-26,N
CP-2604-3220,21762,2026-04-09,2026-05-09,N
CP-2608-3221,21762,2026-08-29,2026-09-28,N
CP-2503-3222,21762,2025-03-23,2025-04-22,N
CP-2607-3223,21762,2026-07-11,2026-08-10,Y
CP-2508-3224,21763,2025-08-15,2025-08-29,N
CP-2408-3225,21763,2024-08-10,2024-11-08,Y
CP-2505-3226,21763,2025-05-05,2025-06-04,Y
CP-2609-3227,21764,2026-09-02,2026-10-02,N
CP-2608-3228,21764,2026-08-09,2026-09-08,N
CP-2608-3229,21764,2026-08-12,2026-09-11,Y
CP-2605-3230,21765,2026-05-16,2026-07-15,N
CP-2608-3231,21765,2026-08-25,2026-09-08,N
CP-2608-3232,21765,2026-08-31,2026-10-30,Y
CP-2512-3233,21766,2025-12-16,2026-01-15,Y
CP-2608-3234,21767,2026-08-24,2026-09-07,N
CP-2608-3235,21767,2026-08-31,2026-09-30,N
CP-2507-3236,21769,2025-07-26,2025-08-25,N
CP-2608-3237,21770,2026-08-06,2026-10-05,N
CP-2501-3238,21771,2025-01-07,2025-02-06,N
CP-2410-3239,21771,2024-10-09,2024-12-08,N
CP-2604-3240,21772,2026-04-14,2026-06-13,Y
CP-2607-3241,21772,2026-07-20,2026-10-18,N
CP-2605-3242,21772,2026-05-27,2026-07-26,Y
CP-2608-3243,21774,2026-08-11,2026-10-10,N
CP-2608-3244,21775,2026-08-27,2026-09-10,N
CP-2606-3245,21775,2026-06-30,2026-07-14,Y
CP-2607-3246,21775,2026-07-19,2026-09-17,N
CP-2605-3247,21775,2026-05-05,2026-06-04,N
CP-2609-3248,21777,2026-09-03,2026-09-17,N
CP-2609-3249,21777,2026-09-04,2026-11-03,N
CP-2609-3250,21777,2026-09-04,2026-10-04,N
CP-2609-3251,21777,2026-09-04,2026-12-03,N
CP-2606-3252,21778,2026-06-08,2026-09-06,N
CP-2508-3253,21779,2025-08-27,2025-09-26,Y
CP-2605-3254,21779,2026-05-07,2026-07-06,Y
CP-2607-3255,21780,2026-07-06,2026-08-05,Y
CP-2603-3256,21781,2026-03-18,2026-04-01,Y
CP-2508-3257,21781,2025-08-31,2025-10-30,N
CP-2608-3258,21781,2026-08-14,2026-09-13,N
CP-2512-3259,21782,2025-12-05,2025-12-19,N
CP-2602-3260,21782,2026-02-11,2026-05-12,Y
CP-2601-3261,21782,2026-01-09,2026-01-23,Y
CP-2602-3262,21782,2026-02-22,2026-03-24,N
CP-2608-3263,21783,2026-08-25,2026-11-23,N
CP-2608-3264,21783,2026-08-21,2026-09-20,Y
CP-2608-3265,21783,2026-08-22,2026-09-21,N
CP-2608-3266,21783,2026-08-16,2026-09-15,Y
CP-2410-3267,21784,2024-10-29,2024-11-28,N
CP-2606-3268,21784,2026-06-20,2026-07-20,Y
CP-2605-3269,21785,2026-05-26,2026-06-25,N
CP-2608-3270,21785,2026-08-15,2026-10-14,N
CP-2608-3271,21786,2026-08-18,2026-11-16,N
CP-2608-3272,21786,2026-08-10,2026-09-09,N
CP-2608-3273,21787,2026-08-13,2026-09-12,N
CP-2506-3274,21787,2025-06-11,2025-09-09,N
CP-2601-3275,21787,2026-01-07,2026-04-07,N
CP-2602-3276,21787,2026-02-23,2026-03-25,N
CP-2608-3277,21788,2026-08-10,2026-09-09,Y
CP-2605-3278,21788,2026-05-20,2026-08-18,N
CP-2511-3279,21788,2025-11-02,2025-12-02,N
CP-2408-3280,21788,2024-08-26,2024-11-24,N
CP-2602-3281,21790,2026-02-20,2026-05-21,Y
CP-2604-3282,21791,2026-04-16,2026-07-15,N
CP-2609-3283,21792,2026-09-02,2026-09-16,N
CP-2501-3284,21793,2025-01-26,2025-02-09,N
CP-2507-3285,21793,2025-07-17,2025-10-15,N
CP-2607-3286,21794,2026-07-11,2026-08-10,N
CP-2601-3287,21795,2026-01-22,2026-03-23,Y
CP-2509-3288,21795,2025-09-23,2025-11-22,N
CP-2608-3289,21795,2026-08-22,2026-09-21,N
CP-2507-3290,21795,2025-07-25,2025-08-24,N
CP-2411-3291,21795,2024-11-29,2025-01-28,N
CP-2509-3292,21796,2025-09-26,2025-10-26,N
CP-2608-3293,21797,2026-08-29,2026-09-28,N
CP-2608-3294,21797,2026-08-20,2026-09-19,N
CP-2608-3295,21797,2026-08-23,2026-09-06,N
CP-2507-3296,21798,2025-07-30,2025-08-29,N
CP-2509-3297,21798,2025-09-29,2025-10-13,N
CP-2402-3298,21798,2024-02-29,2024-04-29,N
CP-2602-3299,21799,2026-02-06,2026-05-07,Y
CP-2608-3300,21800,2026-08-26,2026-09-09,Y
CP-2604-3301,21800,2026-04-11,2026-07-10,Y
CP-2606-3302,21800,2026-06-03,2026-07-03,Y
CP-2608-3303,21803,2026-08-23,2026-10-22,N
CP-2406-3304,21804,2024-06-03,2024-07-03,N
CP-2402-3305,21804,2024-02-15,2024-03-16,N
CP-2601-3306,21804,2026-01-31,2026-04-01,N
CP-2606-3307,21805,2026-06-12,2026-08-11,N
CP-2606-3308,21805,2026-06-03,2026-08-02,Y
CP-2605-3309,21805,2026-05-12,2026-07-11,N
CP-2607-3310,21805,2026-07-27,2026-09-25,N
CP-2604-3311,21805,2026-04-22,2026-07-21,Y
CP-2608-3312,21806,2026-08-31,2026-09-30,N
CP-2609-3313,21806,2026-09-01,2026-10-01,N
CP-2608-3314,21806,2026-08-29,2026-11-27,N
CP-2608-3315,21806,2026-08-31,2026-09-30,N
CP-2608-3316,21807,2026-08-14,2026-09-13,Y
CP-2606-3317,21808,2026-06-10,2026-06-24,N
CP-2606-3318,21808,2026-06-20,2026-07-20,Y
CP-2607-3319,21810,2026-07-17,2026-10-15,N
CP-2608-3320,21810,2026-08-28,2026-10-27,Y
CP-2605-3321,21811,2026-05-03,2026-07-02,N
CP-2609-3322,21811,2026-09-02,2026-10-02,Y
CP-2511-3323,21812,2025-11-25,2025-12-09,Y
CP-2401-3324,21812,2024-01-02,2024-02-01,Y
CP-2305-3325,21812,2023-05-10,2023-06-09,N
CP-2602-3326,21815,2026-02-19,2026-04-20,Y
CP-2607-3327,21815,2026-07-30,2026-09-28,N
CP-2604-3328,21815,2026-04-27,2026-06-26,Y
CP-2608-3329,21815,2026-08-18,2026-09-01,N
CP-2606-3330,21816,2026-06-03,2026-06-17,Y
CP-2607-3331,21816,2026-07-19,2026-09-17,N
CP-2506-3332,21818,2025-06-07,2025-08-06,Y
CP-2606-3333,21819,2026-06-04,2026-06-18,N
CP-2605-3334,21819,2026-05-30,2026-06-29,Y
CP-2607-3335,21821,2026-07-05,2026-09-03,N
CP-2608-3336,21822,2026-08-30,2026-09-13,N
CP-2602-3337,21824,2026-02-18,2026-03-20,Y
CP-2607-3338,21824,2026-07-24,2026-08-23,N
CP-2607-3339,21826,2026-07-11,2026-09-09,N
CP-2607-3340,21826,2026-07-13,2026-08-12,N
CP-2604-3341,21827,2026-04-04,2026-05-04,N
CP-2608-3342,21827,2026-08-13,2026-09-12,N
CP-2605-3343,21827,2026-05-20,2026-07-19,N
CP-2412-3344,21830,2024-12-07,2025-01-06,N
CP-2509-3345,21831,2025-09-05,2025-11-04,N
CP-2603-3346,21833,2026-03-28,2026-04-27,N
CP-2607-3347,21834,2026-07-14,2026-07-28,N
CP-2607-3348,21834,2026-07-12,2026-08-11,N
CP-2608-3349,21834,2026-08-03,2026-11-01,N
CP-2605-3350,21834,2026-05-02,2026-05-16,N
CP-2607-3351,21834,2026-07-26,2026-08-09,Y
CP-2510-3352,21836,2025-10-08,2025-12-07,N
CP-2606-3353,21836,2026-06-26,2026-07-26,Y
CP-2604-3354,21836,2026-04-01,2026-05-01,N
CP-2608-3355,21838,2026-08-26,2026-11-24,N
CP-2607-3356,21842,2026-07-06,2026-08-05,N
CP-2606-3357,21844,2026-06-28,2026-07-28,N
CP-2601-3358,21844,2026-01-10,2026-04-10,N
CP-2512-3359,21844,2025-12-21,2026-01-04,Y
CP-2604-3360,21845,2026-04-17,2026-07-16,N
CP-2604-3361,21846,2026-04-11,2026-06-10,Y
CP-2511-3362,21847,2025-11-08,2026-01-07,N
CP-2608-3363,21847,2026-08-03,2026-11-01,N
CP-2605-3364,21847,2026-05-23,2026-07-22,N
CP-2604-3365,21848,2026-04-15,2026-07-14,N
CP-2505-3366,21848,2025-05-16,2025-06-15,Y
CP-2502-3367,21848,2025-02-03,2025-02-17,Y
CP-2608-3368,21850,2026-08-25,2026-10-24,N
CP-2605-3369,21850,2026-05-27,2026-06-26,N
CP-2507-3370,21852,2025-07-04,2025-08-03,N
CP-2502-3371,21852,2025-02-14,2025-04-15,N
CP-2608-3372,21853,2026-08-08,2026-11-06,N
CP-2608-3373,21853,2026-08-29,2026-09-28,Y
CP-2606-3374,21854,2026-06-27,2026-09-25,N
CP-2607-3375,21854,2026-07-01,2026-08-30,Y
CP-2608-3376,21854,2026-08-26,2026-09-25,N
CP-2604-3377,21855,2026-04-21,2026-05-21,Y
CP-2605-3378,21855,2026-05-11,2026-07-10,Y
CP-2605-3379,21855,2026-05-19,2026-06-18,Y
CP-2605-3380,21856,2026-05-28,2026-06-11,N
CP-2607-3381,21856,2026-07-15,2026-09-13,N
CP-2506-3382,21856,2025-06-14,2025-07-14,Y
CP-2312-3383,21857,2023-12-13,2024-01-12,N
CP-2311-3384,21857,2023-11-26,2024-02-24,N
CP-2312-3385,21858,2023-12-28,2024-01-27,N
CP-2604-3386,21858,2026-04-14,2026-05-14,N
CP-2603-3387,21859,2026-03-13,2026-06-11,N
CP-2606-3388,21859,2026-06-14,2026-09-12,N
CP-2609-3389,21860,2026-09-02,2026-12-01,N
CP-2606-3390,21862,2026-06-18,2026-09-16,N
CP-2605-3391,21863,2026-05-29,2026-06-28,Y
CP-2606-3392,21863,2026-06-19,2026-07-03,N
CP-2607-3393,21863,2026-07-13,2026-07-27,N
CP-2607-3394,21863,2026-07-24,2026-10-22,N
CP-2607-3395,21863,2026-07-07,2026-07-21,N
CP-2604-3396,21864,2026-04-02,2026-07-01,N
CP-2601-3397,21865,2026-01-16,2026-02-15,Y
CP-2605-3398,21866,2026-05-13,2026-07-12,Y
CP-2312-3399,21867,2023-12-23,2024-02-21,Y
CP-2607-3400,21868,2026-07-22,2026-08-21,Y
CP-2607-3401,21869,2026-07-14,2026-10-12,N
CP-2601-3402,21869,2026-01-12,2026-02-11,N
CP-2608-3403,21870,2026-08-30,2026-09-29,N
CP-2503-3404,21870,2025-03-09,2025-05-08,Y
CP-2512-3405,21871,2025-12-18,2026-01-17,N
CP-2606-3406,21871,2026-06-22,2026-07-22,Y
CP-2506-3407,21871,2025-06-19,2025-07-03,N
CP-2603-3408,21871,2026-03-27,2026-05-26,N
CP-2602-3409,21871,2026-02-02,2026-05-03,Y
CP-2608-3410,21872,2026-08-17,2026-09-16,N
CP-2608-3411,21872,2026-08-07,2026-09-06,N
CP-2607-3412,21873,2026-07-24,2026-08-23,Y
CP-2411-3413,21874,2024-11-13,2024-11-27,Y
CP-2504-3414,21874,2025-04-21,2025-05-21,N
CP-2510-3415,21875,2025-10-24,2026-01-22,N
CP-2505-3416,21875,2025-05-09,2025-08-07,N
CP-2404-3417,21875,2024-04-20,2024-05-20,Y
CP-2509-3418,21875,2025-09-05,2025-09-19,Y
CP-2409-3419,21876,2024-09-10,2024-09-24,N
CP-2602-3420,21877,2026-02-26,2026-03-28,N
CP-2607-3421,21877,2026-07-17,2026-07-31,Y
CP-2603-3422,21877,2026-03-20,2026-04-03,Y
CP-2608-3423,21878,2026-08-23,2026-09-06,N
CP-2508-3424,21878,2025-08-17,2025-10-16,Y
CP-2503-3425,21878,2025-03-09,2025-05-08,N
CP-2511-3426,21878,2025-11-11,2025-12-11,N
CP-2508-3427,21879,2025-08-23,2025-09-22,N
CP-2312-3428,21879,2023-12-24,2024-01-07,N
CP-2606-3429,21880,2026-06-28,2026-07-28,N
CP-2608-3430,21880,2026-08-09,2026-10-08,Y
CP-2609-3431,21880,2026-09-03,2026-10-03,N
CP-2603-3432,21881,2026-03-02,2026-05-31,Y
CP-2607-3433,21881,2026-07-12,2026-07-26,Y
CP-2405-3434,21881,2024-05-03,2024-06-02,Y
CP-2510-3435,21881,2025-10-16,2025-12-15,N
CP-2509-3436,21881,2025-09-14,2025-12-13,Y
CP-2607-3437,21882,2026-07-27,2026-09-25,N
CP-2607-3438,21882,2026-07-24,2026-08-23,N
CP-2606-3439,21883,2026-06-09,2026-06-23,Y
CP-2608-3440,21883,2026-08-28,2026-09-11,Y
CP-2607-3441,21883,2026-07-05,2026-08-04,N
CP-2512-3442,21883,2025-12-16,2026-01-15,Y
CP-2604-3443,21883,2026-04-29,2026-05-29,Y
CP-2504-3444,21884,2025-04-04,2025-07-03,Y
CP-2604-3445,21885,2026-04-12,2026-05-12,N
CP-2608-3446,21885,2026-08-13,2026-08-27,N
CP-2603-3447,21885,2026-03-13,2026-04-12,N
CP-2508-3448,21885,2025-08-27,2025-11-25,N
CP-2603-3449,21886,2026-03-08,2026-06-06,Y
CP-2603-3450,21886,2026-03-18,2026-04-17,Y
CP-2608-3451,21886,2026-08-09,2026-11-07,N
CP-2607-3452,21886,2026-07-05,2026-08-04,Y
CP-2607-3453,21887,2026-07-10,2026-09-08,N
CP-2606-3454,21887,2026-06-14,2026-06-28,N
CP-2606-3455,21888,2026-06-01,2026-07-01,N
CP-2509-3456,21891,2025-09-15,2025-11-14,Y
CP-2505-3457,21891,2025-05-31,2025-06-30,N
CP-2507-3458,21891,2025-07-17,2025-10-15,N
CP-2504-3459,21891,2025-04-02,2025-06-01,N
CP-2607-3460,21891,2026-07-17,2026-09-15,N
CP-2602-3461,21892,2026-02-25,2026-03-27,N
CP-2508-3462,21893,2025-08-16,2025-11-14,N
CP-2606-3463,21893,2026-06-27,2026-09-25,N
CP-2607-3464,21893,2026-07-17,2026-09-15,Y
CP-2607-3465,21893,2026-07-14,2026-09-12,N
CP-2602-3466,21894,2026-02-02,2026-03-04,N
CP-2508-3467,21894,2025-08-19,2025-09-18,Y
CP-2608-3468,21894,2026-08-06,2026-09-05,N
CP-2507-3469,21895,2025-07-08,2025-08-07,Y
CP-2603-3470,21897,2026-03-06,2026-06-04,Y
CP-2604-3471,21898,2026-04-03,2026-05-03,Y
CP-2607-3472,21898,2026-07-12,2026-08-11,N
CP-2608-3473,21899,2026-08-21,2026-09-04,N
CP-2607-3474,21901,2026-07-15,2026-09-13,Y
CP-2511-3475,21901,2025-11-23,2025-12-07,N
CP-2607-3476,21904,2026-07-20,2026-08-19,N
CP-2605-3477,21905,2026-05-10,2026-06-09,N
CP-2606-3478,21905,2026-06-19,2026-09-17,N
CP-2603-3479,21905,2026-03-12,2026-05-11,N
CP-2508-3480,21905,2025-08-31,2025-09-14,N
CP-2606-3481,21905,2026-06-09,2026-09-07,N
CP-2508-3482,21906,2025-08-22,2025-11-20,Y
CP-2411-3483,21906,2024-11-12,2024-12-12,Y
CP-2605-3484,21907,2026-05-07,2026-06-06,Y
CP-2608-3485,21907,2026-08-31,2026-09-14,N
CP-2608-3486,21908,2026-08-20,2026-09-03,Y
CP-2505-3487,21908,2025-05-29,2025-08-27,N
CP-2608-3488,21908,2026-08-30,2026-09-29,Y
CP-2607-3489,21909,2026-07-24,2026-09-22,Y
CP-2609-3490,21910,2026-09-02,2026-10-02,N
CP-2606-3491,21911,2026-06-03,2026-08-02,Y
CP-2603-3492,21914,2026-03-24,2026-04-23,N
CP-2605-3493,21914,2026-05-08,2026-06-07,N
CP-2605-3494,21914,2026-05-06,2026-07-05,N
CP-2508-3495,21916,2025-08-15,2025-10-14,Y
CP-2603-3496,21917,2026-03-03,2026-05-02,N
CP-2604-3497,21917,2026-04-14,2026-07-13,Y
CP-2311-3498,21917,2023-11-12,2024-01-11,Y
CP-2601-3499,21917,2026-01-27,2026-04-27,N
CP-2606-3500,21918,2026-06-15,2026-08-14,N
CP-2601-3501,21918,2026-01-20,2026-03-21,Y
CP-2511-3502,21918,2025-11-15,2025-12-15,N
CP-2602-3503,21919,2026-02-11,2026-05-12,N
CP-2608-3504,21919,2026-08-25,2026-11-23,N
CP-2608-3505,21920,2026-08-13,2026-11-11,Y
CP-2605-3506,21921,2026-05-02,2026-05-16,N
CP-2601-3507,21922,2026-01-26,2026-04-26,Y
CP-2604-3508,21922,2026-04-09,2026-04-23,Y
CP-2602-3509,21923,2026-02-09,2026-03-11,Y
CP-2508-3510,21923,2025-08-05,2025-09-04,Y
CP-2608-3511,21924,2026-08-05,2026-10-04,N
CP-2605-3512,21924,2026-05-28,2026-08-26,Y
CP-2608-3513,21924,2026-08-25,2026-09-08,N
CP-2605-3514,21924,2026-05-17,2026-07-16,Y
CP-2607-3515,21925,2026-07-27,2026-09-25,N
CP-2606-3516,21926,2026-06-03,2026-07-03,Y
CP-2603-3517,21927,2026-03-21,2026-04-20,N
CP-2601-3518,21927,2026-01-06,2026-02-05,N
CP-2603-3519,21928,2026-03-15,2026-05-14,Y
CP-2603-3520,21930,2026-03-21,2026-05-20,N
CP-2605-3521,21930,2026-05-25,2026-08-23,Y
CP-2607-3522,21930,2026-07-12,2026-09-10,N
CP-2606-3523,21931,2026-06-12,2026-07-12,Y
CP-2604-3524,21932,2026-04-13,2026-04-27,N
CP-2411-3525,21933,2024-11-28,2024-12-12,N
CP-2505-3526,21933,2025-05-08,2025-06-07,N
CP-2607-3527,21933,2026-07-03,2026-09-01,N
CP-2603-3528,21933,2026-03-29,2026-06-27,N
CP-2509-3529,21934,2025-09-26,2025-11-25,Y
CP-2602-3530,21936,2026-02-15,2026-03-17,N
CP-2510-3531,21936,2025-10-10,2025-11-09,Y
CP-2403-3532,21936,2024-03-09,2024-06-07,Y
CP-2608-3533,21937,2026-08-31,2026-10-30,N
CP-2608-3534,21937,2026-08-31,2026-10-30,N
CP-2609-3535,21937,2026-09-02,2026-11-01,N
CP-2407-3536,21939,2024-07-23,2024-08-22,N
CP-2607-3537,21940,2026-07-09,2026-07-23,N
CP-2607-3538,21940,2026-07-21,2026-08-20,Y
CP-2312-3539,21943,2023-12-01,2023-12-15,N
CP-2601-3540,21943,2026-01-12,2026-02-11,N
CP-2406-3541,21943,2024-06-25,2024-07-09,Y
CP-2607-3542,21944,2026-07-18,2026-08-17,N
CP-2608-3543,21944,2026-08-14,2026-11-12,N
CP-2607-3544,21944,2026-07-20,2026-08-19,Y
CP-2510-3545,21945,2025-10-28,2026-01-26,N
CP-2512-3546,21946,2025-12-19,2026-01-18,N
CP-2505-3547,21946,2025-05-19,2025-08-17,N
CP-2605-3548,21946,2026-05-15,2026-06-14,N
CP-2608-3549,21947,2026-08-13,2026-09-12,N
CP-2608-3550,21947,2026-08-06,2026-10-05,N
CP-2608-3551,21947,2026-08-13,2026-10-12,N
CP-2608-3552,21947,2026-08-03,2026-09-02,N
CP-2608-3553,21947,2026-08-13,2026-11-11,N
CP-2606-3554,21948,2026-06-13,2026-07-13,N
CP-2605-3555,21949,2026-05-08,2026-05-22,Y
CP-2606-3556,21949,2026-06-26,2026-07-26,Y
CP-2608-3557,21949,2026-08-03,2026-11-01,N
CP-2604-3558,21949,2026-04-07,2026-06-06,N
CP-2603-3559,21951,2026-03-17,2026-04-16,N
CP-2602-3560,21953,2026-02-15,2026-03-17,N
CP-2505-3561,21953,2025-05-13,2025-06-12,N
CP-2608-3562,21954,2026-08-06,2026-08-20,Y
CP-2608-3563,21954,2026-08-14,2026-11-12,N
CP-2608-3564,21954,2026-08-03,2026-09-02,N
CP-2607-3565,21955,2026-07-28,2026-09-26,Y
CP-2608-3566,21955,2026-08-15,2026-08-29,N
CP-2603-3567,21955,2026-03-02,2026-04-01,Y
CP-2602-3568,21957,2026-02-06,2026-05-07,N
CP-2608-3569,21957,2026-08-14,2026-09-13,Y
CP-2603-3570,21957,2026-03-07,2026-04-06,Y
CP-2608-3571,21957,2026-08-02,2026-09-01,N
CP-2609-3572,21958,2026-09-01,2026-10-01,N
CP-2609-3573,21958,2026-09-02,2026-12-01,N
CP-2609-3574,21958,2026-09-03,2026-12-02,N
CP-2609-3575,21958,2026-09-03,2026-09-17,Y
CP-2605-3576,21959,2026-05-12,2026-06-11,Y
CP-2608-3577,21959,2026-08-26,2026-09-25,N
CP-2608-3578,21960,2026-08-16,2026-09-15,N
CP-2608-3579,21960,2026-08-14,2026-08-28,Y
CP-2608-3580,21960,2026-08-18,2026-09-17,N
CP-2511-3581,21961,2025-11-21,2025-12-21,N
CP-2606-3582,21963,2026-06-30,2026-08-29,N
CP-2512-3583,21963,2025-12-12,2026-02-10,N
CP-2511-3584,21963,2025-11-09,2025-12-09,N
CP-2510-3585,21963,2025-10-16,2026-01-14,Y
CP-2606-3586,21964,2026-06-02,2026-07-02,Y
CP-2511-3587,21964,2025-11-29,2025-12-29,Y
CP-2608-3588,21964,2026-08-14,2026-09-13,Y
CP-2603-3589,21964,2026-03-06,2026-04-05,Y
CP-2608-3590,21964,2026-08-03,2026-08-17,N
CP-2608-3591,21966,2026-08-24,2026-09-23,Y
CP-2410-3592,21967,2024-10-14,2025-01-12,N
CP-2607-3593,21968,2026-07-10,2026-08-09,Y
CP-2511-3594,21968,2025-11-10,2025-12-10,N
CP-2602-3595,21969,2026-02-04,2026-03-06,N
CP-2506-3596,21969,2025-06-13,2025-07-13,Y
CP-2608-3597,21969,2026-08-15,2026-10-14,N
CP-2502-3598,21970,2025-02-25,2025-03-27,N
CP-2311-3599,21970,2023-11-16,2024-02-14,Y
CP-2411-3600,21970,2024-11-30,2025-01-29,Y
CP-2305-3601,21970,2023-05-20,2023-06-19,N
CP-2604-3602,21974,2026-04-09,2026-05-09,Y
CP-2602-3603,21975,2026-02-21,2026-03-23,Y
CP-2606-3604,21975,2026-06-10,2026-07-10,N
CP-2601-3605,21975,2026-01-23,2026-03-24,Y
CP-2605-3606,21975,2026-05-01,2026-05-31,N
CP-2607-3607,21976,2026-07-23,2026-10-21,N
CP-2607-3608,21976,2026-07-07,2026-09-05,N
CP-2608-3609,21976,2026-08-28,2026-10-27,N
CP-2510-3610,21977,2025-10-17,2025-11-16,N
CP-2604-3611,21977,2026-04-14,2026-04-28,Y
CP-2607-3612,21978,2026-07-28,2026-08-27,N
CP-2607-3613,21978,2026-07-31,2026-09-29,N
CP-2608-3614,21978,2026-08-06,2026-11-04,N
CP-2607-3615,21978,2026-07-22,2026-09-20,N
CP-2606-3616,21978,2026-06-15,2026-09-13,Y
CP-2602-3617,21979,2026-02-10,2026-02-24,Y
CP-2509-3618,21979,2025-09-13,2025-09-27,N
CP-2412-3619,21979,2024-12-25,2025-01-24,Y
CP-2607-3620,21979,2026-07-13,2026-08-12,Y
CP-2607-3621,21979,2026-07-29,2026-09-27,N
CP-2608-3622,21980,2026-08-05,2026-10-04,N
CP-2607-3623,21981,2026-07-31,2026-10-29,N
CP-2601-3624,21981,2026-01-17,2026-04-17,Y
CP-2510-3625,21982,2025-10-30,2026-01-28,N
CP-2608-3626,21983,2026-08-30,2026-09-29,N
CP-2608-3627,21984,2026-08-13,2026-09-12,Y
CP-2508-3628,21986,2025-08-21,2025-10-20,Y
CP-2603-3629,21986,2026-03-15,2026-04-14,N
CP-2604-3630,21986,2026-04-01,2026-05-01,Y
CP-2604-3631,21986,2026-04-10,2026-05-10,N
CP-2601-3632,21987,2026-01-20,2026-03-21,Y
CP-2602-3633,21987,2026-02-17,2026-03-19,N
CP-2509-3634,21988,2025-09-29,2025-11-28,N
CP-2604-3635,21988,2026-04-20,2026-05-20,Y
CP-2503-3636,21988,2025-03-30,2025-04-29,Y
CP-2608-3637,21988,2026-08-04,2026-09-03,Y
CP-2508-3638,21989,2025-08-30,2025-09-29,N
CP-2602-3639,21989,2026-02-27,2026-03-29,N
CP-2410-3640,21989,2024-10-07,2024-11-06,N
CP-2607-3641,21991,2026-07-02,2026-08-01,Y
CP-2506-3642,21992,2025-06-07,2025-08-06,Y
CP-2607-3643,21994,2026-07-28,2026-08-27,Y
CP-2605-3644,21995,2026-05-16,2026-07-15,N
CP-2605-3645,21995,2026-05-10,2026-06-09,N
CP-2608-3646,21995,2026-08-05,2026-08-19,Y
CP-2511-3647,21996,2025-11-14,2026-01-13,N
CP-2606-3648,21996,2026-06-13,2026-06-27,N
CP-2511-3649,21996,2025-11-19,2026-01-18,N
CP-2505-3650,21996,2025-05-22,2025-06-05,N
CP-2506-3651,21996,2025-06-14,2025-06-28,N
CP-2601-3652,21997,2026-01-06,2026-03-07,N
CP-2606-3653,21998,2026-06-28,2026-07-28,N
CP-2602-3654,21998,2026-02-13,2026-04-14,N
CP-2607-3655,21998,2026-07-04,2026-08-03,Y
CP-2505-3656,21998,2025-05-30,2025-06-29,N
CP-2608-3657,21999,2026-08-26,2026-09-09,Y
CP-2608-3658,21999,2026-08-22,2026-10-21,Y
CP-2608-3659,21999,2026-08-28,2026-10-27,N
CP-2609-3660,21999,2026-09-01,2026-10-31,N
CP-2605-3661,22000,2026-05-22,2026-06-21,Y
CP-2512-3662,22002,2025-12-26,2026-01-25,N
CP-2605-3663,22002,2026-05-25,2026-06-08,Y
CP-2604-3664,22002,2026-04-21,2026-07-20,N
CP-2605-3665,22002,2026-05-01,2026-05-31,N
CP-2601-3666,22002,2026-01-18,2026-02-17,N
CP-2608-3667,22003,2026-08-18,2026-09-17,N
CP-2606-3668,22003,2026-06-12,2026-08-11,N
CP-2608-3669,22003,2026-08-27,2026-09-10,N
CP-2604-3670,22004,2026-04-13,2026-07-12,Y
CP-2605-3671,22004,2026-05-12,2026-05-26,Y
CP-2608-3672,22004,2026-08-21,2026-09-20,N
CP-2608-3673,22004,2026-08-14,2026-09-13,Y
CP-2608-3674,22004,2026-08-23,2026-10-22,N
CP-2511-3675,22005,2025-11-09,2025-11-23,N
CP-2609-3676,22005,2026-09-03,2026-10-03,N
CP-2512-3677,22005,2025-12-30,2026-03-30,Y
CP-2412-3678,22005,2024-12-29,2025-02-27,Y
CP-2604-3679,22006,2026-04-17,2026-05-01,Y
CP-2607-3680,22006,2026-07-24,2026-08-23,N
CP-2507-3681,22006,2025-07-08,2025-09-06,N
CP-2608-3682,22006,2026-08-09,2026-11-07,N
CP-2608-3683,22007,2026-08-14,2026-10-13,N
CP-2602-3684,22008,2026-02-07,2026-03-09,Y
CP-2601-3685,22008,2026-01-21,2026-02-20,Y
CP-2510-3686,22009,2025-10-29,2026-01-27,N
CP-2605-3687,22009,2026-05-05,2026-05-19,N
CP-2607-3688,22009,2026-07-18,2026-09-16,N
CP-2601-3689,22009,2026-01-12,2026-03-13,Y
CP-2607-3690,22009,2026-07-26,2026-08-25,N
CP-2607-3691,22010,2026-07-11,2026-07-25,N
CP-2608-3692,22010,2026-08-09,2026-10-08,N
CP-2602-3693,22010,2026-02-14,2026-03-16,N
CP-2312-3694,22010,2023-12-07,2023-12-21,Y
CP-2602-3695,22011,2026-02-01,2026-05-02,N
CP-2601-3696,22011,2026-01-16,2026-02-15,Y
CP-2511-3697,22012,2025-11-15,2025-12-15,Y
CP-2605-3698,22012,2026-05-21,2026-07-20,Y
CP-2604-3699,22012,2026-04-11,2026-05-11,Y
CP-2605-3700,22013,2026-05-17,2026-06-16,Y
CP-2604-3701,22013,2026-04-02,2026-05-02,N
CP-2608-3702,22014,2026-08-24,2026-09-23,N
CP-2508-3703,22015,2025-08-06,2025-11-04,N
CP-2601-3704,22015,2026-01-21,2026-03-22,N
CP-2607-3705,22017,2026-07-03,2026-08-02,N
CP-2606-3706,22019,2026-06-14,2026-07-14,N
CP-2607-3707,22020,2026-07-26,2026-08-25,N
CP-2606-3708,22020,2026-06-16,2026-06-30,Y
CP-2608-3709,22020,2026-08-04,2026-09-03,N
CP-2607-3710,22020,2026-07-01,2026-09-29,Y
CP-2506-3711,22021,2025-06-02,2025-08-01,N
CP-2312-3712,22022,2023-12-09,2024-01-08,N
CP-2605-3713,22022,2026-05-30,2026-06-13,N
CP-2312-3714,22022,2023-12-28,2024-02-26,N
CP-2607-3715,22023,2026-07-17,2026-10-15,N
CP-2608-3716,22023,2026-08-02,2026-09-01,Y
CP-2512-3717,22023,2025-12-08,2026-01-07,Y
CP-2607-3718,22025,2026-07-05,2026-10-03,Y
CP-2606-3719,22026,2026-06-29,2026-07-13,N
CP-2606-3720,22026,2026-06-04,2026-08-03,N
CP-2510-3721,22026,2025-10-28,2025-12-27,N
CP-2605-3722,22026,2026-05-27,2026-06-10,N
CP-2512-3723,22026,2025-12-18,2026-02-16,N
CP-2606-3724,22027,2026-06-29,2026-08-28,Y
CP-2505-3725,22030,2025-05-15,2025-08-13,N
CP-2406-3726,22031,2024-06-10,2024-06-24,N
CP-2303-3727,22031,2023-03-25,2023-04-08,Y
CP-2410-3728,22031,2024-10-15,2024-12-14,N
CP-2508-3729,22032,2025-08-15,2025-10-14,N
CP-2402-3730,22035,2024-02-22,2024-04-22,N
CP-2608-3731,22035,2026-08-14,2026-08-28,Y
CP-2603-3732,22036,2026-03-25,2026-04-24,Y
CP-2608-3733,22037,2026-08-31,2026-09-30,N
CP-2606-3734,22037,2026-06-02,2026-06-16,Y
CP-2607-3735,22037,2026-07-26,2026-08-25,N
CP-2607-3736,22038,2026-07-11,2026-07-25,Y
CP-2605-3737,22038,2026-05-03,2026-05-17,N
CP-2602-3738,22038,2026-02-02,2026-05-03,Y
CP-2606-3739,22041,2026-06-26,2026-09-24,N
CP-2601-3740,22041,2026-01-01,2026-03-02,Y
CP-2404-3741,22041,2024-04-20,2024-05-04,N
CP-2504-3742,22042,2025-04-19,2025-07-18,N
CP-2604-3743,22043,2026-04-23,2026-05-07,N
CP-2510-3744,22043,2025-10-28,2025-12-27,Y
CP-2607-3745,22044,2026-07-25,2026-09-23,Y
CP-2501-3746,22044,2025-01-31,2025-03-02,N
CP-2608-3747,22044,2026-08-25,2026-09-24,Y
CP-2511-3748,22045,2025-11-16,2025-12-16,Y
CP-2507-3749,22045,2025-07-16,2025-09-14,Y
CP-2510-3750,22045,2025-10-06,2025-11-05,N
CP-2605-3751,22046,2026-05-20,2026-07-19,Y
CP-2608-3752,22046,2026-08-16,2026-09-15,N
CP-2607-3753,22047,2026-07-19,2026-08-18,Y
CP-2607-3754,22047,2026-07-26,2026-08-25,N
CP-2607-3755,22047,2026-07-21,2026-09-19,N
CP-2608-3756,22048,2026-08-17,2026-11-15,Y
CP-2605-3757,22048,2026-05-09,2026-07-08,N
CP-2601-3758,22048,2026-01-17,2026-03-18,Y
CP-2607-3759,22050,2026-07-10,2026-07-24,Y
CP-2601-3760,22051,2026-01-24,2026-04-24,N
CP-2411-3761,22052,2024-11-03,2025-01-02,Y
CP-2506-3762,22052,2025-06-18,2025-09-16,N
CP-2606-3763,22054,2026-06-24,2026-07-24,N
CP-2305-3764,22055,2023-05-28,2023-06-27,Y
CP-2503-3765,22056,2025-03-27,2025-06-25,N
CP-2412-3766,22056,2024-12-17,2025-01-16,N
CP-2412-3767,22057,2024-12-22,2025-01-05,N
CP-2412-3768,22057,2024-12-12,2025-02-10,N
CP-2307-3769,22058,2023-07-30,2023-09-28,Y
CP-2312-3770,22058,2023-12-08,2023-12-22,Y
CP-2509-3771,22059,2025-09-03,2025-09-17,N
CP-2601-3772,22060,2026-01-09,2026-03-10,N
CP-2605-3773,22061,2026-05-31,2026-06-30,Y
CP-2608-3774,22063,2026-08-12,2026-09-11,Y
CP-2605-3775,22063,2026-05-01,2026-06-30,Y
CP-2608-3776,22063,2026-08-28,2026-10-27,N
CP-2603-3777,22063,2026-03-15,2026-04-14,N
CP-2602-3778,22063,2026-02-17,2026-05-18,N
CP-2504-3779,22064,2025-04-29,2025-06-28,N
CP-2504-3780,22065,2025-04-27,2025-05-11,N
CP-2410-3781,22065,2024-10-13,2025-01-11,N
CP-2602-3782,22066,2026-02-07,2026-03-09,Y
CP-2604-3783,22066,2026-04-16,2026-05-16,N
CP-2604-3784,22068,2026-04-22,2026-07-21,Y
CP-2509-3785,22068,2025-09-08,2025-12-07,N
CP-2604-3786,22069,2026-04-28,2026-05-12,Y
CP-2607-3787,22070,2026-07-31,2026-10-29,Y
CP-2605-3788,22071,2026-05-17,2026-08-15,N
CP-2604-3789,22071,2026-04-14,2026-05-14,N
CP-2607-3790,22071,2026-07-29,2026-08-28,Y
CP-2606-3791,22071,2026-06-05,2026-09-03,Y
CP-2608-3792,22072,2026-08-05,2026-09-04,Y
CP-2605-3793,22073,2026-05-19,2026-06-18,N
CP-2404-3794,22073,2024-04-17,2024-05-17,N
CP-2604-3795,22073,2026-04-18,2026-05-02,N
CP-2603-3796,22073,2026-03-29,2026-04-28,N
CP-2502-3797,22073,2025-02-03,2025-05-04,N
CP-2606-3798,22075,2026-06-09,2026-09-07,N
CP-2608-3799,22076,2026-08-21,2026-09-04,Y
CP-2512-3800,22077,2025-12-10,2026-01-09,N
CP-2503-3801,22077,2025-03-26,2025-04-09,N
CP-2510-3802,22078,2025-10-03,2025-11-02,Y
CP-2512-3803,22078,2025-12-01,2026-03-01,N
CP-2604-3804,22078,2026-04-04,2026-04-18,Y
CP-2606-3805,22078,2026-06-14,2026-07-14,N
CP-2606-3806,22079,2026-06-14,2026-06-28,N
CP-2507-3807,22079,2025-07-28,2025-08-27,N
CP-2604-3808,22081,2026-04-23,2026-07-22,Y
CP-2602-3809,22081,2026-02-01,2026-05-02,N
CP-2605-3810,22081,2026-05-05,2026-07-04,Y
CP-2608-3811,22083,2026-08-04,2026-08-18,N
CP-2606-3812,22083,2026-06-03,2026-08-02,Y
CP-2608-3813,22084,2026-08-15,2026-10-14,N
CP-2601-3814,22085,2026-01-18,2026-03-19,N
CP-2511-3815,22085,2025-11-26,2026-02-24,Y
CP-2607-3816,22085,2026-07-29,2026-08-28,N
CP-2311-3817,22086,2023-11-01,2023-12-01,Y
CP-2412-3818,22086,2024-12-22,2025-01-21,Y
CP-2408-3819,22086,2024-08-17,2024-09-16,Y
CP-2405-3820,22087,2024-05-06,2024-05-20,Y
CP-2601-3821,22089,2026-01-03,2026-02-02,N
CP-2608-3822,22092,2026-08-01,2026-08-31,N
CP-2508-3823,22093,2025-08-25,2025-09-24,Y
CP-2504-3824,22093,2025-04-29,2025-06-28,Y
CP-2606-3825,22094,2026-06-23,2026-07-07,Y
CP-2609-3826,22097,2026-09-01,2026-11-30,N
CP-2608-3827,22097,2026-08-10,2026-11-08,N
CP-2608-3828,22097,2026-08-10,2026-10-09,Y
CP-2603-3829,22099,2026-03-05,2026-04-04,N
CP-2604-3830,22099,2026-04-09,2026-07-08,Y
CP-2603-3831,22099,2026-03-22,2026-04-21,N
CP-2603-3832,22099,2026-03-15,2026-03-29,N
CP-2603-3833,22099,2026-03-10,2026-04-09,N
CP-2608-3834,22100,2026-08-10,2026-10-09,N
CP-2605-3835,22100,2026-05-22,2026-08-20,N
CP-2606-3836,22100,2026-06-04,2026-06-18,Y
CP-2509-3837,22100,2025-09-10,2025-09-24,Y
CP-2604-3838,22101,2026-04-06,2026-05-06,N
CP-2512-3839,22101,2025-12-02,2025-12-16,N
CP-2608-3840,22102,2026-08-01,2026-09-30,N
CP-2607-3841,22102,2026-07-30,2026-10-28,N
CP-2607-3842,22102,2026-07-21,2026-10-19,Y
CP-2608-3843,22102,2026-08-26,2026-09-25,N
CP-2604-3844,22104,2026-04-21,2026-06-20,Y
CP-2607-3845,22105,2026-07-29,2026-08-28,Y
CP-2502-3846,22108,2025-02-23,2025-03-25,Y
CP-2608-3847,22108,2026-08-29,2026-09-28,N
CP-2608-3848,22108,2026-08-20,2026-11-18,N
CP-2602-3849,22108,2026-02-14,2026-04-15,Y
CP-2507-3850,22110,2025-07-01,2025-09-29,N
CP-2607-3851,22110,2026-07-05,2026-10-03,N
CP-2606-3852,22111,2026-06-19,2026-09-17,N
CP-2401-3853,22112,2024-01-16,2024-02-15,Y
CP-2604-3854,22112,2026-04-03,2026-05-03,N
CP-2305-3855,22112,2023-05-31,2023-06-30,N
CP-2603-3856,22112,2026-03-12,2026-06-10,Y
CP-2606-3857,22115,2026-06-21,2026-09-19,Y
CP-2511-3858,22116,2025-11-12,2026-01-11,N
CP-2601-3859,22116,2026-01-03,2026-03-04,Y
CP-2602-3860,22116,2026-02-07,2026-02-21,N
CP-2608-3861,22117,2026-08-19,2026-09-18,N
CP-2607-3862,22117,2026-07-27,2026-10-25,Y
CP-2606-3863,22117,2026-06-04,2026-07-04,Y
CP-2608-3864,22118,2026-08-27,2026-11-25,Y
CP-2609-3865,22119,2026-09-03,2026-12-02,N
CP-2607-3866,22120,2026-07-26,2026-09-24,N
CP-2511-3867,22122,2025-11-04,2026-02-02,Y
CP-2608-3868,22122,2026-08-27,2026-10-26,N
CP-2411-3869,22122,2024-11-08,2024-12-08,Y
CP-2510-3870,22123,2025-10-09,2025-11-08,Y
CP-2601-3871,22124,2026-01-15,2026-02-14,N
CP-2608-3872,22125,2026-08-27,2026-11-25,Y
CP-2607-3873,22125,2026-07-14,2026-08-13,N
CP-2608-3874,22125,2026-08-22,2026-10-21,Y
CP-2608-3875,22125,2026-08-08,2026-09-07,N
CP-2509-3876,22128,2025-09-02,2025-11-01,N
CP-2602-3877,22128,2026-02-28,2026-03-30,Y
CP-2601-3878,22128,2026-01-21,2026-02-20,Y
CP-2510-3879,22128,2025-10-10,2025-12-09,N
CP-2609-3880,22130,2026-09-01,2026-09-15,N
CP-2505-3881,22131,2025-05-22,2025-06-05,N
CP-2605-3882,22132,2026-05-24,2026-06-23,N
CP-2512-3883,22133,2025-12-05,2026-01-04,Y
CP-2601-3884,22133,2026-01-25,2026-03-26,Y
CP-2607-3885,22134,2026-07-22,2026-08-21,Y
CP-2603-3886,22134,2026-03-16,2026-06-14,N
CP-2504-3887,22134,2025-04-29,2025-05-29,N
CP-2608-3888,22138,2026-08-29,2026-09-28,N
CP-2608-3889,22140,2026-08-27,2026-09-26,N
CP-2605-3890,22140,2026-05-13,2026-05-27,N
CP-2604-3891,22141,2026-04-11,2026-05-11,N
CP-2604-3892,22141,2026-04-30,2026-07-29,N
CP-2606-3893,22142,2026-06-21,2026-07-21,Y
CP-2608-3894,22142,2026-08-14,2026-08-28,N
CP-2608-3895,22142,2026-08-07,2026-10-06,N
CP-2606-3896,22143,2026-06-05,2026-08-04,N
CP-2603-3897,22143,2026-03-29,2026-04-28,Y
CP-2607-3898,22143,2026-07-03,2026-07-17,N
CP-2603-3899,22143,2026-03-12,2026-04-11,N
CP-2608-3900,22144,2026-08-14,2026-11-12,N
CP-2607-3901,22144,2026-07-17,2026-07-31,N
CP-2607-3902,22144,2026-07-09,2026-08-08,Y
CP-2606-3903,22144,2026-06-15,2026-07-15,N
CP-2601-3904,22146,2026-01-15,2026-02-14,N
CP-2608-3905,22147,2026-08-20,2026-09-19,N
CP-2504-3906,22147,2025-04-20,2025-07-19,Y
CP-2506-3907,22147,2025-06-22,2025-07-06,Y
CP-2605-3908,22149,2026-05-13,2026-06-12,Y
CP-2509-3909,22149,2025-09-02,2025-11-01,Y
CP-2608-3910,22149,2026-08-21,2026-09-20,Y
CP-2512-3911,22151,2025-12-23,2026-01-22,N
CP-2508-3912,22151,2025-08-07,2025-08-21,N
CP-2604-3913,22154,2026-04-12,2026-04-26,N
CP-2606-3914,22154,2026-06-09,2026-07-09,Y
CP-2603-3915,22154,2026-03-09,2026-03-23,N
CP-2510-3916,22154,2025-10-21,2025-11-20,Y
CP-2608-3917,22154,2026-08-12,2026-08-26,Y
CP-2304-3918,22156,2023-04-04,2023-05-04,Y
CP-2609-3919,22156,2026-09-02,2026-10-02,N
CP-2505-3920,22156,2025-05-02,2025-07-01,Y
CP-2607-3921,22157,2026-07-30,2026-08-29,Y
CP-2607-3922,22157,2026-07-18,2026-08-17,N
CP-2607-3923,22157,2026-07-14,2026-08-13,N
CP-2503-3924,22158,2025-03-17,2025-04-16,N
CP-2509-3925,22158,2025-09-24,2025-12-23,Y
CP-2409-3926,22159,2024-09-21,2024-10-21,Y
CP-2604-3927,22160,2026-04-24,2026-05-24,Y
CP-2502-3928,22161,2025-02-22,2025-03-24,N
CP-2606-3929,22161,2026-06-29,2026-07-29,Y
CP-2508-3930,22161,2025-08-24,2025-10-23,N
CP-2608-3931,22162,2026-08-10,2026-09-09,Y
CP-2605-3932,22162,2026-05-10,2026-05-24,N
CP-2509-3933,22164,2025-09-03,2025-12-02,N
CP-2509-3934,22164,2025-09-22,2025-10-06,N
CP-2603-3935,22165,2026-03-22,2026-04-21,N
CP-2605-3936,22166,2026-05-09,2026-07-08,N
CP-2607-3937,22166,2026-07-11,2026-08-10,Y
CP-2608-3938,22166,2026-08-11,2026-10-10,Y
CP-2510-3939,22168,2025-10-12,2026-01-10,N
CP-2607-3940,22168,2026-07-16,2026-09-14,N
CP-2511-3941,22168,2025-11-05,2025-12-05,N
CP-2409-3942,22168,2024-09-05,2024-10-05,Y
CP-2505-3943,22168,2025-05-09,2025-07-08,Y
CP-2506-3944,22169,2025-06-12,2025-09-10,Y
CP-2509-3945,22169,2025-09-11,2025-10-11,N
CP-2512-3946,22169,2025-12-19,2026-01-18,Y
CP-2510-3947,22169,2025-10-03,2025-11-02,N
CP-2607-3948,22170,2026-07-30,2026-08-13,N
CP-2608-3949,22170,2026-08-14,2026-09-13,N
CP-2608-3950,22170,2026-08-14,2026-08-28,N
CP-2604-3951,22171,2026-04-25,2026-07-24,N
CP-2607-3952,22171,2026-07-14,2026-10-12,N
CP-2509-3953,22174,2025-09-21,2025-10-21,Y
CP-2608-3954,22175,2026-08-26,2026-09-09,Y
CP-2607-3955,22175,2026-07-10,2026-08-09,N
CP-2507-3956,22176,2025-07-14,2025-10-12,Y
CP-2507-3957,22176,2025-07-30,2025-09-28,Y
CP-2510-3958,22176,2025-10-03,2025-11-02,Y
CP-2601-3959,22177,2026-01-04,2026-03-05,N
CP-2601-3960,22178,2026-01-10,2026-04-10,N
CP-2605-3961,22178,2026-05-26,2026-06-25,Y
CP-2510-3962,22178,2025-10-02,2025-11-01,Y
CP-2607-3963,22178,2026-07-05,2026-09-03,N
CP-2601-3964,22179,2026-01-05,2026-01-19,N
CP-2504-3965,22179,2025-04-06,2025-07-05,Y
CP-2608-3966,22181,2026-08-01,2026-08-31,Y
CP-2608-3967,22181,2026-08-05,2026-09-04,N
CP-2607-3968,22182,2026-07-22,2026-08-05,N
CP-2506-3969,22182,2025-06-13,2025-07-13,Y
CP-2606-3970,22184,2026-06-20,2026-09-18,N
CP-2608-3971,22184,2026-08-30,2026-11-28,N
CP-2606-3972,22184,2026-06-27,2026-07-27,Y
CP-2606-3973,22184,2026-06-23,2026-09-21,N
CP-2606-3974,22184,2026-06-29,2026-07-13,Y
CP-2505-3975,22185,2025-05-13,2025-08-11,Y
CP-2411-3976,22185,2024-11-10,2024-11-24,N
CP-2604-3977,22185,2026-04-15,2026-06-14,Y
CP-2504-3978,22187,2025-04-20,2025-07-19,N
CP-2602-3979,22187,2026-02-02,2026-04-03,Y
CP-2503-3980,22187,2025-03-20,2025-04-19,N
CP-2607-3981,22188,2026-07-13,2026-09-11,N
CP-2511-3982,22189,2025-11-29,2026-01-28,Y
CP-2609-3983,22189,2026-09-01,2026-10-01,N
CP-2501-3984,22190,2025-01-02,2025-02-01,Y
CP-2606-3985,22190,2026-06-10,2026-08-09,N
CP-2508-3986,22191,2025-08-02,2025-09-01,N
CP-2505-3987,22191,2025-05-02,2025-07-31,N
CP-2512-3988,22191,2025-12-02,2026-01-01,Y
CP-2511-3989,22191,2025-11-20,2026-01-19,N
CP-2507-3990,22191,2025-07-14,2025-08-13,Y
CP-2605-3991,22193,2026-05-13,2026-05-27,N
CP-2602-3992,22193,2026-02-01,2026-05-02,N
CP-2602-3993,22197,2026-02-18,2026-03-20,N
CP-2504-3994,22199,2025-04-17,2025-05-17,N
CP-2607-3995,22200,2026-07-15,2026-08-14,N
CP-2510-3996,22200,2025-10-16,2025-11-15,N
CP-2511-3997,22200,2025-11-28,2025-12-28,N
CP-2605-3998,22200,2026-05-07,2026-05-21,Y
CP-2608-3999,22201,2026-08-11,2026-11-09,N
CP-2601-4000,22203,2026-01-09,2026-04-09,N
CP-2603-4001,22204,2026-03-13,2026-05-12,N
CP-2608-4002,22205,2026-08-28,2026-11-26,N
CP-2605-4003,22205,2026-05-16,2026-06-15,Y
CP-2412-4004,22205,2024-12-06,2025-02-04,Y
CP-2608-4005,22207,2026-08-31,2026-11-29,N
CP-2607-4006,22207,2026-07-09,2026-10-07,Y
CP-2603-4007,22207,2026-03-07,2026-06-05,Y
CP-2602-4008,22208,2026-02-18,2026-05-19,N
CP-2511-4009,22208,2025-11-18,2025-12-02,Y
CP-2511-4010,22208,2025-11-01,2025-12-31,N
CP-2508-4011,22208,2025-08-01,2025-08-31,N
CP-2606-4012,22209,2026-06-04,2026-09-02,N
CP-2608-4013,22211,2026-08-06,2026-08-20,N
CP-2604-4014,22211,2026-04-06,2026-06-05,N
CP-2606-4015,22211,2026-06-19,2026-07-19,N
CP-2605-4016,22212,2026-05-18,2026-06-17,N
CP-2603-4017,22212,2026-03-29,2026-05-28,Y
CP-2606-4018,22212,2026-06-13,2026-09-11,N
CP-2606-4019,22212,2026-06-18,2026-08-17,N
CP-2608-4020,22213,2026-08-17,2026-11-15,N
CP-2608-4021,22213,2026-08-11,2026-08-25,Y
CP-2608-4022,22213,2026-08-30,2026-09-29,N
CP-2609-4023,22213,2026-09-01,2026-10-31,N
CP-2512-4024,22214,2025-12-09,2026-01-08,N
CP-2607-4025,22214,2026-07-24,2026-08-23,Y
CP-2607-4026,22214,2026-07-28,2026-10-26,N
CP-2511-4027,22214,2025-11-09,2026-01-08,Y
CP-2602-4028,22215,2026-02-13,2026-02-27,N
CP-2601-4029,22216,2026-01-22,2026-03-23,Y
CP-2602-4030,22216,2026-02-15,2026-03-17,N
CP-2607-4031,22218,2026-07-17,2026-09-15,N
CP-2608-4032,22220,2026-08-23,2026-09-22,N
CP-2608-4033,22220,2026-08-24,2026-09-23,N
CP-2608-4034,22220,2026-08-15,2026-09-14,Y
CP-2606-4035,22220,2026-06-18,2026-07-02,N
CP-2608-4036,22221,2026-08-11,2026-09-10,N
CP-2604-4037,22223,2026-04-09,2026-05-09,Y
CP-2504-4038,22224,2025-04-28,2025-06-27,N
CP-2512-4039,22225,2025-12-07,2026-02-05,Y
CP-2506-4040,22229,2025-06-27,2025-07-27,Y
CP-2604-4041,22229,2026-04-30,2026-07-29,N
CP-2512-4042,22229,2025-12-30,2026-01-13,Y
CP-2310-4043,22229,2023-10-14,2023-11-13,Y
CP-2508-4044,22230,2025-08-02,2025-08-16,N
CP-2508-4045,22230,2025-08-24,2025-09-23,Y
CP-2604-4046,22230,2026-04-27,2026-05-11,N
CP-2608-4047,22230,2026-08-23,2026-09-22,N
CP-2608-4048,22230,2026-08-01,2026-08-15,Y
CP-2601-4049,22231,2026-01-14,2026-02-13,Y
CP-2511-4050,22231,2025-11-10,2026-02-08,N
CP-2511-4051,22231,2025-11-25,2026-02-23,N
CP-2602-4052,22231,2026-02-24,2026-05-25,N
CP-2408-4053,22232,2024-08-21,2024-09-04,Y
CP-2603-4054,22233,2026-03-26,2026-06-24,Y
CP-2608-4055,22233,2026-08-13,2026-09-12,N
CP-2603-4056,22233,2026-03-24,2026-04-23,N
CP-2601-4057,22234,2026-01-27,2026-02-26,N
CP-2511-4058,22235,2025-11-13,2026-01-12,N
CP-2602-4059,22235,2026-02-19,2026-03-21,N
CP-2308-4060,22236,2023-08-21,2023-11-19,N
CP-2604-4061,22237,2026-04-10,2026-07-09,Y
CP-2603-4062,22237,2026-03-30,2026-06-28,N
CP-2511-4063,22238,2025-11-13,2026-01-12,Y
CP-2507-4064,22239,2025-07-07,2025-10-05,N
CP-2605-4065,22242,2026-05-21,2026-06-20,Y
CP-2607-4066,22244,2026-07-02,2026-09-30,N
CP-2604-4067,22244,2026-04-20,2026-06-19,Y
CP-2605-4068,22244,2026-05-21,2026-06-20,Y
CP-2607-4069,22245,2026-07-30,2026-08-13,N
CP-2409-4070,22247,2024-09-06,2024-09-20,N
CP-2602-4071,22247,2026-02-22,2026-04-23,N
CP-2608-4072,22248,2026-08-26,2026-10-25,N
CP-2606-4073,22250,2026-06-01,2026-06-15,Y
CP-2608-4074,22250,2026-08-24,2026-09-23,N
CP-2607-4075,22251,2026-07-14,2026-10-12,N
CP-2608-4076,22251,2026-08-09,2026-08-23,Y
CP-2608-4077,22251,2026-08-14,2026-08-28,Y
CP-2606-4078,22251,2026-06-23,2026-07-23,N
CP-2507-4079,22251,2025-07-30,2025-08-29,N
CP-2512-4080,22252,2025-12-24,2026-01-07,Y
CP-2507-4081,22252,2025-07-22,2025-08-21,Y
CP-2606-4082,22252,2026-06-06,2026-09-04,N
CP-2605-4083,22253,2026-05-27,2026-06-26,N
CP-2507-4084,22253,2025-07-04,2025-08-03,N
CP-2609-4085,22255,2026-09-01,2026-09-15,N
CP-2608-4086,22257,2026-08-08,2026-09-07,Y
CP-2508-4087,22257,2025-08-16,2025-08-30,N
CP-2604-4088,22257,2026-04-26,2026-06-25,Y
CP-2607-4089,22258,2026-07-22,2026-08-21,Y
CP-2607-4090,22258,2026-07-12,2026-09-10,Y
CP-2607-4091,22258,2026-07-27,2026-10-25,N
CP-2411-4092,22259,2024-11-09,2024-11-23,N
CP-2607-4093,22259,2026-07-28,2026-08-27,N
CP-2605-4094,22259,2026-05-04,2026-08-02,Y
CP-2510-4095,22261,2025-10-17,2025-11-16,N
CP-2604-4096,22261,2026-04-01,2026-05-31,N
CP-2606-4097,22261,2026-06-29,2026-07-13,Y
CP-2606-4098,22262,2026-06-06,2026-08-05,N
CP-2608-4099,22264,2026-08-09,2026-10-08,N
CP-2607-4100,22264,2026-07-24,2026-08-07,Y
CP-2412-4101,22266,2024-12-25,2025-01-24,N
CP-2501-4102,22266,2025-01-18,2025-02-01,N
CP-2606-4103,22266,2026-06-20,2026-08-19,Y
CP-2608-4104,22269,2026-08-27,2026-09-10,N
CP-2606-4105,22270,2026-06-17,2026-07-01,N
CP-2606-4106,22270,2026-06-09,2026-08-08,Y
CP-2501-4107,22271,2025-01-04,2025-04-04,N
CP-2603-4108,22271,2026-03-18,2026-04-01,Y
CP-2606-4109,22271,2026-06-27,2026-07-27,N
CP-2512-4110,22272,2025-12-05,2026-03-05,N
CP-2603-4111,22272,2026-03-17,2026-04-16,N
CP-2508-4112,22273,2025-08-22,2025-11-20,Y
CP-2511-4113,22273,2025-11-03,2026-01-02,Y
CP-2607-4114,22273,2026-07-31,2026-09-29,Y
CP-2609-4115,22274,2026-09-01,2026-10-31,N
CP-2608-4116,22274,2026-08-28,2026-09-11,N
CP-2609-4117,22274,2026-09-02,2026-10-02,N
CP-2609-4118,22275,2026-09-03,2026-12-02,N
CP-2608-4119,22275,2026-08-26,2026-11-24,N
CP-2607-4120,22277,2026-07-29,2026-09-27,N
CP-2512-4121,22277,2025-12-04,2026-02-02,Y
CP-2604-4122,22278,2026-04-13,2026-05-13,N
CP-2512-4123,22278,2025-12-08,2026-01-07,N
CP-2407-4124,22278,2024-07-20,2024-08-03,N
CP-2508-4125,22279,2025-08-20,2025-11-18,Y
CP-2508-4126,22279,2025-08-18,2025-11-16,N
CP-2502-4127,22279,2025-02-14,2025-05-15,N
CP-2512-4128,22279,2025-12-06,2025-12-20,Y
CP-2605-4129,22280,2026-05-04,2026-05-18,N
CP-2604-4130,22282,2026-04-26,2026-06-25,N
CP-2506-4131,22282,2025-06-16,2025-09-14,N
CP-2510-4132,22282,2025-10-05,2025-11-04,Y
CP-2603-4133,22282,2026-03-01,2026-03-15,N
CP-2512-4134,22283,2025-12-28,2026-01-27,N
CP-2608-4135,22283,2026-08-08,2026-09-07,N
CP-2608-4136,22284,2026-08-17,2026-08-31,Y
CP-2608-4137,22284,2026-08-08,2026-09-07,N
CP-2607-4138,22285,2026-07-16,2026-10-14,N
CP-2509-4139,22285,2025-09-26,2025-11-25,N
CP-2504-4140,22286,2025-04-21,2025-05-21,N
CP-2310-4141,22286,2023-10-22,2023-11-05,N
CP-2608-4142,22287,2026-08-02,2026-10-31,N
CP-2607-4143,22287,2026-07-26,2026-09-24,N
CP-2608-4144,22287,2026-08-07,2026-08-21,Y
CP-2606-4145,22288,2026-06-30,2026-07-30,N
CP-2507-4146,22288,2025-07-16,2025-08-15,N
CP-2401-4147,22291,2024-01-06,2024-03-06,N
CP-2608-4148,22292,2026-08-25,2026-09-24,N
CP-2604-4149,22293,2026-04-21,2026-07-20,N
CP-2602-4150,22294,2026-02-21,2026-03-23,N
CP-2605-4151,22296,2026-05-15,2026-06-14,N
CP-2604-4152,22296,2026-04-19,2026-07-18,Y
CP-2606-4153,22296,2026-06-05,2026-07-05,N
CP-2609-4154,22297,2026-09-02,2026-11-01,Y
CP-2508-4155,22298,2025-08-24,2025-09-07,N
CP-2608-4156,22300,2026-08-28,2026-10-27,N
CP-2608-4157,22300,2026-08-30,2026-11-28,N
CP-2506-4158,22301,2025-06-27,2025-07-11,Y
CP-2605-4159,22301,2026-05-20,2026-06-19,Y
CP-2601-4160,22301,2026-01-15,2026-02-14,N
CP-2608-4161,22301,2026-08-09,2026-09-08,Y
CP-2607-4162,22303,2026-07-09,2026-08-08,N
CP-2506-4163,22306,2025-06-28,2025-07-28,N
CP-2507-4164,22306,2025-07-27,2025-10-25,N
CP-2605-4165,22308,2026-05-04,2026-07-03,Y
CP-2608-4166,22308,2026-08-05,2026-09-04,N
CP-2605-4167,22309,2026-05-21,2026-07-20,Y
CP-2604-4168,22309,2026-04-06,2026-06-05,N
CP-2608-4169,22309,2026-08-11,2026-09-10,N
CP-2501-4170,22310,2025-01-31,2025-03-02,Y
CP-2602-4171,22312,2026-02-20,2026-03-22,Y
CP-2601-4172,22312,2026-01-11,2026-03-12,Y
CP-2603-4173,22312,2026-03-22,2026-05-21,Y
CP-2503-4174,22312,2025-03-15,2025-04-14,N
CP-2407-4175,22313,2024-07-27,2024-08-26,N
CP-2407-4176,22314,2024-07-06,2024-09-04,N
CP-2606-4177,22315,2026-06-24,2026-08-23,Y
CP-2602-4178,22318,2026-02-09,2026-04-10,Y
CP-2603-4179,22318,2026-03-28,2026-04-11,Y
CP-2601-4180,22318,2026-01-12,2026-01-26,N
CP-2605-4181,22318,2026-05-23,2026-08-21,Y
CP-2608-4182,22319,2026-08-28,2026-09-11,N
CP-2606-4183,22319,2026-06-28,2026-08-27,N
CP-2608-4184,22319,2026-08-04,2026-09-03,Y
CP-2608-4185,22319,2026-08-21,2026-09-20,N
CP-2606-4186,22319,2026-06-05,2026-09-03,N
CP-2511-4187,22320,2025-11-15,2025-11-29,N
CP-2505-4188,22320,2025-05-16,2025-08-14,N
CP-2603-4189,22321,2026-03-29,2026-04-28,N
CP-2601-4190,22321,2026-01-21,2026-02-20,N
CP-2508-4191,22321,2025-08-16,2025-09-15,N
CP-2504-4192,22321,2025-04-11,2025-04-25,N
CP-2605-4193,22321,2026-05-10,2026-07-09,Y
CP-2604-4194,22323,2026-04-04,2026-06-03,N
CP-2606-4195,22324,2026-06-14,2026-06-28,N
CP-2603-4196,22324,2026-03-05,2026-03-19,N
CP-2602-4197,22324,2026-02-13,2026-03-15,Y
CP-2607-4198,22326,2026-07-23,2026-09-21,N
CP-2608-4199,22326,2026-08-11,2026-08-25,N
CP-2607-4200,22326,2026-07-15,2026-08-14,Y
CP-2609-4201,22327,2026-09-03,2026-11-02,N
CP-2609-4202,22327,2026-09-02,2026-10-02,N
CP-2510-4203,22328,2025-10-22,2025-12-21,Y
CP-2603-4204,22328,2026-03-16,2026-03-30,N
CP-2401-4205,22328,2024-01-12,2024-04-11,N
CP-2404-4206,22328,2024-04-14,2024-07-13,Y
CP-2409-4207,22328,2024-09-10,2024-10-10,N
CP-2608-4208,22329,2026-08-25,2026-10-24,N
CP-2401-4209,22330,2024-01-06,2024-04-05,Y
CP-2607-4210,22331,2026-07-04,2026-07-18,N
CP-2602-4211,22332,2026-02-09,2026-02-23,N
CP-2607-4212,22332,2026-07-04,2026-09-02,N
CP-2609-4213,22335,2026-09-02,2026-10-02,N
CP-2608-4214,22335,2026-08-31,2026-09-30,N
CP-2609-4215,22335,2026-09-02,2026-11-01,N
CP-2609-4216,22335,2026-09-01,2026-09-15,N
CP-2512-4217,22336,2025-12-19,2026-03-19,N
CP-2609-4218,22337,2026-09-01,2026-11-30,Y
CP-2503-4219,22338,2025-03-13,2025-04-12,Y
CP-2501-4220,22338,2025-01-28,2025-02-11,N
CP-2506-4221,22339,2025-06-07,2025-06-21,N
CP-2503-4222,22339,2025-03-22,2025-04-05,Y
CP-2603-4223,22339,2026-03-14,2026-06-12,Y
CP-2602-4224,22340,2026-02-13,2026-03-15,N
CP-2603-4225,22341,2026-03-07,2026-06-05,Y
CP-2606-4226,22341,2026-06-01,2026-07-31,Y
CP-2602-4227,22342,2026-02-22,2026-04-23,Y
CP-2608-4228,22342,2026-08-01,2026-08-31,N
CP-2501-4229,22342,2025-01-07,2025-03-08,Y
CP-2509-4230,22344,2025-09-17,2025-10-17,N
CP-2602-4231,22344,2026-02-10,2026-04-11,Y
CP-2505-4232,22344,2025-05-24,2025-08-22,N
CP-2604-4233,22344,2026-04-22,2026-05-06,N
CP-2502-4234,22344,2025-02-10,2025-04-11,Y
CP-2602-4235,22345,2026-02-25,2026-03-27,N
CP-2605-4236,22345,2026-05-24,2026-07-23,N
CP-2603-4237,22345,2026-03-26,2026-06-24,N
CP-2602-4238,22345,2026-02-01,2026-03-03,N
CP-2608-4239,22346,2026-08-20,2026-09-19,N
CP-2511-4240,22346,2025-11-07,2026-02-05,N
CP-2510-4241,22346,2025-10-17,2025-11-16,N
CP-2602-4242,22346,2026-02-15,2026-03-17,Y
CP-2607-4243,22346,2026-07-26,2026-08-09,N
CP-2510-4244,22347,2025-10-30,2025-11-13,N
CP-2605-4245,22349,2026-05-14,2026-08-12,Y
CP-2601-4246,22349,2026-01-02,2026-04-02,N
CP-2607-4247,22349,2026-07-15,2026-08-14,N
CP-2511-4248,22349,2025-11-04,2025-12-04,N
CP-2606-4249,22350,2026-06-28,2026-07-12,Y
CP-2606-4250,22350,2026-06-24,2026-08-23,Y
CP-2601-4251,22350,2026-01-20,2026-02-03,Y
CP-2606-4252,22352,2026-06-11,2026-07-11,Y
CP-2603-4253,22352,2026-03-11,2026-05-10,N
CP-2606-4254,22353,2026-06-28,2026-07-28,N
CP-2601-4255,22356,2026-01-31,2026-02-14,N
CP-2508-4256,22357,2025-08-07,2025-09-06,N
CP-2602-4257,22357,2026-02-23,2026-03-25,N
CP-2508-4258,22358,2025-08-21,2025-09-04,Y
CP-2602-4259,22358,2026-02-01,2026-03-03,N
CP-2602-4260,22358,2026-02-17,2026-04-18,N
CP-2602-4261,22359,2026-02-09,2026-04-10,N
CP-2607-4262,22359,2026-07-13,2026-09-11,N
CP-2604-4263,22359,2026-04-17,2026-05-17,Y
CP-2602-4264,22359,2026-02-24,2026-05-25,N
CP-2512-4265,22360,2025-12-15,2026-01-14,N
CP-2507-4266,22361,2025-07-13,2025-08-12,N
CP-2607-4267,22361,2026-07-11,2026-10-09,N
CP-2604-4268,22362,2026-04-22,2026-06-21,Y
CP-2307-4269,22365,2023-07-06,2023-07-20,Y
CP-2309-4270,22366,2023-09-13,2023-09-27,N
CP-2401-4271,22366,2024-01-31,2024-03-01,N
CP-2509-4272,22366,2025-09-19,2025-10-19,Y
CP-2601-4273,22367,2026-01-12,2026-02-11,N
CP-2510-4274,22367,2025-10-21,2026-01-19,N
CP-2405-4275,22367,2024-05-03,2024-07-02,N
CP-2408-4276,22367,2024-08-19,2024-09-18,Y
CP-2305-4277,22367,2023-05-08,2023-06-07,Y
CP-2608-4278,22368,2026-08-02,2026-09-01,Y
CP-2608-4279,22369,2026-08-18,2026-09-01,N
CP-2608-4280,22371,2026-08-01,2026-08-31,N
CP-2605-4281,22371,2026-05-11,2026-07-10,Y
CP-2508-4282,22372,2025-08-18,2025-10-17,N
CP-2504-4283,22373,2025-04-21,2025-05-21,N
CP-2512-4284,22373,2025-12-25,2026-02-23,N
CP-2506-4285,22374,2025-06-30,2025-08-29,N
CP-2502-4286,22374,2025-02-23,2025-03-09,N
CP-2606-4287,22374,2026-06-30,2026-08-29,Y
CP-2607-4288,22375,2026-07-16,2026-09-14,N
CP-2606-4289,22376,2026-06-11,2026-07-11,N
CP-2605-4290,22376,2026-05-10,2026-06-09,Y
CP-2607-4291,22377,2026-07-07,2026-10-05,N
CP-2607-4292,22378,2026-07-03,2026-08-02,Y
CP-2607-4293,22378,2026-07-06,2026-07-20,N
CP-2608-4294,22378,2026-08-03,2026-09-02,Y
CP-2501-4295,22380,2025-01-10,2025-02-09,Y
CP-2602-4296,22382,2026-02-23,2026-03-25,Y
CP-2603-4297,22385,2026-03-24,2026-05-23,N
CP-2603-4298,22385,2026-03-31,2026-04-14,N
CP-2603-4299,22385,2026-03-24,2026-04-23,Y
CP-2601-4300,22385,2026-01-29,2026-02-12,N
CP-2607-4301,22387,2026-07-31,2026-08-14,Y
CP-2605-4302,22387,2026-05-29,2026-07-28,N
CP-2411-4303,22388,2024-11-21,2024-12-05,Y
CP-2601-4304,22388,2026-01-03,2026-04-03,N
CP-2605-4305,22388,2026-05-05,2026-05-19,Y
CP-2604-4306,22390,2026-04-20,2026-05-20,N
CP-2603-4307,22391,2026-03-29,2026-05-28,N
CP-2607-4308,22391,2026-07-28,2026-09-26,N
CP-2503-4309,22392,2025-03-31,2025-05-30,Y
CP-2512-4310,22393,2025-12-03,2026-02-01,N
CP-2608-4311,22393,2026-08-15,2026-10-14,N
CP-2605-4312,22394,2026-05-08,2026-06-07,N
CP-2511-4313,22395,2025-11-14,2025-12-14,N
CP-2601-4314,22396,2026-01-11,2026-02-10,N
CP-2608-4315,22396,2026-08-01,2026-08-31,Y
CP-2408-4316,22398,2024-08-02,2024-10-31,N
CP-2606-4317,22398,2026-06-02,2026-08-01,Y
CP-2602-4318,22399,2026-02-03,2026-04-04,Y
CP-2601-4319,22399,2026-01-27,2026-02-10,Y
CP-2509-4320,22399,2025-09-28,2025-12-27,N
CP-2608-4321,22400,2026-08-06,2026-09-05,N
CP-2512-4322,22401,2025-12-13,2026-01-12,N
CP-2608-4323,22402,2026-08-21,2026-10-20,Y
CP-2608-4324,22403,2026-08-13,2026-08-27,N
CP-2609-4325,22403,2026-09-03,2026-10-03,N
CP-2603-4326,22403,2026-03-19,2026-06-17,Y
CP-2608-4327,22404,2026-08-21,2026-11-19,N
CP-2510-4328,22404,2025-10-11,2025-11-10,Y
CP-2601-4329,22405,2026-01-03,2026-02-02,Y
CP-2604-4330,22405,2026-04-02,2026-06-01,N
CP-2607-4331,22406,2026-07-13,2026-08-12,N
CP-2510-4332,22407,2025-10-16,2025-12-15,Y
CP-2606-4333,22408,2026-06-26,2026-07-26,N
CP-2602-4334,22408,2026-02-07,2026-04-08,Y
CP-2608-4335,22408,2026-08-03,2026-09-02,N
CP-2608-4336,22409,2026-08-10,2026-09-09,N
CP-2605-4337,22410,2026-05-19,2026-06-02,N
CP-2504-4338,22410,2025-04-24,2025-06-23,Y
CP-2512-4339,22411,2025-12-19,2026-01-02,Y
CP-2608-4340,22411,2026-08-06,2026-10-05,N
CP-2603-4341,22411,2026-03-17,2026-06-15,Y
CP-2603-4342,22411,2026-03-08,2026-03-22,Y
CP-2510-4343,22411,2025-10-18,2026-01-16,N
CP-2505-4344,22412,2025-05-12,2025-06-11,N
CP-2608-4345,22414,2026-08-05,2026-08-19,Y
CP-2603-4346,22414,2026-03-19,2026-04-02,N
CP-2606-4347,22414,2026-06-28,2026-09-26,N
CP-2607-4348,22414,2026-07-14,2026-08-13,N
CP-2607-4349,22415,2026-07-12,2026-07-26,Y
CP-2608-4350,22416,2026-08-18,2026-09-01,Y
CP-2402-4351,22416,2024-02-27,2024-05-27,N
CP-2603-4352,22418,2026-03-07,2026-04-06,Y
CP-2607-4353,22418,2026-07-24,2026-08-07,Y
CP-2608-4354,22419,2026-08-24,2026-09-23,N
CP-2606-4355,22419,2026-06-27,2026-07-11,Y
CP-2608-4356,22419,2026-08-03,2026-11-01,N
CP-2602-4357,22421,2026-02-03,2026-02-17,Y
CP-2601-4358,22421,2026-01-11,2026-03-12,Y
CP-2602-4359,22421,2026-02-05,2026-05-06,N
CP-2508-4360,22421,2025-08-21,2025-09-20,N
CP-2607-4361,22422,2026-07-03,2026-09-01,Y
CP-2604-4362,22422,2026-04-20,2026-05-04,N
CP-2605-4363,22422,2026-05-07,2026-06-06,N
CP-2602-4364,22423,2026-02-28,2026-04-29,N
CP-2606-4365,22423,2026-06-21,2026-07-21,N
CP-2604-4366,22424,2026-04-08,2026-04-22,Y
CP-2602-4367,22424,2026-02-26,2026-03-28,N
CP-2502-4368,22424,2025-02-13,2025-04-14,Y
CP-2604-4369,22424,2026-04-07,2026-06-06,N
CP-2605-4370,22426,2026-05-10,2026-08-08,N
CP-2602-4371,22427,2026-02-20,2026-03-06,N
CP-2511-4372,22428,2025-11-24,2026-02-22,N
CP-2607-4373,22429,2026-07-28,2026-09-26,Y
CP-2607-4374,22429,2026-07-29,2026-08-12,Y
CP-2606-4375,22430,2026-06-16,2026-07-16,N
CP-2411-4376,22431,2024-11-01,2024-12-01,Y
CP-2608-4377,22431,2026-08-20,2026-09-19,N
CP-2606-4378,22432,2026-06-03,2026-09-01,N
CP-2606-4379,22432,2026-06-24,2026-09-22,N
CP-2604-4380,22434,2026-04-07,2026-05-07,N
CP-2510-4381,22435,2025-10-29,2025-11-12,N
CP-2601-4382,22435,2026-01-04,2026-03-05,N
CP-2606-4383,22437,2026-06-24,2026-08-23,N
CP-2606-4384,22437,2026-06-17,2026-09-15,N
CP-2608-4385,22438,2026-08-24,2026-09-23,N
CP-2606-4386,22438,2026-06-15,2026-09-13,N
CP-2604-4387,22438,2026-04-25,2026-05-25,N
CP-2608-4388,22438,2026-08-02,2026-10-01,N
CP-2606-4389,22438,2026-06-20,2026-08-19,N
CP-2601-4390,22439,2026-01-24,2026-02-23,N
CP-2504-4391,22439,2025-04-08,2025-05-08,Y
CP-2502-4392,22439,2025-02-08,2025-05-09,N
CP-2509-4393,22440,2025-09-08,2025-09-22,Y
CP-2606-4394,22440,2026-06-24,2026-07-24,N
CP-2602-4395,22441,2026-02-12,2026-02-26,Y
CP-2605-4396,22441,2026-05-31,2026-06-30,Y
CP-2603-4397,22441,2026-03-16,2026-03-30,N
CP-2508-4398,22442,2025-08-06,2025-08-20,N
CP-2603-4399,22442,2026-03-15,2026-06-13,Y
CP-2501-4400,22442,2025-01-15,2025-03-16,Y
CP-2606-4401,22444,2026-06-15,2026-08-14,Y
CP-2512-4402,22445,2025-12-30,2026-02-28,N
CP-2608-4403,22445,2026-08-11,2026-10-10,Y
CP-2608-4404,22445,2026-08-19,2026-09-18,N
CP-2605-4405,22446,2026-05-06,2026-08-04,Y
CP-2509-4406,22447,2025-09-04,2025-10-04,N
CP-2408-4407,22447,2024-08-30,2024-10-29,Y
CP-2602-4408,22449,2026-02-23,2026-03-25,Y
CP-2601-4409,22451,2026-01-18,2026-02-17,Y
CP-2508-4410,22451,2025-08-17,2025-10-16,Y
CP-2604-4411,22452,2026-04-10,2026-04-24,Y
CP-2608-4412,22453,2026-08-21,2026-09-04,N
CP-2604-4413,22453,2026-04-10,2026-06-09,Y
CP-2412-4414,22454,2024-12-30,2025-01-29,N
CP-2506-4415,22454,2025-06-10,2025-07-10,Y
CP-2607-4416,22454,2026-07-08,2026-08-07,Y
CP-2602-4417,22454,2026-02-23,2026-03-09,Y
CP-2604-4418,22454,2026-04-17,2026-06-16,Y
CP-2505-4419,22456,2025-05-15,2025-07-14,Y
CP-2602-4420,22456,2026-02-08,2026-04-09,N
CP-2403-4421,22456,2024-03-15,2024-05-14,Y
CP-2602-4422,22458,2026-02-02,2026-02-16,Y
CP-2602-4423,22458,2026-02-02,2026-03-04,N
CP-2606-4424,22459,2026-06-03,2026-07-03,N
CP-2511-4425,22460,2025-11-14,2026-02-12,N
CP-2608-4426,22461,2026-08-19,2026-09-02,N
CP-2604-4427,22461,2026-04-16,2026-05-16,N
CP-2606-4428,22461,2026-06-04,2026-07-04,N
CP-2606-4429,22461,2026-06-16,2026-09-14,N
CP-2607-4430,22462,2026-07-12,2026-08-11,N
CP-2603-4431,22462,2026-03-28,2026-04-27,N
CP-2512-4432,22463,2025-12-27,2026-02-25,Y
CP-2608-4433,22463,2026-08-18,2026-10-17,N
CP-2601-4434,22464,2026-01-15,2026-02-14,Y
CP-2511-4435,22464,2025-11-08,2025-12-08,N
CP-2601-4436,22464,2026-01-13,2026-01-27,Y
CP-2511-4437,22464,2025-11-19,2025-12-19,Y
CP-2601-4438,22465,2026-01-06,2026-02-05,N
CP-2406-4439,22465,2024-06-28,2024-07-28,N
CP-2404-4440,22466,2024-04-28,2024-07-27,Y
CP-2608-4441,22467,2026-08-29,2026-09-28,Y
CP-2603-4442,22467,2026-03-10,2026-05-09,Y
CP-2609-4443,22467,2026-09-02,2026-11-01,N
CP-2508-4444,22467,2025-08-05,2025-09-04,N
CP-2605-4445,22468,2026-05-10,2026-08-08,N
CP-2604-4446,22468,2026-04-30,2026-06-29,N
CP-2608-4447,22468,2026-08-24,2026-11-22,N
CP-2606-4448,22468,2026-06-19,2026-07-03,N
CP-2607-4449,22469,2026-07-20,2026-08-03,N
CP-2512-4450,22469,2025-12-30,2026-01-29,Y
CP-2412-4451,22469,2024-12-10,2025-02-08,N
CP-2502-4452,22469,2025-02-13,2025-03-15,Y
CP-2606-4453,22470,2026-06-04,2026-07-04,N
CP-2606-4454,22471,2026-06-24,2026-09-22,N
CP-2608-4455,22472,2026-08-12,2026-08-26,N
CP-2608-4456,22472,2026-08-05,2026-08-19,N
CP-2608-4457,22473,2026-08-29,2026-09-28,N
CP-2608-4458,22473,2026-08-14,2026-10-13,N
CP-2608-4459,22473,2026-08-04,2026-09-03,N
CP-2608-4460,22475,2026-08-10,2026-10-09,N
CP-2608-4461,22475,2026-08-20,2026-09-19,N
CP-2606-4462,22475,2026-06-22,2026-08-21,N
CP-2512-4463,22477,2025-12-29,2026-02-27,N
CP-2608-4464,22477,2026-08-01,2026-09-30,Y
CP-2609-4465,22477,2026-09-01,2026-11-30,Y
CP-2607-4466,22479,2026-07-25,2026-08-08,N
CP-2608-4467,22479,2026-08-11,2026-08-25,Y
CP-2512-4468,22480,2025-12-04,2026-02-02,N
CP-2603-4469,22480,2026-03-13,2026-05-12,N
CP-2606-4470,22480,2026-06-16,2026-07-16,N
CP-2601-4471,22480,2026-01-25,2026-02-08,N
CP-2511-4472,22480,2025-11-11,2026-02-09,N
CP-2606-4473,22481,2026-06-29,2026-09-27,Y
CP-2508-4474,22481,2025-08-10,2025-11-08,N
CP-2603-4475,22481,2026-03-15,2026-05-14,Y
CP-2601-4476,22482,2026-01-30,2026-04-30,Y
CP-2507-4477,22482,2025-07-21,2025-08-20,N
CP-2604-4478,22483,2026-04-03,2026-05-03,N
CP-2504-4479,22483,2025-04-22,2025-05-22,Y
CP-2503-4480,22484,2025-03-29,2025-06-27,N
CP-2606-4481,22484,2026-06-07,2026-08-06,N
CP-2405-4482,22484,2024-05-01,2024-07-30,N
CP-2605-4483,22484,2026-05-29,2026-06-12,Y
CP-2511-4484,22484,2025-11-26,2025-12-26,Y
CP-2506-4485,22487,2025-06-05,2025-07-05,N
CP-2608-4486,22488,2026-08-02,2026-10-01,N
CP-2603-4487,22488,2026-03-22,2026-04-21,Y
CP-2608-4488,22488,2026-08-07,2026-10-06,Y
CP-2601-4489,22488,2026-01-10,2026-04-10,Y
CP-2605-4490,22489,2026-05-27,2026-06-10,N
CP-2605-4491,22491,2026-05-31,2026-08-29,N
CP-2602-4492,22491,2026-02-10,2026-03-12,N
CP-2509-4493,22492,2025-09-18,2025-10-18,N
CP-2509-4494,22493,2025-09-30,2025-11-29,Y
CP-2312-4495,22494,2023-12-23,2024-02-21,N
CP-2507-4496,22494,2025-07-01,2025-08-30,N
CP-2404-4497,22494,2024-04-16,2024-05-16,Y
CP-2411-4498,22494,2024-11-29,2025-01-28,N
CP-2604-4499,22497,2026-04-03,2026-07-02,N
CP-2606-4500,22499,2026-06-10,2026-08-09,N
CP-2512-4501,22500,2025-12-16,2026-01-15,N
CP-2608-4502,22501,2026-08-19,2026-09-02,Y
CP-2608-4503,22502,2026-08-26,2026-09-25,N
CP-2608-4504,22502,2026-08-22,2026-09-05,N
CP-2607-4505,22502,2026-07-17,2026-09-15,Y
CP-2508-4506,22504,2025-08-17,2025-08-31,N
CP-2606-4507,22505,2026-06-03,2026-09-01,N
CP-2602-4508,22505,2026-02-04,2026-02-18,N
CP-2604-4509,22505,2026-04-12,2026-05-12,N
CP-2508-4510,22505,2025-08-03,2025-09-02,Y
CP-2407-4511,22506,2024-07-04,2024-08-03,N
CP-2605-4512,22507,2026-05-10,2026-06-09,Y
CP-2604-4513,22507,2026-04-29,2026-05-29,N
CP-2511-4514,22507,2025-11-09,2026-01-08,Y
CP-2601-4515,22507,2026-01-28,2026-03-29,N
CP-2604-4516,22509,2026-04-16,2026-06-15,Y
CP-2608-4517,22509,2026-08-11,2026-09-10,N
CP-2605-4518,22510,2026-05-07,2026-07-06,Y
CP-2601-4519,22511,2026-01-01,2026-01-31,Y
CP-2508-4520,22511,2025-08-14,2025-10-13,Y
CP-2402-4521,22511,2024-02-22,2024-03-23,N
CP-2605-4522,22513,2026-05-01,2026-07-30,Y
CP-2603-4523,22513,2026-03-25,2026-05-24,N
CP-2510-4524,22513,2025-10-25,2025-11-08,N
CP-2601-4525,22513,2026-01-20,2026-02-19,Y
CP-2606-4526,22514,2026-06-04,2026-07-04,N
CP-2508-4527,22515,2025-08-11,2025-10-10,Y
CP-2601-4528,22515,2026-01-31,2026-05-01,N
CP-2410-4529,22515,2024-10-15,2024-11-14,N
CP-2503-4530,22516,2025-03-13,2025-05-12,N
CP-2606-4531,22519,2026-06-22,2026-08-21,Y
CP-2605-4532,22519,2026-05-24,2026-06-23,N
CP-2607-4533,22519,2026-07-26,2026-08-09,Y
CP-2609-4534,22520,2026-09-02,2026-10-02,N
CP-2608-4535,22521,2026-08-07,2026-08-21,Y
CP-2608-4536,22521,2026-08-28,2026-09-27,N
CP-2606-4537,22521,2026-06-10,2026-07-10,N
CP-2509-4538,22522,2025-09-04,2025-10-04,N
CP-2606-4539,22522,2026-06-15,2026-07-15,N
CP-2504-4540,22522,2025-04-18,2025-05-18,N
CP-2603-4541,22522,2026-03-08,2026-04-07,N
CP-2508-4542,22522,2025-08-20,2025-10-19,Y
CP-2607-4543,22523,2026-07-10,2026-08-09,N
CP-2601-4544,22523,2026-01-10,2026-03-11,N
CP-2510-4545,22523,2025-10-03,2025-12-02,N
CP-2604-4546,22524,2026-04-29,2026-05-29,N
CP-2603-4547,22524,2026-03-21,2026-04-04,Y
CP-2510-4548,22525,2025-10-13,2026-01-11,N
CP-2608-4549,22526,2026-08-24,2026-09-07,N
CP-2506-4550,22528,2025-06-02,2025-07-02,N
CP-2504-4551,22528,2025-04-04,2025-04-18,Y
CP-2308-4552,22528,2023-08-14,2023-08-28,N
CP-2510-4553,22529,2025-10-28,2025-11-11,Y
CP-2509-4554,22529,2025-09-07,2025-12-06,Y
CP-2604-4555,22530,2026-04-15,2026-05-15,N
CP-2605-4556,22531,2026-05-25,2026-06-24,Y
CP-2512-4557,22531,2025-12-09,2026-01-08,Y
CP-2607-4558,22531,2026-07-21,2026-08-04,N
CP-2604-4559,22531,2026-04-29,2026-05-29,Y
CP-2512-4560,22531,2025-12-06,2025-12-20,N
CP-2608-4561,22532,2026-08-23,2026-10-22,N
CP-2309-4562,22532,2023-09-04,2023-11-03,Y
CP-2501-4563,22532,2025-01-28,2025-04-28,N
CP-2608-4564,22534,2026-08-06,2026-11-04,N
CP-2608-4565,22535,2026-08-05,2026-08-19,N
CP-2608-4566,22535,2026-08-19,2026-10-18,N
CP-2606-4567,22536,2026-06-11,2026-06-25,Y
CP-2608-4568,22536,2026-08-09,2026-11-07,N
CP-2607-4569,22537,2026-07-12,2026-08-11,N
CP-2607-4570,22538,2026-07-16,2026-07-30,Y
CP-2603-4571,22539,2026-03-30,2026-04-13,Y
CP-2609-4572,22540,2026-09-03,2026-10-03,N
CP-2609-4573,22540,2026-09-01,2026-10-01,Y
CP-2608-4574,22540,2026-08-31,2026-09-30,N
CP-2609-4575,22540,2026-09-02,2026-09-16,N
CP-2608-4576,22540,2026-08-30,2026-09-13,Y
CP-2603-4577,22543,2026-03-29,2026-05-28,N
CP-2607-4578,22543,2026-07-04,2026-09-02,Y
CP-2609-4579,22544,2026-09-02,2026-11-01,N
CP-2510-4580,22544,2025-10-04,2025-12-03,Y
CP-2608-4581,22545,2026-08-31,2026-09-30,N
CP-2604-4582,22547,2026-04-16,2026-05-16,N
CP-2509-4583,22547,2025-09-25,2025-10-25,Y
CP-2605-4584,22548,2026-05-15,2026-05-29,N
CP-2508-4585,22548,2025-08-03,2025-10-02,N
CP-2511-4586,22548,2025-11-11,2026-01-10,Y
CP-2606-4587,22548,2026-06-23,2026-07-23,N
CP-2412-4588,22548,2024-12-24,2025-01-23,N
CP-2409-4589,22549,2024-09-12,2024-10-12,Y
CP-2602-4590,22549,2026-02-27,2026-05-28,N
CP-2601-4591,22549,2026-01-14,2026-01-28,Y
CP-2510-4592,22549,2025-10-08,2025-10-22,Y
CP-2606-4593,22549,2026-06-18,2026-09-16,N
CP-2607-4594,22551,2026-07-04,2026-09-02,N
CP-2511-4595,22551,2025-11-18,2026-01-17,Y
CP-2508-4596,22552,2025-08-31,2025-09-30,N
CP-2509-4597,22554,2025-09-25,2025-10-25,Y
CP-2312-4598,22554,2023-12-06,2023-12-20,N
CP-2510-4599,22556,2025-10-16,2025-11-15,N
CP-2505-4600,22556,2025-05-22,2025-06-21,N
CP-2606-4601,22556,2026-06-11,2026-07-11,Y
CP-2609-4602,22558,2026-09-03,2026-12-02,N
CP-2608-4603,22558,2026-08-25,2026-09-08,N
CP-2608-4604,22558,2026-08-28,2026-09-27,Y
CP-2601-4605,22559,2026-01-21,2026-02-20,Y
CP-2601-4606,22560,2026-01-03,2026-04-03,N
CP-2503-4607,22560,2025-03-07,2025-04-06,N
CP-2605-4608,22561,2026-05-15,2026-06-14,Y
CP-2603-4609,22561,2026-03-08,2026-03-22,Y
CP-2602-4610,22561,2026-02-12,2026-02-26,Y
CP-2606-4611,22561,2026-06-02,2026-08-31,N
CP-2608-4612,22561,2026-08-14,2026-08-28,N
CP-2511-4613,22562,2025-11-05,2025-12-05,N
CP-2508-4614,22562,2025-08-31,2025-09-30,Y
CP-2608-4615,22562,2026-08-20,2026-09-19,N
CP-2511-4616,22562,2025-11-27,2025-12-27,N
CP-2606-4617,22562,2026-06-28,2026-08-27,N
CP-2501-4618,22564,2025-01-16,2025-01-30,N
CP-2512-4619,22564,2025-12-24,2026-02-22,N
CP-2608-4620,22564,2026-08-29,2026-09-28,N
CP-2608-4621,22565,2026-08-22,2026-10-21,N
CP-2608-4622,22565,2026-08-08,2026-09-07,N
CP-2608-4623,22565,2026-08-29,2026-09-12,N
CP-2601-4624,22566,2026-01-06,2026-02-05,N
CP-2604-4625,22567,2026-04-30,2026-06-29,N
CP-2507-4626,22567,2025-07-27,2025-08-10,N
CP-2607-4627,22567,2026-07-12,2026-10-10,N
CP-2507-4628,22567,2025-07-12,2025-10-10,Y
CP-2608-4629,22568,2026-08-13,2026-08-27,N
CP-2512-4630,22569,2025-12-27,2026-01-26,Y
CP-2512-4631,22569,2025-12-13,2026-02-11,Y
CP-2601-4632,22569,2026-01-14,2026-02-13,Y
CP-2607-4633,22569,2026-07-11,2026-08-10,N
CP-2410-4634,22569,2024-10-28,2024-11-27,Y
CP-2603-4635,22570,2026-03-24,2026-04-23,Y
CP-2606-4636,22571,2026-06-14,2026-08-13,N
CP-2510-4637,22571,2025-10-26,2025-11-09,N
CP-2603-4638,22571,2026-03-22,2026-05-21,N
CP-2604-4639,22572,2026-04-08,2026-07-07,N
CP-2403-4640,22573,2024-03-06,2024-05-05,N
CP-2608-4641,22574,2026-08-09,2026-08-23,N
CP-2601-4642,22574,2026-01-16,2026-04-16,Y
CP-2605-4643,22574,2026-05-06,2026-06-05,N
CP-2512-4644,22575,2025-12-26,2026-01-25,N
CP-2511-4645,22576,2025-11-22,2025-12-22,Y
CP-2503-4646,22576,2025-03-19,2025-04-18,Y
CP-2608-4647,22577,2026-08-29,2026-10-28,N
CP-2604-4648,22577,2026-04-24,2026-05-24,N
CP-2608-4649,22577,2026-08-23,2026-09-22,N
CP-2607-4650,22577,2026-07-16,2026-09-14,Y
CP-2507-4651,22579,2025-07-22,2025-08-21,Y
CP-2512-4652,22579,2025-12-05,2026-01-04,N
CP-2603-4653,22579,2026-03-03,2026-04-02,N
CP-2602-4654,22579,2026-02-20,2026-03-22,Y
CP-2511-4655,22580,2025-11-27,2025-12-11,Y
CP-2606-4656,22583,2026-06-27,2026-08-26,Y
CP-2502-4657,22583,2025-02-06,2025-03-08,Y
CP-2607-4658,22583,2026-07-11,2026-08-10,N
CP-2607-4659,22583,2026-07-02,2026-08-01,N
CP-2506-4660,22583,2025-06-08,2025-07-08,Y
CP-2605-4661,22584,2026-05-27,2026-06-10,N
CP-2512-4662,22584,2025-12-06,2026-02-04,Y
CP-2511-4663,22585,2025-11-09,2025-12-09,Y
CP-2503-4664,22586,2025-03-27,2025-05-26,Y
CP-2504-4665,22587,2025-04-05,2025-05-05,N
CP-2509-4666,22587,2025-09-23,2025-10-07,Y
CP-2605-4667,22587,2026-05-02,2026-06-01,N
CP-2606-4668,22587,2026-06-04,2026-06-18,N
CP-2606-4669,22588,2026-06-29,2026-07-29,N
CP-2608-4670,22588,2026-08-25,2026-10-24,N
CP-2509-4671,22589,2025-09-09,2025-09-23,N
CP-2606-4672,22590,2026-06-05,2026-09-03,N
CP-2602-4673,22590,2026-02-09,2026-03-11,N
CP-2601-4674,22590,2026-01-22,2026-03-23,Y
CP-2507-4675,22590,2025-07-16,2025-07-30,N
CP-2605-4676,22590,2026-05-13,2026-06-12,N
CP-2512-4677,22591,2025-12-11,2026-03-11,Y
CP-2603-4678,22592,2026-03-27,2026-04-26,Y
CP-2607-4679,22594,2026-07-20,2026-10-18,N
CP-2608-4680,22594,2026-08-06,2026-11-04,N
CP-2608-4681,22595,2026-08-25,2026-09-24,N
CP-2608-4682,22595,2026-08-16,2026-09-15,N
CP-2608-4683,22595,2026-08-20,2026-09-03,N
CP-2608-4684,22595,2026-08-28,2026-09-27,N
CP-2607-4685,22597,2026-07-04,2026-09-02,N
CP-2607-4686,22597,2026-07-17,2026-07-31,Y
CP-2608-4687,22598,2026-08-23,2026-09-22,N
CP-2608-4688,22598,2026-08-16,2026-09-15,N
CP-2608-4689,22599,2026-08-12,2026-09-11,N
CP-2608-4690,22599,2026-08-25,2026-11-23,N
CP-2608-4691,22599,2026-08-09,2026-09-08,N
CP-2608-4692,22602,2026-08-16,2026-08-30,Y
CP-2608-4693,22605,2026-08-06,2026-10-05,N
CP-2606-4694,22605,2026-06-23,2026-08-22,N
CP-2608-4695,22605,2026-08-12,2026-09-11,Y
CP-2403-4696,22607,2024-03-13,2024-06-11,Y
CP-2607-4697,22607,2026-07-02,2026-08-01,Y
CP-2512-4698,22608,2025-12-19,2026-02-17,N
CP-2602-4699,22609,2026-02-09,2026-03-11,Y
CP-2605-4700,22609,2026-05-30,2026-06-29,Y
CP-2508-4701,22610,2025-08-24,2025-09-23,N
CP-2512-4702,22611,2025-12-31,2026-01-14,N
CP-2504-4703,22612,2025-04-10,2025-04-24,N
CP-2606-4704,22613,2026-06-07,2026-06-21,Y
CP-2608-4705,22614,2026-08-18,2026-09-17,N
CP-2603-4706,22615,2026-03-23,2026-04-06,N
CP-2608-4707,22616,2026-08-22,2026-11-20,N
CP-2607-4708,22616,2026-07-04,2026-08-03,N
CP-2510-4709,22617,2025-10-02,2025-12-31,N
CP-2511-4710,22618,2025-11-28,2026-02-26,N
CP-2605-4711,22619,2026-05-09,2026-07-08,N
CP-2305-4712,22619,2023-05-06,2023-06-05,N
CP-2507-4713,22619,2025-07-29,2025-10-27,N
CP-2507-4714,22620,2025-07-05,2025-09-03,Y
CP-2505-4715,22620,2025-05-20,2025-06-19,N
CP-2602-4716,22620,2026-02-25,2026-03-11,Y
CP-2511-4717,22621,2025-11-27,2026-02-25,Y
CP-2602-4718,22621,2026-02-17,2026-03-19,N
CP-2504-4719,22621,2025-04-17,2025-07-16,N
CP-2605-4720,22621,2026-05-23,2026-07-22,Y
CP-2605-4721,22621,2026-05-25,2026-08-23,N
CP-2509-4722,22622,2025-09-05,2025-09-19,Y
CP-2508-4723,22622,2025-08-20,2025-09-19,Y
CP-2508-4724,22622,2025-08-31,2025-09-30,N
CP-2608-4725,22622,2026-08-06,2026-09-05,N
CP-2608-4726,22623,2026-08-16,2026-11-14,N
CP-2608-4727,22623,2026-08-12,2026-09-11,N
CP-2608-4728,22623,2026-08-14,2026-10-13,N
CP-2608-4729,22623,2026-08-27,2026-09-26,N
CP-2608-4730,22623,2026-08-22,2026-10-21,N
CP-2606-4731,22624,2026-06-30,2026-07-30,Y
CP-2608-4732,22624,2026-08-22,2026-09-21,N
CP-2508-4733,22624,2025-08-11,2025-09-10,N
CP-2608-4734,22625,2026-08-07,2026-09-06,N
CP-2505-4735,22625,2025-05-13,2025-06-12,Y
CP-2608-4736,22626,2026-08-08,2026-09-07,N
CP-2608-4737,22626,2026-08-26,2026-11-24,N
CP-2608-4738,22626,2026-08-26,2026-09-25,Y
CP-2608-4739,22626,2026-08-30,2026-09-13,N
CP-2607-4740,22627,2026-07-08,2026-10-06,N
CP-2606-4741,22627,2026-06-16,2026-09-14,N
CP-2311-4742,22628,2023-11-27,2024-01-26,Y
CP-2501-4743,22629,2025-01-23,2025-04-23,Y
CP-2507-4744,22630,2025-07-03,2025-08-02,N
CP-2604-4745,22630,2026-04-16,2026-06-15,N
CP-2603-4746,22630,2026-03-04,2026-05-03,Y
CP-2603-4747,22631,2026-03-16,2026-04-15,N
CP-2608-4748,22632,2026-08-11,2026-08-25,Y
CP-2608-4749,22632,2026-08-14,2026-11-12,N
CP-2603-4750,22633,2026-03-30,2026-04-13,N
CP-2607-4751,22633,2026-07-31,2026-08-30,Y
CP-2608-4752,22633,2026-08-17,2026-10-16,N
CP-2607-4753,22634,2026-07-19,2026-09-17,N
CP-2511-4754,22635,2025-11-13,2026-01-12,N
CP-2410-4755,22636,2024-10-12,2025-01-10,N
CP-2604-4756,22637,2026-04-13,2026-04-27,Y
CP-2508-4757,22638,2025-08-20,2025-10-19,Y
CP-2605-4758,22638,2026-05-25,2026-08-23,Y
CP-2509-4759,22638,2025-09-14,2025-11-13,Y
CP-2608-4760,22641,2026-08-18,2026-09-01,N
CP-2608-4761,22641,2026-08-08,2026-11-06,N
CP-2608-4762,22641,2026-08-04,2026-10-03,N
CP-2512-4763,22643,2025-12-28,2026-03-28,N
CP-2606-4764,22643,2026-06-16,2026-08-15,N
CP-2504-4765,22645,2025-04-02,2025-06-01,N
CP-2605-4766,22645,2026-05-01,2026-07-30,N
CP-2512-4767,22645,2025-12-11,2026-01-10,N
CP-2607-4768,22646,2026-07-21,2026-08-04,Y
CP-2605-4769,22646,2026-05-22,2026-07-21,Y
CP-2512-4770,22648,2025-12-26,2026-01-25,N
CP-2606-4771,22648,2026-06-12,2026-07-12,Y
CP-2603-4772,22648,2026-03-19,2026-04-18,Y
CP-2606-4773,22650,2026-06-26,2026-07-26,Y
CP-2510-4774,22651,2025-10-14,2025-11-13,Y
CP-2608-4775,22652,2026-08-24,2026-10-23,Y
CP-2409-4776,22653,2024-09-10,2024-09-24,Y
CP-2603-4777,22653,2026-03-23,2026-05-22,N
CP-2606-4778,22654,2026-06-30,2026-07-14,Y
CP-2607-4779,22654,2026-07-29,2026-08-28,Y
CP-2607-4780,22654,2026-07-19,2026-10-17,Y
CP-2608-4781,22654,2026-08-19,2026-09-18,N
CP-2607-4782,22654,2026-07-20,2026-08-03,N
CP-2604-4783,22655,2026-04-30,2026-05-14,Y
CP-2602-4784,22655,2026-02-26,2026-03-28,N
CP-2501-4785,22656,2025-01-13,2025-02-12,N
CP-2410-4786,22660,2024-10-30,2024-11-29,N
CP-2607-4787,22661,2026-07-16,2026-07-30,N
CP-2604-4788,22661,2026-04-17,2026-05-17,N
CP-2501-4789,22662,2025-01-31,2025-02-14,N
CP-2512-4790,22662,2025-12-03,2026-02-01,Y
CP-2607-4791,22662,2026-07-25,2026-09-23,N
CP-2607-4792,22664,2026-07-25,2026-10-23,N
CP-2609-4793,22664,2026-09-02,2026-10-02,N
CP-2608-4794,22664,2026-08-13,2026-09-12,N
CP-2608-4795,22664,2026-08-11,2026-10-10,N
CP-2603-4796,22666,2026-03-24,2026-06-22,N
CP-2410-4797,22668,2024-10-01,2024-10-31,Y
CP-2510-4798,22668,2025-10-30,2025-11-29,Y
CP-2510-4799,22668,2025-10-20,2025-12-19,N
CP-2412-4800,22669,2024-12-27,2025-01-10,N
CP-2605-4801,22669,2026-05-11,2026-06-10,N
CP-2510-4802,22669,2025-10-06,2025-12-05,Y
CP-2504-4803,22669,2025-04-19,2025-07-18,N
CP-2604-4804,22670,2026-04-01,2026-05-31,N
CP-2606-4805,22670,2026-06-28,2026-09-26,N
CP-2608-4806,22671,2026-08-20,2026-11-18,N
CP-2507-4807,22673,2025-07-22,2025-08-21,Y
CP-2602-4808,22674,2026-02-06,2026-03-08,N
CP-2506-4809,22674,2025-06-24,2025-07-08,N
CP-2605-4810,22675,2026-05-03,2026-07-02,Y
CP-2510-4811,22675,2025-10-18,2026-01-16,N
CP-2510-4812,22675,2025-10-24,2026-01-22,N
CP-2307-4813,22676,2023-07-29,2023-08-12,Y
CP-2605-4814,22676,2026-05-20,2026-06-03,N
CP-2605-4815,22676,2026-05-25,2026-06-08,N
CP-2607-4816,22677,2026-07-18,2026-08-17,N
CP-2607-4817,22677,2026-07-26,2026-10-24,N
CP-2512-4818,22678,2025-12-05,2026-03-05,Y
CP-2608-4819,22678,2026-08-13,2026-08-27,N
CP-2607-4820,22678,2026-07-27,2026-08-26,N
CP-2606-4821,22678,2026-06-15,2026-09-13,N
CP-2512-4822,22678,2025-12-04,2026-03-04,N
CP-2309-4823,22679,2023-09-18,2023-10-18,Y
CP-2412-4824,22680,2024-12-17,2025-01-16,Y
CP-2606-4825,22680,2026-06-24,2026-07-24,N
CP-2608-4826,22680,2026-08-12,2026-10-11,N
CP-2404-4827,22680,2024-04-05,2024-05-05,N
CP-2406-4828,22682,2024-06-01,2024-08-30,Y
CP-2608-4829,22682,2026-08-30,2026-11-28,N
CP-2306-4830,22682,2023-06-15,2023-07-15,Y
CP-2606-4831,22682,2026-06-12,2026-09-10,N
CP-2505-4832,22685,2025-05-28,2025-06-27,Y
CP-2603-4833,22686,2026-03-01,2026-03-31,N
CP-2607-4834,22687,2026-07-05,2026-07-19,Y
CP-2410-4835,22688,2024-10-04,2024-12-03,Y
CP-2603-4836,22688,2026-03-13,2026-03-27,Y
CP-2601-4837,22688,2026-01-06,2026-01-20,N
CP-2412-4838,22688,2024-12-02,2025-01-31,Y
CP-2602-4839,22688,2026-02-13,2026-02-27,N
CP-2604-4840,22690,2026-04-26,2026-05-26,N
CP-2605-4841,22690,2026-05-04,2026-06-03,N
CP-2511-4842,22691,2025-11-13,2025-12-13,N
CP-2507-4843,22692,2025-07-28,2025-08-11,Y
CP-2608-4844,22693,2026-08-19,2026-09-18,N
CP-2508-4845,22693,2025-08-04,2025-09-03,N
CP-2605-4846,22693,2026-05-23,2026-07-22,Y
CP-2603-4847,22694,2026-03-06,2026-06-04,N
CP-2511-4848,22695,2025-11-20,2026-01-19,N
CP-2606-4849,22696,2026-06-25,2026-08-24,Y
CP-2506-4850,22697,2025-06-24,2025-09-22,Y
CP-2608-4851,22697,2026-08-30,2026-09-29,N
CP-2603-4852,22698,2026-03-07,2026-04-06,N
CP-2607-4853,22698,2026-07-27,2026-08-26,N
CP-2508-4854,22699,2025-08-13,2025-09-12,N
CP-2607-4855,22700,2026-07-27,2026-10-25,N
CP-2608-4856,22700,2026-08-30,2026-10-29,N
CP-2608-4857,22703,2026-08-08,2026-09-07,N
CP-2609-4858,22703,2026-09-02,2026-11-01,N
CP-2608-4859,22703,2026-08-29,2026-11-27,N
CP-2608-4860,22703,2026-08-26,2026-10-25,N
CP-2401-4861,22704,2024-01-01,2024-01-31,N
CP-2607-4862,22705,2026-07-02,2026-08-31,N
CP-2605-4863,22705,2026-05-25,2026-08-23,Y
CP-2510-4864,22706,2025-10-22,2025-11-21,Y
CP-2504-4865,22706,2025-04-22,2025-07-21,N
CP-2601-4866,22706,2026-01-21,2026-02-20,N
CP-2505-4867,22706,2025-05-31,2025-07-30,N
CP-2607-4868,22708,2026-07-23,2026-08-22,Y
CP-2602-4869,22708,2026-02-23,2026-04-24,Y
CP-2606-4870,22708,2026-06-12,2026-07-12,Y
CP-2608-4871,22708,2026-08-11,2026-10-10,N
CP-2604-4872,22712,2026-04-16,2026-05-16,N
CP-2601-4873,22712,2026-01-30,2026-03-01,N
CP-2607-4874,22712,2026-07-20,2026-10-18,Y
CP-2309-4875,22713,2023-09-04,2023-11-03,N
CP-2301-4876,22713,2023-01-20,2023-04-20,N
CP-2410-4877,22713,2024-10-14,2024-11-13,N
CP-2507-4878,22714,2025-07-24,2025-09-22,N
CP-2606-4879,22714,2026-06-18,2026-07-18,N
CP-2512-4880,22714,2025-12-03,2026-03-03,Y
CP-2506-4881,22714,2025-06-23,2025-08-22,N
CP-2507-4882,22717,2025-07-08,2025-08-07,N
CP-2604-4883,22717,2026-04-20,2026-05-20,N
CP-2607-4884,22717,2026-07-31,2026-10-29,N
CP-2512-4885,22718,2025-12-01,2026-03-01,N
CP-2506-4886,22718,2025-06-23,2025-07-23,Y
CP-2510-4887,22719,2025-10-01,2025-10-31,N
CP-2608-4888,22720,2026-08-16,2026-09-15,N
CP-2608-4889,22721,2026-08-10,2026-11-08,N
CP-2607-4890,22721,2026-07-31,2026-09-29,N
CP-2606-4891,22722,2026-06-04,2026-08-03,Y
CP-2607-4892,22722,2026-07-22,2026-08-21,Y
CP-2605-4893,22722,2026-05-27,2026-06-26,Y
CP-2608-4894,22722,2026-08-21,2026-11-19,N
CP-2608-4895,22722,2026-08-15,2026-10-14,N
CP-2608-4896,22723,2026-08-30,2026-11-28,N
CP-2608-4897,22723,2026-08-26,2026-09-25,N
CP-2609-4898,22723,2026-09-02,2026-11-01,N
CP-2607-4899,22725,2026-07-21,2026-08-04,N
CP-2606-4900,22726,2026-06-09,2026-07-09,Y
CP-2604-4901,22727,2026-04-22,2026-06-21,Y
CP-2607-4902,22727,2026-07-18,2026-08-01,Y
CP-2605-4903,22727,2026-05-18,2026-06-17,N
CP-2408-4904,22727,2024-08-03,2024-09-02,N
CP-2605-4905,22727,2026-05-09,2026-06-08,N
CP-2609-4906,22729,2026-09-02,2026-11-01,N
CP-2608-4907,22729,2026-08-30,2026-09-29,N
CP-2608-4908,22729,2026-08-23,2026-09-22,N
CP-2608-4909,22729,2026-08-28,2026-09-27,N
CP-2607-4910,22730,2026-07-09,2026-07-23,N
CP-2604-4911,22730,2026-04-04,2026-05-04,N
CP-2511-4912,22731,2025-11-08,2025-12-08,N
CP-2503-4913,22732,2025-03-24,2025-04-23,Y
CP-2509-4914,22732,2025-09-25,2025-10-09,N
CP-2508-4915,22732,2025-08-15,2025-09-14,Y
CP-2605-4916,22733,2026-05-05,2026-05-19,N
CP-2608-4917,22733,2026-08-27,2026-10-26,N
CP-2603-4918,22733,2026-03-21,2026-04-20,N
CP-2608-4919,22735,2026-08-19,2026-11-17,N
CP-2602-4920,22737,2026-02-01,2026-03-03,N
CP-2501-4921,22737,2025-01-27,2025-02-26,N
CP-2603-4922,22737,2026-03-20,2026-04-19,N
CP-2604-4923,22737,2026-04-15,2026-05-15,Y
CP-2507-4924,22738,2025-07-31,2025-08-30,Y
CP-2504-4925,22738,2025-04-20,2025-06-19,Y
CP-2608-4926,22740,2026-08-17,2026-09-16,N
CP-2608-4927,22741,2026-08-31,2026-09-14,N
CP-2608-4928,22741,2026-08-30,2026-09-13,N
CP-2605-4929,22742,2026-05-08,2026-06-07,N
CP-2602-4930,22742,2026-02-21,2026-05-22,Y
CP-2605-4931,22743,2026-05-17,2026-07-16,Y
CP-2605-4932,22743,2026-05-13,2026-06-12,Y
CP-2608-4933,22744,2026-08-27,2026-10-26,N
CP-2601-4934,22744,2026-01-14,2026-04-14,Y
CP-2602-4935,22744,2026-02-08,2026-05-09,N
CP-2605-4936,22744,2026-05-28,2026-06-27,Y
CP-2603-4937,22745,2026-03-14,2026-04-13,Y
CP-2608-4938,22745,2026-08-31,2026-09-30,N
CP-2605-4939,22745,2026-05-22,2026-06-21,Y
CP-2606-4940,22746,2026-06-21,2026-09-19,Y
CP-2605-4941,22747,2026-05-16,2026-05-30,N
CP-2606-4942,22747,2026-06-11,2026-08-10,N
CP-2607-4943,22747,2026-07-15,2026-10-13,Y
CP-2601-4944,22748,2026-01-30,2026-03-01,Y
CP-2608-4945,22749,2026-08-15,2026-09-14,Y
CP-2608-4946,22749,2026-08-25,2026-11-23,Y
CP-2512-4947,22750,2025-12-06,2026-02-04,Y
CP-2608-4948,22751,2026-08-19,2026-09-18,N
CP-2608-4949,22751,2026-08-16,2026-10-15,N
CP-2603-4950,22752,2026-03-16,2026-05-15,N
CP-2601-4951,22752,2026-01-09,2026-02-08,Y
CP-2605-4952,22752,2026-05-17,2026-08-15,Y
CP-2511-4953,22754,2025-11-30,2026-02-28,N
CP-2512-4954,22754,2025-12-18,2026-02-16,N
CP-2511-4955,22755,2025-11-26,2025-12-26,Y
CP-2604-4956,22755,2026-04-01,2026-04-15,Y
CP-2608-4957,22756,2026-08-12,2026-09-11,N
CP-2608-4958,22756,2026-08-08,2026-09-07,Y
CP-2607-4959,22757,2026-07-24,2026-08-23,N
CP-2605-4960,22757,2026-05-26,2026-07-25,N
CP-2604-4961,22757,2026-04-18,2026-05-02,Y
CP-2607-4962,22759,2026-07-29,2026-10-27,N
CP-2608-4963,22759,2026-08-30,2026-09-29,N
CP-2607-4964,22759,2026-07-23,2026-10-21,N
CP-2607-4965,22759,2026-07-31,2026-08-30,Y
CP-2604-4966,22760,2026-04-05,2026-07-04,N
CP-2603-4967,22761,2026-03-23,2026-05-22,N
CP-2509-4968,22761,2025-09-20,2025-10-20,N
CP-2605-4969,22761,2026-05-26,2026-06-09,Y
CP-2509-4970,22762,2025-09-21,2025-11-20,Y
CP-2506-4971,22762,2025-06-16,2025-06-30,Y
CP-2601-4972,22762,2026-01-29,2026-02-28,N
CP-2505-4973,22764,2025-05-06,2025-05-20,N
CP-2608-4974,22764,2026-08-27,2026-11-25,N
CP-2605-4975,22765,2026-05-12,2026-07-11,N
CP-2604-4976,22765,2026-04-14,2026-04-28,N
CP-2504-4977,22766,2025-04-13,2025-05-13,Y
CP-2603-4978,22766,2026-03-11,2026-04-10,N
CP-2601-4979,22767,2026-01-02,2026-02-01,Y
CP-2602-4980,22767,2026-02-26,2026-03-12,Y
CP-2511-4981,22768,2025-11-10,2026-01-09,N
CP-2408-4982,22768,2024-08-20,2024-09-19,Y
CP-2608-4983,22769,2026-08-07,2026-09-06,N
CP-2608-4984,22769,2026-08-15,2026-09-14,Y
CP-2608-4985,22769,2026-08-26,2026-10-25,N
CP-2606-4986,22770,2026-06-28,2026-07-12,N
CP-2605-4987,22772,2026-05-05,2026-05-19,N
CP-2609-4988,22773,2026-09-01,2026-10-31,N
CP-2609-4989,22773,2026-09-02,2026-09-16,Y
CP-2511-4990,22774,2025-11-14,2025-12-14,N
CP-2509-4991,22774,2025-09-24,2025-12-23,Y
CP-2606-4992,22774,2026-06-27,2026-08-26,Y
CP-2607-4993,22775,2026-07-29,2026-08-12,N
CP-2608-4994,22777,2026-08-05,2026-09-04,N
CP-2608-4995,22777,2026-08-16,2026-08-30,N
CP-2606-4996,22777,2026-06-28,2026-08-27,N
CP-2602-4997,22778,2026-02-23,2026-03-25,N
CP-2511-4998,22778,2025-11-22,2025-12-06,Y
CP-2601-4999,22778,2026-01-04,2026-02-03,Y
CP-2606-5000,22778,2026-06-14,2026-07-14,N
CP-2601-5001,22778,2026-01-17,2026-02-16,Y
CP-2408-5002,22779,2024-08-31,2024-10-30,Y
CP-2412-5003,22779,2024-12-24,2025-01-23,N
CP-2503-5004,22779,2025-03-21,2025-04-20,N
CP-2408-5005,22781,2024-08-23,2024-09-22,N
CP-2606-5006,22781,2026-06-07,2026-08-06,N
CP-2602-5007,22781,2026-02-22,2026-03-24,N
CP-2601-5008,22781,2026-01-05,2026-02-04,N
CP-2606-5009,22782,2026-06-10,2026-07-10,Y
CP-2601-5010,22782,2026-01-12,2026-02-11,N
CP-2505-5011,22782,2025-05-13,2025-08-11,N
CP-2601-5012,22782,2026-01-30,2026-03-01,Y
CP-2602-5013,22782,2026-02-20,2026-03-22,Y
CP-2604-5014,22783,2026-04-06,2026-05-06,N
CP-2510-5015,22783,2025-10-18,2026-01-16,N
CP-2601-5016,22783,2026-01-27,2026-02-10,N
CP-2411-5017,22784,2024-11-01,2024-12-31,N
CP-2503-5018,22784,2025-03-13,2025-04-12,N
CP-2603-5019,22785,2026-03-29,2026-05-28,N
CP-2606-5020,22785,2026-06-08,2026-09-06,N
CP-2606-5021,22787,2026-06-22,2026-07-22,Y
CP-2603-5022,22788,2026-03-11,2026-04-10,N
CP-2508-5023,22788,2025-08-10,2025-09-09,N
CP-2512-5024,22790,2025-12-30,2026-01-29,Y
CP-2606-5025,22790,2026-06-15,2026-07-15,Y
CP-2607-5026,22790,2026-07-24,2026-08-23,Y
CP-2608-5027,22792,2026-08-18,2026-10-17,N
CP-2607-5028,22792,2026-07-15,2026-09-13,N
CP-2608-5029,22793,2026-08-15,2026-10-14,N
CP-2512-5030,22793,2025-12-03,2026-02-01,N
CP-2608-5031,22794,2026-08-31,2026-11-29,Y
CP-2504-5032,22795,2025-04-29,2025-05-29,Y
CP-2601-5033,22795,2026-01-05,2026-02-04,Y
CP-2507-5034,22795,2025-07-01,2025-09-29,Y
CP-2501-5035,22795,2025-01-08,2025-04-08,N
CP-2308-5036,22797,2023-08-01,2023-09-30,N
CP-2603-5037,22797,2026-03-08,2026-06-06,Y
CP-2311-5038,22797,2023-11-02,2024-01-01,N
CP-2605-5039,22798,2026-05-02,2026-07-01,Y
CP-2608-5040,22799,2026-08-19,2026-09-18,N
CP-2609-5041,22800,2026-09-01,2026-09-15,Y
CP-2608-5042,22800,2026-08-22,2026-09-21,N
CP-2608-5043,22800,2026-08-18,2026-09-01,N
CP-2608-5044,22800,2026-08-24,2026-09-23,N
CP-2510-5045,22801,2025-10-24,2025-11-23,N
CP-2601-5046,22801,2026-01-26,2026-04-26,N
CP-2508-5047,22801,2025-08-20,2025-11-18,N
CP-2605-5048,22804,2026-05-30,2026-06-13,N
CP-2512-5049,22804,2025-12-06,2026-01-05,N
CP-2603-5050,22807,2026-03-13,2026-04-12,Y
CP-2511-5051,22808,2025-11-01,2025-11-15,N
CP-2509-5052,22808,2025-09-08,2025-10-08,Y
CP-2507-5053,22809,2025-07-07,2025-07-21,Y
CP-2608-5054,22809,2026-08-30,2026-11-28,N
CP-2606-5055,22810,2026-06-13,2026-06-27,N
CP-2505-5056,22811,2025-05-06,2025-07-05,N
CP-2602-5057,22812,2026-02-19,2026-03-21,N
CP-2603-5058,22812,2026-03-04,2026-05-03,N
CP-2607-5059,22812,2026-07-12,2026-08-11,N
CP-2606-5060,22814,2026-06-28,2026-07-12,N
CP-2401-5061,22814,2024-01-12,2024-04-11,N
CP-2504-5062,22815,2025-04-26,2025-06-25,N
CP-2607-5063,22815,2026-07-07,2026-09-05,N
CP-2607-5064,22815,2026-07-28,2026-08-27,Y
CP-2507-5065,22816,2025-07-16,2025-10-14,N
CP-2606-5066,22816,2026-06-01,2026-06-15,N
CP-2511-5067,22819,2025-11-02,2026-01-01,Y
CP-2605-5068,22821,2026-05-26,2026-06-25,Y
CP-2608-5069,22823,2026-08-13,2026-09-12,N
CP-2607-5070,22824,2026-07-26,2026-09-24,N
CP-2510-5071,22825,2025-10-30,2025-12-29,N
CP-2603-5072,22826,2026-03-09,2026-03-23,N
CP-2606-5073,22828,2026-06-06,2026-06-20,N
CP-2605-5074,22828,2026-05-06,2026-06-05,N
CP-2601-5075,22832,2026-01-22,2026-02-21,N
CP-2605-5076,22832,2026-05-10,2026-06-09,Y
CP-2601-5077,22833,2026-01-14,2026-02-13,N
CP-2608-5078,22834,2026-08-15,2026-10-14,N
CP-2609-5079,22834,2026-09-02,2026-12-01,N
CP-2608-5080,22834,2026-08-31,2026-10-30,N
CP-2601-5081,22835,2026-01-05,2026-02-04,Y
CP-2608-5082,22835,2026-08-14,2026-10-13,N
CP-2608-5083,22835,2026-08-23,2026-09-06,Y
CP-2606-5084,22835,2026-06-18,2026-07-18,N
CP-2606-5085,22835,2026-06-18,2026-08-17,Y
CP-2511-5086,22836,2025-11-16,2025-11-30,Y
CP-2607-5087,22837,2026-07-25,2026-08-24,N
CP-2602-5088,22838,2026-02-16,2026-04-17,N
CP-2509-5089,22839,2025-09-15,2025-09-29,N
CP-2602-5090,22839,2026-02-24,2026-03-26,Y
CP-2604-5091,22840,2026-04-23,2026-05-07,N
CP-2608-5092,22841,2026-08-21,2026-09-20,N
CP-2608-5093,22841,2026-08-12,2026-09-11,N
CP-2605-5094,22843,2026-05-06,2026-06-05,Y
CP-2608-5095,22843,2026-08-31,2026-10-30,N
CP-2605-5096,22843,2026-05-19,2026-06-18,N
CP-2510-5097,22844,2025-10-22,2026-01-20,N
CP-2506-5098,22844,2025-06-12,2025-06-26,N
CP-2506-5099,22844,2025-06-30,2025-07-30,N
CP-2605-5100,22844,2026-05-27,2026-06-10,Y
CP-2608-5101,22845,2026-08-01,2026-08-31,N
CP-2607-5102,22845,2026-07-14,2026-10-12,N
CP-2608-5103,22846,2026-08-21,2026-09-20,N
CP-2408-5104,22846,2024-08-27,2024-10-26,Y
CP-2601-5105,22848,2026-01-29,2026-03-30,N
CP-2607-5106,22849,2026-07-23,2026-09-21,Y
CP-2608-5107,22849,2026-08-14,2026-09-13,Y
CP-2606-5108,22849,2026-06-08,2026-08-07,N
CP-2502-5109,22850,2025-02-06,2025-05-07,Y
CP-2608-5110,22850,2026-08-06,2026-09-05,Y
CP-2605-5111,22852,2026-05-21,2026-06-20,Y
CP-2604-5112,22853,2026-04-13,2026-05-13,N
CP-2608-5113,22854,2026-08-25,2026-09-24,N
CP-2606-5114,22854,2026-06-03,2026-06-17,N
CP-2405-5115,22855,2024-05-31,2024-06-30,Y
CP-2512-5116,22855,2025-12-15,2026-01-14,Y
CP-2509-5117,22855,2025-09-14,2025-11-13,N
CP-2608-5118,22855,2026-08-22,2026-09-05,Y
CP-2603-5119,22856,2026-03-11,2026-06-09,N
CP-2608-5120,22857,2026-08-18,2026-11-16,N
CP-2602-5121,22857,2026-02-17,2026-03-19,N
CP-2508-5122,22857,2025-08-23,2025-10-22,N
CP-2508-5123,22858,2025-08-20,2025-09-03,Y
CP-2605-5124,22858,2026-05-29,2026-06-28,N
CP-2507-5125,22858,2025-07-14,2025-09-12,N
CP-2508-5126,22858,2025-08-09,2025-11-07,N
CP-2606-5127,22859,2026-06-27,2026-07-27,Y
CP-2606-5128,22860,2026-06-07,2026-07-07,Y
CP-2512-5129,22861,2025-12-07,2026-01-06,Y
CP-2502-5130,22861,2025-02-19,2025-04-20,N
CP-2502-5131,22861,2025-02-18,2025-03-04,N
CP-2401-5132,22861,2024-01-23,2024-04-22,Y
CP-2511-5133,22863,2025-11-18,2025-12-18,Y
CP-2608-5134,22863,2026-08-08,2026-11-06,N
CP-2602-5135,22863,2026-02-23,2026-03-25,Y
CP-2607-5136,22863,2026-07-13,2026-09-11,N
CP-2505-5137,22865,2025-05-31,2025-06-30,N
CP-2507-5138,22865,2025-07-23,2025-08-22,Y
CP-2401-5139,22866,2024-01-30,2024-03-30,N
CP-2507-5140,22866,2025-07-23,2025-09-21,Y
CP-2403-5141,22866,2024-03-03,2024-03-17,Y
CP-2512-5142,22867,2025-12-06,2026-01-05,N
CP-2603-5143,22869,2026-03-27,2026-04-10,N
CP-2607-5144,22869,2026-07-23,2026-08-22,Y
CP-2606-5145,22869,2026-06-04,2026-08-03,Y
CP-2605-5146,22869,2026-05-08,2026-07-07,N
CP-2512-5147,22871,2025-12-27,2026-01-10,Y
CP-2509-5148,22871,2025-09-03,2025-09-17,N
CP-2607-5149,22871,2026-07-18,2026-08-17,N
CP-2606-5150,22873,2026-06-27,2026-07-27,N
CP-2605-5151,22873,2026-05-20,2026-06-03,Y
CP-2607-5152,22873,2026-07-17,2026-08-16,N
CP-2608-5153,22873,2026-08-14,2026-11-12,N
CP-2607-5154,22874,2026-07-20,2026-08-03,N
CP-2604-5155,22875,2026-04-18,2026-06-17,Y
CP-2407-5156,22875,2024-07-13,2024-08-12,Y
CP-2605-5157,22876,2026-05-06,2026-06-05,N
CP-2604-5158,22876,2026-04-25,2026-05-25,N
CP-2606-5159,22876,2026-06-08,2026-07-08,N
CP-2511-5160,22876,2025-11-09,2026-02-07,Y
CP-2512-5161,22877,2025-12-22,2026-01-21,Y
CP-2606-5162,22877,2026-06-09,2026-07-09,N
CP-2608-5163,22877,2026-08-08,2026-08-22,Y
CP-2608-5164,22878,2026-08-29,2026-10-28,N
CP-2507-5165,22879,2025-07-25,2025-10-23,N
CP-2608-5166,22879,2026-08-20,2026-09-03,N
CP-2507-5167,22879,2025-07-04,2025-08-03,N
CP-2608-5168,22881,2026-08-15,2026-09-14,Y
CP-2607-5169,22881,2026-07-25,2026-08-08,Y
CP-2608-5170,22881,2026-08-18,2026-09-17,N
CP-2607-5171,22881,2026-07-14,2026-09-12,Y
CP-2502-5172,22882,2025-02-18,2025-05-19,N
CP-2608-5173,22883,2026-08-03,2026-10-02,N
CP-2602-5174,22884,2026-02-19,2026-04-20,N
CP-2607-5175,22884,2026-07-05,2026-08-04,Y
CP-2608-5176,22885,2026-08-04,2026-08-18,Y
CP-2603-5177,22886,2026-03-29,2026-04-28,N
CP-2606-5178,22886,2026-06-19,2026-07-03,Y
CP-2608-5179,22886,2026-08-11,2026-10-10,Y
CP-2607-5180,22887,2026-07-17,2026-08-16,Y
CP-2607-5181,22887,2026-07-08,2026-08-07,N
CP-2606-5182,22887,2026-06-29,2026-08-28,Y
CP-2602-5183,22888,2026-02-28,2026-05-29,N
CP-2603-5184,22889,2026-03-03,2026-06-01,N
CP-2609-5185,22890,2026-09-01,2026-10-01,N
CP-2608-5186,22890,2026-08-25,2026-10-24,N
CP-2608-5187,22890,2026-08-17,2026-10-16,N
CP-2506-5188,22891,2025-06-20,2025-09-18,N
CP-2601-5189,22891,2026-01-12,2026-03-13,Y
CP-2503-5190,22891,2025-03-31,2025-06-29,Y
CP-2502-5191,22891,2025-02-05,2025-04-06,Y
CP-2603-5192,22892,2026-03-25,2026-04-24,Y
CP-2607-5193,22893,2026-07-04,2026-08-03,Y
CP-2606-5194,22894,2026-06-28,2026-07-28,Y
CP-2602-5195,22894,2026-02-23,2026-05-24,Y
CP-2602-5196,22894,2026-02-03,2026-02-17,Y
CP-2605-5197,22894,2026-05-04,2026-06-03,Y
CP-2512-5198,22895,2025-12-26,2026-03-26,Y
CP-2408-5199,22895,2024-08-05,2024-10-04,N
CP-2607-5200,22896,2026-07-08,2026-07-22,N
CP-2606-5201,22896,2026-06-08,2026-06-22,N
CP-2608-5202,22896,2026-08-07,2026-11-05,N
CP-2606-5203,22896,2026-06-02,2026-08-01,N
CP-2604-5204,22896,2026-04-25,2026-07-24,N
CP-2608-5205,22897,2026-08-23,2026-11-21,N
CP-2608-5206,22897,2026-08-27,2026-09-26,N
CP-2608-5207,22897,2026-08-20,2026-09-19,Y
CP-2609-5208,22898,2026-09-01,2026-10-01,N
CP-2309-5209,22899,2023-09-20,2023-10-20,N
CP-2505-5210,22900,2025-05-10,2025-05-24,Y
CP-2511-5211,22900,2025-11-19,2026-01-18,N
CP-2606-5212,22901,2026-06-20,2026-07-20,Y
CP-2607-5213,22901,2026-07-01,2026-08-30,N
CP-2606-5214,22902,2026-06-06,2026-07-06,Y
CP-2601-5215,22905,2026-01-31,2026-05-01,Y
CP-2607-5216,22906,2026-07-16,2026-08-15,N
CP-2604-5217,22906,2026-04-10,2026-04-24,Y
CP-2608-5218,22906,2026-08-04,2026-09-03,Y
CP-2604-5219,22907,2026-04-13,2026-06-12,Y
CP-2602-5220,22907,2026-02-28,2026-03-14,N
CP-2509-5221,22907,2025-09-06,2025-09-20,N
CP-2604-5222,22908,2026-04-10,2026-06-09,N
CP-2608-5223,22909,2026-08-16,2026-09-15,N
CP-2504-5224,22909,2025-04-20,2025-06-19,N
CP-2511-5225,22909,2025-11-05,2025-11-19,Y
CP-2505-5226,22909,2025-05-28,2025-07-27,N
CP-2604-5227,22910,2026-04-20,2026-07-19,N
CP-2404-5228,22910,2024-04-26,2024-07-25,N
CP-2511-5229,22914,2025-11-03,2026-02-01,N
CP-2510-5230,22915,2025-10-21,2026-01-19,N
CP-2605-5231,22915,2026-05-18,2026-06-17,Y
CP-2608-5232,22915,2026-08-18,2026-09-17,N
CP-2505-5233,22915,2025-05-29,2025-06-28,Y
CP-2608-5234,22916,2026-08-21,2026-09-20,N
CP-2608-5235,22916,2026-08-24,2026-09-23,N
CP-2608-5236,22916,2026-08-11,2026-10-10,N
CP-2608-5237,22917,2026-08-27,2026-10-26,N
CP-2507-5238,22917,2025-07-06,2025-07-20,N
CP-2404-5239,22918,2024-04-02,2024-06-01,N
CP-2607-5240,22918,2026-07-23,2026-08-22,N
CP-2402-5241,22918,2024-02-23,2024-03-24,N
CP-2602-5242,22919,2026-02-08,2026-04-09,Y
CP-2604-5243,22919,2026-04-29,2026-07-28,N
CP-2510-5244,22920,2025-10-26,2026-01-24,N
CP-2508-5245,22922,2025-08-17,2025-10-16,Y
CP-2604-5246,22922,2026-04-14,2026-05-14,N
CP-2411-5247,22923,2024-11-27,2024-12-27,Y
CP-2504-5248,22923,2025-04-24,2025-05-24,N
CP-2506-5249,22924,2025-06-03,2025-06-17,N
CP-2604-5250,22925,2026-04-26,2026-05-26,N
CP-2603-5251,22926,2026-03-11,2026-04-10,N
CP-2603-5252,22926,2026-03-11,2026-06-09,Y
CP-2511-5253,22926,2025-11-21,2025-12-21,N
CP-2607-5254,22926,2026-07-08,2026-07-22,Y
CP-2606-5255,22926,2026-06-04,2026-07-04,N
CP-2603-5256,22927,2026-03-04,2026-04-03,N
CP-2509-5257,22927,2025-09-11,2025-10-11,Y
CP-2608-5258,22927,2026-08-30,2026-11-28,N
CP-2405-5259,22928,2024-05-13,2024-08-11,N
CP-2602-5260,22928,2026-02-25,2026-03-11,N
CP-2503-5261,22928,2025-03-29,2025-04-12,N
CP-2602-5262,22929,2026-02-15,2026-04-16,Y
CP-2505-5263,22929,2025-05-21,2025-06-04,N
CP-2608-5264,22930,2026-08-26,2026-09-25,N
CP-2605-5265,22932,2026-05-08,2026-07-07,N
CP-2606-5266,22932,2026-06-09,2026-06-23,N
CP-2606-5267,22932,2026-06-15,2026-08-14,Y
CP-2603-5268,22934,2026-03-16,2026-04-15,Y
CP-2608-5269,22934,2026-08-31,2026-10-30,N
CP-2605-5270,22934,2026-05-30,2026-08-28,N
CP-2602-5271,22935,2026-02-19,2026-05-20,Y
CP-2503-5272,22935,2025-03-15,2025-04-14,N
CP-2504-5273,22935,2025-04-09,2025-07-08,N
CP-2606-5274,22936,2026-06-25,2026-07-25,Y
CP-2601-5275,22937,2026-01-04,2026-01-18,N
CP-2503-5276,22939,2025-03-28,2025-04-27,N
CP-2404-5277,22939,2024-04-28,2024-05-28,N
CP-2607-5278,22940,2026-07-27,2026-10-25,N
CP-2607-5279,22940,2026-07-11,2026-08-10,Y
CP-2607-5280,22940,2026-07-18,2026-10-16,N
CP-2608-5281,22940,2026-08-27,2026-09-26,N
CP-2608-5282,22940,2026-08-31,2026-09-14,N
CP-2506-5283,22941,2025-06-16,2025-06-30,N
CP-2608-5284,22941,2026-08-18,2026-09-17,N
CP-2605-5285,22941,2026-05-02,2026-06-01,N
CP-2605-5286,22942,2026-05-24,2026-06-23,Y
CP-2604-5287,22942,2026-04-09,2026-04-23,N
CP-2602-5288,22945,2026-02-14,2026-03-16,N
CP-2603-5289,22945,2026-03-11,2026-05-10,N
CP-2608-5290,22946,2026-08-27,2026-09-26,Y
CP-2507-5291,22947,2025-07-10,2025-08-09,Y
CP-2405-5292,22947,2024-05-02,2024-07-01,Y
CP-2602-5293,22949,2026-02-22,2026-03-24,Y
CP-2512-5294,22949,2025-12-03,2026-01-02,N
CP-2410-5295,22950,2024-10-12,2024-11-11,Y
CP-2410-5296,22950,2024-10-13,2024-11-12,Y
CP-2502-5297,22950,2025-02-11,2025-02-25,Y
CP-2604-5298,22952,2026-04-10,2026-06-09,N
CP-2503-5299,22952,2025-03-07,2025-04-06,N
CP-2607-5300,22953,2026-07-29,2026-10-27,N
CP-2607-5301,22953,2026-07-17,2026-10-15,N
CP-2510-5302,22955,2025-10-06,2025-11-05,Y
CP-2605-5303,22957,2026-05-17,2026-07-16,N
CP-2505-5304,22957,2025-05-06,2025-06-05,N
CP-2601-5305,22957,2026-01-24,2026-02-23,N
CP-2602-5306,22957,2026-02-01,2026-04-02,N
CP-2509-5307,22957,2025-09-27,2025-10-27,N
CP-2602-5308,22959,2026-02-02,2026-02-16,N
CP-2605-5309,22960,2026-05-08,2026-06-07,N
CP-2512-5310,22960,2025-12-31,2026-01-30,N
CP-2603-5311,22960,2026-03-22,2026-05-21,N
CP-2508-5312,22961,2025-08-14,2025-09-13,N
CP-2608-5313,22961,2026-08-02,2026-09-01,N
CP-2603-5314,22962,2026-03-22,2026-04-21,N
CP-2602-5315,22962,2026-02-02,2026-03-04,N
CP-2508-5316,22962,2025-08-27,2025-09-26,N
CP-2604-5317,22962,2026-04-07,2026-05-07,N
CP-2501-5318,22962,2025-01-30,2025-03-01,N
CP-2404-5319,22964,2024-04-08,2024-05-08,N
CP-2306-5320,22964,2023-06-18,2023-07-18,N
CP-2310-5321,22964,2023-10-20,2023-11-03,N
CP-2504-5322,22965,2025-04-21,2025-06-20,Y
CP-2602-5323,22965,2026-02-08,2026-03-10,N
CP-2607-5324,22966,2026-07-10,2026-08-09,N
CP-2508-5325,22968,2025-08-29,2025-10-28,N
CP-2605-5326,22968,2026-05-21,2026-06-20,Y
CP-2605-5327,22969,2026-05-14,2026-06-13,N
CP-2604-5328,22969,2026-04-15,2026-06-14,Y
CP-2608-5329,22969,2026-08-20,2026-10-19,N
CP-2605-5330,22969,2026-05-30,2026-06-13,N
CP-2608-5331,22970,2026-08-05,2026-09-04,N
CP-2607-5332,22970,2026-07-21,2026-08-20,N
CP-2608-5333,22970,2026-08-22,2026-09-05,Y
CP-2602-5334,22972,2026-02-27,2026-04-28,N
CP-2605-5335,22973,2026-05-19,2026-06-18,Y
CP-2505-5336,22973,2025-05-26,2025-06-09,N
CP-2608-5337,22974,2026-08-26,2026-09-25,N
CP-2607-5338,22974,2026-07-08,2026-08-07,N
CP-2606-5339,22974,2026-06-25,2026-07-09,N
CP-2604-5340,22976,2026-04-08,2026-07-07,Y
CP-2409-5341,22976,2024-09-02,2024-10-02,Y
CP-2608-5342,22977,2026-08-11,2026-11-09,Y
CP-2511-5343,22977,2025-11-04,2026-01-03,N
CP-2604-5344,22977,2026-04-09,2026-05-09,N
CP-2608-5345,22977,2026-08-21,2026-09-20,N
CP-2505-5346,22978,2025-05-05,2025-05-19,N
CP-2510-5347,22978,2025-10-28,2025-11-27,N
CP-2606-5348,22978,2026-06-04,2026-09-02,Y
CP-2604-5349,22979,2026-04-11,2026-04-25,N
CP-2607-5350,22979,2026-07-04,2026-08-03,N
CP-2608-5351,22979,2026-08-20,2026-09-19,N
CP-2505-5352,22980,2025-05-25,2025-07-24,Y
CP-2604-5353,22981,2026-04-08,2026-05-08,Y
CP-2608-5354,22981,2026-08-04,2026-09-03,Y
CP-2605-5355,22981,2026-05-03,2026-05-17,N
CP-2502-5356,22983,2025-02-23,2025-03-25,N
CP-2606-5357,22983,2026-06-02,2026-07-02,N
CP-2510-5358,22983,2025-10-04,2026-01-02,Y
CP-2605-5359,22984,2026-05-21,2026-06-20,Y
CP-2512-5360,22984,2025-12-19,2026-02-17,N
CP-2508-5361,22984,2025-08-04,2025-09-03,N
CP-2507-5362,22984,2025-07-19,2025-08-18,Y
CP-2605-5363,22984,2026-05-08,2026-06-07,Y
CP-2604-5364,22985,2026-04-02,2026-06-01,N
CP-2601-5365,22985,2026-01-07,2026-01-21,N
CP-2601-5366,22985,2026-01-14,2026-02-13,N
CP-2608-5367,22986,2026-08-27,2026-11-25,N
CP-2609-5368,22986,2026-09-03,2026-10-03,N
CP-2506-5369,22987,2025-06-09,2025-06-23,N
CP-2606-5370,22989,2026-06-11,2026-06-25,Y
CP-2606-5371,22989,2026-06-06,2026-08-05,N
CP-2607-5372,22990,2026-07-31,2026-10-29,N
CP-2607-5373,22993,2026-07-19,2026-09-17,N
CP-2605-5374,22994,2026-05-24,2026-08-22,Y
CP-2603-5375,22994,2026-03-08,2026-06-06,N
CP-2602-5376,22994,2026-02-19,2026-04-20,N
CP-2608-5377,22995,2026-08-26,2026-10-25,N
CP-2607-5378,22995,2026-07-17,2026-07-31,Y
CP-2608-5379,22995,2026-08-16,2026-09-15,N
CP-2510-5380,22997,2025-10-12,2025-12-11,N
CP-2403-5381,22997,2024-03-02,2024-05-31,Y
CP-2607-5382,22998,2026-07-06,2026-08-05,N
CP-2607-5383,23000,2026-07-28,2026-08-27,Y
CP-2605-5384,23000,2026-05-18,2026-06-17,N
