MBR_ID,MBR_EMAIL,HP_NO,BIRTH_YMD,MBR_GRD,ADDR_CITY,REG_DTM,LST_LOGIN_DTM,EML_AGREE_YN,SMS_AGREE_YN,BASKET_YN,BASKET_AMT,MILEAGE,MILEAGE_EXP_YMD
20001,um00001@example.com,010-0000-0001,1983-12-01,VIP,서울,2025-06-02 23:05:10,2026-09-03 17:08:34,Y,N,N,0,23929,2027-02-05
20002,um00002@example.com,010-0000-0002,1980-01-22,BASIC,서울,2024-08-07 18:56:37,2025-04-09 19:45:43,N,Y,N,0,1470,2026-12-12
20003,um00003@example.com,010-0000-0003,1968-04-03,GOLD,서울,2025-02-01 12:12:54,2026-08-20 03:39:04,Y,Y,N,0,7000,2026-10-02
20004,um00004@example.net,010-0000-0004,1980-05-09,GOLD,서울,2026-03-27 16:36:45,2026-03-31 07:33:10,Y,Y,N,0,10350,2027-02-02
20005,um00005@example.org,010-0000-0005,1995-12-09,BASIC,전남,2023-01-16 11:29:14,2026-08-29 12:36:21,Y,Y,Y,104000,1210,2027-03-02
20006,um00006@example.com,010-0000-0006,1976-03-15,BASIC,경기,2026-01-10 21:40:39,2026-01-12 19:56:00,Y,Y,N,0,3210,2027-01-26
20007,um00007@example.com,010-0000-0007,1986-08-09,GOLD,부산,2026-05-12 18:35:38,2026-09-03 08:36:04,Y,Y,N,0,11310,2026-10-31
20008,um00008@example.net,010-0000-0008,1975-08-25,BASIC,광주,2026-07-18 09:01:07,2026-09-01 02:28:31,Y,N,N,0,2920,2027-03-17
20009,um00009@example.net,010-0000-0009,1973-01-26,GOLD,광주,2023-07-23 14:12:19,2026-09-03 19:04:01,Y,Y,Y,244000,13290,2026-09-09
20010,um00010@example.com,010-0000-0010,2004-12-26,BASIC,충북,2024-10-05 17:45:11,2026-05-07 09:20:42,Y,N,N,0,1670,2026-11-15
20011,um00011@example.com,010-0000-0011,1990-11-24,BASIC,경기,2023-07-01 12:42:55,2026-07-10 13:10:25,Y,Y,N,0,3610,2027-04-02
20012,um00012@example.com,010-0000-0012,2006-10-24,GOLD,인천,2024-04-03 10:54:13,2026-05-20 03:34:23,Y,Y,N,0,8550,2027-01-24
20013,um00013@example.com,010-0000-0013,1988-03-11,BASIC,충남,2025-01-15 13:15:42,2025-03-16 16:31:32,Y,N,N,0,3730,2027-03-26
20014,um00014@example.net,010-0000-0014,2006-12-23,BASIC,충남,2026-05-19 23:37:30,2026-05-19 21:14:42,Y,Y,N,0,0,
20015,um00015@example.com,010-0000-0015,1985-06-04,GOLD,경기,2023-01-19 21:32:57,2026-08-25 05:37:19,N,N,N,0,12530,2026-08-22
20016,um00016@example.net,010-0000-0016,1969-10-23,BASIC,부산,2024-07-08 11:52:00,2024-11-01 22:24:36,Y,N,N,0,0,
20017,um00017@example.com,010-0000-0017,1983-10-25,GOLD,전남,2023-01-04 00:05:40,2026-05-07 16:43:24,N,N,N,0,13800,2027-07-16
20018,um00018@example.com,010-0000-0018,1968-03-24,BASIC,전북,2026-06-15 14:50:35,2026-06-15 17:39:13,Y,N,Y,87000,1457,2027-02-25
20019,um00019@example.com,010-0000-0019,1998-07-15,BASIC,경남,2024-10-03 11:04:40,2026-09-01 17:21:38,N,Y,Y,142000,2940,2027-02-22
20020,um00020@example.com,010-0000-0020,1971-02-01,BASIC,경기,2025-07-06 11:43:23,2026-07-01 07:27:21,N,Y,N,0,1090,2027-06-03
20021,um00021@example.com,010-0000-0021,1987-05-28,BASIC,대전,2024-03-29 22:46:55,2024-05-26 09:16:05,Y,Y,N,0,1995,2027-09-17
20022,um00022@example.com,010-0000-0022,1968-06-28,BASIC,경기,2026-09-01 10:15:37,2026-09-03 21:07:53,N,N,N,0,4480,2027-07-10
20023,um00023@example.com,010-0000-0023,2001-06-06,GOLD,경기,2025-03-24 13:30:11,2026-07-30 17:13:07,N,Y,N,0,11690,2026-10-03
20024,um00024@example.net,010-0000-0024,1971-02-28,BASIC,경기,2024-11-10 00:39:39,2026-08-31 09:51:45,N,Y,N,0,750,2027-02-18
20025,um00025@example.net,010-0000-0025,1998-10-09,GOLD,전북,2025-07-12 16:10:03,2026-09-02 11:14:49,Y,N,N,0,10610,2027-06-02
20026,um00026@example.net,010-0000-0026,1980-08-12,VIP,서울,2025-03-14 17:11:22,2026-08-09 11:09:58,N,N,N,0,21140,2027-06-01
20027,um00027@example.com,010-0000-0027,2001-04-20,BASIC,서울,2025-06-15 14:24:10,2026-05-04 22:39:33,Y,N,N,0,0,
20028,um00028@example.net,010-0000-0028,1989-09-03,VIP,충북,2026-06-02 17:22:54,2026-09-01 09:14:37,N,N,N,0,21860,2026-10-22
20029,um00029@example.net,010-0000-0029,1993-01-07,BASIC,경기,2026-01-22 12:08:56,2026-09-03 11:58:54,Y,N,N,0,3670,2026-12-30
20030,um00030@example.net,010-0000-0030,2001-06-28,GOLD,광주,2025-05-31 10:34:39,2026-08-08 16:50:37,Y,Y,Y,86000,15300,2027-07-24
20031,um00031@example.net,010-0000-0031,2006-05-17,BASIC,서울,2024-08-01 20:56:20,2025-03-18 13:01:08,Y,N,N,0,3260,2027-06-08
20032,um00032@example.com,010-0000-0032,1994-08-13,BASIC,부산,2026-07-18 18:22:33,2026-08-20 23:35:57,N,N,N,0,1050,2027-05-26
20033,um00033@example.net,010-0000-0033,1974-01-16,BASIC,전남,2025-06-23 22:41:13,2026-06-27 09:22:39,Y,N,Y,65000,6227,2027-03-20
20034,um00034@example.com,010-0000-0034,1982-06-03,BASIC,경기,2022-09-12 23:15:46,2026-08-29 16:19:44,N,Y,N,0,1180,2026-08-30
20035,um00035@example.com,010-0000-0035,1993-03-10,VIP,서울,2023-06-28 17:01:51,2026-08-19 04:29:26,N,Y,N,0,25860,2027-08-28
20036,um00036@example.org,010-0000-0036,1990-10-11,BASIC,부산,2023-04-28 22:06:39,2025-02-04 21:41:24,Y,N,N,0,4397,2027-07-24
20037,um00037@example.net,010-0000-0037,1978-12-05,BASIC,경기,2026-04-24 11:12:45,2026-08-31 20:18:54,Y,Y,N,0,2080,2027-09-14
20038,um00038@example.net,010-0000-0038,1997-12-09,BASIC,경북,2024-10-17 17:03:57,2026-08-29 03:17:31,Y,Y,N,0,4360,2027-02-26
20039,um00039@example.net,010-0000-0039,2000-10-21,GOLD,강원,2026-01-07 10:33:49,2026-08-31 05:40:56,N,Y,N,0,8949,2027-01-15
20040,um00040@example.org,010-0000-0040,1989-12-09,BASIC,인천,2025-04-05 08:05:26,2025-04-05 17:17:32,Y,N,N,0,0,
20041,um00041@example.com,010-0000-0041,2000-11-23,BASIC,경기,2024-11-29 18:36:56,2025-03-07 09:35:18,Y,Y,N,0,2490,2027-09-06
20042,um00042@example.net,010-0000-0042,2002-12-02,GOLD,경남,2025-11-27 15:02:46,2026-08-16 16:54:23,Y,Y,N,0,19542,2027-08-27
20043,um00043@example.com,010-0000-0043,2005-04-24,BASIC,경기,2025-04-04 19:33:38,2026-07-12 23:54:27,N,Y,Y,106000,2040,2027-07-30
20044,um00044@example.com,010-0000-0044,1969-01-10,BASIC,강원,2026-06-22 13:14:42,2026-06-22 13:19:49,Y,N,N,0,4733,2027-06-16
20045,um00045@example.com,010-0000-0045,2005-09-20,VIP,경기,2026-08-17 18:33:18,2026-09-03 04:32:02,Y,Y,N,0,31720,2027-08-03
20046,um00046@example.org,010-0000-0046,1971-02-06,BASIC,전북,2025-07-27 17:41:35,2026-08-31 21:22:59,N,Y,N,0,5633,2027-09-29
20047,um00047@example.com,010-0000-0047,1977-08-13,VIP,광주,2022-12-02 08:21:31,2026-08-20 02:39:14,Y,N,N,0,46177,2027-05-28
20048,um00048@example.com,010-0000-0048,1971-07-26,BASIC,서울,2025-04-05 19:53:13,2026-07-07 08:40:51,N,N,N,0,6449,2027-05-17
20049,um00049@example.net,010-0000-0049,1971-03-06,BASIC,서울,2023-05-19 14:38:50,2024-07-12 23:53:24,Y,Y,N,0,3996,2027-04-24
20050,um00050@example.net,010-0000-0050,1983-09-01,BASIC,광주,2023-06-13 22:04:00,2026-05-01 07:04:51,Y,Y,N,0,2400,2027-01-27
20051,um00051@example.com,010-0000-0051,1971-04-28,GOLD,서울,2024-07-15 10:50:51,2026-09-03 07:25:50,Y,N,N,0,11180,2027-08-24
20052,um00052@example.net,010-0000-0052,1980-01-17,BASIC,광주,2026-07-07 20:06:17,2026-09-01 21:38:21,Y,N,N,0,4155,2027-02-18
20053,um00053@example.com,010-0000-0053,1985-01-18,GOLD,서울,2023-09-09 22:33:30,2026-08-29 14:09:54,N,Y,N,0,8120,2027-05-23
20054,um00054@example.net,010-0000-0054,1983-05-14,BASIC,서울,2025-10-19 21:00:17,2026-06-21 20:58:33,Y,Y,N,0,8547,2027-07-27
20055,um00055@example.com,010-0000-0055,2002-05-27,BASIC,울산,2025-06-13 12:34:44,2026-08-20 23:52:34,Y,Y,N,0,2530,2026-10-06
20056,um00056@example.org,010-0000-0056,1974-07-19,BASIC,제주,2023-10-25 19:50:02,2024-07-20 15:51:58,Y,Y,N,0,2390,2026-12-18
20057,um00057@example.com,010-0000-0057,1999-05-21,BASIC,인천,2023-12-17 00:19:35,2026-07-18 08:13:52,Y,N,N,0,3938,2026-11-19
20058,um00058@example.com,010-0000-0058,1994-05-11,BASIC,전북,2023-04-17 13:20:50,2025-10-24 08:12:17,Y,Y,Y,109000,4420,2027-06-28
20059,um00059@example.net,010-0000-0059,1983-03-26,GOLD,경기,2023-12-19 18:01:19,2026-06-14 08:04:19,N,Y,N,0,7160,2027-06-29
20060,um00060@example.com,010-0000-0060,1975-12-25,BASIC,경기,2025-04-29 10:03:55,2026-09-03 09:52:02,N,Y,N,0,1960,2027-08-12
20061,um00061@example.com,010-0000-0061,2005-04-19,BASIC,서울,2026-08-29 21:22:12,2026-09-04 06:09:43,Y,N,Y,34000,4854,2026-09-25
20062,um00062@example.net,010-0000-0062,2007-03-19,GOLD,경기,2024-10-28 18:01:32,2026-04-19 11:45:19,N,Y,N,0,7820,2027-04-20
20063,um00063@example.net,010-0000-0063,2007-09-24,VIP,경기,2026-01-17 21:44:18,2026-09-03 19:04:47,N,Y,N,0,37140,2027-07-16
20064,um00064@example.com,010-0000-0064,1972-09-04,GOLD,세종,2025-05-20 14:01:11,2026-08-26 14:11:04,Y,N,N,0,7444,2027-04-27
20065,um00065@example.com,010-0000-0065,2001-02-09,BASIC,인천,2026-04-21 12:54:44,2026-04-23 05:55:53,Y,Y,N,0,3880,2026-10-13
20066,um00066@example.org,010-0000-0066,1982-12-08,BASIC,강원,2026-04-17 21:23:19,2026-08-29 02:18:21,Y,N,N,0,4990,2026-09-01
20067,um00067@example.net,010-0000-0067,1998-11-05,BASIC,강원,2026-05-09 08:30:18,2026-08-29 03:46:02,N,N,N,0,8315,2027-02-23
20068,um00068@example.com,010-0000-0068,1971-11-04,BASIC,부산,2026-07-12 21:25:15,2026-08-30 05:55:33,Y,Y,N,0,5540,2027-03-29
20069,um00069@example.com,010-0000-0069,1998-03-10,BASIC,전남,2025-10-12 18:54:14,2026-05-13 09:51:34,Y,Y,N,0,3890,2027-02-06
20070,um00070@example.com,010-0000-0070,1981-08-23,BASIC,서울,2026-05-01 21:17:29,2026-05-01 09:28:43,N,N,N,0,0,
20071,um00071@example.net,010-0000-0071,1997-02-04,VIP,강원,2023-08-27 09:37:24,2026-07-17 12:49:47,Y,N,Y,131000,20770,2027-05-16
20072,um00072@example.net,010-0000-0072,2002-09-03,BASIC,인천,2025-04-24 13:33:13,2026-07-09 18:17:56,N,N,N,0,6240,2026-08-21
20073,um00073@example.com,010-0000-0073,1987-09-20,BASIC,서울,2026-02-16 16:26:51,2026-02-16 18:46:58,Y,Y,N,0,0,
20074,um00074@example.com,010-0000-0074,1974-08-09,VIP,인천,2026-06-28 15:17:14,2026-09-02 22:06:57,N,N,Y,273000,23711,2026-09-24
20075,um00075@example.com,010-0000-0075,2008-01-20,BASIC,경기,2023-08-23 22:57:30,2026-06-10 09:13:45,Y,N,N,0,750,2026-10-25
20076,um00076@example.net,010-0000-0076,2004-04-11,BASIC,경기,2023-12-19 22:34:11,2025-05-07 16:22:48,Y,Y,N,0,959,2027-01-19
20077,um00077@example.com,010-0000-0077,1988-12-06,GOLD,경기,2026-08-10 09:48:20,2026-09-02 09:33:03,N,Y,N,0,10160,2026-09-11
20078,um00078@example.org,010-0000-0078,2005-05-20,BASIC,대구,2025-05-04 22:51:01,2026-06-26 16:00:39,N,Y,Y,546000,2370,2026-10-27
20079,um00079@example.org,010-0000-0079,2007-03-06,BASIC,대전,2024-06-21 22:16:46,2024-12-12 19:05:02,Y,Y,N,0,3270,2026-09-09
20080,um00080@example.com,010-0000-0080,1998-09-09,GOLD,충남,2026-03-21 23:35:50,2026-08-26 11:19:03,Y,Y,N,0,16000,2027-07-10
20081,um00081@example.com,010-0000-0081,1977-11-15,BASIC,대구,2024-06-27 21:43:24,2025-05-22 17:31:19,Y,N,N,0,7136,2027-02-28
20082,um00082@example.net,010-0000-0082,2000-08-23,BASIC,경기,2023-10-17 17:35:02,2025-01-24 03:41:32,N,N,N,0,3412,2027-09-30
20083,um00083@example.net,010-0000-0083,1991-05-25,BASIC,경기,2026-06-02 20:18:05,2026-08-31 13:02:41,N,N,N,0,2380,2026-12-31
20084,um00084@example.com,010-0000-0084,1968-07-22,GOLD,경기,2023-12-11 21:55:46,2026-05-02 05:17:46,Y,Y,N,0,21945,2027-04-12
20085,um00085@example.com,010-0000-0085,1972-03-17,GOLD,경기,2024-01-14 16:30:14,2026-04-04 08:01:05,Y,Y,N,0,6230,2027-08-16
20086,um00086@example.org,010-0000-0086,1975-11-22,BASIC,경기,2023-11-12 22:19:41,2026-07-04 13:41:23,N,Y,Y,413000,1970,2027-01-22
20087,um00087@example.org,010-0000-0087,1983-05-23,BASIC,부산,2026-06-29 13:01:31,2026-08-19 18:04:33,Y,N,N,0,0,
20088,um00088@example.com,010-0000-0088,1996-08-24,GOLD,대전,2026-08-19 00:15:00,2026-09-02 16:55:28,N,N,N,0,12562,2027-07-22
20089,um00089@example.com,010-0000-0089,2003-07-13,BASIC,서울,2024-05-30 19:18:51,2025-06-28 16:35:28,Y,Y,N,0,1478,2027-05-03
20090,um00090@example.com,010-0000-0090,2007-08-23,VIP,경북,2026-01-25 12:23:55,2026-09-02 10:25:23,Y,Y,Y,44000,32137,2027-08-30
20091,um00091@example.org,010-0000-0091,2001-09-11,GOLD,경북,2023-05-03 18:45:41,2026-06-14 07:16:33,Y,Y,N,0,21960,2026-11-03
20092,um00092@example.com,010-0000-0092,1982-10-19,BASIC,서울,2025-08-26 22:50:19,2025-08-30 07:47:44,Y,N,N,0,4240,2027-06-14
20093,um00093@example.com,010-0000-0093,1996-01-22,VIP,경기,2024-07-25 15:14:36,2026-08-29 07:59:37,Y,N,N,0,26560,2027-01-18
20094,um00094@example.com,010-0000-0094,1994-05-01,GOLD,서울,2026-06-06 14:46:46,2026-09-04 19:38:27,N,N,Y,113000,11330,2027-08-11
20095,um00095@example.com,010-0000-0095,1982-12-05,BASIC,인천,2025-12-31 20:25:15,2026-01-06 16:36:24,N,N,N,0,2860,2027-07-12
20096,um00096@example.net,010-0000-0096,1975-01-24,GOLD,경기,2024-09-10 09:42:50,2026-08-25 15:59:14,Y,N,N,0,9846,2027-06-04
20097,um00097@example.com,010-0000-0097,1985-07-24,BASIC,경남,2023-12-13 19:33:34,2024-09-22 16:36:36,Y,N,N,0,780,2027-06-27
20098,um00098@example.com,010-0000-0098,1987-04-26,GOLD,경기,2024-03-09 12:18:44,2024-10-31 21:00:54,Y,Y,N,0,8930,2027-07-04
20099,um00099@example.com,010-0000-0099,1997-07-10,BASIC,경기,2026-02-04 20:44:21,2026-02-04 14:45:55,Y,N,N,0,0,
20100,um00100@example.net,010-0000-0100,1982-08-14,BASIC,부산,2022-11-19 20:46:19,2023-11-23 17:09:23,Y,Y,Y,66000,1160,2027-08-05
20101,um00101@example.com,010-0000-0101,1997-02-25,GOLD,서울,2026-03-08 16:56:03,2026-08-27 13:13:55,N,N,Y,57000,9260,2026-09-24
20102,um00102@example.org,010-0000-0102,1999-06-04,BASIC,경기,2023-07-06 16:49:15,2026-08-18 11:34:49,N,Y,N,0,1560,2027-06-09
20103,um00103@example.net,010-0000-0103,1970-06-22,BASIC,서울,2025-07-23 21:20:01,2025-07-25 18:06:12,Y,Y,Y,76000,2030,2027-04-02
20104,um00104@example.com,010-0000-0104,1972-06-16,GOLD,인천,2023-10-19 22:07:41,2026-06-26 15:32:14,N,Y,N,0,8450,2027-03-26
20105,um00105@example.org,010-0000-0105,1977-09-02,BASIC,전북,2023-01-10 20:33:56,2025-05-23 00:59:11,Y,N,N,0,2946,2027-07-28
20106,um00106@example.com,010-0000-0106,1969-09-09,BASIC,경기,2024-12-22 20:25:04,2025-02-19 00:09:28,Y,Y,N,0,420,2027-05-20
20107,um00107@example.com,010-0000-0107,1972-07-08,BASIC,서울,2023-02-09 22:01:38,2026-08-16 09:34:40,Y,Y,N,0,870,2026-11-06
20108,um00108@example.net,010-0000-0108,2007-08-24,BASIC,인천,2026-02-12 18:08:26,2026-07-26 07:03:33,N,Y,N,0,4131,2027-07-07
20109,um00109@example.com,010-0000-0109,2002-05-28,VIP,서울,2025-12-17 10:20:10,2026-08-29 09:42:23,N,N,N,0,28290,2027-04-15
20110,um00110@example.net,010-0000-0110,1972-02-14,BASIC,대전,2025-07-22 23:34:48,2026-08-31 04:20:00,Y,Y,N,0,2970,2026-12-06
20111,um00111@example.com,010-0000-0111,1986-02-18,BASIC,전북,2024-11-06 20:53:20,2026-09-02 05:23:53,Y,N,N,0,4530,2026-10-07
20112,um00112@example.com,010-0000-0112,2006-10-12,BASIC,경기,2024-12-18 14:41:05,2026-04-16 20:47:43,Y,N,N,0,2410,2026-11-12
20113,um00113@example.com,010-0000-0113,2002-09-11,GOLD,경기,2025-03-04 14:09:14,2026-08-07 09:53:22,N,N,N,0,9832,2026-09-07
20114,um00114@example.com,010-0000-0114,1985-10-27,BASIC,부산,2025-03-29 16:23:13,2025-12-15 05:05:06,Y,N,N,0,3860,2026-09-26
20115,um00115@example.com,010-0000-0115,1991-03-02,GOLD,서울,2023-09-13 23:34:29,2026-08-29 12:41:48,N,N,N,0,12810,2026-11-03
20116,um00116@example.net,010-0000-0116,1995-10-14,BASIC,대전,2023-01-19 13:22:35,2024-12-16 14:00:29,Y,Y,N,0,2830,2027-07-18
20117,um00117@example.net,010-0000-0117,1970-05-27,BASIC,서울,2026-01-05 19:57:29,2026-01-05 13:04:11,N,Y,N,0,0,
20118,um00118@example.com,010-0000-0118,1975-03-27,GOLD,서울,2024-12-12 13:41:48,2026-08-27 21:01:22,Y,Y,Y,111000,15810,2026-08-17
20119,um00119@example.com,010-0000-0119,1977-03-01,BASIC,대전,2023-07-12 21:25:07,2023-10-04 11:55:49,Y,Y,N,0,0,
20120,um00120@example.com,010-0000-0120,1995-11-28,GOLD,서울,2022-04-10 13:37:47,2026-08-28 01:36:27,Y,N,N,0,18816,2027-03-16
20121,um00121@example.net,010-0000-0121,1971-06-25,BASIC,인천,2025-10-21 23:00:43,2026-08-14 15:14:30,Y,Y,N,0,2180,2027-04-30
20122,um00122@example.org,010-0000-0122,1987-03-10,BASIC,경기,2026-08-09 21:20:08,2026-09-03 17:04:24,N,Y,N,0,5400,2027-02-05
20123,um00123@example.com,010-0000-0123,1986-01-27,BASIC,서울,2024-06-27 14:40:21,2025-02-24 22:12:53,N,N,N,0,1260,2027-02-21
20124,um00124@example.com,010-0000-0124,1986-02-09,BASIC,경북,2026-05-13 18:57:51,2026-08-26 07:10:24,Y,Y,N,0,2780,2027-08-10
20125,um00125@example.com,010-0000-0125,1989-12-19,BASIC,경기,2023-05-02 23:02:29,2025-05-10 02:13:14,N,N,N,0,1720,2027-05-09
20126,um00126@example.com,010-0000-0126,1990-12-06,BASIC,경기,2022-06-14 12:19:20,2026-08-07 10:00:34,Y,N,Y,23000,4758,2026-11-07
20127,um00127@example.com,010-0000-0127,2004-01-22,BASIC,서울,2026-04-05 21:36:49,2026-08-11 04:25:06,N,N,N,0,660,2027-02-24
20128,um00128@example.net,010-0000-0128,1999-02-27,BASIC,서울,2025-05-30 21:08:44,2026-08-25 22:28:38,Y,Y,N,0,4580,2027-01-23
20129,um00129@example.org,010-0000-0129,1971-03-18,GOLD,서울,2024-11-18 21:29:36,2025-02-18 03:56:04,N,Y,N,0,10740,2026-12-22
20130,um00130@example.com,010-0000-0130,2007-04-19,GOLD,경기,2025-09-01 20:57:32,2026-06-13 22:04:18,N,Y,N,0,6630,2027-07-13
20131,um00131@example.net,010-0000-0131,2002-07-19,BASIC,전북,2026-06-02 18:49:07,2026-08-30 02:47:24,N,Y,Y,34000,3320,2026-11-07
20132,um00132@example.org,010-0000-0132,2000-02-09,GOLD,대전,2023-04-03 09:22:33,2026-05-31 23:20:24,Y,Y,Y,244000,6460,2026-09-20
20133,um00133@example.com,010-0000-0133,2000-06-23,BASIC,서울,2025-06-20 10:37:35,2025-09-28 21:11:05,Y,Y,N,0,710,2027-09-28
20134,um00134@example.com,010-0000-0134,1998-11-13,BASIC,경남,2023-04-09 13:07:13,2026-02-08 06:36:36,Y,N,N,0,5842,2027-08-31
20135,um00135@example.org,010-0000-0135,1994-08-26,GOLD,부산,2025-10-23 21:19:17,2026-08-01 10:38:06,N,Y,N,0,8208,2026-12-24
20136,um00136@example.com,010-0000-0136,1979-08-05,BASIC,경기,2025-08-07 21:29:05,2026-05-15 15:09:59,N,Y,N,0,2310,2026-09-17
20137,um00137@example.com,010-0000-0137,1975-12-14,BASIC,경기,2022-08-12 23:46:03,2026-07-04 12:24:40,Y,Y,N,0,4630,2027-05-26
20138,um00138@example.com,010-0000-0138,1996-11-21,VIP,대전,2025-10-12 20:24:47,2026-09-03 11:57:16,N,N,N,0,36970,2027-05-21
20139,um00139@example.com,010-0000-0139,1993-02-08,VIP,대구,2024-08-07 19:49:08,2026-08-02 12:07:14,N,Y,Y,34000,21160,2027-05-04
20140,um00140@example.com,010-0000-0140,1997-12-18,BASIC,부산,2024-09-07 20:07:11,2024-11-21 20:45:43,Y,Y,N,0,2889,2026-12-16
20141,um00141@example.com,010-0000-0141,1990-10-28,BASIC,서울,2025-06-22 21:30:12,2026-08-15 07:13:31,N,N,N,0,2785,2026-12-17
20142,um00142@example.org,010-0000-0142,1984-06-18,BASIC,경기,2025-12-17 18:18:55,2026-08-22 01:13:27,N,Y,N,0,1190,2026-08-18
20143,um00143@example.com,010-0000-0143,1988-03-28,BASIC,경북,2026-05-16 09:46:49,2026-08-12 08:15:55,Y,Y,Y,258000,340,2026-12-05
20144,um00144@example.net,010-0000-0144,1995-05-18,BASIC,경기,2025-04-04 20:54:12,2026-09-01 17:28:44,Y,Y,N,0,1636,2026-10-21
20145,um00145@example.net,010-0000-0145,1969-01-08,BASIC,경기,2024-12-26 15:47:11,2025-08-11 09:00:22,Y,N,N,0,6583,2026-11-07
20146,um00146@example.com,010-0000-0146,1990-12-01,GOLD,대구,2025-06-03 23:23:00,2026-07-19 19:25:43,Y,Y,Y,318000,13787,2026-12-21
20147,um00147@example.com,010-0000-0147,1985-01-07,BASIC,인천,2023-08-26 21:43:10,2026-04-18 13:42:39,Y,Y,N,0,2299,2027-02-03
20148,um00148@example.com,010-0000-0148,1999-09-18,VIP,강원,2023-12-22 18:41:27,2026-06-16 14:16:39,Y,N,N,0,24860,2026-11-05
20149,um00149@example.com,010-0000-0149,2003-03-20,BASIC,경기,2023-02-14 19:13:38,2026-07-26 12:09:03,Y,Y,N,0,5046,2027-07-24
20150,um00150@example.com,010-0000-0150,1971-08-06,BASIC,경기,2024-08-17 20:33:37,2026-08-27 12:01:53,Y,Y,N,0,3999,2027-02-26
20151,um00151@example.com,010-0000-0151,1978-11-26,BASIC,대구,2025-12-06 15:22:11,2026-08-25 12:37:41,N,N,N,0,460,2026-11-17
20152,um00152@example.com,010-0000-0152,1968-11-13,BASIC,경기,2024-11-27 16:39:37,2026-09-02 07:31:04,Y,Y,N,0,4952,2026-09-30
20153,um00153@example.com,010-0000-0153,1990-01-19,GOLD,세종,2023-10-15 20:13:03,2026-07-16 06:08:04,N,Y,N,0,16630,2027-03-25
20154,um00154@example.net,010-0000-0154,1982-09-17,BASIC,경기,2023-06-04 10:07:58,2026-04-16 10:42:50,N,Y,N,0,4740,2026-10-27
20155,um00155@example.com,010-0000-0155,1995-09-10,BASIC,서울,2026-06-07 20:51:28,2026-06-07 22:41:43,Y,N,N,0,4430,2027-03-02
20156,um00156@example.com,010-0000-0156,2007-01-21,BASIC,대전,2026-07-19 16:36:15,2026-09-02 19:53:44,N,N,N,0,3180,2027-08-10
20157,um00157@example.net,010-0000-0157,1968-07-09,GOLD,서울,2025-07-10 21:08:14,2026-09-02 18:25:11,Y,N,N,0,12440,2027-01-08
20158,um00158@example.com,010-0000-0158,1984-05-10,GOLD,대구,2025-09-10 23:05:15,2026-07-31 19:04:55,N,N,N,0,10052,2027-05-29
20159,um00159@example.com,010-0000-0159,1985-08-27,BASIC,경남,2025-07-11 20:51:37,2026-06-17 18:54:32,Y,N,N,0,1110,2027-02-07
20160,um00160@example.com,010-0000-0160,2003-04-25,VIP,충남,2024-07-09 17:03:08,2026-08-25 06:36:45,N,Y,N,0,30880,2026-10-31
20161,um00161@example.net,010-0000-0161,2003-05-07,BASIC,전남,2024-06-01 16:32:42,2026-05-24 18:40:16,Y,N,N,0,2130,2026-09-01
20162,um00162@example.com,010-0000-0162,1968-07-06,GOLD,인천,2025-01-23 16:19:11,2026-08-24 10:26:23,Y,N,N,0,6250,2027-08-15
20163,um00163@example.org,010-0000-0163,1988-04-26,BASIC,부산,2024-05-02 14:48:44,2026-08-23 07:59:21,Y,Y,N,0,3370,2027-01-15
20164,um00164@example.org,010-0000-0164,2004-03-14,GOLD,경기,2025-12-30 18:26:44,2026-08-06 09:05:28,N,N,N,0,14260,2027-06-14
20165,um00165@example.net,010-0000-0165,1989-10-03,GOLD,대전,2024-04-21 20:19:12,2026-08-15 07:58:47,Y,Y,Y,162000,13100,2027-08-09
20166,um00166@example.net,010-0000-0166,2008-11-26,GOLD,울산,2025-10-31 09:39:23,2026-07-11 10:09:35,N,N,Y,262000,10040,2027-08-29
20167,um00167@example.org,010-0000-0167,1980-06-23,VIP,강원,2026-07-14 16:09:48,2026-09-02 11:10:00,Y,N,N,0,23690,2027-05-26
20168,um00168@example.net,010-0000-0168,1980-10-09,BASIC,인천,2022-12-07 12:22:40,2024-03-03 01:01:47,Y,Y,N,0,3000,2027-02-18
20169,um00169@example.net,010-0000-0169,1985-07-13,BASIC,인천,2025-02-22 08:56:05,2026-08-20 05:21:40,N,N,N,0,7443,2027-07-23
20170,um00170@example.com,010-0000-0170,1982-12-06,VIP,경기,2023-03-05 20:13:51,2026-09-02 03:40:02,Y,Y,Y,188000,21850,2026-12-19
20171,um00171@example.com,010-0000-0171,2003-02-15,BASIC,전남,2022-07-06 22:25:08,2025-12-27 05:30:28,Y,Y,N,0,734,2027-07-12
20172,um00172@example.com,010-0000-0172,1993-05-19,VIP,충남,2025-07-13 08:44:10,2026-09-01 13:58:57,Y,N,N,0,34700,2027-08-22
20173,um00173@example.net,010-0000-0173,1976-09-08,BASIC,대전,2026-02-27 15:37:45,2026-03-01 11:33:28,Y,N,N,0,2580,2026-12-07
20174,um00174@example.com,010-0000-0174,1988-09-09,GOLD,대구,2026-04-27 16:30:21,2026-09-02 03:34:26,Y,Y,N,0,10620,2027-02-04
20175,um00175@example.com,010-0000-0175,2008-05-17,BASIC,경기,2024-06-06 14:31:50,2026-08-22 17:16:31,Y,Y,Y,466000,3660,2027-03-09
20176,um00176@example.com,010-0000-0176,2004-11-10,GOLD,광주,2024-03-17 09:56:26,2026-08-28 11:20:08,N,N,Y,331000,8170,2027-07-30
20177,um00177@example.net,010-0000-0177,2005-10-20,VIP,경기,2026-08-04 20:27:08,2026-09-03 16:18:50,N,Y,Y,227000,40783,2026-10-21
20178,um00178@example.org,010-0000-0178,1981-10-19,GOLD,경기,2026-01-10 16:35:53,2026-07-27 07:18:21,Y,N,Y,14000,11613,2027-09-17
20179,um00179@example.org,010-0000-0179,1987-05-06,BASIC,대구,2026-07-01 09:50:15,2026-08-17 23:36:34,N,Y,N,0,4320,2027-09-02
20180,um00180@example.com,010-0000-0180,1998-04-04,BASIC,경북,2024-06-14 11:03:07,2025-04-04 18:43:31,Y,Y,N,0,870,2027-09-05
20181,um00181@example.com,010-0000-0181,1974-06-23,BASIC,대구,2025-02-06 19:40:03,2026-07-26 03:32:43,Y,N,N,0,10205,2027-07-18
20182,um00182@example.org,010-0000-0182,1991-05-18,VIP,경기,2026-05-02 09:22:09,2026-09-02 19:19:52,N,N,N,0,26380,2027-05-19
20183,um00183@example.com,010-0000-0183,1979-02-20,GOLD,서울,2024-05-03 13:28:19,2026-08-29 01:14:11,Y,N,N,0,8435,2026-10-02
20184,um00184@example.com,010-0000-0184,1997-01-18,BASIC,경남,2024-11-15 19:04:46,2025-05-28 21:11:55,N,N,N,0,0,
20185,um00185@example.com,010-0000-0185,1980-08-07,BASIC,부산,2025-05-29 16:48:44,2026-07-05 19:55:52,N,Y,N,0,1050,2026-09-07
20186,um00186@example.net,010-0000-0186,2002-01-06,BASIC,인천,2025-08-18 19:42:54,2026-08-31 11:57:38,Y,Y,Y,71000,4780,2026-10-11
20187,um00187@example.com,010-0000-0187,1999-01-10,BASIC,경북,2026-06-27 20:25:08,2026-08-28 12:09:52,Y,N,N,0,1270,2027-07-23
20188,um00188@example.net,010-0000-0188,1982-06-24,BASIC,울산,2025-04-09 12:00:16,2025-04-10 20:55:44,Y,N,N,0,2330,2027-07-28
20189,um00189@example.com,010-0000-0189,1997-06-21,BASIC,경기,2023-07-08 10:51:12,2026-04-23 18:19:02,Y,Y,Y,82000,5850,2027-10-03
20190,um00190@example.com,010-0000-0190,2005-10-18,BASIC,인천,2025-12-27 16:34:29,2026-08-30 07:16:31,N,Y,N,0,3669,2026-11-18
20191,um00191@example.net,010-0000-0191,2000-09-01,BASIC,대구,2025-06-08 20:45:17,2026-05-07 11:45:50,Y,N,N,0,2140,2027-09-29
20192,um00192@example.com,010-0000-0192,1985-03-28,GOLD,경기,2026-03-23 15:08:16,2026-08-12 01:01:41,N,N,N,0,12780,2027-03-30
20193,um00193@example.com,010-0000-0193,2002-02-04,BASIC,서울,2025-09-27 11:31:43,2026-07-10 08:34:03,Y,Y,Y,50000,3320,2026-09-27
20194,um00194@example.net,010-0000-0194,2001-11-04,BASIC,경남,2023-08-06 20:20:11,2026-08-26 14:56:04,N,Y,N,0,2300,2026-11-17
20195,um00195@example.net,010-0000-0195,1968-03-23,GOLD,부산,2026-08-17 09:48:19,2026-09-03 02:38:28,Y,Y,N,0,10190,2027-07-27
20196,um00196@example.net,010-0000-0196,1972-12-28,BASIC,대구,2025-11-17 20:10:35,2025-12-15 05:38:03,Y,Y,N,0,420,2027-05-22
20197,um00197@example.com,010-0000-0197,1988-09-24,BASIC,경북,2023-12-19 16:20:15,2025-11-24 18:10:52,N,N,N,0,0,
20198,um00198@example.org,010-0000-0198,1975-11-19,BASIC,서울,2026-04-28 20:53:46,2026-08-29 03:30:00,Y,Y,N,0,7895,2027-05-16
20199,um00199@example.com,010-0000-0199,2005-11-23,GOLD,경기,2026-07-03 12:24:12,2026-09-03 12:41:28,N,N,Y,507000,14390,2027-04-21
20200,um00200@example.com,010-0000-0200,1974-05-11,GOLD,서울,2025-09-07 10:28:41,2026-08-27 09:40:00,Y,Y,N,0,9720,2026-10-16
20201,um00201@example.com,010-0000-0201,1968-08-15,GOLD,경기,2024-03-13 17:54:52,2026-08-25 18:44:08,Y,N,Y,57000,7120,2027-08-09
20202,um00202@example.com,010-0000-0202,1977-09-12,VIP,경기,2023-02-05 00:48:47,2026-08-18 01:06:42,N,N,Y,48000,33050,2026-11-16
20203,um00203@example.org,010-0000-0203,1974-01-21,GOLD,서울,2023-08-21 21:57:45,2026-08-07 22:29:06,Y,N,N,0,8660,2027-07-18
20204,um00204@example.com,010-0000-0204,1972-10-24,GOLD,경기,2023-10-25 23:12:09,2026-08-21 19:28:40,Y,N,N,0,6820,2026-11-28
20205,um00205@example.net,010-0000-0205,1983-10-24,BASIC,서울,2025-11-26 23:01:13,2026-08-22 18:28:56,Y,Y,N,0,5650,2026-09-02
20206,um00206@example.com,010-0000-0206,1972-01-20,BASIC,부산,2026-06-17 16:37:07,2026-07-27 01:07:46,Y,Y,N,0,1530,2027-06-14
20207,um00207@example.com,010-0000-0207,1997-05-19,GOLD,서울,2024-01-11 22:43:01,2026-09-03 16:31:42,N,Y,N,0,11650,2026-12-15
20208,um00208@example.com,010-0000-0208,1989-11-27,BASIC,서울,2026-03-18 19:29:02,2026-09-03 09:17:34,Y,Y,Y,120000,5720,2026-11-06
20209,um00209@example.com,010-0000-0209,1990-03-07,BASIC,경기,2026-05-04 23:59:56,2026-05-06 04:00:18,Y,N,N,0,2080,2026-10-18
20210,um00210@example.org,010-0000-0210,1968-02-16,BASIC,서울,2025-04-19 11:56:23,2026-08-22 09:57:35,Y,N,N,0,2400,2026-08-19
20211,um00211@example.com,010-0000-0211,1968-06-20,GOLD,대구,2025-05-27 21:00:50,2026-08-07 11:22:21,N,Y,N,0,10330,2027-01-11
20212,um00212@example.com,010-0000-0212,1970-07-24,BASIC,인천,2022-11-20 20:42:20,2025-12-22 21:57:37,Y,N,N,0,1850,2027-03-05
20213,um00213@example.com,010-0000-0213,1987-07-12,BASIC,경기,2024-03-28 21:37:05,2024-05-01 10:00:52,Y,Y,N,0,1460,2026-12-26
20214,um00214@example.com,010-0000-0214,1983-09-13,GOLD,부산,2026-06-24 09:37:22,2026-09-04 04:31:46,Y,Y,N,0,18280,2027-04-02
20215,um00215@example.com,010-0000-0215,1974-12-19,BASIC,전북,2024-08-09 23:16:09,2026-08-20 01:34:55,N,N,N,0,10500,2027-01-09
20216,um00216@example.com,010-0000-0216,1997-11-26,GOLD,세종,2023-09-14 21:33:28,2026-05-10 07:55:44,N,Y,N,0,11053,2026-08-30
20217,um00217@example.net,010-0000-0217,1987-04-04,GOLD,경남,2025-09-18 23:35:36,2026-08-31 15:54:37,Y,Y,N,0,13060,2027-02-26
20218,um00218@example.com,010-0000-0218,1973-11-25,BASIC,서울,2026-07-21 18:02:26,2026-09-04 15:11:13,Y,Y,Y,203000,7020,2027-01-31
20219,um00219@example.com,010-0000-0219,1971-04-21,VIP,충남,2024-12-13 12:25:28,2026-08-31 05:12:40,Y,N,N,0,26347,2027-03-12
20220,um00220@example.com,010-0000-0220,1971-05-15,BASIC,경기,2024-04-24 16:20:39,2024-05-12 18:13:27,Y,Y,N,0,4240,2026-12-12
20221,um00221@example.net,010-0000-0221,1978-04-28,BASIC,경남,2026-09-02 08:32:45,2026-09-03 11:26:00,N,N,Y,375000,3230,2026-10-17
20222,um00222@example.com,010-0000-0222,2000-05-05,BASIC,경기,2024-02-15 15:12:01,2024-09-15 10:38:09,Y,Y,N,0,8415,2027-05-18
20223,um00223@example.net,010-0000-0223,2003-03-06,GOLD,강원,2024-06-25 11:53:24,2026-07-27 12:57:49,N,N,N,0,10390,2027-01-05
20224,um00224@example.com,010-0000-0224,1984-05-19,BASIC,경기,2024-03-31 15:06:23,2026-02-09 19:30:52,N,Y,N,0,850,2026-09-26
20225,um00225@example.net,010-0000-0225,1973-07-26,BASIC,강원,2024-06-24 20:18:32,2026-06-29 21:26:41,Y,Y,Y,179000,4490,2027-10-05
20226,um00226@example.com,010-0000-0226,1994-01-05,GOLD,충남,2023-05-15 23:59:03,2026-06-06 11:41:32,N,N,N,0,9430,2027-01-02
20227,um00227@example.com,010-0000-0227,1996-08-05,BASIC,서울,2022-12-08 20:54:58,2026-05-01 05:18:57,N,Y,N,0,5850,2027-02-06
20228,um00228@example.net,010-0000-0228,2004-05-19,BASIC,경남,2025-09-10 00:47:51,2026-08-09 22:55:19,N,N,N,0,1260,2027-07-09
20229,um00229@example.com,010-0000-0229,1981-12-01,BASIC,경기,2025-10-10 16:02:06,2026-08-23 21:43:58,Y,Y,Y,71000,1450,2027-10-04
20230,um00230@example.net,010-0000-0230,1969-02-23,BASIC,경기,2025-04-25 21:15:20,2025-04-25 10:11:48,N,Y,N,0,0,
20231,um00231@example.com,010-0000-0231,1978-10-03,GOLD,충남,2023-12-24 17:39:06,2026-08-10 12:48:57,N,Y,N,0,16402,2027-02-13
20232,um00232@example.com,010-0000-0232,2000-11-22,BASIC,충북,2025-06-30 19:31:22,2026-06-10 13:39:35,Y,N,N,0,4704,2026-09-06
20233,um00233@example.net,010-0000-0233,1969-04-05,BASIC,인천,2023-07-11 00:28:18,2025-05-26 15:41:41,N,Y,N,0,943,2027-07-01
20234,um00234@example.net,010-0000-0234,1988-10-27,BASIC,경남,2023-03-09 22:08:03,2024-01-31 12:58:50,Y,N,N,0,5517,2027-08-26
20235,um00235@example.net,010-0000-0235,2003-02-21,BASIC,경기,2026-02-08 11:27:05,2026-02-18 16:28:02,Y,N,N,0,890,2027-04-04
20236,um00236@example.net,010-0000-0236,1995-04-01,GOLD,충남,2026-01-29 10:43:51,2026-08-30 17:56:36,N,Y,N,0,10843,2027-09-01
20237,um00237@example.net,010-0000-0237,1994-08-22,GOLD,서울,2025-08-11 21:04:58,2026-08-31 18:55:34,Y,Y,Y,680000,9420,2027-03-16
20238,um00238@example.net,010-0000-0238,2006-10-27,VIP,전남,2026-03-16 14:08:12,2026-08-31 15:55:00,Y,Y,N,0,37195,2027-06-26
20239,um00239@example.com,010-0000-0239,1990-03-15,GOLD,대구,2023-11-02 11:57:59,2026-09-01 16:14:41,N,N,Y,287000,11503,2027-01-23
20240,um00240@example.com,010-0000-0240,1991-09-24,VIP,대구,2024-11-16 15:17:13,2026-08-21 16:56:40,N,N,N,0,20210,2027-05-03
20241,um00241@example.com,010-0000-0241,1968-06-11,BASIC,서울,2026-08-02 22:13:28,2026-09-03 04:12:19,N,N,N,0,3710,2026-09-28
20242,um00242@example.com,010-0000-0242,1999-07-11,VIP,부산,2024-05-30 16:23:59,2026-08-31 14:55:00,N,Y,N,0,24900,2027-06-03
20243,um00243@example.org,010-0000-0243,1985-09-17,GOLD,대구,2023-03-31 21:18:04,2026-08-25 05:04:53,Y,Y,N,0,12900,2026-11-05
20244,um00244@example.com,010-0000-0244,1975-05-19,GOLD,광주,2023-05-12 20:50:50,2024-11-28 06:57:56,N,N,N,0,7890,2026-10-17
20245,um00245@example.com,010-0000-0245,1986-03-12,BASIC,서울,2025-12-20 15:24:07,2026-08-27 19:35:05,Y,N,Y,56000,7378,2027-05-09
20246,um00246@example.com,010-0000-0246,1977-10-22,BASIC,세종,2024-12-23 19:45:16,2026-08-25 10:28:39,N,Y,N,0,4941,2027-07-06
20247,um00247@example.net,010-0000-0247,1996-02-04,BASIC,경기,2025-02-02 22:23:16,2025-02-02 19:11:48,N,N,N,0,4465,2027-08-18
20248,um00248@example.com,010-0000-0248,2008-11-21,BASIC,인천,2026-03-30 23:50:56,2026-03-30 11:18:49,Y,Y,N,0,0,
20249,um00249@example.org,010-0000-0249,1973-01-26,BASIC,충남,2024-04-06 23:24:33,2024-10-01 07:34:08,Y,N,N,0,5221,2027-03-02
20250,um00250@example.com,010-0000-0250,1987-12-06,BASIC,경기,2025-03-24 12:06:04,2026-06-30 02:25:28,Y,Y,N,0,2010,2027-06-12
20251,um00251@example.com,010-0000-0251,2008-01-08,BASIC,전남,2025-02-09 11:57:36,2025-02-09 10:52:27,N,N,N,0,0,
20252,um00252@example.com,010-0000-0252,1992-11-20,GOLD,충북,2026-05-26 20:51:07,2026-09-03 21:07:42,Y,N,Y,230000,18830,2026-09-17
20253,um00253@example.com,010-0000-0253,1975-10-02,BASIC,서울,2025-03-28 21:31:17,2026-04-24 20:06:06,N,Y,N,0,0,
20254,um00254@example.net,010-0000-0254,1998-07-04,VIP,경남,2022-11-08 20:28:53,2026-08-05 08:52:17,Y,N,N,0,23720,2026-12-07
20255,um00255@example.org,010-0000-0255,1985-11-23,GOLD,제주,2024-10-10 20:51:36,2026-07-20 21:38:08,Y,Y,N,0,11340,2027-05-20
20256,um00256@example.com,010-0000-0256,1999-02-11,BASIC,부산,2026-02-17 19:39:43,2026-09-03 19:20:13,Y,N,Y,14000,4280,2026-08-28
20257,um00257@example.com,010-0000-0257,2000-09-02,BASIC,광주,2022-12-05 20:42:00,2026-04-13 19:05:56,Y,N,N,0,0,
20258,um00258@example.com,010-0000-0258,1994-10-26,GOLD,경남,2026-02-07 14:13:14,2026-08-03 10:40:45,Y,Y,N,0,7580,2026-09-02
20259,um00259@example.com,010-0000-0259,2004-11-21,GOLD,서울,2025-05-17 11:11:48,2026-08-24 01:43:18,N,Y,N,0,11770,2027-06-12
20260,um00260@example.com,010-0000-0260,1996-06-11,BASIC,대구,2024-03-03 10:30:16,2025-02-28 11:36:07,Y,N,N,0,3857,2027-09-18
20261,um00261@example.net,010-0000-0261,1991-12-18,BASIC,경기,2026-08-29 22:44:09,2026-08-31 06:41:02,Y,N,N,0,2290,2027-03-12
20262,um00262@example.com,010-0000-0262,1979-09-16,BASIC,인천,2025-08-17 15:15:04,2026-08-14 19:32:06,Y,Y,N,0,2620,2027-02-11
20263,um00263@example.org,010-0000-0263,1976-12-28,GOLD,제주,2024-07-08 20:31:07,2025-11-02 12:38:58,Y,Y,N,0,10694,2027-03-25
20264,um00264@example.org,010-0000-0264,1975-10-25,GOLD,경기,2022-12-11 19:13:57,2026-08-12 03:48:48,N,Y,Y,55000,17604,2027-09-27
20265,um00265@example.com,010-0000-0265,1991-09-27,GOLD,서울,2026-06-20 14:30:14,2026-09-01 21:15:48,Y,Y,N,0,7210,2027-07-23
20266,um00266@example.net,010-0000-0266,1985-01-14,BASIC,경남,2025-05-03 20:10:09,2026-08-22 05:28:43,Y,Y,Y,203000,560,2027-04-29
20267,um00267@example.org,010-0000-0267,1979-10-07,BASIC,서울,2026-09-02 23:03:17,2026-09-04 11:21:01,Y,N,N,0,6178,2026-10-17
20268,um00268@example.org,010-0000-0268,1999-09-05,GOLD,서울,2023-03-17 08:31:02,2026-08-02 10:04:32,N,Y,Y,257000,6080,2027-09-12
20269,um00269@example.com,010-0000-0269,1993-11-01,BASIC,전북,2026-03-16 22:05:21,2026-08-10 16:05:49,N,N,Y,82000,2640,2026-10-31
20270,um00270@example.com,010-0000-0270,1996-03-05,GOLD,서울,2025-03-31 23:31:35,2026-08-20 22:47:14,Y,Y,N,0,6150,2026-10-11
20271,um00271@example.com,010-0000-0271,1980-09-13,GOLD,부산,2025-12-29 20:48:20,2026-08-06 12:57:20,Y,N,N,0,11497,2027-05-17
20272,um00272@example.net,010-0000-0272,2008-01-13,BASIC,대전,2023-11-23 15:02:16,2026-02-02 19:11:24,N,Y,N,0,0,
20273,um00273@example.net,010-0000-0273,1983-06-18,BASIC,광주,2022-11-24 11:59:36,2026-08-06 11:56:58,N,Y,N,0,1130,2026-09-29
20274,um00274@example.net,010-0000-0274,2002-12-20,BASIC,전남,2025-03-14 18:54:09,2025-05-21 15:33:17,N,Y,N,0,0,
20275,um00275@example.net,010-0000-0275,1968-07-16,BASIC,전북,2025-06-11 10:50:03,2026-07-27 06:05:46,N,Y,N,0,5920,2027-02-04
20276,um00276@example.net,010-0000-0276,1990-11-16,BASIC,전북,2023-09-18 20:40:22,2023-12-18 10:50:05,N,N,N,0,0,
20277,um00277@example.com,010-0000-0277,1993-01-26,BASIC,서울,2024-01-15 18:21:30,2025-01-18 22:03:31,Y,Y,N,0,0,
20278,um00278@example.org,010-0000-0278,2001-12-21,VIP,경기,2024-08-12 15:13:51,2026-09-03 10:37:13,Y,N,Y,48000,28820,2027-08-12
20279,um00279@example.net,010-0000-0279,1998-06-09,BASIC,경기,2024-01-03 18:23:19,2026-09-01 22:14:31,N,Y,N,0,3970,2027-04-30
20280,um00280@example.org,010-0000-0280,1987-08-14,BASIC,경남,2025-08-20 15:38:27,2026-01-06 22:48:27,Y,Y,N,0,3468,2027-06-09
20281,um00281@example.com,010-0000-0281,1982-01-03,BASIC,경남,2023-11-21 08:06:26,2026-08-25 00:06:31,Y,Y,N,0,7709,2027-02-28
20282,um00282@example.org,010-0000-0282,1968-01-25,GOLD,경남,2025-12-07 22:51:16,2026-09-01 15:11:00,Y,N,N,0,8790,2026-12-15
20283,um00283@example.com,010-0000-0283,1999-07-21,BASIC,경기,2023-06-02 17:07:38,2024-02-25 21:02:36,Y,Y,N,0,0,
20284,um00284@example.net,010-0000-0284,1982-10-07,BASIC,경기,2022-12-20 16:44:26,2025-03-15 10:38:04,N,N,N,0,6202,2027-05-01
20285,um00285@example.org,010-0000-0285,1971-06-01,VIP,경기,2026-08-11 16:08:07,2026-09-04 10:06:19,Y,Y,Y,110000,29320,2026-12-01
20286,um00286@example.com,010-0000-0286,1988-06-19,BASIC,울산,2023-05-02 09:49:02,2024-03-02 12:48:00,Y,Y,N,0,3930,2027-06-03
20287,um00287@example.com,010-0000-0287,1981-08-03,BASIC,서울,2024-08-03 18:14:31,2026-04-24 00:30:13,N,N,N,0,8920,2027-02-17
20288,um00288@example.com,010-0000-0288,1987-01-14,BASIC,전북,2025-08-03 11:32:31,2025-11-11 18:12:39,Y,N,N,0,2230,2027-08-25
20289,um00289@example.net,010-0000-0289,2005-11-03,GOLD,충남,2025-10-15 21:33:00,2026-09-01 15:16:37,N,Y,Y,104000,10810,2026-12-11
20290,um00290@example.com,010-0000-0290,1971-10-28,BASIC,경기,2025-08-02 13:00:16,2025-09-16 02:14:01,Y,Y,N,0,2040,2026-11-21
20291,um00291@example.org,010-0000-0291,2007-04-09,BASIC,서울,2025-04-24 14:44:57,2026-05-22 01:01:18,N,Y,N,0,450,2027-03-23
20292,um00292@example.org,010-0000-0292,1968-02-04,BASIC,충남,2023-10-30 17:30:36,2026-08-20 06:30:56,Y,Y,N,0,1360,2027-02-22
20293,um00293@example.org,010-0000-0293,2001-06-22,BASIC,경기,2025-01-19 09:47:43,2025-06-03 09:01:52,Y,Y,N,0,2280,2027-09-23
20294,um00294@example.com,010-0000-0294,1993-01-01,BASIC,세종,2023-03-09 10:19:59,2026-07-18 20:52:45,Y,Y,N,0,1520,2026-10-21
20295,um00295@example.com,010-0000-0295,1991-04-22,GOLD,인천,2026-03-26 14:34:51,2026-09-03 06:17:56,N,Y,N,0,15850,2027-08-31
20296,um00296@example.net,010-0000-0296,1979-08-03,BASIC,경기,2024-01-18 14:17:42,2025-09-16 21:38:58,Y,Y,N,0,880,2027-10-09
20297,um00297@example.com,010-0000-0297,1998-12-11,BASIC,서울,2024-12-11 10:49:32,2026-02-05 21:31:35,Y,N,N,0,1716,2027-02-25
20298,um00298@example.net,010-0000-0298,1974-02-20,BASIC,인천,2026-05-11 20:52:36,2026-09-02 11:44:06,Y,Y,N,0,1490,2026-09-13
20299,um00299@example.com,010-0000-0299,1999-06-03,GOLD,서울,2026-03-19 09:48:26,2026-09-04 14:32:17,Y,N,N,0,7900,2027-02-27
20300,um00300@example.com,010-0000-0300,2002-03-03,BASIC,충북,2026-01-20 13:47:25,2026-01-23 06:26:23,N,N,N,0,4878,2027-09-10
20301,um00301@example.com,010-0000-0301,2004-02-19,BASIC,충북,2025-08-13 20:23:45,2025-10-05 12:59:42,N,N,N,0,0,
20302,um00302@example.com,010-0000-0302,1972-05-15,BASIC,광주,2026-06-19 10:12:16,2026-09-03 14:48:07,N,N,N,0,3643,2027-03-18
20303,um00303@example.com,010-0000-0303,2002-09-19,BASIC,부산,2025-02-12 21:51:42,2025-02-17 02:15:30,Y,N,N,0,950,2027-03-14
20304,um00304@example.com,010-0000-0304,1997-03-04,BASIC,서울,2024-08-11 20:27:23,2025-09-24 08:28:48,N,N,Y,207000,5210,2027-07-15
20305,um00305@example.com,010-0000-0305,2000-07-16,GOLD,전남,2026-06-26 15:08:12,2026-09-03 06:34:32,Y,Y,N,0,16390,2026-12-04
20306,um00306@example.net,010-0000-0306,1985-01-07,BASIC,서울,2025-06-01 21:26:24,2026-09-02 10:55:30,N,Y,N,0,4900,2027-02-04
20307,um00307@example.com,010-0000-0307,1973-03-12,BASIC,경기,2023-01-23 19:40:54,2026-04-21 09:43:17,N,N,N,0,8606,2026-10-18
20308,um00308@example.org,010-0000-0308,1994-01-10,VIP,서울,2026-05-24 15:25:40,2026-09-01 11:18:15,Y,Y,N,0,24370,2027-07-30
20309,um00309@example.com,010-0000-0309,1992-08-27,BASIC,대구,2022-02-25 16:49:37,2026-05-01 18:08:00,Y,Y,N,0,6147,2027-02-25
20310,um00310@example.net,010-0000-0310,2002-06-14,BASIC,충북,2025-06-14 13:29:06,2025-08-28 06:53:27,Y,N,Y,178000,1450,2027-06-29
20311,um00311@example.net,010-0000-0311,1974-12-14,GOLD,부산,2023-07-13 13:52:54,2026-08-08 14:05:59,N,Y,Y,419000,7130,2026-11-26
20312,um00312@example.com,010-0000-0312,1974-06-16,BASIC,경남,2025-11-26 22:38:14,2026-08-23 12:52:46,Y,N,N,0,5173,2026-12-08
20313,um00313@example.com,010-0000-0313,1978-06-05,GOLD,경기,2024-02-17 22:30:08,2026-08-24 16:06:48,N,Y,Y,142000,7550,2026-09-17
20314,um00314@example.com,010-0000-0314,1968-10-15,BASIC,서울,2022-11-10 23:14:34,2026-08-10 07:42:17,Y,Y,N,0,2610,2027-07-10
20315,um00315@example.com,010-0000-0315,2000-02-26,GOLD,경기,2024-10-27 11:59:41,2025-02-27 17:56:55,Y,Y,N,0,10050,2027-04-20
20316,um00316@example.org,010-0000-0316,2002-04-02,BASIC,경기,2024-12-22 13:12:20,2026-08-10 05:16:55,Y,N,N,0,3890,2027-05-02
20317,um00317@example.net,010-0000-0317,1991-11-24,GOLD,충남,2025-10-25 13:44:40,2026-08-21 09:13:57,Y,N,N,0,9580,2027-01-11
20318,um00318@example.com,010-0000-0318,1998-04-26,GOLD,서울,2024-07-28 15:43:29,2026-07-09 17:54:01,Y,N,Y,162000,8760,2027-01-26
20319,um00319@example.org,010-0000-0319,1985-04-10,BASIC,인천,2025-12-08 13:37:44,2026-08-10 17:57:58,N,N,Y,112000,4941,2027-03-05
20320,um00320@example.net,010-0000-0320,1987-08-11,GOLD,제주,2026-06-01 23:25:02,2026-09-03 03:27:05,Y,Y,Y,28000,7650,2027-08-22
20321,um00321@example.com,010-0000-0321,1993-02-15,BASIC,서울,2022-05-22 21:42:24,2026-03-31 16:39:44,Y,Y,N,0,580,2027-03-10
20322,um00322@example.com,010-0000-0322,1973-10-04,BASIC,경기,2022-08-05 23:18:37,2025-06-10 22:40:22,Y,N,N,0,7180,2027-03-05
20323,um00323@example.com,010-0000-0323,1976-05-18,BASIC,충남,2022-12-08 11:38:32,2025-12-23 21:17:35,Y,Y,N,0,5080,2027-06-09
20324,um00324@example.net,010-0000-0324,1979-06-20,BASIC,전북,2023-07-17 20:02:34,2026-08-31 14:33:52,N,Y,N,0,3787,2026-11-12
20325,um00325@example.com,010-0000-0325,1995-02-12,VIP,대구,2024-10-02 00:31:13,2026-08-30 09:55:10,N,N,N,0,27790,2027-07-24
20326,um00326@example.org,010-0000-0326,1999-03-11,BASIC,대구,2026-03-11 22:55:05,2026-06-26 11:07:41,N,Y,N,0,4470,2027-07-14
20327,um00327@example.com,010-0000-0327,1977-08-20,GOLD,경남,2024-05-24 21:23:56,2026-04-25 12:35:16,N,Y,N,0,18147,2027-08-12
20328,um00328@example.com,010-0000-0328,1969-11-24,BASIC,경남,2024-04-18 21:25:50,2026-04-15 14:27:00,N,N,N,0,2330,2026-11-30
20329,um00329@example.net,010-0000-0329,1993-02-28,BASIC,서울,2025-01-26 00:16:05,2026-08-25 12:25:35,Y,Y,N,0,4230,2026-12-12
20330,um00330@example.org,010-0000-0330,2007-10-06,GOLD,인천,2025-04-17 11:11:51,2026-06-23 02:55:46,Y,Y,N,0,6420,2026-09-23
20331,um00331@example.com,010-0000-0331,1994-05-01,BASIC,세종,2024-07-22 17:48:40,2026-06-19 11:09:17,N,Y,N,0,5660,2027-03-12
20332,um00332@example.net,010-0000-0332,1982-09-22,GOLD,경북,2025-04-07 15:45:46,2026-09-01 08:40:25,N,Y,N,0,7050,2027-03-17
20333,um00333@example.com,010-0000-0333,1968-12-19,GOLD,경기,2024-07-23 11:20:32,2026-06-17 22:44:05,Y,Y,N,0,10280,2027-08-11
20334,um00334@example.net,010-0000-0334,2003-09-05,GOLD,서울,2026-08-05 19:40:14,2026-09-02 19:26:33,N,N,N,0,9500,2026-11-20
20335,um00335@example.net,010-0000-0335,2006-01-14,BASIC,경기,2026-06-19 23:42:42,2026-09-04 15:24:05,N,N,Y,266000,1700,2027-05-28
20336,um00336@example.net,010-0000-0336,1998-10-10,BASIC,경북,2022-12-11 13:15:51,2025-09-28 18:09:09,N,N,N,0,1350,2027-07-21
20337,um00337@example.com,010-0000-0337,1979-08-19,GOLD,대구,2024-11-06 13:30:07,2026-09-02 11:43:03,N,N,N,0,19941,2027-09-05
20338,um00338@example.net,010-0000-0338,1998-07-17,BASIC,서울,2026-06-19 18:58:14,2026-09-01 12:09:27,Y,N,N,0,3960,2027-04-01
20339,um00339@example.com,010-0000-0339,1972-03-27,BASIC,경기,2025-08-11 13:54:44,2025-08-11 09:36:38,Y,Y,N,0,0,
20340,um00340@example.net,010-0000-0340,2006-10-27,BASIC,경남,2026-08-18 11:16:30,2026-08-18 20:06:43,Y,Y,N,0,0,
20341,um00341@example.org,010-0000-0341,2008-08-14,VIP,경기,2024-10-12 13:08:49,2026-09-04 11:04:28,Y,N,N,0,28465,2026-11-20
20342,um00342@example.net,010-0000-0342,1969-06-06,BASIC,광주,2022-12-17 09:02:01,2026-04-06 20:49:29,N,Y,N,0,5629,2027-04-14
20343,um00343@example.net,010-0000-0343,1998-06-27,GOLD,인천,2026-01-23 18:25:39,2026-08-21 04:03:03,Y,Y,N,0,6860,2027-06-08
20344,um00344@example.com,010-0000-0344,1968-12-09,BASIC,경기,2024-04-30 20:34:31,2026-09-02 12:37:06,Y,Y,N,0,2170,2026-08-31
20345,um00345@example.net,010-0000-0345,2004-05-19,GOLD,경남,2023-12-29 12:27:29,2026-08-29 20:38:04,Y,Y,N,0,10790,2027-02-23
20346,um00346@example.org,010-0000-0346,1995-01-23,BASIC,강원,2026-05-14 20:14:25,2026-05-14 14:26:44,Y,N,Y,44000,0,
20347,um00347@example.net,010-0000-0347,1983-03-16,BASIC,충남,2024-10-11 08:38:53,2025-02-28 17:37:24,N,Y,N,0,0,
20348,um00348@example.net,010-0000-0348,1988-04-02,BASIC,경북,2025-12-01 21:28:33,2026-03-11 00:31:14,Y,Y,N,0,3129,2027-09-16
20349,um00349@example.com,010-0000-0349,1977-10-16,GOLD,서울,2026-08-02 17:37:16,2026-09-03 17:59:07,Y,N,N,0,9978,2027-06-12
20350,um00350@example.com,010-0000-0350,1976-05-28,GOLD,대전,2025-10-14 16:37:14,2026-09-03 10:32:04,N,N,N,0,18960,2026-09-28
20351,um00351@example.com,010-0000-0351,1989-10-23,BASIC,경남,2023-05-30 13:35:54,2025-08-17 15:28:30,Y,Y,N,0,1830,2027-09-10
20352,um00352@example.com,010-0000-0352,1998-05-13,GOLD,충북,2026-03-19 11:02:29,2026-09-01 16:10:15,Y,N,N,0,10126,2027-08-15
20353,um00353@example.com,010-0000-0353,2006-06-26,BASIC,경기,2026-04-01 13:59:04,2026-09-01 13:03:13,Y,Y,Y,60000,5850,2027-05-16
20354,um00354@example.com,010-0000-0354,1968-08-25,BASIC,대구,2024-12-15 21:04:47,2026-08-30 12:40:03,Y,N,N,0,4480,2026-12-11
20355,um00355@example.com,010-0000-0355,2008-05-15,BASIC,대구,2023-09-24 19:59:39,2024-06-30 21:45:32,N,N,N,0,3170,2027-07-29
20356,um00356@example.com,010-0000-0356,2007-05-02,GOLD,경남,2026-01-29 15:17:55,2026-08-30 05:37:54,Y,Y,N,0,7510,2027-08-19
20357,um00357@example.com,010-0000-0357,1997-05-17,BASIC,광주,2023-01-06 23:15:59,2026-08-25 18:31:07,Y,Y,N,0,2770,2027-06-07
20358,um00358@example.org,010-0000-0358,1985-07-21,GOLD,대전,2026-01-22 15:31:19,2026-08-28 19:00:16,Y,N,Y,184000,15029,2027-08-31
20359,um00359@example.net,010-0000-0359,2007-12-02,GOLD,서울,2024-03-28 16:33:00,2026-08-31 07:59:43,Y,Y,N,0,15220,2026-09-22
20360,um00360@example.com,010-0000-0360,1985-01-15,BASIC,광주,2024-10-13 22:20:36,2026-06-04 10:56:49,Y,Y,N,0,1720,2027-03-10
20361,um00361@example.com,010-0000-0361,1979-04-08,BASIC,경기,2026-03-20 20:41:43,2026-03-20 18:29:03,N,Y,N,0,0,
20362,um00362@example.com,010-0000-0362,1968-10-19,GOLD,서울,2026-06-14 16:06:26,2026-08-21 14:38:55,N,Y,N,0,12860,2026-11-13
20363,um00363@example.com,010-0000-0363,1978-12-24,BASIC,서울,2025-06-06 10:08:06,2026-05-28 11:28:37,Y,Y,N,0,7172,2027-05-28
20364,um00364@example.com,010-0000-0364,1999-02-02,BASIC,전북,2022-06-02 23:38:48,2026-03-30 10:43:47,Y,Y,N,0,5090,2026-12-16
20365,um00365@example.com,010-0000-0365,1992-01-04,BASIC,강원,2024-03-10 19:15:03,2026-09-01 14:46:38,Y,N,N,0,3260,2027-09-18
20366,um00366@example.net,010-0000-0366,1997-05-08,BASIC,서울,2025-07-02 11:22:29,2026-08-26 03:37:57,Y,Y,N,0,3100,2026-11-18
20367,um00367@example.com,010-0000-0367,1988-09-05,BASIC,인천,2025-08-16 19:56:56,2025-08-20 21:15:13,N,N,N,0,2700,2027-04-08
20368,um00368@example.org,010-0000-0368,1968-04-12,GOLD,대전,2025-03-04 14:08:52,2026-07-20 13:08:03,Y,N,Y,120000,15150,2027-03-01
20369,um00369@example.com,010-0000-0369,2007-01-14,BASIC,충북,2024-05-13 18:54:15,2026-08-21 17:44:09,Y,N,N,0,5866,2026-11-24
20370,um00370@example.com,010-0000-0370,2008-02-13,BASIC,서울,2026-08-30 08:27:07,2026-09-03 23:11:30,Y,Y,N,0,2750,2026-09-15
20371,um00371@example.net,010-0000-0371,1979-11-25,BASIC,서울,2024-06-02 23:37:41,2026-03-09 07:08:21,Y,N,Y,90000,330,2027-08-18
20372,um00372@example.org,010-0000-0372,2004-02-09,BASIC,인천,2023-05-23 19:28:34,2026-08-27 17:16:53,N,Y,N,0,3590,2027-06-06
20373,um00373@example.com,010-0000-0373,1981-09-16,BASIC,경기,2025-10-21 11:38:30,2025-11-28 21:02:09,Y,Y,N,0,2005,2027-04-23
20374,um00374@example.org,010-0000-0374,1971-03-01,GOLD,부산,2025-11-22 19:18:36,2026-09-01 14:49:28,Y,Y,N,0,9638,2027-01-31
20375,um00375@example.com,010-0000-0375,1982-10-28,BASIC,전북,2025-11-05 20:36:10,2026-08-29 00:38:14,Y,N,N,0,7387,2027-10-05
20376,um00376@example.com,010-0000-0376,2006-08-06,GOLD,부산,2025-03-06 21:09:34,2026-08-27 07:14:44,Y,Y,N,0,14516,2027-08-07
20377,um00377@example.net,010-0000-0377,1981-12-04,GOLD,부산,2026-06-15 20:47:23,2026-09-03 07:20:07,N,N,Y,113000,6956,2026-09-27
20378,um00378@example.com,010-0000-0378,1975-07-10,VIP,경남,2025-10-07 15:47:20,2026-08-30 11:41:53,N,Y,N,0,23150,2027-05-06
20379,um00379@example.com,010-0000-0379,2003-02-13,BASIC,서울,2023-07-22 10:11:20,2026-08-17 06:03:40,Y,Y,N,0,5290,2026-10-17
20380,um00380@example.com,010-0000-0380,2000-09-04,GOLD,경기,2025-07-03 18:45:51,2025-07-13 10:00:27,Y,Y,N,0,7250,2027-07-20
20381,um00381@example.org,010-0000-0381,1994-09-07,BASIC,대구,2023-05-06 11:09:18,2023-06-03 21:59:10,N,N,N,0,0,
20382,um00382@example.net,010-0000-0382,1992-12-03,GOLD,경북,2023-01-13 08:59:15,2026-07-28 08:09:09,Y,N,N,0,20645,2026-10-28
20383,um00383@example.net,010-0000-0383,1988-01-22,GOLD,서울,2022-10-19 22:43:37,2026-08-18 18:29:22,Y,N,N,0,11530,2027-07-03
20384,um00384@example.net,010-0000-0384,1978-10-04,BASIC,경북,2025-06-15 21:06:08,2025-09-23 16:11:42,Y,Y,N,0,2670,2026-12-03
20385,um00385@example.com,010-0000-0385,2008-01-22,GOLD,경기,2026-08-14 23:14:52,2026-09-02 13:23:11,Y,Y,N,0,6190,2026-08-19
20386,um00386@example.com,010-0000-0386,2006-01-28,BASIC,경기,2024-04-30 00:16:16,2026-05-03 11:48:43,Y,N,Y,124000,9452,2027-04-26
20387,um00387@example.com,010-0000-0387,1994-09-21,GOLD,대구,2026-06-20 18:50:27,2026-09-03 03:25:21,Y,Y,N,0,15890,2026-08-23
20388,um00388@example.com,010-0000-0388,1989-12-03,BASIC,인천,2026-02-24 08:28:25,2026-07-17 13:14:58,Y,N,N,0,800,2026-09-13
20389,um00389@example.org,010-0000-0389,1989-01-10,BASIC,경북,2026-02-24 10:21:24,2026-02-28 03:34:34,N,N,Y,221000,3364,2026-10-17
20390,um00390@example.com,010-0000-0390,1980-05-08,BASIC,경기,2026-05-04 18:34:43,2026-08-29 09:18:32,Y,Y,N,0,5520,2027-01-01
20391,um00391@example.org,010-0000-0391,1994-01-03,VIP,경기,2024-05-09 21:40:38,2026-08-28 08:54:02,Y,Y,N,0,21820,2027-03-24
20392,um00392@example.com,010-0000-0392,1985-07-14,BASIC,경기,2025-12-25 23:44:14,2026-08-11 19:41:04,Y,Y,N,0,2220,2027-09-07
20393,um00393@example.com,010-0000-0393,2001-09-23,BASIC,대전,2024-07-08 22:53:21,2025-05-13 01:56:51,N,Y,N,0,840,2026-11-25
20394,um00394@example.org,010-0000-0394,1990-11-20,BASIC,서울,2025-01-31 21:33:48,2026-08-27 07:24:19,Y,Y,N,0,2130,2027-02-05
20395,um00395@example.com,010-0000-0395,2007-07-08,BASIC,경기,2025-07-01 21:54:51,2025-07-05 04:01:15,Y,N,N,0,2820,2026-11-14
20396,um00396@example.net,010-0000-0396,1990-08-25,BASIC,전북,2026-06-23 17:37:17,2026-09-03 10:30:45,Y,Y,N,0,8526,2027-06-26
20397,um00397@example.net,010-0000-0397,1976-12-01,BASIC,대구,2025-10-17 10:29:41,2026-08-31 14:16:11,Y,Y,Y,82000,3180,2026-12-18
20398,um00398@example.com,010-0000-0398,1981-08-27,BASIC,서울,2025-11-21 20:46:01,2026-08-26 13:58:53,N,N,N,0,4270,2027-03-26
20399,um00399@example.com,010-0000-0399,1981-06-28,BASIC,광주,2023-09-22 12:07:02,2025-06-03 14:18:35,Y,N,N,0,0,
20400,um00400@example.net,010-0000-0400,1987-03-22,BASIC,서울,2026-04-08 21:48:42,2026-05-28 19:51:43,N,N,Y,64000,3940,2027-01-27
20401,um00401@example.com,010-0000-0401,2005-09-15,GOLD,경기,2024-10-03 21:12:26,2026-08-30 15:11:51,Y,N,N,0,7550,2027-04-29
20402,um00402@example.net,010-0000-0402,1983-08-13,BASIC,서울,2024-01-16 19:51:33,2026-08-22 16:28:42,Y,Y,N,0,1199,2026-11-27
20403,um00403@example.com,010-0000-0403,2008-06-01,GOLD,경기,2023-08-31 20:54:50,2026-08-30 04:08:40,N,Y,Y,332000,16362,2027-01-03
20404,um00404@example.com,010-0000-0404,2005-02-07,BASIC,서울,2026-07-20 14:12:39,2026-08-15 15:37:47,N,Y,N,0,0,
20405,um00405@example.org,010-0000-0405,1977-04-06,BASIC,경기,2023-12-13 14:39:00,2025-12-20 23:02:04,Y,N,N,0,4115,2027-07-26
20406,um00406@example.com,010-0000-0406,1997-01-03,BASIC,전남,2025-02-24 19:45:49,2026-06-08 17:16:40,Y,Y,N,0,0,
20407,um00407@example.com,010-0000-0407,2001-10-25,GOLD,경기,2025-01-24 14:02:05,2026-08-01 14:13:45,Y,N,N,0,9890,2027-10-01
20408,um00408@example.com,010-0000-0408,2007-11-18,GOLD,충북,2025-05-04 12:04:37,2026-09-02 11:49:23,Y,Y,N,0,9589,2027-02-13
20409,um00409@example.net,010-0000-0409,1997-04-03,BASIC,서울,2023-09-06 08:20:42,2025-02-13 19:35:17,N,N,N,0,0,
20410,um00410@example.org,010-0000-0410,1999-12-23,BASIC,충북,2026-04-10 14:52:48,2026-08-25 00:34:49,Y,N,N,0,7312,2026-10-05
20411,um00411@example.org,010-0000-0411,1992-04-11,BASIC,인천,2025-10-27 13:41:10,2026-08-06 22:09:21,Y,Y,N,0,5578,2026-12-15
20412,um00412@example.org,010-0000-0412,1975-08-05,BASIC,경기,2025-11-26 00:15:57,2026-08-02 15:58:28,N,N,Y,190000,8939,2027-05-25
20413,um00413@example.com,010-0000-0413,1983-04-24,GOLD,울산,2024-11-08 19:40:08,2026-09-04 08:47:17,Y,N,N,0,12904,2026-09-23
20414,um00414@example.com,010-0000-0414,1993-03-11,BASIC,경기,2024-11-17 23:16:32,2026-08-24 16:56:35,Y,Y,Y,182000,3440,2027-01-08
20415,um00415@example.org,010-0000-0415,1973-10-15,BASIC,충남,2023-01-24 20:36:30,2026-06-16 20:37:21,N,N,N,0,5790,2026-10-12
20416,um00416@example.com,010-0000-0416,2006-04-23,GOLD,서울,2024-07-14 23:19:14,2026-09-02 12:25:00,Y,Y,Y,135000,8380,2027-10-06
20417,um00417@example.com,010-0000-0417,2003-02-18,BASIC,서울,2024-01-27 18:16:40,2024-10-17 06:46:04,Y,N,N,0,4800,2027-09-29
20418,um00418@example.com,010-0000-0418,1972-08-01,BASIC,부산,2026-08-29 22:51:32,2026-09-03 01:40:05,N,N,N,0,4390,2027-01-23
20419,um00419@example.com,010-0000-0419,1987-10-01,BASIC,경남,2024-09-28 23:19:00,2026-08-28 05:22:12,Y,Y,N,0,2540,2026-10-10
20420,um00420@example.com,010-0000-0420,1984-02-20,BASIC,광주,2026-05-17 12:48:46,2026-08-27 11:56:39,N,Y,N,0,980,2027-08-08
20421,um00421@example.org,010-0000-0421,1995-08-19,GOLD,광주,2026-06-17 19:07:50,2026-09-02 01:31:51,Y,Y,N,0,8160,2026-10-22
20422,um00422@example.net,010-0000-0422,1973-09-05,GOLD,인천,2022-11-23 10:32:15,2026-03-09 18:11:00,Y,N,N,0,11820,2027-05-27
20423,um00423@example.org,010-0000-0423,1972-09-03,BASIC,부산,2026-06-25 12:18:28,2026-08-19 13:48:16,N,N,N,0,2910,2027-10-02
20424,um00424@example.com,010-0000-0424,2007-12-05,BASIC,강원,2025-04-16 21:21:00,2026-08-20 05:29:09,N,Y,Y,638000,7669,2027-01-17
20425,um00425@example.com,010-0000-0425,1980-06-02,GOLD,강원,2026-01-06 13:44:48,2026-08-27 19:40:32,Y,Y,N,0,17080,2027-04-25
20426,um00426@example.com,010-0000-0426,1999-11-28,GOLD,경북,2025-08-07 20:30:29,2026-08-24 12:28:34,N,N,N,0,8520,2026-08-21
20427,um00427@example.net,010-0000-0427,1970-08-03,BASIC,경기,2025-01-07 19:10:02,2026-07-01 12:22:27,Y,Y,N,0,5610,2026-10-23
20428,um00428@example.net,010-0000-0428,1974-01-04,GOLD,서울,2026-07-07 18:55:56,2026-07-11 12:08:32,N,N,N,0,9800,2027-01-01
20429,um00429@example.org,010-0000-0429,1986-05-10,BASIC,경기,2026-07-05 22:22:48,2026-09-03 20:33:16,N,N,N,0,7312,2026-09-13
20430,um00430@example.org,010-0000-0430,1985-09-10,GOLD,대구,2024-04-18 23:19:48,2026-01-17 13:07:31,N,Y,N,0,8760,2026-11-26
20431,um00431@example.net,010-0000-0431,1978-02-07,BASIC,부산,2023-02-12 10:52:36,2023-10-29 11:26:10,N,Y,N,0,9066,2027-09-30
20432,um00432@example.com,010-0000-0432,1972-12-24,GOLD,서울,2024-05-19 22:59:36,2026-08-18 08:53:53,N,N,N,0,8030,2027-01-16
20433,um00433@example.com,010-0000-0433,1977-11-08,GOLD,제주,2025-02-25 21:12:33,2026-09-03 04:23:52,Y,Y,N,0,9760,2026-11-02
20434,um00434@example.org,010-0000-0434,1973-10-06,BASIC,서울,2022-08-29 17:07:02,2026-09-02 12:13:46,Y,N,N,0,4330,2027-04-04
20435,um00435@example.com,010-0000-0435,1990-06-05,GOLD,충남,2024-02-04 14:51:20,2026-08-18 13:48:42,N,Y,N,0,11100,2026-09-04
20436,um00436@example.com,010-0000-0436,1989-09-21,BASIC,경북,2023-11-21 21:41:28,2025-03-10 05:59:53,N,Y,N,0,3850,2027-07-18
20437,um00437@example.net,010-0000-0437,1979-03-13,BASIC,인천,2024-02-18 23:32:42,2026-08-10 11:18:31,Y,Y,N,0,0,
20438,um00438@example.com,010-0000-0438,1994-02-15,GOLD,경기,2024-05-29 22:51:40,2026-05-07 17:03:40,N,Y,N,0,10010,2026-08-28
20439,um00439@example.com,010-0000-0439,2007-06-24,BASIC,경기,2025-08-03 20:17:00,2025-08-04 14:58:36,Y,N,Y,260000,1748,2026-11-19
20440,um00440@example.com,010-0000-0440,1968-04-27,GOLD,부산,2025-07-15 10:03:54,2026-07-29 15:36:37,Y,N,N,0,10611,2027-09-14
20441,um00441@example.net,010-0000-0441,1971-05-02,BASIC,인천,2025-12-12 22:56:16,2026-09-02 20:07:49,Y,N,N,0,4230,2026-08-17
20442,um00442@example.net,010-0000-0442,1995-01-24,BASIC,서울,2026-03-29 22:27:18,2026-08-21 22:08:41,Y,Y,Y,92000,957,2026-09-08
20443,um00443@example.com,010-0000-0443,2005-01-03,GOLD,전북,2023-06-17 16:14:29,2026-06-15 20:48:17,Y,N,Y,52000,17064,2027-03-03
20444,um00444@example.net,010-0000-0444,1973-01-02,VIP,인천,2026-02-08 21:10:36,2026-09-03 20:51:23,Y,N,N,0,28316,2026-09-21
20445,um00445@example.org,010-0000-0445,1968-02-12,BASIC,충북,2023-11-05 21:30:07,2026-07-31 05:22:45,Y,Y,N,0,3650,2027-03-11
20446,um00446@example.com,010-0000-0446,2008-05-27,GOLD,울산,2025-09-22 08:57:05,2026-08-26 10:40:00,Y,N,N,0,11460,2026-10-02
20447,um00447@example.org,010-0000-0447,1980-12-09,BASIC,경기,2025-12-28 09:50:10,2026-08-18 15:08:39,N,Y,Y,281000,4917,2026-10-23
20448,um00448@example.com,010-0000-0448,1999-06-24,GOLD,경기,2024-03-29 19:23:59,2026-07-30 07:37:14,N,Y,N,0,12638,2027-07-15
20449,um00449@example.org,010-0000-0449,1993-08-27,GOLD,충북,2024-10-18 20:57:19,2026-08-22 20:06:12,N,Y,N,0,17582,2027-06-11
20450,um00450@example.org,010-0000-0450,1998-04-20,BASIC,경기,2022-02-27 22:47:06,2024-02-05 15:43:47,N,Y,N,0,4203,2027-04-15
20451,um00451@example.com,010-0000-0451,2003-11-05,BASIC,전북,2025-07-04 21:29:28,2026-02-08 21:04:13,Y,N,N,0,0,
20452,um00452@example.com,010-0000-0452,1972-11-23,BASIC,충북,2025-11-08 16:29:44,2026-08-30 14:31:49,Y,N,N,0,0,
20453,um00453@example.com,010-0000-0453,1999-09-17,BASIC,경기,2025-11-08 20:55:38,2026-07-24 20:15:17,N,Y,N,0,4075,2027-09-09
20454,um00454@example.org,010-0000-0454,1992-01-14,BASIC,경기,2024-01-31 22:53:56,2026-06-01 17:00:18,N,N,Y,57000,3400,2027-08-17
20455,um00455@example.com,010-0000-0455,1974-12-10,BASIC,경기,2025-12-11 12:03:07,2026-08-28 16:25:48,Y,N,N,0,2260,2027-08-16
20456,um00456@example.com,010-0000-0456,1968-09-28,BASIC,대구,2026-06-10 19:53:07,2026-07-31 12:16:06,Y,N,N,0,970,2026-12-04
20457,um00457@example.com,010-0000-0457,2002-07-17,GOLD,대구,2026-07-04 17:03:58,2026-09-03 04:16:47,N,Y,Y,48000,17160,2026-10-19
20458,um00458@example.org,010-0000-0458,2003-05-06,BASIC,경기,2026-02-20 12:56:57,2026-02-24 16:39:32,Y,Y,N,0,1420,2027-01-15
20459,um00459@example.org,010-0000-0459,2005-05-04,BASIC,충북,2023-12-19 16:02:46,2025-04-01 07:04:24,Y,Y,N,0,3672,2027-10-01
20460,um00460@example.org,010-0000-0460,1970-05-19,GOLD,서울,2025-12-10 20:46:31,2026-08-26 08:18:01,Y,N,N,0,13920,2027-04-28
20461,um00461@example.net,010-0000-0461,2005-11-06,BASIC,서울,2024-06-21 12:14:46,2024-09-24 12:11:49,Y,N,N,0,2540,2027-03-26
20462,um00462@example.com,010-0000-0462,1998-10-18,BASIC,서울,2023-11-26 21:29:51,2026-08-30 09:36:04,N,N,N,0,3680,2026-10-28
20463,um00463@example.org,010-0000-0463,1973-09-04,GOLD,충남,2026-06-16 20:44:17,2026-09-02 02:15:56,Y,N,N,0,13810,2027-01-01
20464,um00464@example.com,010-0000-0464,2003-02-28,GOLD,인천,2022-05-23 16:23:47,2026-09-03 17:10:24,Y,Y,N,0,17440,2026-09-12
20465,um00465@example.net,010-0000-0465,2007-07-10,BASIC,전남,2024-11-17 13:46:28,2026-07-26 08:40:29,Y,N,Y,55000,8227,2027-06-03
20466,um00466@example.com,010-0000-0466,1987-05-12,BASIC,경남,2026-04-05 10:13:04,2026-08-27 10:17:39,Y,Y,N,0,4480,2027-05-29
20467,um00467@example.com,010-0000-0467,1981-03-01,VIP,경기,2025-07-05 21:31:17,2026-08-31 09:25:19,Y,Y,N,0,33030,2026-11-14
20468,um00468@example.net,010-0000-0468,1975-11-18,BASIC,경기,2025-03-21 20:08:46,2026-08-31 02:56:00,Y,N,N,0,810,2026-09-29
20469,um00469@example.net,010-0000-0469,1970-12-10,BASIC,경기,2023-05-01 12:35:57,2023-10-11 20:25:44,Y,Y,N,0,0,
20470,um00470@example.com,010-0000-0470,1992-09-15,BASIC,서울,2023-03-05 15:04:10,2026-06-07 16:57:47,N,Y,N,0,3040,2026-11-27
20471,um00471@example.org,010-0000-0471,1994-06-06,BASIC,경남,2025-11-25 15:56:33,2025-11-27 12:12:23,N,N,N,0,870,2026-12-12
20472,um00472@example.com,010-0000-0472,1970-05-17,BASIC,울산,2026-04-14 15:48:40,2026-04-14 11:21:13,Y,Y,N,0,2675,2027-03-20
20473,um00473@example.net,010-0000-0473,1990-07-15,GOLD,대구,2025-01-18 22:25:00,2026-07-10 16:09:54,N,Y,Y,251000,11685,2027-10-04
20474,um00474@example.com,010-0000-0474,1969-08-03,BASIC,서울,2023-01-23 13:28:21,2026-08-27 23:04:58,Y,Y,Y,388000,3820,2026-11-16
20475,um00475@example.com,010-0000-0475,1973-09-11,BASIC,인천,2025-01-29 19:55:24,2026-08-09 21:27:08,N,N,N,0,0,
20476,um00476@example.org,010-0000-0476,1972-12-21,BASIC,인천,2025-02-14 17:44:32,2026-06-18 15:25:58,N,N,N,0,3170,2026-11-03
20477,um00477@example.com,010-0000-0477,1975-12-01,BASIC,서울,2025-12-14 11:58:38,2026-08-06 07:21:48,Y,Y,N,0,290,2027-03-03
20478,um00478@example.net,010-0000-0478,1984-10-28,BASIC,경기,2025-12-14 08:29:53,2026-09-04 09:53:20,Y,Y,N,0,2720,2026-10-22
20479,um00479@example.com,010-0000-0479,2003-05-12,BASIC,대전,2025-08-31 15:00:15,2025-08-31 08:26:47,Y,Y,N,0,0,
20480,um00480@example.org,010-0000-0480,1996-09-19,BASIC,경기,2025-05-24 22:02:40,2026-08-27 03:44:47,N,N,Y,160000,5880,2027-05-31
20481,um00481@example.com,010-0000-0481,1983-10-10,BASIC,경북,2024-04-27 08:07:42,2026-08-15 13:20:59,Y,Y,N,0,3570,2027-04-28
20482,um00482@example.net,010-0000-0482,1970-08-17,BASIC,경기,2025-12-11 12:02:28,2026-08-09 17:47:34,N,N,N,0,1690,2027-03-24
20483,um00483@example.net,010-0000-0483,1973-05-28,GOLD,경기,2025-08-02 22:27:56,2026-08-08 09:41:54,N,Y,N,0,17720,2026-12-21
20484,um00484@example.net,010-0000-0484,1970-03-07,BASIC,서울,2026-07-05 14:45:03,2026-07-08 17:51:54,Y,N,N,0,4450,2026-12-05
20485,um00485@example.com,010-0000-0485,1984-01-05,BASIC,인천,2025-01-29 16:05:11,2025-10-16 06:23:04,N,Y,N,0,4150,2027-07-18
20486,um00486@example.net,010-0000-0486,1985-06-13,GOLD,경기,2024-08-08 20:05:44,2026-06-06 06:49:48,Y,Y,Y,712000,8190,2026-09-03
20487,um00487@example.com,010-0000-0487,1995-07-04,GOLD,경기,2024-04-05 11:30:13,2026-06-29 16:18:07,N,N,N,0,9490,2027-02-04
20488,um00488@example.net,010-0000-0488,1989-05-09,BASIC,충북,2023-02-19 16:02:51,2025-10-05 12:51:17,Y,N,N,0,0,
20489,um00489@example.com,010-0000-0489,1988-03-26,GOLD,서울,2025-09-19 12:40:42,2026-08-20 12:55:44,Y,Y,N,0,15800,2027-04-20
20490,um00490@example.com,010-0000-0490,1971-02-26,BASIC,서울,2024-12-20 21:47:42,2026-07-29 11:55:17,N,N,N,0,0,
20491,um00491@example.net,010-0000-0491,2002-05-04,BASIC,경기,2026-06-10 11:34:10,2026-06-10 21:05:31,Y,Y,N,0,0,
20492,um00492@example.com,010-0000-0492,1997-10-13,BASIC,서울,2026-08-24 18:21:46,2026-08-24 13:15:06,Y,Y,N,0,0,
20493,um00493@example.com,010-0000-0493,1974-01-16,BASIC,경기,2023-06-16 11:24:56,2026-08-15 20:43:13,N,Y,N,0,3750,2026-10-16
20494,um00494@example.org,010-0000-0494,2006-04-27,BASIC,서울,2024-11-08 22:44:09,2025-08-23 11:40:24,N,N,N,0,3381,2026-10-30
20495,um00495@example.com,010-0000-0495,2000-01-01,GOLD,제주,2024-03-03 19:20:40,2026-08-26 22:45:49,N,Y,N,0,16570,2027-01-01
20496,um00496@example.net,010-0000-0496,1997-02-17,BASIC,경북,2023-10-28 20:42:31,2024-06-04 07:33:27,Y,Y,Y,305000,890,2026-12-19
20497,um00497@example.org,010-0000-0497,1977-12-06,BASIC,충남,2026-07-31 20:43:03,2026-09-04 13:03:17,Y,N,N,0,10000,2027-10-08
20498,um00498@example.com,010-0000-0498,1991-01-20,GOLD,경북,2023-04-28 20:07:07,2026-07-28 09:19:19,Y,N,N,0,10621,2026-10-15
20499,um00499@example.org,010-0000-0499,1994-02-13,BASIC,전남,2024-05-21 08:02:48,2026-07-17 08:07:19,Y,Y,N,0,5900,2026-09-20
20500,um00500@example.com,010-0000-0500,1980-08-24,GOLD,대구,2025-06-16 17:45:18,2026-08-31 13:52:05,N,Y,N,0,6490,2026-08-30
20501,um00501@example.org,010-0000-0501,1975-03-24,GOLD,경기,2023-04-10 14:11:09,2026-07-01 01:21:59,N,Y,Y,56000,8240,2026-09-05
20502,um00502@example.com,010-0000-0502,1977-12-07,GOLD,서울,2026-01-09 20:51:16,2026-09-02 04:59:39,Y,Y,N,0,12223,2027-06-02
20503,um00503@example.com,010-0000-0503,1996-11-06,BASIC,인천,2024-07-03 21:35:20,2025-05-06 15:57:26,N,Y,N,0,4160,2026-12-08
20504,um00504@example.com,010-0000-0504,1969-06-26,BASIC,서울,2025-02-09 12:02:10,2026-06-09 13:02:56,N,Y,N,0,3010,2026-12-10
20505,um00505@example.com,010-0000-0505,1975-09-02,GOLD,경기,2023-07-21 21:38:43,2026-08-15 23:30:59,N,Y,N,0,11560,2027-01-07
20506,um00506@example.net,010-0000-0506,1973-05-07,BASIC,전북,2026-08-05 22:54:26,2026-08-29 18:22:08,Y,N,N,0,3070,2026-09-26
20507,um00507@example.org,010-0000-0507,1993-10-28,GOLD,인천,2026-02-10 19:50:03,2026-08-28 12:06:21,Y,N,Y,207000,22337,2026-10-03
20508,um00508@example.org,010-0000-0508,1991-04-03,BASIC,부산,2025-02-02 19:09:31,2026-09-04 09:47:18,Y,N,N,0,3900,2027-04-10
20509,um00509@example.net,010-0000-0509,1985-03-18,BASIC,경기,2024-09-18 20:26:03,2026-07-12 09:27:04,Y,N,Y,111000,3127,2027-06-06
20510,um00510@example.org,010-0000-0510,1992-08-18,GOLD,대구,2025-06-07 21:19:56,2026-08-27 15:54:44,Y,Y,N,0,18650,2026-09-18
20511,um00511@example.org,010-0000-0511,1992-12-04,BASIC,서울,2024-05-31 10:40:21,2026-04-09 06:04:10,N,N,N,0,1230,2027-01-03
20512,um00512@example.com,010-0000-0512,1997-08-20,BASIC,광주,2024-10-23 21:58:30,2024-11-27 22:28:39,N,Y,N,0,0,
20513,um00513@example.com,010-0000-0513,1975-09-09,VIP,부산,2025-10-26 14:34:42,2026-08-08 22:30:25,N,Y,N,0,23480,2027-01-23
20514,um00514@example.com,010-0000-0514,1979-07-12,GOLD,서울,2025-08-06 10:34:05,2026-08-31 12:36:22,N,Y,N,0,7070,2027-09-26
20515,um00515@example.org,010-0000-0515,1992-08-05,BASIC,광주,2025-03-20 13:16:32,2026-08-29 14:12:28,N,Y,N,0,3630,2027-07-11
20516,um00516@example.com,010-0000-0516,1998-01-27,BASIC,전남,2024-04-03 16:47:28,2026-08-05 08:09:53,Y,Y,N,0,5860,2027-06-15
20517,um00517@example.com,010-0000-0517,1973-02-11,GOLD,경기,2025-03-31 10:56:52,2026-08-21 13:46:39,N,Y,N,0,12548,2027-05-16
20518,um00518@example.com,010-0000-0518,1981-03-05,BASIC,경기,2024-07-07 14:34:39,2026-08-20 06:28:15,Y,N,N,0,1491,2027-05-16
20519,um00519@example.net,010-0000-0519,1987-05-19,BASIC,서울,2023-02-22 18:15:21,2025-03-16 21:52:30,Y,N,Y,245000,0,
20520,um00520@example.com,010-0000-0520,1987-06-15,BASIC,경남,2023-12-11 13:31:25,2024-10-07 20:54:24,Y,Y,N,0,1870,2027-09-20
20521,um00521@example.com,010-0000-0521,1983-07-16,BASIC,경기,2025-12-12 11:26:53,2026-05-20 12:14:00,N,Y,N,0,0,
20522,um00522@example.net,010-0000-0522,1992-01-24,BASIC,충남,2026-07-30 20:02:14,2026-09-03 10:33:06,N,N,Y,20000,4400,2027-09-15
20523,um00523@example.net,010-0000-0523,1976-10-23,VIP,부산,2025-08-04 20:52:21,2026-08-18 00:59:33,Y,N,N,0,26614,2027-02-26
20524,um00524@example.com,010-0000-0524,1991-01-09,BASIC,서울,2024-10-07 18:54:25,2026-05-18 18:17:43,Y,Y,N,0,5890,2026-09-08
20525,um00525@example.net,010-0000-0525,2000-07-12,BASIC,충남,2025-09-19 22:14:41,2025-10-25 18:17:05,Y,N,N,0,5110,2027-08-31
20526,um00526@example.net,010-0000-0526,2000-04-13,BASIC,서울,2026-04-02 12:32:42,2026-04-03 05:30:13,N,Y,N,0,650,2027-04-18
20527,um00527@example.net,010-0000-0527,1971-11-04,GOLD,전북,2025-08-05 09:14:23,2026-08-29 00:31:40,Y,Y,Y,80000,7910,2026-10-22
20528,um00528@example.net,010-0000-0528,1993-07-04,BASIC,서울,2026-08-17 18:41:02,2026-09-04 01:56:06,Y,Y,N,0,2490,2027-06-27
20529,um00529@example.org,010-0000-0529,1973-02-10,BASIC,대구,2026-07-09 23:54:09,2026-07-11 17:27:54,Y,N,N,0,1190,2027-07-08
20530,um00530@example.com,010-0000-0530,1996-07-20,BASIC,경북,2024-01-24 18:45:42,2026-03-31 05:50:20,Y,N,N,0,7446,2026-12-25
20531,um00531@example.com,010-0000-0531,2002-06-04,GOLD,경북,2024-10-09 00:26:01,2026-08-28 13:51:39,Y,N,Y,78000,8500,2027-07-24
20532,um00532@example.com,010-0000-0532,1983-11-08,BASIC,경남,2023-03-14 20:46:48,2024-08-02 16:11:42,N,Y,N,0,0,
20533,um00533@example.com,010-0000-0533,1975-07-01,BASIC,대전,2025-04-07 15:38:38,2026-05-08 10:56:42,N,Y,N,0,980,2027-08-27
20534,um00534@example.com,010-0000-0534,1980-04-22,BASIC,인천,2024-04-14 21:40:00,2026-08-11 15:51:55,N,N,N,0,5841,2027-08-15
20535,um00535@example.com,010-0000-0535,2006-05-04,BASIC,강원,2026-08-14 12:49:58,2026-08-14 20:56:52,Y,Y,N,0,0,
20536,um00536@example.com,010-0000-0536,2007-03-11,BASIC,경기,2025-09-09 19:27:38,2026-07-30 06:00:40,N,N,N,0,4820,2027-06-06
20537,um00537@example.com,010-0000-0537,1971-02-05,GOLD,대구,2025-05-29 12:25:19,2026-09-01 10:20:34,N,N,Y,565000,15510,2027-06-17
20538,um00538@example.com,010-0000-0538,1973-01-24,BASIC,서울,2026-08-08 22:42:02,2026-08-08 21:32:04,Y,Y,N,0,0,
20539,um00539@example.org,010-0000-0539,1995-07-21,BASIC,서울,2023-08-21 17:03:33,2026-06-20 09:46:10,Y,N,Y,49000,1680,2026-09-22
20540,um00540@example.net,010-0000-0540,2007-01-28,VIP,전남,2024-12-25 20:38:17,2026-08-16 07:45:14,Y,Y,N,0,29779,2027-07-12
20541,um00541@example.org,010-0000-0541,1982-08-09,BASIC,충북,2024-10-19 20:13:44,2026-08-11 23:50:47,Y,Y,N,0,2290,2027-05-13
20542,um00542@example.net,010-0000-0542,1978-01-01,GOLD,경기,2023-03-30 10:56:13,2026-06-22 02:13:00,Y,Y,N,0,17010,2027-04-19
20543,um00543@example.com,010-0000-0543,1982-08-20,GOLD,강원,2024-04-23 20:27:05,2026-07-24 18:43:44,N,Y,N,0,8437,2026-11-09
20544,um00544@example.net,010-0000-0544,1998-08-09,VIP,경기,2026-07-24 16:54:45,2026-09-04 14:58:57,Y,N,N,0,27200,2027-06-20
20545,um00545@example.com,010-0000-0545,1974-06-09,VIP,부산,2024-12-16 11:11:09,2026-08-24 11:52:45,Y,Y,N,0,29802,2027-06-02
20546,um00546@example.com,010-0000-0546,1991-08-22,BASIC,경기,2023-04-07 00:19:29,2026-03-22 16:47:54,Y,Y,N,0,5624,2027-08-15
20547,um00547@example.net,010-0000-0547,1992-02-16,BASIC,경북,2024-06-25 21:03:23,2024-11-01 21:06:21,N,N,N,0,0,
20548,um00548@example.org,010-0000-0548,1992-07-23,BASIC,경기,2024-09-13 12:49:44,2026-08-30 12:44:16,N,Y,Y,674000,1360,2027-10-06
20549,um00549@example.com,010-0000-0549,1991-08-08,BASIC,경기,2023-08-23 22:49:01,2026-01-02 13:04:08,Y,Y,Y,176000,4777,2026-12-11
20550,um00550@example.org,010-0000-0550,1968-08-23,GOLD,인천,2023-04-21 19:49:41,2026-05-18 08:06:40,Y,Y,N,0,10050,2026-11-19
20551,um00551@example.org,010-0000-0551,1983-05-09,BASIC,경기,2025-11-25 20:52:09,2025-11-28 12:23:20,Y,Y,N,0,4876,2027-08-18
20552,um00552@example.com,010-0000-0552,2002-04-02,GOLD,경남,2025-01-31 12:04:05,2026-08-25 01:14:33,Y,Y,N,0,7920,2026-11-29
20553,um00553@example.com,010-0000-0553,1990-07-01,GOLD,경남,2026-08-04 00:11:23,2026-09-04 05:37:45,Y,Y,Y,104000,6050,2027-08-06
20554,um00554@example.org,010-0000-0554,1994-09-17,GOLD,서울,2026-02-21 13:38:01,2026-08-31 01:35:57,Y,N,N,0,11150,2027-08-23
20555,um00555@example.net,010-0000-0555,1980-02-01,GOLD,경기,2024-10-08 10:02:26,2025-01-10 00:39:01,Y,N,N,0,10210,2027-01-10
20556,um00556@example.org,010-0000-0556,1972-04-06,BASIC,부산,2025-07-14 14:37:13,2026-07-21 08:20:00,N,Y,N,0,1420,2027-07-30
20557,um00557@example.net,010-0000-0557,1984-01-25,BASIC,부산,2024-02-14 19:03:23,2026-09-02 12:58:41,N,N,N,0,150,2027-08-17
20558,um00558@example.net,010-0000-0558,2007-01-08,BASIC,전북,2024-12-06 17:20:29,2026-09-03 22:17:25,Y,N,N,0,1530,2027-06-24
20559,um00559@example.net,010-0000-0559,2000-03-21,VIP,경남,2025-06-30 19:02:03,2026-09-01 13:03:47,N,N,N,0,49380,2027-03-30
20560,um00560@example.com,010-0000-0560,1990-09-26,BASIC,서울,2025-07-05 12:00:34,2026-08-14 10:45:41,Y,N,N,0,820,2027-03-04
20561,um00561@example.net,010-0000-0561,1997-04-11,BASIC,경기,2023-08-28 19:09:40,2026-02-07 19:17:33,Y,N,Y,20000,2004,2027-03-05
20562,um00562@example.net,010-0000-0562,2008-09-03,BASIC,경북,2025-09-09 23:07:17,2025-09-12 11:54:33,N,Y,N,0,2200,2026-09-28
20563,um00563@example.net,010-0000-0563,1978-08-26,BASIC,경기,2026-06-25 19:51:02,2026-08-28 22:25:55,Y,N,N,0,560,2027-07-06
20564,um00564@example.com,010-0000-0564,2004-10-23,BASIC,강원,2025-11-09 00:22:00,2026-08-15 09:10:38,N,N,Y,208000,1700,2027-06-18
20565,um00565@example.net,010-0000-0565,1996-08-25,GOLD,전북,2025-10-21 19:17:47,2026-08-24 18:17:38,N,Y,N,0,15835,2026-09-01
20566,um00566@example.net,010-0000-0566,1989-10-08,GOLD,서울,2025-05-03 16:58:20,2026-08-26 14:57:54,Y,Y,N,0,6110,2027-07-09
20567,um00567@example.org,010-0000-0567,1977-12-07,BASIC,경기,2024-03-01 11:12:06,2024-07-24 09:16:30,N,N,N,0,1852,2027-09-07
20568,um00568@example.com,010-0000-0568,1998-02-10,GOLD,서울,2025-05-21 19:47:18,2026-09-03 20:49:18,N,Y,N,0,9347,2026-12-15
20569,um00569@example.org,010-0000-0569,1981-11-11,GOLD,경기,2025-05-14 22:35:40,2026-07-23 14:16:13,Y,Y,Y,291000,8370,2026-12-14
20570,um00570@example.com,010-0000-0570,1979-05-19,GOLD,서울,2025-03-21 21:49:38,2026-08-19 21:30:01,Y,N,N,0,10118,2027-08-12
20571,um00571@example.com,010-0000-0571,1994-04-10,VIP,경기,2025-06-30 09:40:00,2026-09-01 19:29:03,Y,N,N,0,29350,2027-07-24
20572,um00572@example.com,010-0000-0572,1998-03-10,BASIC,충남,2023-02-09 13:23:34,2024-02-28 13:00:10,N,Y,N,0,3400,2026-11-18
20573,um00573@example.com,010-0000-0573,1989-10-01,GOLD,강원,2023-05-11 13:39:03,2026-09-01 11:39:43,Y,N,N,0,11551,2027-07-11
20574,um00574@example.com,010-0000-0574,1972-06-09,BASIC,전북,2024-01-22 21:47:44,2025-01-03 19:51:51,Y,Y,N,0,1610,2026-08-17
20575,um00575@example.com,010-0000-0575,2008-02-12,BASIC,전북,2023-07-06 18:55:05,2025-04-08 11:40:08,N,Y,N,0,1613,2027-02-02
20576,um00576@example.net,010-0000-0576,1999-03-25,BASIC,경남,2024-11-20 21:32:38,2026-08-02 07:45:05,Y,Y,N,0,2980,2027-05-07
20577,um00577@example.com,010-0000-0577,1983-03-27,BASIC,전남,2024-06-21 14:46:57,2026-05-05 08:26:42,Y,Y,N,0,350,2026-12-04
20578,um00578@example.com,010-0000-0578,1975-10-10,BASIC,서울,2025-06-16 10:17:09,2026-07-26 13:24:45,N,Y,N,0,4754,2026-12-29
20579,um00579@example.com,010-0000-0579,1987-01-26,BASIC,경기,2023-04-29 17:52:36,2024-05-16 00:43:21,Y,Y,N,0,3840,2026-11-21
20580,um00580@example.net,010-0000-0580,1971-08-21,BASIC,경북,2026-06-26 15:03:34,2026-09-02 13:13:53,Y,Y,N,0,6846,2027-01-10
20581,um00581@example.com,010-0000-0581,1979-02-25,BASIC,전남,2025-10-07 22:04:00,2026-09-01 07:17:59,Y,Y,Y,238000,2380,2027-08-23
20582,um00582@example.com,010-0000-0582,1975-11-14,BASIC,부산,2025-07-06 14:18:50,2026-06-02 07:44:05,N,Y,N,0,1240,2027-01-07
20583,um00583@example.net,010-0000-0583,1977-04-07,BASIC,전북,2025-12-29 10:56:15,2026-08-31 12:08:11,N,N,Y,89000,3530,2027-05-30
20584,um00584@example.org,010-0000-0584,1990-06-08,BASIC,인천,2022-12-26 14:21:04,2024-04-29 20:34:35,Y,N,N,0,0,
20585,um00585@example.org,010-0000-0585,1973-07-24,BASIC,경남,2023-09-21 16:44:03,2026-04-09 20:07:29,Y,N,Y,158000,650,2027-07-14
20586,um00586@example.org,010-0000-0586,1985-11-24,BASIC,서울,2024-10-14 21:32:34,2026-01-08 10:29:52,N,N,N,0,6275,2026-09-20
20587,um00587@example.net,010-0000-0587,1988-09-15,GOLD,충남,2024-04-03 11:07:32,2026-08-21 10:49:22,Y,N,Y,642000,9360,2027-04-04
20588,um00588@example.com,010-0000-0588,2000-06-01,GOLD,세종,2024-06-26 16:43:55,2026-07-04 19:33:18,Y,Y,N,0,20502,2026-11-01
20589,um00589@example.com,010-0000-0589,1990-01-26,BASIC,서울,2023-09-15 19:12:24,2026-08-26 11:18:54,Y,N,N,0,2380,2027-05-11
20590,um00590@example.org,010-0000-0590,1975-11-16,VIP,대구,2023-04-16 18:35:29,2026-08-12 18:53:58,N,Y,N,0,23320,2027-08-07
20591,um00591@example.com,010-0000-0591,2001-11-04,BASIC,제주,2025-11-15 19:18:17,2025-11-15 20:39:41,Y,Y,N,0,0,
20592,um00592@example.com,010-0000-0592,1985-04-11,BASIC,경기,2023-11-30 19:23:22,2025-03-14 19:16:32,N,Y,N,0,1140,2027-01-06
20593,um00593@example.com,010-0000-0593,1971-06-21,GOLD,광주,2024-10-26 16:17:27,2026-08-19 06:29:49,Y,N,N,0,20998,2027-10-05
20594,um00594@example.org,010-0000-0594,1997-03-15,GOLD,서울,2026-02-22 14:10:23,2026-09-03 00:44:53,Y,Y,N,0,6120,2027-04-29
20595,um00595@example.com,010-0000-0595,1976-12-15,BASIC,대구,2026-08-05 21:21:59,2026-08-31 13:34:20,Y,Y,N,0,4010,2027-07-11
20596,um00596@example.com,010-0000-0596,1978-03-10,BASIC,서울,2023-06-18 22:47:39,2026-03-07 22:35:14,Y,Y,N,0,4410,2027-07-02
20597,um00597@example.com,010-0000-0597,1979-01-14,GOLD,경기,2026-05-29 12:28:58,2026-08-23 05:35:08,Y,N,Y,142000,6990,2027-09-22
20598,um00598@example.net,010-0000-0598,1991-10-27,BASIC,경기,2025-03-11 16:14:17,2026-08-27 12:41:34,Y,Y,N,0,2180,2027-03-08
20599,um00599@example.com,010-0000-0599,1983-06-24,BASIC,충남,2025-10-11 11:21:19,2026-08-10 08:07:12,Y,N,N,0,3010,2026-10-19
20600,um00600@example.com,010-0000-0600,1982-07-06,GOLD,대구,2024-09-19 13:44:25,2025-03-01 09:54:59,Y,Y,N,0,7170,2026-11-07
20601,um00601@example.com,010-0000-0601,2008-02-07,GOLD,경기,2026-06-02 16:59:37,2026-09-02 07:29:07,Y,Y,N,0,18039,2027-03-27
20602,um00602@example.com,010-0000-0602,1999-02-08,GOLD,경남,2022-03-23 21:15:45,2026-07-17 03:19:12,N,Y,N,0,12581,2027-07-06
20603,um00603@example.net,010-0000-0603,2004-07-18,BASIC,경기,2023-10-10 14:46:32,2025-03-24 20:31:56,Y,N,N,0,0,
20604,um00604@example.com,010-0000-0604,1984-11-03,GOLD,부산,2022-11-01 00:38:06,2024-05-12 06:46:09,Y,N,Y,1087000,7101,2027-05-07
20605,um00605@example.com,010-0000-0605,1991-04-24,BASIC,대전,2026-03-03 19:05:22,2026-07-22 19:35:15,N,N,N,0,4860,2027-04-01
20606,um00606@example.org,010-0000-0606,2003-01-19,BASIC,충북,2026-06-06 19:19:29,2026-08-22 14:38:26,Y,Y,N,0,5544,2027-07-28
20607,um00607@example.net,010-0000-0607,1982-05-16,BASIC,경기,2024-11-07 10:39:57,2025-01-07 07:58:44,Y,N,N,0,1730,2027-05-28
20608,um00608@example.com,010-0000-0608,1999-11-24,BASIC,경기,2026-07-25 08:36:24,2026-09-04 03:07:27,Y,N,N,0,410,2027-09-11
20609,um00609@example.com,010-0000-0609,2006-02-20,BASIC,경기,2023-07-15 16:11:56,2025-12-21 13:51:36,Y,N,Y,78000,510,2027-04-25
20610,um00610@example.net,010-0000-0610,1981-07-22,BASIC,대구,2025-03-19 21:24:34,2025-09-16 18:31:18,N,Y,N,0,3230,2027-07-31
20611,um00611@example.com,010-0000-0611,1992-12-28,BASIC,전남,2026-06-13 11:49:18,2026-09-03 08:30:30,Y,Y,Y,383000,4225,2026-08-18
20612,um00612@example.com,010-0000-0612,1996-03-18,BASIC,충북,2025-08-04 14:42:44,2025-08-04 11:39:20,Y,N,N,0,0,
20613,um00613@example.com,010-0000-0613,2003-04-06,BASIC,경기,2024-10-25 15:01:13,2025-03-03 18:28:57,N,Y,N,0,2860,2027-05-03
20614,um00614@example.org,010-0000-0614,1990-03-12,BASIC,서울,2025-12-23 13:27:04,2026-07-22 21:16:00,Y,Y,Y,163000,0,
20615,um00615@example.net,010-0000-0615,2004-01-23,BASIC,서울,2025-11-30 12:03:14,2025-11-30 18:37:40,N,Y,N,0,0,
20616,um00616@example.com,010-0000-0616,1991-07-18,GOLD,경기,2023-08-21 19:08:38,2026-06-10 21:59:48,Y,N,N,0,12241,2026-09-22
20617,um00617@example.com,010-0000-0617,1975-06-16,GOLD,경기,2023-06-23 09:57:45,2024-08-16 12:44:32,N,N,N,0,7140,2027-08-08
20618,um00618@example.com,010-0000-0618,1974-05-07,GOLD,전남,2023-09-01 18:43:23,2026-07-12 06:24:47,Y,Y,N,0,9190,2027-09-14
20619,um00619@example.com,010-0000-0619,1972-12-02,BASIC,서울,2024-06-21 22:14:47,2026-03-29 10:49:26,Y,Y,N,0,1930,2026-12-28
20620,um00620@example.com,010-0000-0620,1969-08-18,BASIC,경북,2023-12-29 15:24:14,2024-07-12 05:09:26,N,N,N,0,1270,2026-09-29
20621,um00621@example.net,010-0000-0621,2003-03-15,GOLD,충북,2025-12-05 22:00:06,2026-08-23 13:38:26,Y,N,N,0,15720,2027-06-04
20622,um00622@example.net,010-0000-0622,1974-01-14,BASIC,서울,2026-01-22 10:46:43,2026-01-22 20:13:35,N,N,N,0,167,2027-04-01
20623,um00623@example.com,010-0000-0623,2006-09-17,BASIC,대구,2025-04-27 18:39:41,2025-05-01 14:39:01,Y,Y,N,0,2090,2027-05-24
20624,um00624@example.net,010-0000-0624,1978-09-27,VIP,경북,2026-08-07 22:32:40,2026-09-04 07:54:36,Y,Y,N,0,21350,2026-11-20
20625,um00625@example.net,010-0000-0625,1981-09-01,VIP,울산,2025-02-25 00:10:22,2026-08-31 17:10:36,Y,N,N,0,21580,2027-04-27
20626,um00626@example.com,010-0000-0626,1970-10-17,BASIC,경기,2023-06-04 21:50:29,2024-06-17 22:07:59,Y,Y,N,0,4310,2027-09-23
20627,um00627@example.com,010-0000-0627,1969-12-22,BASIC,대전,2025-06-03 16:01:57,2025-12-02 06:41:21,Y,Y,N,0,5145,2026-11-25
20628,um00628@example.org,010-0000-0628,2006-03-23,BASIC,인천,2022-05-19 21:12:31,2026-06-01 18:34:05,Y,N,N,0,1245,2026-10-29
20629,um00629@example.com,010-0000-0629,1988-05-23,BASIC,경기,2025-01-17 15:31:33,2026-07-13 20:38:32,N,N,N,0,5020,2027-08-22
20630,um00630@example.com,010-0000-0630,1975-07-25,BASIC,광주,2023-02-18 18:54:48,2023-06-15 15:16:26,Y,Y,N,0,0,
20631,um00631@example.net,010-0000-0631,1977-09-06,BASIC,경북,2026-03-22 17:50:14,2026-03-25 21:29:06,N,N,N,0,1850,2027-02-01
20632,um00632@example.com,010-0000-0632,1999-01-10,BASIC,경기,2024-04-28 20:00:14,2026-08-23 23:14:28,Y,N,N,0,4950,2026-09-10
20633,um00633@example.net,010-0000-0633,1975-11-06,VIP,대구,2024-11-28 19:28:03,2026-09-01 09:58:53,N,Y,N,0,22858,2027-09-02
20634,um00634@example.com,010-0000-0634,2000-01-10,BASIC,경기,2026-05-21 10:55:52,2026-08-16 14:26:31,Y,Y,N,0,1368,2026-09-21
20635,um00635@example.net,010-0000-0635,1997-07-11,BASIC,경기,2026-07-17 12:25:16,2026-08-30 22:58:45,Y,N,Y,125000,2740,2027-01-02
20636,um00636@example.net,010-0000-0636,1983-12-02,BASIC,인천,2022-09-20 14:34:39,2026-03-30 19:02:39,Y,N,N,0,0,
20637,um00637@example.com,010-0000-0637,1969-10-23,VIP,경남,2026-03-11 23:51:03,2026-09-02 07:48:51,Y,N,N,0,28154,2026-12-27
20638,um00638@example.net,010-0000-0638,1977-01-06,GOLD,부산,2023-01-13 16:01:26,2026-06-01 02:25:49,Y,Y,N,0,6340,2027-08-30
20639,um00639@example.com,010-0000-0639,1977-04-11,GOLD,인천,2025-10-01 21:14:19,2025-10-03 23:25:47,Y,Y,Y,111000,13440,2026-08-28
20640,um00640@example.com,010-0000-0640,1994-01-17,BASIC,경기,2026-01-06 10:46:18,2026-01-06 12:21:49,Y,Y,N,0,0,
20641,um00641@example.org,010-0000-0641,2004-02-04,BASIC,전남,2025-10-28 11:14:00,2026-08-24 19:45:24,Y,N,N,0,3050,2027-04-23
20642,um00642@example.net,010-0000-0642,1975-11-20,BASIC,광주,2024-06-12 13:37:13,2025-08-19 07:17:12,Y,Y,N,0,1210,2026-08-27
20643,um00643@example.net,010-0000-0643,1977-02-16,BASIC,전북,2026-03-02 21:59:36,2026-08-10 18:56:44,Y,Y,N,0,1530,2027-04-22
20644,um00644@example.org,010-0000-0644,2002-05-11,BASIC,서울,2023-07-03 20:58:58,2026-08-14 10:39:02,N,Y,Y,294000,1330,2026-11-17
20645,um00645@example.com,010-0000-0645,2005-10-08,BASIC,서울,2025-08-07 17:01:01,2026-06-28 10:37:49,N,N,N,0,4387,2026-11-07
20646,um00646@example.net,010-0000-0646,2002-11-19,BASIC,경기,2025-02-14 13:46:23,2026-07-31 18:18:11,Y,Y,N,0,1010,2026-11-06
20647,um00647@example.com,010-0000-0647,1974-07-08,GOLD,강원,2023-11-25 16:47:45,2026-08-09 13:53:07,N,N,N,0,6920,2027-03-26
20648,um00648@example.com,010-0000-0648,2003-11-13,BASIC,부산,2026-06-16 11:05:01,2026-06-16 13:45:59,Y,Y,N,0,1739,2026-08-29
20649,um00649@example.com,010-0000-0649,2000-07-20,GOLD,광주,2025-09-12 20:39:22,2026-08-24 07:55:05,N,Y,N,0,6790,2026-11-06
20650,um00650@example.com,010-0000-0650,1970-11-12,BASIC,경기,2025-04-08 21:07:56,2025-04-11 20:02:37,Y,Y,N,0,2320,2026-11-28
20651,um00651@example.com,010-0000-0651,1988-02-12,BASIC,대구,2025-06-24 11:28:16,2026-08-27 01:20:40,Y,Y,N,0,5120,2027-09-24
20652,um00652@example.com,010-0000-0652,1982-08-27,BASIC,경기,2026-08-02 21:53:56,2026-08-06 09:55:15,Y,N,N,0,850,2027-02-27
20653,um00653@example.com,010-0000-0653,2004-03-23,BASIC,서울,2024-03-09 20:48:51,2026-07-04 18:56:05,N,Y,N,0,3120,2027-03-31
20654,um00654@example.com,010-0000-0654,1992-08-06,BASIC,대전,2024-10-18 10:20:09,2025-06-02 11:13:27,Y,Y,N,0,2860,2027-08-31
20655,um00655@example.com,010-0000-0655,1969-08-10,GOLD,인천,2025-08-10 21:38:54,2026-08-25 12:57:39,Y,N,N,0,9240,2027-04-15
20656,um00656@example.com,010-0000-0656,2007-06-27,BASIC,경기,2023-04-14 08:10:43,2023-08-16 14:21:31,Y,N,N,0,0,
20657,um00657@example.org,010-0000-0657,1989-05-20,BASIC,경기,2024-01-23 09:37:17,2026-07-22 12:59:10,N,N,N,0,3850,2027-04-15
20658,um00658@example.com,010-0000-0658,1977-02-28,GOLD,대전,2022-06-16 22:07:05,2026-08-03 05:37:58,Y,N,N,0,10691,2027-09-03
20659,um00659@example.com,010-0000-0659,1972-11-11,BASIC,대구,2026-01-25 18:57:06,2026-01-29 02:25:37,N,Y,N,0,3664,2026-12-14
20660,um00660@example.net,010-0000-0660,1986-10-03,BASIC,서울,2022-12-10 18:52:18,2026-08-24 13:56:12,Y,Y,Y,67000,2510,2027-01-05
20661,um00661@example.com,010-0000-0661,1968-04-25,BASIC,부산,2025-10-05 12:47:54,2026-07-18 19:16:15,N,Y,Y,146000,5770,2026-08-26
20662,um00662@example.net,010-0000-0662,1971-03-08,BASIC,울산,2023-12-07 19:27:55,2026-08-21 05:44:24,Y,Y,N,0,5497,2026-09-12
20663,um00663@example.com,010-0000-0663,1994-08-16,BASIC,경기,2024-03-21 20:14:30,2024-10-16 16:52:54,Y,Y,N,0,5133,2027-05-21
20664,um00664@example.net,010-0000-0664,2007-02-07,GOLD,경남,2025-01-15 22:19:59,2026-04-21 13:16:49,Y,Y,N,0,17297,2027-02-13
20665,um00665@example.com,010-0000-0665,2008-04-24,BASIC,경남,2026-06-14 08:50:49,2026-06-14 14:53:15,Y,N,N,0,789,2027-09-15
20666,um00666@example.com,010-0000-0666,1992-11-15,BASIC,광주,2025-07-10 11:49:29,2026-08-25 10:24:58,N,N,N,0,7298,2026-12-05
20667,um00667@example.org,010-0000-0667,1987-09-09,BASIC,경기,2026-08-12 19:44:18,2026-09-02 22:38:18,Y,Y,N,0,1134,2027-01-15
20668,um00668@example.com,010-0000-0668,1974-06-06,GOLD,충북,2025-11-27 22:24:57,2026-08-30 02:50:19,Y,N,N,0,6680,2026-11-08
20669,um00669@example.com,010-0000-0669,1989-11-25,VIP,서울,2024-12-13 15:17:28,2026-08-21 05:34:59,N,N,N,0,23800,2026-10-04
20670,um00670@example.com,010-0000-0670,2005-08-03,GOLD,전북,2025-08-13 00:19:36,2026-08-22 05:47:42,Y,Y,N,0,20262,2027-04-29
20671,um00671@example.net,010-0000-0671,1988-08-05,BASIC,경기,2025-02-01 00:17:46,2026-05-26 23:02:40,Y,N,N,0,5030,2027-05-17
20672,um00672@example.net,010-0000-0672,1985-05-14,BASIC,강원,2022-02-06 10:48:35,2025-12-20 15:12:17,Y,Y,N,0,4223,2027-08-27
20673,um00673@example.net,010-0000-0673,1982-07-20,GOLD,경기,2026-02-25 11:47:59,2026-08-30 14:33:11,Y,N,N,0,13443,2026-09-12
20674,um00674@example.com,010-0000-0674,2008-04-21,GOLD,경기,2024-11-15 22:56:37,2026-06-28 17:43:30,Y,N,N,0,9740,2027-01-30
20675,um00675@example.com,010-0000-0675,2000-11-12,BASIC,경기,2026-04-07 14:26:36,2026-04-09 10:41:14,N,Y,Y,255000,3450,2027-06-28
20676,um00676@example.org,010-0000-0676,1969-01-26,GOLD,경기,2023-07-05 09:04:00,2026-07-29 07:29:28,Y,N,N,0,21372,2027-04-27
20677,um00677@example.com,010-0000-0677,2008-01-04,BASIC,강원,2025-09-11 15:23:46,2026-05-11 12:57:16,Y,N,N,0,2050,2027-07-14
20678,um00678@example.org,010-0000-0678,1998-02-13,BASIC,서울,2025-12-03 10:40:47,2026-09-02 13:05:42,Y,Y,N,0,2570,2027-09-20
20679,um00679@example.org,010-0000-0679,2004-08-25,BASIC,인천,2025-11-21 11:45:24,2025-11-25 10:06:13,N,Y,N,0,750,2026-11-24
20680,um00680@example.com,010-0000-0680,1984-02-06,BASIC,인천,2025-05-10 08:55:27,2025-08-21 19:59:01,N,N,N,0,0,
20681,um00681@example.com,010-0000-0681,1969-11-21,GOLD,서울,2025-05-25 21:40:46,2026-08-21 21:11:29,Y,N,N,0,13230,2027-07-21
20682,um00682@example.com,010-0000-0682,1981-02-01,BASIC,대구,2026-06-24 23:44:43,2026-06-24 10:20:24,Y,Y,N,0,0,
20683,um00683@example.net,010-0000-0683,2007-08-11,BASIC,경기,2023-07-16 22:53:08,2026-04-11 21:08:36,Y,Y,Y,188000,3044,2027-08-09
20684,um00684@example.org,010-0000-0684,1975-07-25,BASIC,경기,2024-03-23 11:23:46,2026-08-01 17:40:28,Y,Y,N,0,4430,2027-03-11
20685,um00685@example.com,010-0000-0685,1977-07-20,VIP,경기,2022-09-08 13:56:01,2026-08-20 04:43:50,Y,Y,N,0,35536,2027-10-06
20686,um00686@example.net,010-0000-0686,1976-01-23,BASIC,경북,2026-05-13 12:45:47,2026-05-15 05:35:06,Y,N,N,0,2800,2027-02-05
20687,um00687@example.net,010-0000-0687,2006-06-21,BASIC,서울,2025-04-15 22:52:31,2026-08-20 16:11:48,Y,Y,N,0,3945,2027-08-17
20688,um00688@example.com,010-0000-0688,1989-12-25,BASIC,부산,2025-12-27 11:00:46,2026-08-30 08:56:43,N,N,N,0,1650,2026-12-13
20689,um00689@example.net,010-0000-0689,1998-04-09,BASIC,서울,2024-11-16 13:28:05,2024-11-16 23:00:02,Y,N,N,0,0,
20690,um00690@example.net,010-0000-0690,1987-02-11,BASIC,서울,2026-06-30 20:57:39,2026-08-28 06:53:38,N,N,N,0,1130,2026-11-23
20691,um00691@example.com,010-0000-0691,1997-01-05,GOLD,울산,2025-09-11 00:12:31,2026-08-30 15:20:39,Y,Y,N,0,8140,2027-08-31
20692,um00692@example.com,010-0000-0692,1976-11-02,VIP,서울,2026-06-30 16:58:46,2026-09-04 17:16:26,N,N,N,0,22650,2026-10-18
20693,um00693@example.net,010-0000-0693,1981-05-21,BASIC,서울,2026-04-06 23:35:23,2026-08-29 06:10:11,Y,Y,N,0,3450,2027-10-07
20694,um00694@example.net,010-0000-0694,2006-02-07,BASIC,경북,2026-02-20 16:20:37,2026-07-17 09:53:35,N,Y,Y,86000,5060,2026-09-18
20695,um00695@example.com,010-0000-0695,1985-02-06,BASIC,대구,2025-03-29 10:08:42,2026-08-31 08:21:42,Y,N,N,0,9096,2026-08-15
20696,um00696@example.com,010-0000-0696,2003-04-06,BASIC,경기,2023-03-17 23:22:55,2026-07-01 06:11:57,Y,N,N,0,3200,2027-01-30
20697,um00697@example.com,010-0000-0697,1986-06-20,BASIC,경기,2023-11-09 16:57:48,2024-10-01 10:41:48,Y,N,N,0,350,2027-08-09
20698,um00698@example.net,010-0000-0698,1983-04-14,BASIC,울산,2025-05-20 12:52:04,2026-08-17 09:00:31,N,N,N,0,2490,2027-01-29
20699,um00699@example.net,010-0000-0699,1988-05-07,BASIC,전남,2024-06-12 18:47:47,2026-09-01 17:48:28,Y,Y,N,0,4740,2027-08-29
20700,um00700@example.com,010-0000-0700,1974-05-12,VIP,강원,2026-02-06 12:22:44,2026-08-29 15:44:03,Y,Y,N,0,25720,2027-09-23
20701,um00701@example.com,010-0000-0701,1993-03-04,GOLD,경기,2026-07-23 10:42:58,2026-09-01 19:16:34,Y,N,N,0,6850,2026-12-03
20702,um00702@example.net,010-0000-0702,1994-02-14,BASIC,서울,2025-04-12 11:42:58,2026-05-01 12:30:33,Y,N,N,0,3948,2027-03-28
20703,um00703@example.net,010-0000-0703,2007-05-06,BASIC,경기,2024-09-06 12:21:58,2026-08-12 15:39:37,Y,Y,N,0,2870,2027-02-16
20704,um00704@example.com,010-0000-0704,1968-04-28,GOLD,서울,2026-04-23 10:22:28,2026-09-02 06:10:59,N,N,N,0,9420,2027-05-25
20705,um00705@example.net,010-0000-0705,1983-05-28,BASIC,충남,2024-04-15 12:39:47,2025-05-17 22:39:40,Y,N,N,0,4597,2027-03-14
20706,um00706@example.net,010-0000-0706,2007-09-17,BASIC,강원,2024-03-07 08:17:15,2024-08-24 18:55:44,N,N,N,0,6738,2027-07-02
20707,um00707@example.com,010-0000-0707,1990-08-10,BASIC,부산,2023-02-19 20:16:27,2025-02-24 08:55:05,Y,Y,N,0,0,
20708,um00708@example.com,010-0000-0708,1997-03-02,GOLD,충남,2024-06-02 22:13:35,2026-07-28 04:28:52,Y,Y,N,0,12970,2027-06-08
20709,um00709@example.com,010-0000-0709,1996-11-21,BASIC,경기,2026-02-11 13:27:50,2026-08-11 19:56:21,Y,Y,N,0,3750,2027-08-26
20710,um00710@example.com,010-0000-0710,2008-02-25,BASIC,경남,2024-11-20 19:38:16,2025-03-20 12:46:20,N,Y,N,0,670,2027-02-02
20711,um00711@example.net,010-0000-0711,2006-02-26,GOLD,제주,2026-04-05 22:30:49,2026-09-04 15:18:31,Y,Y,Y,241000,16810,2027-04-21
20712,um00712@example.org,010-0000-0712,1974-08-07,GOLD,서울,2024-01-08 13:22:11,2026-07-08 17:57:57,N,N,N,0,8520,2026-12-07
20713,um00713@example.net,010-0000-0713,1968-07-07,GOLD,울산,2025-09-04 14:50:48,2026-08-17 04:07:04,Y,Y,N,0,18910,2026-12-02
20714,um00714@example.net,010-0000-0714,1974-12-20,BASIC,광주,2026-02-12 13:29:13,2026-07-12 01:44:56,Y,Y,N,0,2570,2027-03-30
20715,um00715@example.com,010-0000-0715,2003-10-20,BASIC,경기,2022-05-31 11:35:29,2022-06-25 13:56:41,N,Y,N,0,1350,2026-09-01
20716,um00716@example.net,010-0000-0716,1968-06-10,BASIC,서울,2026-01-18 08:07:27,2026-01-22 02:44:10,Y,N,N,0,7551,2027-07-14
20717,um00717@example.com,010-0000-0717,1987-12-09,BASIC,전북,2024-09-17 21:45:58,2026-08-17 18:58:55,Y,N,N,0,5110,2027-01-31
20718,um00718@example.net,010-0000-0718,1996-06-14,BASIC,경기,2023-10-10 15:28:37,2025-10-09 02:30:48,Y,Y,N,0,1910,2027-02-10
20719,um00719@example.net,010-0000-0719,1986-01-28,BASIC,인천,2026-02-18 10:55:11,2026-08-29 01:25:53,N,N,N,0,2240,2026-11-28
20720,um00720@example.net,010-0000-0720,2005-10-02,BASIC,경기,2023-05-30 13:44:03,2026-07-27 09:45:23,N,Y,N,0,4390,2027-01-16
20721,um00721@example.com,010-0000-0721,1972-10-12,BASIC,인천,2026-04-19 13:34:36,2026-08-29 20:29:50,N,Y,N,0,2870,2027-02-26
20722,um00722@example.com,010-0000-0722,2007-06-11,BASIC,경북,2024-05-24 20:19:42,2026-05-05 12:24:46,Y,N,N,0,0,
20723,um00723@example.org,010-0000-0723,1976-12-26,GOLD,서울,2024-03-06 21:54:19,2026-08-13 19:55:27,Y,Y,Y,738000,8994,2027-07-04
20724,um00724@example.com,010-0000-0724,1995-06-18,BASIC,전북,2024-07-05 11:43:39,2026-04-15 06:18:47,Y,N,N,0,5603,2027-04-26
20725,um00725@example.net,010-0000-0725,1970-04-12,BASIC,부산,2024-04-30 21:16:22,2024-08-12 18:25:25,Y,Y,N,0,2845,2027-05-18
20726,um00726@example.com,010-0000-0726,1988-06-27,BASIC,전북,2026-03-02 21:01:52,2026-08-19 04:00:12,N,Y,N,0,4530,2027-03-24
20727,um00727@example.net,010-0000-0727,1984-11-13,VIP,경기,2023-09-01 12:09:28,2026-08-30 17:56:50,Y,N,N,0,27520,2026-10-28
20728,um00728@example.com,010-0000-0728,1985-01-19,BASIC,인천,2024-08-03 22:53:16,2026-08-23 10:38:21,N,N,N,0,5879,2027-08-16
20729,um00729@example.com,010-0000-0729,1997-08-07,BASIC,울산,2022-10-18 16:39:52,2025-06-15 12:02:40,Y,Y,N,0,7866,2027-02-23
20730,um00730@example.com,010-0000-0730,1981-02-23,BASIC,부산,2023-11-24 19:04:07,2024-09-29 07:27:00,Y,N,Y,104000,6207,2027-05-15
20731,um00731@example.org,010-0000-0731,1973-12-26,BASIC,울산,2026-09-03 21:40:47,2026-09-03 18:42:27,N,N,N,0,0,
20732,um00732@example.com,010-0000-0732,2004-08-16,GOLD,대전,2026-06-13 21:39:45,2026-09-03 05:49:27,Y,N,N,0,12338,2027-09-20
20733,um00733@example.com,010-0000-0733,2004-04-17,BASIC,서울,2025-10-25 15:28:57,2026-07-30 14:53:01,Y,N,N,0,3523,2026-09-01
20734,um00734@example.com,010-0000-0734,1972-10-15,BASIC,광주,2025-10-21 20:37:31,2026-09-03 21:13:52,Y,N,N,0,1440,2027-09-09
20735,um00735@example.org,010-0000-0735,1987-04-21,BASIC,경기,2026-06-04 22:02:30,2026-08-20 09:38:08,N,Y,N,0,560,2027-01-09
20736,um00736@example.net,010-0000-0736,1985-03-13,BASIC,인천,2025-04-10 10:12:12,2026-07-06 16:36:03,N,Y,N,0,3782,2027-03-29
20737,um00737@example.org,010-0000-0737,1972-10-14,VIP,경남,2026-05-27 22:41:15,2026-09-04 04:57:37,Y,N,Y,164000,35260,2027-03-05
20738,um00738@example.org,010-0000-0738,1979-11-26,BASIC,충남,2024-03-07 22:38:36,2026-07-09 07:08:43,N,Y,N,0,2620,2026-10-22
20739,um00739@example.net,010-0000-0739,2004-09-03,BASIC,대구,2025-05-17 21:35:15,2025-05-20 15:33:35,N,N,N,0,3740,2026-12-11
20740,um00740@example.com,010-0000-0740,1982-12-22,BASIC,부산,2024-07-15 22:37:27,2026-07-14 16:46:49,N,N,N,0,6018,2027-06-26
20741,um00741@example.net,010-0000-0741,1993-10-06,BASIC,울산,2024-08-15 14:35:35,2026-09-02 23:58:57,N,N,N,0,0,
20742,um00742@example.net,010-0000-0742,1979-04-04,BASIC,서울,2025-02-12 18:09:48,2026-06-11 13:09:31,Y,Y,Y,193000,1120,2027-07-09
20743,um00743@example.org,010-0000-0743,1971-12-18,BASIC,경북,2023-07-20 08:39:35,2026-04-12 00:50:31,N,N,N,0,0,
20744,um00744@example.org,010-0000-0744,1970-12-28,BASIC,경기,2023-05-13 23:07:27,2026-08-18 08:33:52,Y,Y,N,0,4120,2027-02-27
20745,um00745@example.net,010-0000-0745,2001-08-21,GOLD,서울,2025-11-22 21:00:21,2026-09-02 12:40:38,N,Y,N,0,7900,2027-05-16
20746,um00746@example.com,010-0000-0746,2000-12-04,BASIC,부산,2025-05-23 09:22:57,2026-07-26 12:16:03,N,Y,N,0,1870,2026-12-11
20747,um00747@example.com,010-0000-0747,1990-02-05,BASIC,강원,2024-04-25 20:39:27,2026-08-30 21:30:25,Y,Y,N,0,2700,2027-04-13
20748,um00748@example.com,010-0000-0748,1978-02-05,BASIC,경남,2023-10-27 08:16:44,2026-05-27 02:22:22,Y,Y,N,0,3200,2027-09-23
20749,um00749@example.com,010-0000-0749,1976-12-17,BASIC,서울,2025-06-18 14:33:05,2026-08-31 19:35:25,N,N,N,0,1520,2027-04-09
20750,um00750@example.org,010-0000-0750,2001-02-12,BASIC,대구,2023-11-18 13:57:39,2026-07-25 13:31:25,Y,Y,Y,50000,2870,2026-12-21
20751,um00751@example.com,010-0000-0751,1985-04-11,BASIC,경북,2026-09-01 00:22:30,2026-09-03 20:28:31,Y,N,N,0,2200,2027-06-05
20752,um00752@example.com,010-0000-0752,1970-06-25,BASIC,서울,2024-09-09 16:05:49,2026-04-16 15:50:55,N,Y,N,0,3090,2027-10-01
20753,um00753@example.net,010-0000-0753,1996-11-13,GOLD,서울,2024-09-06 21:44:44,2026-09-02 08:47:36,N,Y,N,0,15340,2027-10-02
20754,um00754@example.org,010-0000-0754,2005-10-19,GOLD,충남,2025-04-29 10:09:44,2026-08-30 07:07:38,N,N,N,0,13200,2027-03-15
20755,um00755@example.net,010-0000-0755,2006-11-10,VIP,충남,2025-08-06 20:06:38,2026-08-23 12:14:50,Y,N,N,0,24840,2026-10-27
20756,um00756@example.org,010-0000-0756,1980-07-21,GOLD,대전,2026-06-06 12:19:42,2026-09-02 02:07:01,Y,N,N,0,14979,2026-11-07
20757,um00757@example.com,010-0000-0757,2001-08-26,BASIC,경기,2024-05-06 22:10:14,2026-02-27 06:50:00,Y,N,N,0,970,2027-09-02
20758,um00758@example.com,010-0000-0758,1986-06-15,BASIC,제주,2023-09-13 18:57:41,2026-06-03 16:25:47,Y,N,N,0,3475,2026-09-15
20759,um00759@example.net,010-0000-0759,1986-12-15,GOLD,인천,2025-12-07 16:50:24,2026-09-01 13:32:05,Y,N,N,0,11360,2027-01-30
20760,um00760@example.com,010-0000-0760,1994-10-01,BASIC,전남,2024-11-08 21:34:17,2025-01-24 07:28:22,Y,N,N,0,4650,2027-04-08
20761,um00761@example.com,010-0000-0761,2002-10-02,GOLD,전북,2024-04-27 20:45:52,2026-06-14 08:45:22,N,Y,N,0,8460,2027-05-23
20762,um00762@example.com,010-0000-0762,1996-01-07,BASIC,경기,2026-07-09 19:22:09,2026-09-01 17:23:24,Y,Y,N,0,7034,2027-05-13
20763,um00763@example.com,010-0000-0763,1996-10-04,GOLD,서울,2023-05-10 15:27:28,2026-08-04 00:58:57,Y,N,N,0,13940,2026-12-25
20764,um00764@example.com,010-0000-0764,1999-05-16,BASIC,충남,2026-01-26 14:29:44,2026-08-23 08:49:54,Y,N,N,0,1230,2027-09-05
20765,um00765@example.net,010-0000-0765,2007-11-07,BASIC,충남,2026-07-15 13:55:46,2026-07-15 14:08:13,Y,N,N,0,3543,2026-09-15
20766,um00766@example.com,010-0000-0766,1969-09-09,GOLD,경기,2022-11-09 16:32:16,2026-07-17 21:34:19,Y,Y,N,0,7700,2027-06-12
20767,um00767@example.com,010-0000-0767,2004-05-02,GOLD,대전,2025-09-06 14:55:59,2026-08-30 14:56:37,Y,N,Y,171000,17910,2026-10-11
20768,um00768@example.com,010-0000-0768,1991-09-09,BASIC,인천,2023-09-24 12:00:03,2026-04-27 05:06:19,N,N,N,0,4440,2026-09-19
20769,um00769@example.com,010-0000-0769,1991-11-21,GOLD,충남,2025-02-20 23:43:15,2026-09-01 06:06:35,Y,Y,N,0,9294,2027-07-08
20770,um00770@example.org,010-0000-0770,1974-05-09,BASIC,부산,2026-04-02 22:57:10,2026-06-25 00:27:35,N,N,N,0,0,
20771,um00771@example.net,010-0000-0771,1972-08-12,GOLD,대구,2024-07-21 19:27:06,2026-08-20 09:14:56,N,Y,Y,114000,19410,2026-12-23
20772,um00772@example.net,010-0000-0772,1983-03-27,BASIC,경남,2026-05-20 16:29:22,2026-08-30 07:35:35,Y,N,N,0,3805,2026-08-29
20773,um00773@example.com,010-0000-0773,1982-06-15,GOLD,경북,2025-08-12 20:05:23,2026-06-22 20:25:33,Y,N,Y,24000,9600,2026-11-27
20774,um00774@example.net,010-0000-0774,1981-09-10,BASIC,경기,2026-04-03 21:38:24,2026-04-03 23:18:04,N,Y,N,0,0,
20775,um00775@example.net,010-0000-0775,1977-12-10,BASIC,충남,2023-08-01 23:46:21,2026-08-31 04:52:58,Y,Y,N,0,7427,2027-01-04
20776,um00776@example.net,010-0000-0776,1971-07-23,GOLD,대전,2024-10-20 10:54:31,2026-08-24 05:36:00,Y,Y,Y,45000,7090,2027-07-30
20777,um00777@example.com,010-0000-0777,1989-05-21,BASIC,경기,2025-06-16 22:00:17,2025-08-25 03:24:25,Y,Y,N,0,3890,2026-08-20
20778,um00778@example.org,010-0000-0778,1985-12-27,GOLD,경기,2025-09-04 19:19:24,2026-08-31 05:45:33,Y,Y,N,0,11610,2027-08-23
20779,um00779@example.net,010-0000-0779,1981-11-16,GOLD,전남,2026-08-21 19:10:08,2026-09-04 18:42:12,N,Y,N,0,14890,2027-08-20
20780,um00780@example.com,010-0000-0780,1984-10-09,BASIC,서울,2023-10-01 20:04:22,2026-05-18 10:10:35,N,N,N,0,1210,2027-05-18
20781,um00781@example.net,010-0000-0781,1968-04-17,BASIC,울산,2026-07-26 11:43:42,2026-09-03 07:18:32,Y,N,N,0,2810,2027-02-23
20782,um00782@example.com,010-0000-0782,1977-03-19,GOLD,서울,2026-04-29 21:40:51,2026-09-04 16:52:45,N,N,N,0,12200,2027-09-26
20783,um00783@example.com,010-0000-0783,1997-02-05,GOLD,서울,2025-10-06 23:50:04,2026-08-08 07:59:57,Y,N,N,0,12310,2026-09-17
20784,um00784@example.com,010-0000-0784,2007-05-23,BASIC,서울,2025-10-21 21:46:18,2026-08-31 10:33:06,Y,Y,Y,460000,5790,2027-06-18
20785,um00785@example.net,010-0000-0785,1992-10-01,BASIC,대전,2025-12-12 18:50:19,2026-07-20 05:23:39,N,Y,N,0,2990,2027-01-04
20786,um00786@example.com,010-0000-0786,1990-12-24,BASIC,경남,2023-03-24 12:26:12,2024-05-18 09:51:50,Y,Y,N,0,4992,2027-08-14
20787,um00787@example.com,010-0000-0787,1978-03-08,BASIC,서울,2026-03-13 21:54:34,2026-03-15 09:30:18,Y,N,N,0,2180,2027-02-01
20788,um00788@example.com,010-0000-0788,1992-03-06,BASIC,강원,2024-09-05 11:00:40,2025-04-29 10:21:18,Y,Y,N,0,2035,2027-09-11
20789,um00789@example.net,010-0000-0789,1974-12-08,GOLD,부산,2023-09-19 15:37:19,2026-08-17 05:59:35,Y,Y,N,0,18099,2027-02-09
20790,um00790@example.com,010-0000-0790,1989-05-04,GOLD,경북,2026-01-20 16:37:04,2026-08-29 13:03:12,Y,N,N,0,20121,2027-05-22
20791,um00791@example.net,010-0000-0791,1984-02-19,BASIC,경기,2026-02-20 12:47:09,2026-08-30 07:16:08,N,N,Y,151000,4720,2026-12-13
20792,um00792@example.net,010-0000-0792,1987-02-19,BASIC,경기,2025-01-22 20:07:12,2026-05-12 09:11:19,Y,Y,N,0,400,2026-09-02
20793,um00793@example.org,010-0000-0793,2004-01-17,GOLD,울산,2025-11-17 00:07:42,2026-08-03 17:01:15,Y,N,N,0,7290,2027-04-10
20794,um00794@example.org,010-0000-0794,1994-10-10,BASIC,충북,2024-01-26 18:43:38,2024-09-21 13:14:50,N,N,N,0,0,
20795,um00795@example.com,010-0000-0795,1989-04-18,GOLD,경기,2025-10-11 13:14:56,2026-08-21 07:41:02,Y,Y,N,0,12943,2027-04-16
20796,um00796@example.org,010-0000-0796,1979-06-09,BASIC,경기,2022-12-26 12:03:27,2023-07-03 19:58:04,Y,Y,N,0,3914,2027-01-18
20797,um00797@example.com,010-0000-0797,1984-07-03,BASIC,경북,2022-08-23 08:22:47,2026-04-26 05:27:51,N,Y,N,0,430,2026-10-27
20798,um00798@example.com,010-0000-0798,1972-05-03,GOLD,인천,2025-04-15 11:55:11,2026-03-13 05:26:28,Y,N,N,0,7150,2026-12-24
20799,um00799@example.net,010-0000-0799,1969-05-12,GOLD,서울,2023-08-20 10:35:04,2026-08-06 15:50:20,N,Y,N,0,11470,2027-01-14
20800,um00800@example.com,010-0000-0800,1986-03-25,GOLD,경남,2026-07-30 17:29:13,2026-09-02 16:46:53,Y,N,N,0,8835,2027-03-17
20801,um00801@example.org,010-0000-0801,2004-10-08,BASIC,서울,2026-04-01 09:34:40,2026-04-01 10:04:20,N,N,N,0,0,
20802,um00802@example.com,010-0000-0802,2002-02-13,VIP,서울,2025-01-11 12:11:26,2026-09-02 13:54:38,Y,Y,N,0,24220,2027-04-23
20803,um00803@example.com,010-0000-0803,1990-07-04,BASIC,충북,2025-02-01 08:58:09,2025-05-07 23:00:29,Y,N,N,0,1760,2027-06-09
20804,um00804@example.org,010-0000-0804,1979-01-14,BASIC,경기,2025-09-23 11:02:03,2026-05-10 09:16:44,Y,N,N,0,4324,2027-06-23
20805,um00805@example.com,010-0000-0805,1987-05-19,BASIC,경기,2026-06-26 19:18:36,2026-06-29 07:40:43,N,N,N,0,630,2027-05-14
20806,um00806@example.com,010-0000-0806,2003-09-18,GOLD,서울,2024-12-20 08:34:03,2026-08-19 17:50:49,N,N,N,0,8380,2026-11-11
20807,um00807@example.com,010-0000-0807,1975-01-09,GOLD,경기,2024-11-18 12:27:44,2026-08-25 13:05:10,Y,N,N,0,13137,2027-05-18
20808,um00808@example.com,010-0000-0808,1975-12-04,GOLD,경남,2024-03-26 21:25:36,2026-09-02 06:45:39,Y,Y,N,0,6400,2027-05-12
20809,um00809@example.com,010-0000-0809,1977-10-21,BASIC,서울,2022-09-21 13:40:28,2026-09-02 23:11:04,Y,N,N,0,3610,2027-05-20
20810,um00810@example.org,010-0000-0810,1979-09-22,BASIC,경북,2025-02-24 12:19:03,2025-03-06 04:56:45,Y,N,N,0,1712,2027-06-07
20811,um00811@example.com,010-0000-0811,1990-06-18,BASIC,충남,2023-11-17 20:14:39,2026-07-11 03:16:42,N,Y,N,0,3756,2027-08-28
20812,um00812@example.net,010-0000-0812,2004-04-19,VIP,서울,2024-11-14 17:44:05,2026-08-20 15:34:37,Y,N,Y,264000,28130,2026-11-26
20813,um00813@example.com,010-0000-0813,1986-06-11,VIP,충북,2026-03-05 15:32:12,2026-09-01 10:13:34,Y,Y,Y,328000,28200,2026-10-26
20814,um00814@example.net,010-0000-0814,1994-02-13,BASIC,경기,2023-07-26 20:05:14,2026-07-03 12:26:09,Y,N,Y,202000,5400,2027-04-02
20815,um00815@example.com,010-0000-0815,1974-04-19,BASIC,전북,2024-10-08 15:52:32,2025-10-04 00:09:09,N,N,N,0,165,2026-08-16
20816,um00816@example.com,010-0000-0816,1990-02-06,GOLD,경남,2024-03-23 12:30:44,2026-08-28 03:46:36,Y,N,N,0,15235,2026-10-15
20817,um00817@example.net,010-0000-0817,2003-06-18,VIP,경기,2026-01-26 11:40:16,2026-09-01 11:05:37,N,Y,Y,83000,40795,2027-04-07
20818,um00818@example.com,010-0000-0818,1971-09-17,BASIC,경기,2024-09-18 14:07:38,2025-07-09 09:08:41,Y,N,N,0,0,
20819,um00819@example.org,010-0000-0819,1986-05-13,BASIC,서울,2026-06-08 08:24:15,2026-08-15 07:58:03,Y,N,N,0,5760,2026-08-19
20820,um00820@example.org,010-0000-0820,2008-05-28,VIP,경기,2024-09-18 19:58:16,2026-08-29 12:08:07,Y,N,N,0,22580,2027-09-25
20821,um00821@example.net,010-0000-0821,1996-01-14,BASIC,경북,2024-01-03 17:57:00,2026-08-11 19:26:42,N,N,N,0,6207,2027-05-24
20822,um00822@example.com,010-0000-0822,1985-06-26,BASIC,서울,2025-06-21 13:27:59,2026-03-13 12:34:00,Y,N,N,0,1106,2027-08-17
20823,um00823@example.net,010-0000-0823,1970-04-07,BASIC,전남,2026-06-20 00:35:18,2026-09-02 13:46:24,N,N,N,0,3115,2027-06-17
20824,um00824@example.net,010-0000-0824,2003-06-01,GOLD,강원,2025-10-19 20:17:15,2026-08-08 17:51:27,N,N,N,0,10590,2027-09-03
20825,um00825@example.com,010-0000-0825,2008-08-13,BASIC,서울,2023-08-06 23:33:12,2026-08-27 14:58:18,N,Y,N,0,5520,2027-01-23
20826,um00826@example.org,010-0000-0826,1986-03-23,BASIC,서울,2025-02-17 20:06:04,2026-07-03 10:55:25,N,Y,N,0,2854,2027-08-21
20827,um00827@example.com,010-0000-0827,2007-10-06,BASIC,경기,2026-01-24 14:05:17,2026-08-31 03:54:21,Y,N,Y,122000,5950,2026-12-28
20828,um00828@example.com,010-0000-0828,2004-11-21,VIP,충남,2024-12-19 10:36:36,2026-08-29 17:12:45,Y,Y,N,0,21740,2027-07-23
20829,um00829@example.net,010-0000-0829,1999-11-07,BASIC,충남,2024-02-09 21:09:22,2026-07-06 08:35:10,N,N,N,0,4195,2027-04-16
20830,um00830@example.org,010-0000-0830,1970-10-26,GOLD,울산,2023-01-09 20:13:16,2026-04-20 13:50:40,Y,Y,N,0,9643,2027-01-27
20831,um00831@example.com,010-0000-0831,1997-03-04,GOLD,인천,2026-07-26 19:38:19,2026-09-03 12:22:03,N,Y,N,0,12970,2027-05-16
20832,um00832@example.com,010-0000-0832,2008-04-19,BASIC,부산,2023-04-28 23:22:59,2026-07-27 03:03:20,Y,Y,Y,322000,4780,2027-09-03
20833,um00833@example.org,010-0000-0833,1973-08-17,GOLD,서울,2026-01-18 21:06:21,2026-08-19 13:56:52,N,N,N,0,15613,2027-09-25
20834,um00834@example.net,010-0000-0834,1989-09-27,BASIC,경기,2025-04-05 12:19:54,2026-07-07 16:09:28,N,N,N,0,5180,2026-12-17
20835,um00835@example.com,010-0000-0835,1991-12-28,BASIC,서울,2022-07-18 23:12:30,2026-07-05 19:54:45,N,Y,N,0,2260,2027-04-09
20836,um00836@example.com,010-0000-0836,1988-04-07,BASIC,경북,2024-07-13 20:28:16,2026-07-18 03:31:54,Y,Y,N,0,2240,2026-10-29
20837,um00837@example.com,010-0000-0837,1990-05-21,BASIC,광주,2025-05-24 12:35:36,2025-05-26 18:55:00,Y,N,N,0,0,
20838,um00838@example.com,010-0000-0838,1990-06-05,BASIC,경남,2023-11-26 12:25:44,2024-09-25 22:32:04,Y,Y,N,0,1320,2027-03-15
20839,um00839@example.com,010-0000-0839,1998-12-22,BASIC,경기,2025-03-31 10:16:19,2026-08-27 20:11:51,N,Y,Y,88000,5340,2026-09-10
20840,um00840@example.com,010-0000-0840,1982-08-11,BASIC,서울,2026-05-17 08:23:57,2026-05-21 09:02:48,Y,N,N,0,1850,2027-04-20
20841,um00841@example.org,010-0000-0841,2008-01-09,BASIC,경기,2026-05-17 20:51:45,2026-08-26 06:36:44,N,N,N,0,4736,2026-08-24
20842,um00842@example.com,010-0000-0842,1990-12-08,BASIC,경기,2025-03-29 13:18:24,2025-03-29 20:02:05,Y,Y,N,0,3110,2026-12-04
20843,um00843@example.com,010-0000-0843,1990-02-06,GOLD,광주,2026-07-13 22:55:07,2026-08-28 16:09:38,N,N,N,0,7506,2026-11-24
20844,um00844@example.com,010-0000-0844,1976-09-03,VIP,충북,2025-07-05 08:27:37,2026-08-16 17:25:45,N,Y,N,0,21820,2026-10-23
20845,um00845@example.net,010-0000-0845,1974-02-25,GOLD,충남,2025-01-05 13:23:58,2026-07-23 16:04:24,N,Y,Y,222000,7561,2026-08-22
20846,um00846@example.com,010-0000-0846,2001-12-26,BASIC,경북,2026-06-21 21:38:46,2026-06-21 19:32:15,Y,N,Y,67000,0,
20847,um00847@example.com,010-0000-0847,1990-09-04,BASIC,광주,2025-10-19 21:04:30,2025-10-20 08:58:12,N,Y,N,0,760,2026-11-05
20848,um00848@example.net,010-0000-0848,2000-02-13,GOLD,경기,2024-03-22 22:58:23,2026-08-22 10:42:04,N,Y,N,0,23239,2027-07-12
20849,um00849@example.com,010-0000-0849,1992-02-22,BASIC,전남,2024-05-21 14:05:24,2026-07-20 09:19:36,N,Y,N,0,2010,2027-09-23
20850,um00850@example.com,010-0000-0850,1997-08-15,BASIC,경남,2026-03-15 21:09:31,2026-03-15 10:22:02,N,Y,N,0,1669,2026-08-16
20851,um00851@example.org,010-0000-0851,2003-08-19,BASIC,서울,2026-07-03 12:39:48,2026-07-03 21:51:17,N,N,N,0,0,
20852,um00852@example.com,010-0000-0852,2005-12-28,BASIC,경북,2025-07-29 00:26:16,2026-08-14 21:10:26,Y,N,Y,124000,330,2027-07-11
20853,um00853@example.com,010-0000-0853,2008-04-18,BASIC,광주,2025-12-27 15:30:40,2026-07-06 00:35:49,Y,N,N,0,0,
20854,um00854@example.org,010-0000-0854,2002-12-28,BASIC,서울,2025-04-03 23:55:26,2026-08-29 07:37:13,N,Y,N,0,4490,2027-08-06
20855,um00855@example.com,010-0000-0855,1978-04-13,BASIC,경기,2025-08-31 11:50:29,2025-09-03 01:43:24,Y,Y,N,0,4700,2027-09-18
20856,um00856@example.net,010-0000-0856,1999-05-13,BASIC,충남,2024-03-22 20:44:42,2026-05-30 07:10:53,N,Y,N,0,5993,2026-09-06
20857,um00857@example.net,010-0000-0857,1976-08-03,BASIC,서울,2024-09-16 13:54:14,2026-08-10 15:33:24,N,N,N,0,840,2026-08-16
20858,um00858@example.com,010-0000-0858,1978-12-07,BASIC,부산,2023-07-26 15:27:57,2025-07-20 07:21:02,N,N,N,0,1390,2027-06-23
20859,um00859@example.com,010-0000-0859,1982-08-19,BASIC,경기,2025-01-07 17:07:39,2025-10-03 17:06:02,N,Y,Y,462000,1390,2026-11-15
20860,um00860@example.org,010-0000-0860,1970-09-19,BASIC,경기,2025-07-04 17:19:58,2026-06-28 08:59:11,Y,N,N,0,5550,2027-02-16
20861,um00861@example.org,010-0000-0861,1995-07-19,BASIC,전북,2026-05-06 21:38:54,2026-05-08 00:49:06,Y,N,Y,198000,1461,2026-10-30
20862,um00862@example.com,010-0000-0862,1993-05-01,BASIC,인천,2025-06-21 21:53:31,2026-08-29 08:36:45,N,Y,N,0,1120,2027-05-24
20863,um00863@example.com,010-0000-0863,2000-09-12,BASIC,경기,2025-08-24 12:38:24,2026-08-18 22:55:50,N,N,Y,298000,310,2027-04-14
20864,um00864@example.net,010-0000-0864,1975-05-01,GOLD,서울,2026-01-03 20:21:34,2026-06-18 20:38:12,Y,Y,N,0,16770,2027-05-27
20865,um00865@example.org,010-0000-0865,1983-06-06,BASIC,경기,2023-02-19 08:08:10,2026-06-02 04:24:07,Y,Y,N,0,2770,2026-11-10
20866,um00866@example.com,010-0000-0866,1985-01-15,BASIC,경기,2025-01-25 12:16:04,2026-08-31 15:57:54,Y,Y,N,0,5676,2026-12-31
20867,um00867@example.com,010-0000-0867,1988-03-21,BASIC,서울,2022-10-02 16:16:16,2026-07-21 19:40:59,Y,N,Y,521000,8388,2026-10-19
20868,um00868@example.com,010-0000-0868,1989-01-05,BASIC,경남,2025-06-01 16:00:44,2026-07-24 08:18:25,Y,N,N,0,10168,2027-09-09
20869,um00869@example.com,010-0000-0869,1975-11-20,BASIC,서울,2026-03-15 20:14:45,2026-07-16 13:39:48,N,Y,N,0,2790,2027-08-15
20870,um00870@example.org,010-0000-0870,1973-04-04,BASIC,경기,2022-10-30 08:38:28,2026-07-02 20:45:20,N,Y,N,0,580,2026-10-28
20871,um00871@example.com,010-0000-0871,2001-09-02,BASIC,경기,2026-08-31 10:50:46,2026-09-04 16:48:49,Y,N,N,0,8889,2027-01-31
20872,um00872@example.org,010-0000-0872,1988-01-25,GOLD,충북,2025-01-05 22:31:49,2026-08-20 14:35:25,Y,N,Y,217000,9720,2027-08-20
20873,um00873@example.com,010-0000-0873,2005-03-26,BASIC,경기,2026-07-12 21:21:01,2026-08-15 18:07:28,Y,Y,N,0,3740,2026-08-17
20874,um00874@example.net,010-0000-0874,1986-05-03,BASIC,충남,2023-09-02 23:15:56,2024-09-03 21:12:45,N,N,N,0,1920,2026-09-28
20875,um00875@example.net,010-0000-0875,1994-06-27,BASIC,대전,2024-06-07 12:19:40,2026-04-10 15:59:55,Y,N,N,0,3920,2026-09-01
20876,um00876@example.com,010-0000-0876,2001-12-16,BASIC,울산,2024-10-18 22:27:44,2026-08-21 05:19:47,Y,N,N,0,4450,2026-08-22
20877,um00877@example.com,010-0000-0877,1995-11-06,BASIC,서울,2023-10-11 23:34:20,2026-06-13 02:33:22,Y,Y,N,0,410,2027-06-25
20878,um00878@example.net,010-0000-0878,1985-01-05,GOLD,경기,2023-09-10 22:48:28,2026-08-18 20:45:48,Y,N,N,0,10720,2026-08-30
20879,um00879@example.org,010-0000-0879,1999-04-24,BASIC,경기,2023-07-09 17:01:35,2026-06-15 15:53:15,N,Y,N,0,2370,2027-06-27
20880,um00880@example.org,010-0000-0880,1995-12-28,BASIC,서울,2026-04-26 22:54:28,2026-04-27 16:29:46,Y,N,N,0,3430,2027-05-20
20881,um00881@example.com,010-0000-0881,2004-12-01,GOLD,경기,2023-04-02 20:56:37,2026-08-08 15:02:52,Y,N,N,0,10870,2027-03-11
20882,um00882@example.net,010-0000-0882,1994-09-10,GOLD,경남,2026-05-02 22:32:20,2026-09-01 05:38:40,Y,N,N,0,18170,2026-10-23
20883,um00883@example.org,010-0000-0883,2003-06-20,BASIC,경북,2026-07-22 15:46:19,2026-08-24 12:28:39,Y,N,N,0,5185,2026-08-21
20884,um00884@example.net,010-0000-0884,2004-02-02,GOLD,부산,2026-01-15 08:36:23,2026-09-04 12:14:16,N,N,N,0,14900,2027-05-17
20885,um00885@example.com,010-0000-0885,1993-06-19,BASIC,경기,2023-02-05 13:36:40,2025-12-22 20:32:25,Y,N,N,0,1960,2027-07-09
20886,um00886@example.org,010-0000-0886,1989-02-17,VIP,인천,2025-03-24 11:30:26,2026-09-04 14:29:45,N,Y,N,0,52390,2026-11-26
20887,um00887@example.net,010-0000-0887,2003-01-18,BASIC,전북,2025-04-07 11:06:20,2026-06-22 17:23:42,Y,Y,Y,142000,2050,2027-01-28
20888,um00888@example.com,010-0000-0888,1974-03-12,BASIC,경기,2024-08-29 23:12:47,2025-12-27 19:43:49,Y,Y,N,0,890,2027-03-09
20889,um00889@example.org,010-0000-0889,1994-01-03,GOLD,부산,2023-12-20 19:01:42,2026-07-07 08:00:45,N,Y,Y,346000,8360,2027-05-14
20890,um00890@example.org,010-0000-0890,1980-10-10,VIP,충북,2025-08-03 22:44:46,2026-09-03 04:57:55,Y,N,N,0,26440,2027-04-03
20891,um00891@example.net,010-0000-0891,1968-03-20,GOLD,인천,2026-01-07 20:24:10,2026-08-29 07:33:06,N,Y,Y,258000,7930,2027-05-10
20892,um00892@example.org,010-0000-0892,1976-11-03,GOLD,경남,2023-12-16 23:24:17,2026-02-09 22:13:08,Y,Y,N,0,10660,2027-08-12
20893,um00893@example.com,010-0000-0893,1997-02-12,BASIC,경기,2024-03-14 13:07:43,2026-03-07 07:04:33,N,Y,Y,127000,4030,2027-04-05
20894,um00894@example.org,010-0000-0894,1986-04-14,BASIC,경기,2022-06-17 14:25:55,2024-12-11 13:34:51,Y,N,N,0,5960,2027-05-03
20895,um00895@example.com,010-0000-0895,1972-10-17,VIP,서울,2025-12-11 15:11:54,2026-09-02 14:57:26,N,Y,N,0,26590,2026-10-08
20896,um00896@example.com,010-0000-0896,2008-12-09,BASIC,부산,2023-05-24 20:09:13,2024-10-06 23:03:46,Y,N,N,0,4020,2027-09-05
20897,um00897@example.com,010-0000-0897,1998-06-19,BASIC,충남,2025-05-30 13:30:59,2026-08-27 13:58:45,Y,N,N,0,3500,2026-12-28
20898,um00898@example.net,010-0000-0898,1997-09-22,BASIC,경기,2025-11-27 17:03:24,2025-11-29 10:03:37,Y,Y,N,0,2750,2027-03-21
20899,um00899@example.com,010-0000-0899,1995-08-06,BASIC,인천,2025-06-11 12:13:35,2026-09-03 19:21:18,N,Y,N,0,5270,2027-07-20
20900,um00900@example.com,010-0000-0900,2001-04-04,BASIC,강원,2022-12-11 09:51:12,2024-06-05 19:46:13,N,N,N,0,0,
20901,um00901@example.com,010-0000-0901,2007-08-17,GOLD,경남,2022-08-31 13:38:26,2026-08-12 00:19:34,Y,Y,N,0,9460,2026-08-17
20902,um00902@example.net,010-0000-0902,1981-05-18,GOLD,전북,2026-06-10 14:42:13,2026-08-30 10:01:45,Y,N,Y,53000,6690,2026-11-18
20903,um00903@example.com,010-0000-0903,1975-02-12,GOLD,충북,2024-11-13 20:42:39,2026-07-19 04:54:12,Y,N,N,0,19679,2026-12-26
20904,um00904@example.net,010-0000-0904,1993-10-03,BASIC,충북,2023-07-14 18:30:25,2026-04-07 03:17:43,Y,Y,N,0,1920,2026-09-09
20905,um00905@example.com,010-0000-0905,1972-06-05,GOLD,경기,2022-05-19 13:02:08,2026-09-02 17:14:44,N,N,N,0,8380,2027-03-03
20906,um00906@example.net,010-0000-0906,1976-10-25,BASIC,서울,2026-03-27 19:08:09,2026-03-27 17:01:21,Y,N,N,0,0,
20907,um00907@example.net,010-0000-0907,1976-08-21,BASIC,전북,2024-07-09 18:30:24,2024-08-05 09:49:03,Y,Y,N,0,7508,2027-09-09
20908,um00908@example.net,010-0000-0908,1974-01-25,GOLD,서울,2025-02-25 20:56:10,2025-03-18 14:56:31,Y,N,N,0,7010,2027-02-27
20909,um00909@example.com,010-0000-0909,1993-05-10,BASIC,경기,2024-05-03 19:27:42,2026-07-06 05:54:00,N,Y,N,0,570,2027-06-07
20910,um00910@example.com,010-0000-0910,1975-07-11,BASIC,경남,2026-01-18 21:02:19,2026-08-22 11:21:02,Y,Y,N,0,4910,2027-08-25
20911,um00911@example.com,010-0000-0911,1993-10-03,BASIC,경기,2024-04-12 23:19:24,2025-06-02 16:39:47,Y,N,N,0,2246,2026-12-18
20912,um00912@example.net,010-0000-0912,1973-12-05,GOLD,서울,2024-03-27 12:00:15,2026-08-25 06:26:50,Y,Y,N,0,6440,2026-12-31
20913,um00913@example.com,010-0000-0913,2002-12-24,BASIC,경기,2026-08-07 00:03:46,2026-08-24 23:23:47,Y,N,N,0,0,
20914,um00914@example.com,010-0000-0914,1973-06-20,GOLD,경기,2026-07-13 22:11:35,2026-09-01 22:08:29,Y,N,N,0,15945,2026-11-04
20915,um00915@example.com,010-0000-0915,2000-02-09,BASIC,경남,2022-08-07 15:50:56,2025-11-21 10:15:31,N,Y,N,0,0,
20916,um00916@example.com,010-0000-0916,1981-09-04,BASIC,대구,2025-03-26 11:41:23,2026-07-19 00:45:19,N,Y,N,0,7843,2026-09-08
20917,um00917@example.com,010-0000-0917,1975-02-19,BASIC,서울,2025-02-19 14:37:22,2025-03-10 08:20:50,N,Y,N,0,3370,2026-10-11
20918,um00918@example.com,010-0000-0918,1974-03-22,GOLD,세종,2025-02-23 21:39:56,2026-08-17 16:32:11,Y,N,N,0,6600,2027-01-17
20919,um00919@example.com,010-0000-0919,1997-05-28,VIP,광주,2023-05-27 15:58:26,2026-08-25 00:46:46,N,Y,N,0,23150,2027-10-07
20920,um00920@example.com,010-0000-0920,1968-08-07,GOLD,경남,2023-09-30 16:24:45,2026-09-04 10:49:34,Y,N,N,0,15370,2027-02-22
20921,um00921@example.org,010-0000-0921,1982-02-27,BASIC,경기,2025-01-10 19:44:26,2026-08-22 15:51:13,N,N,N,0,3780,2027-01-26
20922,um00922@example.com,010-0000-0922,2001-06-22,BASIC,경남,2024-08-29 19:56:00,2024-12-17 13:41:36,Y,Y,N,0,4930,2026-09-16
20923,um00923@example.org,010-0000-0923,1980-11-05,BASIC,경남,2026-01-03 21:01:55,2026-06-07 08:07:32,N,Y,N,0,583,2027-08-16
20924,um00924@example.com,010-0000-0924,2003-06-24,BASIC,경기,2026-07-21 10:06:16,2026-08-23 04:23:39,Y,Y,N,0,3877,2026-11-21
20925,um00925@example.org,010-0000-0925,1986-03-13,BASIC,경남,2025-10-06 12:58:13,2026-07-27 11:08:01,Y,N,N,0,4260,2027-04-07
20926,um00926@example.net,010-0000-0926,1980-09-14,BASIC,충남,2024-05-14 09:14:27,2026-08-04 05:58:40,Y,N,N,0,970,2026-11-01
20927,um00927@example.com,010-0000-0927,1987-04-27,BASIC,광주,2026-02-27 18:52:27,2026-08-13 22:33:55,N,Y,N,0,3050,2027-04-04
20928,um00928@example.com,010-0000-0928,1981-08-28,GOLD,경기,2024-08-03 09:29:11,2026-08-05 16:17:41,N,Y,N,0,19680,2027-03-25
20929,um00929@example.net,010-0000-0929,1980-09-14,BASIC,경기,2022-10-16 13:03:41,2026-03-29 11:13:34,N,N,Y,51000,1249,2027-07-06
20930,um00930@example.com,010-0000-0930,1994-07-10,BASIC,경남,2025-11-24 15:35:25,2026-09-02 09:22:45,N,Y,N,0,3690,2027-06-21
20931,um00931@example.com,010-0000-0931,1984-08-04,GOLD,광주,2025-10-20 15:09:32,2026-08-28 16:51:32,Y,Y,N,0,6770,2026-08-19
20932,um00932@example.com,010-0000-0932,2000-12-02,GOLD,부산,2025-02-06 10:13:25,2026-01-05 16:36:53,N,Y,Y,166000,15390,2027-07-09
20933,um00933@example.com,010-0000-0933,1987-03-13,BASIC,전북,2025-02-09 10:05:00,2026-08-29 23:26:29,Y,N,N,0,4934,2027-08-14
20934,um00934@example.org,010-0000-0934,2001-12-23,GOLD,경북,2025-12-06 23:02:59,2026-08-26 10:06:13,Y,N,N,0,8380,2026-12-24
20935,um00935@example.net,010-0000-0935,1996-01-04,GOLD,부산,2024-06-24 12:29:37,2026-09-03 10:18:36,Y,N,N,0,16700,2027-07-22
20936,um00936@example.org,010-0000-0936,1995-03-11,VIP,전북,2023-05-25 22:05:02,2026-07-20 15:35:51,N,Y,Y,818000,25899,2027-07-13
20937,um00937@example.com,010-0000-0937,1993-11-14,BASIC,경북,2026-05-19 21:43:58,2026-08-29 09:39:33,Y,N,N,0,4824,2027-06-29
20938,um00938@example.com,010-0000-0938,1968-11-09,BASIC,인천,2026-08-26 19:53:32,2026-08-29 21:26:56,Y,N,N,0,1560,2026-09-08
20939,um00939@example.com,010-0000-0939,1990-02-10,BASIC,경기,2022-12-30 21:35:27,2026-08-15 21:17:54,N,Y,N,0,2450,2027-05-25
20940,um00940@example.com,010-0000-0940,1997-01-01,BASIC,서울,2025-05-26 21:08:40,2025-08-13 03:30:28,Y,N,N,0,7886,2026-10-04
20941,um00941@example.net,010-0000-0941,1990-03-10,BASIC,대전,2023-03-31 16:20:25,2026-06-14 23:41:42,Y,Y,Y,104000,900,2026-12-26
20942,um00942@example.com,010-0000-0942,2001-10-20,BASIC,부산,2025-10-24 14:48:19,2026-09-01 10:00:03,N,N,N,0,530,2026-09-25
20943,um00943@example.com,010-0000-0943,2007-03-03,BASIC,경기,2025-09-26 20:32:35,2026-08-05 02:23:48,Y,Y,N,0,1920,2026-09-14
20944,um00944@example.com,010-0000-0944,1972-10-12,BASIC,전남,2025-08-10 22:59:57,2025-08-13 15:40:07,N,Y,N,0,2270,2027-01-27
20945,um00945@example.net,010-0000-0945,1989-04-23,BASIC,서울,2025-12-19 22:14:43,2026-08-20 18:23:07,N,N,Y,68000,3000,2027-02-26
20946,um00946@example.com,010-0000-0946,1981-10-05,BASIC,전북,2025-02-04 12:06:45,2025-06-15 07:56:50,N,Y,N,0,510,2026-09-27
20947,um00947@example.net,010-0000-0947,2006-01-07,GOLD,경기,2023-11-28 11:55:46,2026-08-18 16:37:20,N,Y,N,0,8130,2026-09-18
20948,um00948@example.net,010-0000-0948,1997-10-03,BASIC,경기,2025-04-15 23:53:00,2025-06-22 14:36:47,N,Y,N,0,0,
20949,um00949@example.com,010-0000-0949,1979-12-19,GOLD,부산,2024-05-19 20:51:08,2025-03-27 14:54:14,Y,Y,N,0,6840,2027-01-29
20950,um00950@example.net,010-0000-0950,1986-05-22,GOLD,경기,2024-09-30 19:48:57,2026-06-28 19:45:21,N,N,N,0,12948,2027-10-09
20951,um00951@example.com,010-0000-0951,1993-02-24,GOLD,대구,2026-08-04 15:02:25,2026-09-03 00:41:41,Y,Y,N,0,10340,2027-02-08
20952,um00952@example.net,010-0000-0952,1978-01-10,BASIC,대구,2026-04-22 12:01:49,2026-04-26 09:52:36,Y,Y,N,0,700,2027-01-17
20953,um00953@example.net,010-0000-0953,1985-11-05,BASIC,경기,2026-06-14 09:52:20,2026-08-15 18:04:29,N,Y,N,0,3070,2026-08-30
20954,um00954@example.com,010-0000-0954,2008-09-03,BASIC,서울,2026-02-05 20:59:10,2026-07-08 03:58:16,N,N,N,0,280,2027-06-17
20955,um00955@example.com,010-0000-0955,1989-01-23,BASIC,경남,2025-03-03 22:04:02,2026-05-07 16:34:12,Y,Y,N,0,3395,2026-09-02
20956,um00956@example.net,010-0000-0956,1985-04-23,GOLD,인천,2025-04-04 16:35:41,2026-08-12 09:10:19,Y,Y,N,0,9440,2027-09-29
20957,um00957@example.org,010-0000-0957,1988-06-25,BASIC,경북,2024-12-26 23:30:45,2026-05-01 21:26:21,N,N,N,0,0,
20958,um00958@example.net,010-0000-0958,2004-01-06,BASIC,경기,2024-07-29 21:49:08,2024-12-11 14:34:02,Y,N,N,0,0,
20959,um00959@example.org,010-0000-0959,1998-01-20,VIP,대전,2024-11-14 11:16:39,2026-08-30 08:03:38,N,N,N,0,39859,2026-11-20
20960,um00960@example.com,010-0000-0960,1976-09-12,GOLD,대전,2025-08-17 21:03:42,2026-08-22 15:16:44,Y,N,N,0,19610,2027-04-21
20961,um00961@example.com,010-0000-0961,1972-05-06,BASIC,서울,2024-06-08 20:36:07,2026-06-29 10:23:50,Y,N,N,0,1150,2027-05-14
20962,um00962@example.net,010-0000-0962,1985-04-26,GOLD,인천,2026-05-16 11:51:37,2026-09-02 05:45:20,Y,Y,N,0,15680,2027-06-04
20963,um00963@example.com,010-0000-0963,1970-07-09,GOLD,울산,2024-12-11 21:10:16,2026-04-12 11:28:23,Y,N,N,0,13320,2027-05-07
20964,um00964@example.com,010-0000-0964,2007-03-23,GOLD,울산,2025-03-19 10:20:07,2026-07-19 23:32:23,Y,N,N,0,8270,2027-03-27
20965,um00965@example.com,010-0000-0965,1980-02-09,BASIC,서울,2025-02-04 14:56:49,2026-07-25 11:35:24,N,N,N,0,0,
20966,um00966@example.net,010-0000-0966,1982-04-24,BASIC,서울,2024-12-08 20:08:45,2024-12-11 10:07:51,Y,N,N,0,1340,2027-01-11
20967,um00967@example.com,010-0000-0967,1976-05-12,GOLD,경기,2024-03-31 12:44:17,2026-08-30 12:52:35,N,Y,N,0,6600,2027-05-16
20968,um00968@example.org,010-0000-0968,1993-12-05,BASIC,충남,2025-06-03 09:56:52,2026-08-05 06:15:19,Y,Y,Y,190000,2570,2027-06-20
20969,um00969@example.com,010-0000-0969,1990-07-14,VIP,부산,2024-10-06 08:15:23,2026-08-22 22:35:51,Y,N,N,0,24520,2027-07-09
20970,um00970@example.org,010-0000-0970,1972-06-28,BASIC,충남,2022-11-24 11:29:35,2026-06-10 15:50:53,N,Y,Y,228000,4083,2027-02-06
20971,um00971@example.com,010-0000-0971,1968-04-13,BASIC,부산,2025-05-31 23:37:55,2025-06-24 09:23:19,Y,Y,N,0,3360,2026-09-02
20972,um00972@example.net,010-0000-0972,2006-11-24,GOLD,경기,2024-05-11 22:14:57,2026-08-22 14:34:35,N,N,N,0,17990,2027-06-18
20973,um00973@example.net,010-0000-0973,1971-01-05,BASIC,인천,2026-05-26 19:35:52,2026-08-21 23:07:32,N,Y,N,0,3600,2027-02-16
20974,um00974@example.com,010-0000-0974,1968-12-09,BASIC,부산,2026-04-09 12:34:26,2026-04-10 00:37:14,Y,Y,N,0,2150,2027-08-28
20975,um00975@example.org,010-0000-0975,1994-05-05,BASIC,서울,2026-04-28 08:16:44,2026-09-03 16:05:14,Y,Y,Y,44000,3030,2027-08-30
20976,um00976@example.com,010-0000-0976,1993-10-04,BASIC,경기,2023-07-20 09:33:50,2026-04-22 16:15:51,Y,N,N,0,7236,2027-09-19
20977,um00977@example.org,010-0000-0977,1968-01-12,BASIC,경기,2023-12-17 08:22:21,2024-02-02 19:24:09,N,Y,N,0,0,
20978,um00978@example.com,010-0000-0978,1987-05-14,BASIC,전북,2026-05-17 09:12:20,2026-05-19 07:52:26,Y,N,N,0,1170,2027-05-26
20979,um00979@example.net,010-0000-0979,1995-08-09,GOLD,서울,2025-04-13 20:08:56,2026-09-01 16:48:26,N,Y,N,0,12130,2027-03-25
20980,um00980@example.com,010-0000-0980,1989-05-25,BASIC,경북,2025-03-04 00:26:59,2026-09-03 23:30:16,Y,Y,N,0,10488,2027-09-21
20981,um00981@example.com,010-0000-0981,1987-07-18,BASIC,서울,2026-02-21 18:39:21,2026-02-21 20:58:25,Y,N,N,0,0,
20982,um00982@example.net,010-0000-0982,1972-12-19,BASIC,충남,2023-06-12 15:27:29,2026-07-29 08:02:21,Y,Y,N,0,3070,2026-09-30
20983,um00983@example.net,010-0000-0983,1985-03-12,GOLD,경기,2025-09-04 16:54:54,2026-09-02 11:14:40,N,N,N,0,20880,2027-08-31
20984,um00984@example.net,010-0000-0984,2003-12-04,BASIC,서울,2025-08-09 13:48:15,2025-08-13 19:11:39,Y,Y,N,0,2224,2026-12-19
20985,um00985@example.com,010-0000-0985,2008-07-09,GOLD,경기,2024-10-24 18:16:14,2026-09-03 02:19:46,Y,Y,Y,388000,12019,2026-10-28
20986,um00986@example.com,010-0000-0986,1969-03-02,BASIC,경기,2024-07-20 18:52:44,2026-08-30 10:18:36,Y,N,N,0,5055,2027-05-24
20987,um00987@example.net,010-0000-0987,1970-12-11,BASIC,인천,2022-08-31 21:38:38,2026-08-06 19:06:06,Y,Y,N,0,1958,2027-06-18
20988,um00988@example.com,010-0000-0988,1984-07-27,BASIC,충남,2025-06-18 17:06:16,2025-07-26 10:59:33,Y,N,N,0,190,2027-05-23
20989,um00989@example.com,010-0000-0989,1984-06-19,BASIC,부산,2026-04-23 19:03:41,2026-04-23 14:57:15,Y,Y,N,0,0,
20990,um00990@example.org,010-0000-0990,2004-05-20,BASIC,광주,2023-03-27 15:38:57,2026-04-30 06:48:27,Y,Y,Y,20000,5102,2027-05-15
20991,um00991@example.com,010-0000-0991,1998-01-05,BASIC,대전,2023-04-30 19:58:08,2026-07-26 15:27:24,N,Y,N,0,0,
20992,um00992@example.net,010-0000-0992,1991-10-01,GOLD,경북,2023-09-09 10:34:00,2024-05-24 09:23:02,N,Y,N,0,9780,2027-06-09
20993,um00993@example.com,010-0000-0993,1980-07-10,BASIC,전북,2023-10-03 13:01:10,2025-01-22 20:06:41,N,N,N,0,1191,2027-01-08
20994,um00994@example.com,010-0000-0994,1978-08-03,GOLD,경남,2025-09-11 10:48:27,2026-07-16 08:17:29,N,N,Y,60000,12466,2027-04-12
20995,um00995@example.com,010-0000-0995,2007-10-14,GOLD,충북,2026-04-22 16:20:53,2026-09-01 15:34:29,Y,N,N,0,10140,2026-12-19
20996,um00996@example.com,010-0000-0996,1998-11-09,GOLD,경기,2026-03-19 19:22:03,2026-09-01 23:07:32,Y,Y,Y,115000,6130,2027-05-15
20997,um00997@example.com,010-0000-0997,1969-03-04,BASIC,경북,2024-07-03 10:31:16,2026-08-25 17:22:26,Y,N,N,0,1710,2027-01-31
20998,um00998@example.net,010-0000-0998,1992-08-25,BASIC,제주,2026-07-06 12:27:32,2026-08-28 01:32:40,N,N,N,0,4760,2027-03-27
20999,um00999@example.com,010-0000-0999,1989-12-18,BASIC,대구,2026-03-01 00:05:15,2026-09-02 06:33:15,N,N,N,0,4510,2027-07-20
21000,um01000@example.com,010-0000-1000,1984-05-23,BASIC,경기,2025-10-12 09:48:12,2026-08-06 12:50:35,Y,Y,N,0,3780,2026-10-12
21001,um01001@example.com,010-0000-1001,2008-09-18,GOLD,서울,2024-06-05 20:29:14,2026-09-02 17:51:27,Y,Y,N,0,14520,2026-11-09
21002,um01002@example.com,010-0000-1002,1995-03-17,VIP,서울,2024-12-22 20:53:48,2026-08-12 05:26:43,Y,Y,N,0,29854,2027-02-12
21003,um01003@example.org,010-0000-1003,2006-06-26,BASIC,경기,2026-05-23 22:43:56,2026-07-26 18:09:56,N,N,N,0,0,
21004,um01004@example.com,010-0000-1004,1979-06-08,VIP,대구,2024-08-19 18:27:46,2026-08-30 15:03:31,Y,N,N,0,24990,2027-01-13
21005,um01005@example.net,010-0000-1005,2000-06-26,BASIC,경기,2022-04-11 13:32:24,2026-07-04 18:43:36,N,Y,N,0,4681,2027-05-13
21006,um01006@example.net,010-0000-1006,1988-04-09,GOLD,인천,2023-10-15 15:48:41,2026-08-11 18:17:24,N,N,N,0,15309,2027-09-22
21007,um01007@example.net,010-0000-1007,1986-02-16,GOLD,경기,2024-12-12 16:05:28,2026-08-10 15:31:37,Y,N,N,0,6440,2027-01-26
21008,um01008@example.com,010-0000-1008,1991-08-20,BASIC,경기,2026-08-07 20:26:07,2026-08-18 10:08:07,Y,N,N,0,1444,2026-09-14
21009,um01009@example.net,010-0000-1009,1984-05-06,BASIC,전북,2023-10-03 10:16:31,2025-05-11 13:17:51,Y,N,N,0,1560,2027-03-29
21010,um01010@example.com,010-0000-1010,1999-11-07,BASIC,서울,2025-07-29 20:29:49,2025-08-02 15:39:42,Y,Y,Y,238000,2876,2027-04-05
21011,um01011@example.org,010-0000-1011,1981-02-09,GOLD,경기,2023-01-29 22:32:32,2026-08-26 07:04:58,N,Y,N,0,13858,2026-08-19
21012,um01012@example.com,010-0000-1012,1975-05-10,GOLD,충북,2023-04-05 21:32:03,2026-08-27 00:23:09,Y,N,Y,95000,6400,2027-07-25
21013,um01013@example.org,010-0000-1013,1983-06-17,BASIC,제주,2024-06-27 10:21:22,2026-08-27 16:20:42,Y,Y,N,0,5500,2026-10-07
21014,um01014@example.com,010-0000-1014,2004-02-17,BASIC,울산,2025-08-17 23:03:31,2026-08-24 21:00:28,Y,N,N,0,1160,2026-12-08
21015,um01015@example.com,010-0000-1015,2008-06-02,BASIC,경기,2025-11-04 09:07:30,2026-09-03 06:37:00,Y,Y,Y,66000,940,2027-08-22
21016,um01016@example.com,010-0000-1016,2001-11-01,BASIC,제주,2025-08-20 21:25:16,2026-08-09 04:20:33,Y,Y,N,0,1120,2027-06-04
21017,um01017@example.net,010-0000-1017,1971-02-24,BASIC,경기,2025-11-08 21:45:01,2025-12-03 11:29:16,Y,Y,N,0,0,
21018,um01018@example.com,010-0000-1018,1974-10-07,BASIC,부산,2024-12-02 17:32:13,2026-08-24 15:40:55,Y,N,N,0,4710,2027-04-07
21019,um01019@example.net,010-0000-1019,1976-02-19,GOLD,전북,2024-11-18 18:47:51,2026-08-18 01:55:26,N,Y,N,0,6770,2026-10-10
21020,um01020@example.com,010-0000-1020,1977-02-04,BASIC,부산,2026-03-06 21:50:46,2026-09-03 13:19:47,Y,N,Y,106000,3028,2027-01-26
21021,um01021@example.org,010-0000-1021,2000-11-24,BASIC,경기,2024-02-16 14:58:24,2026-08-04 16:40:34,N,N,N,0,3100,2027-04-22
21022,um01022@example.net,010-0000-1022,1969-01-06,BASIC,서울,2025-02-02 19:07:53,2026-08-27 20:28:17,N,N,Y,25000,2520,2027-08-29
21023,um01023@example.com,010-0000-1023,1981-12-16,GOLD,경기,2024-12-08 14:34:32,2026-05-31 13:09:30,N,Y,N,0,7910,2026-11-04
21024,um01024@example.net,010-0000-1024,1983-05-05,BASIC,서울,2023-04-25 22:45:20,2026-07-21 07:16:07,Y,Y,N,0,1610,2027-06-05
21025,um01025@example.com,010-0000-1025,2005-04-12,BASIC,경기,2024-12-11 19:06:41,2025-01-02 01:44:57,Y,N,N,0,440,2027-06-18
21026,um01026@example.com,010-0000-1026,1981-04-16,GOLD,경기,2025-01-04 19:24:27,2026-09-01 07:13:44,Y,Y,N,0,6120,2027-04-09
21027,um01027@example.com,010-0000-1027,1985-09-13,BASIC,제주,2022-09-14 11:45:30,2024-10-22 02:24:27,Y,Y,N,0,1360,2027-09-25
21028,um01028@example.net,010-0000-1028,1994-12-13,BASIC,경남,2023-06-18 11:34:58,2026-06-21 18:31:45,Y,Y,N,0,7197,2026-12-14
21029,um01029@example.com,010-0000-1029,1978-11-01,GOLD,경남,2024-07-14 20:10:42,2026-07-25 07:51:24,Y,Y,N,0,9134,2027-08-09
21030,um01030@example.com,010-0000-1030,1980-03-02,GOLD,서울,2023-11-09 18:26:19,2026-06-23 12:33:24,N,N,Y,115000,14245,2027-09-20
21031,um01031@example.com,010-0000-1031,1988-08-28,GOLD,서울,2025-03-25 09:05:08,2026-09-01 09:44:02,N,Y,N,0,15950,2026-11-16
21032,um01032@example.com,010-0000-1032,2008-02-22,GOLD,경기,2025-08-16 00:23:14,2026-07-03 05:34:04,Y,N,N,0,12100,2027-01-01
21033,um01033@example.com,010-0000-1033,1969-04-14,BASIC,전북,2025-01-04 15:13:25,2026-07-29 13:02:06,N,N,N,0,1590,2027-09-02
21034,um01034@example.net,010-0000-1034,2005-11-22,GOLD,경기,2025-07-03 14:03:40,2026-08-29 19:30:55,Y,Y,N,0,10446,2027-02-01
21035,um01035@example.com,010-0000-1035,1994-12-14,BASIC,제주,2023-04-28 18:57:37,2024-04-16 21:26:49,Y,N,N,0,1230,2026-12-16
21036,um01036@example.com,010-0000-1036,1975-12-05,VIP,부산,2024-12-10 13:00:53,2026-08-27 05:40:00,Y,Y,Y,66000,25970,2027-03-15
21037,um01037@example.net,010-0000-1037,1978-01-16,GOLD,인천,2025-11-30 20:30:23,2026-08-16 09:48:28,N,N,N,0,12900,2027-09-23
21038,um01038@example.com,010-0000-1038,2008-02-24,BASIC,전북,2025-07-07 19:56:03,2026-03-28 09:27:26,Y,Y,N,0,990,2027-02-09
21039,um01039@example.com,010-0000-1039,1978-04-17,GOLD,경기,2026-06-12 15:36:24,2026-08-28 08:22:45,N,Y,Y,190000,8178,2027-10-07
21040,um01040@example.org,010-0000-1040,2007-08-16,BASIC,부산,2024-06-22 22:20:04,2026-08-20 23:42:16,N,N,N,0,4750,2027-04-27
21041,um01041@example.com,010-0000-1041,1999-05-19,GOLD,충북,2024-12-14 22:46:06,2026-09-02 13:00:58,Y,Y,N,0,10570,2027-09-09
21042,um01042@example.com,010-0000-1042,1986-03-03,BASIC,제주,2023-03-21 19:54:42,2025-01-27 12:14:17,Y,N,N,0,4288,2027-07-17
21043,um01043@example.com,010-0000-1043,1977-01-27,BASIC,부산,2026-05-10 19:13:42,2026-05-13 15:06:51,N,Y,Y,509000,1220,2027-04-28
21044,um01044@example.com,010-0000-1044,1975-10-11,BASIC,서울,2026-09-02 00:24:59,2026-09-03 20:18:36,Y,Y,N,0,610,2027-07-26
21045,um01045@example.com,010-0000-1045,1991-04-18,GOLD,강원,2023-08-08 18:17:33,2026-08-30 08:08:28,Y,N,N,0,8040,2027-04-07
21046,um01046@example.com,010-0000-1046,1986-03-22,BASIC,부산,2026-04-07 11:03:02,2026-04-10 10:15:54,N,Y,N,0,1210,2027-03-20
21047,um01047@example.com,010-0000-1047,1972-10-28,BASIC,부산,2025-10-18 20:17:51,2026-08-25 06:34:05,Y,N,Y,49000,5290,2027-09-24
21048,um01048@example.com,010-0000-1048,1970-03-11,GOLD,경기,2023-01-27 20:37:08,2026-09-03 16:59:49,N,Y,Y,86000,13093,2027-08-29
21049,um01049@example.org,010-0000-1049,2001-11-10,GOLD,경기,2025-08-28 16:11:33,2026-08-31 21:26:24,Y,Y,N,0,10800,2027-04-20
21050,um01050@example.com,010-0000-1050,1991-03-09,BASIC,충남,2025-03-04 21:56:05,2025-10-25 17:41:28,N,Y,N,0,0,
21051,um01051@example.org,010-0000-1051,1980-11-13,BASIC,서울,2025-11-11 22:37:46,2025-11-16 08:51:02,Y,N,N,0,420,2026-12-23
21052,um01052@example.com,010-0000-1052,1982-12-07,BASIC,경남,2026-06-06 09:00:55,2026-07-17 23:10:41,Y,Y,N,0,0,
21053,um01053@example.com,010-0000-1053,1977-04-13,GOLD,세종,2026-05-06 15:35:15,2026-09-03 20:00:38,Y,Y,N,0,6910,2026-10-02
21054,um01054@example.com,010-0000-1054,1969-04-24,BASIC,경기,2024-11-18 12:46:56,2026-08-19 17:40:13,Y,Y,N,0,4950,2027-06-02
21055,um01055@example.net,010-0000-1055,1981-11-07,BASIC,경기,2026-07-20 21:38:26,2026-07-20 21:36:38,N,N,N,0,0,
21056,um01056@example.com,010-0000-1056,1991-12-08,BASIC,강원,2025-08-26 13:17:58,2025-08-29 09:28:13,Y,Y,N,0,4690,2026-10-13
21057,um01057@example.com,010-0000-1057,1971-10-26,BASIC,대전,2026-05-30 15:43:32,2026-08-27 19:17:05,N,N,N,0,4660,2026-11-04
21058,um01058@example.com,010-0000-1058,2004-02-27,GOLD,부산,2025-11-08 22:37:06,2026-09-01 11:30:42,N,Y,N,0,11280,2027-07-05
21059,um01059@example.net,010-0000-1059,2002-08-28,BASIC,부산,2026-08-31 23:29:15,2026-09-04 18:45:15,N,N,N,0,850,2027-08-13
21060,um01060@example.org,010-0000-1060,1971-06-04,BASIC,대전,2023-01-09 14:09:35,2023-07-25 14:26:26,Y,Y,N,0,4257,2026-09-01
21061,um01061@example.com,010-0000-1061,1989-11-27,GOLD,인천,2026-02-16 13:14:29,2026-08-26 09:24:47,Y,N,N,0,11870,2026-09-23
21062,um01062@example.org,010-0000-1062,1974-04-15,BASIC,전남,2023-05-07 14:34:04,2025-07-30 18:15:16,Y,N,Y,60000,2400,2027-08-08
21063,um01063@example.com,010-0000-1063,2008-04-23,BASIC,부산,2026-06-18 21:20:34,2026-09-03 04:47:44,N,Y,N,0,759,2026-12-06
21064,um01064@example.net,010-0000-1064,1982-07-12,BASIC,부산,2025-07-08 22:23:15,2026-06-11 18:44:11,N,N,N,0,2536,2026-09-19
21065,um01065@example.net,010-0000-1065,1998-08-15,BASIC,경기,2025-08-12 22:18:47,2025-08-12 15:01:35,Y,Y,N,0,0,
21066,um01066@example.net,010-0000-1066,1970-03-05,VIP,전북,2026-07-04 18:56:40,2026-08-28 07:34:54,Y,N,Y,53000,28250,2027-01-23
21067,um01067@example.com,010-0000-1067,1987-03-26,BASIC,대구,2024-02-21 21:25:04,2025-04-25 19:53:34,Y,Y,N,0,0,
21068,um01068@example.com,010-0000-1068,1974-03-13,GOLD,경기,2023-12-15 20:06:00,2026-08-31 23:24:39,N,N,N,0,11630,2027-08-01
21069,um01069@example.net,010-0000-1069,1970-05-04,BASIC,경기,2024-08-26 23:51:11,2026-08-23 05:17:41,N,Y,N,0,4030,2027-02-18
21070,um01070@example.com,010-0000-1070,1975-07-03,BASIC,서울,2022-11-06 19:27:31,2024-11-14 17:22:10,N,Y,N,0,1546,2027-04-05
21071,um01071@example.com,010-0000-1071,2004-10-14,BASIC,경기,2026-04-27 12:22:10,2026-07-24 00:22:16,N,Y,N,0,1225,2027-02-05
21072,um01072@example.net,010-0000-1072,1997-05-01,GOLD,강원,2024-08-06 21:57:55,2026-08-27 20:17:39,Y,Y,N,0,13430,2027-05-08
21073,um01073@example.com,010-0000-1073,1977-02-10,BASIC,경북,2026-02-26 22:42:58,2026-08-14 18:36:25,N,N,N,0,0,
21074,um01074@example.net,010-0000-1074,1996-12-20,GOLD,경기,2025-12-09 22:24:28,2026-08-26 06:04:23,N,N,N,0,8202,2027-04-29
21075,um01075@example.net,010-0000-1075,1997-08-02,GOLD,대구,2022-06-08 22:17:33,2026-07-16 21:12:42,N,N,N,0,9242,2027-03-25
21076,um01076@example.com,010-0000-1076,2006-09-26,BASIC,서울,2026-05-27 10:13:29,2026-05-27 08:13:59,N,N,N,0,2645,2026-11-07
21077,um01077@example.net,010-0000-1077,1992-10-21,BASIC,울산,2025-06-21 00:48:17,2025-09-10 22:55:17,Y,N,N,0,0,
21078,um01078@example.com,010-0000-1078,1989-04-09,BASIC,경북,2025-11-01 21:55:02,2026-09-01 05:50:30,Y,N,N,0,5400,2026-08-17
21079,um01079@example.org,010-0000-1079,1993-12-14,BASIC,경기,2023-09-06 20:00:32,2024-06-28 12:40:09,N,N,N,0,5420,2027-01-23
21080,um01080@example.org,010-0000-1080,1990-07-18,BASIC,부산,2023-05-24 10:06:06,2025-09-13 14:42:31,Y,Y,N,0,2118,2026-12-05
21081,um01081@example.org,010-0000-1081,1979-09-10,BASIC,서울,2022-05-15 11:24:43,2026-08-20 10:25:41,N,N,N,0,3980,2027-06-25
21082,um01082@example.com,010-0000-1082,1988-03-26,GOLD,서울,2026-08-06 20:03:51,2026-09-03 22:11:37,Y,N,Y,81000,8420,2027-03-09
21083,um01083@example.com,010-0000-1083,1997-07-14,BASIC,경기,2026-07-28 22:14:31,2026-07-30 16:53:28,Y,Y,N,0,670,2026-12-14
21084,um01084@example.net,010-0000-1084,1979-02-06,BASIC,경기,2025-04-22 20:50:28,2025-04-25 12:53:55,Y,Y,N,0,7420,2027-07-01
21085,um01085@example.com,010-0000-1085,1980-04-14,BASIC,서울,2023-03-01 22:13:37,2024-03-10 09:47:41,Y,N,N,0,5594,2027-03-21
21086,um01086@example.com,010-0000-1086,1993-04-21,BASIC,대구,2026-04-11 10:01:05,2026-08-21 11:46:12,Y,N,N,0,4340,2027-04-08
21087,um01087@example.net,010-0000-1087,1990-06-12,GOLD,경기,2024-01-21 15:45:27,2026-05-26 14:44:22,Y,N,N,0,6500,2026-11-16
21088,um01088@example.com,010-0000-1088,1974-01-21,BASIC,전남,2026-07-21 14:55:06,2026-08-13 12:39:23,Y,Y,N,0,1240,2027-01-09
21089,um01089@example.com,010-0000-1089,2003-02-12,BASIC,대구,2024-09-28 14:41:36,2026-03-25 06:23:16,N,N,Y,200000,2600,2027-07-12
21090,um01090@example.net,010-0000-1090,1973-10-27,VIP,강원,2026-04-09 14:24:53,2026-09-02 10:30:58,Y,Y,N,0,22550,2026-10-23
21091,um01091@example.com,010-0000-1091,1988-12-24,BASIC,부산,2026-03-02 20:39:14,2026-09-01 07:29:40,Y,Y,N,0,3340,2026-10-30
21092,um01092@example.com,010-0000-1092,1990-06-07,GOLD,세종,2024-07-25 20:17:39,2026-05-28 06:35:22,N,N,N,0,7270,2026-10-18
21093,um01093@example.com,010-0000-1093,1987-09-27,BASIC,제주,2022-09-23 23:02:00,2024-10-05 07:10:09,Y,Y,N,0,1230,2027-01-08
21094,um01094@example.com,010-0000-1094,2004-02-12,BASIC,전남,2025-08-05 16:17:49,2026-07-26 18:39:39,Y,N,Y,160000,3680,2026-10-27
21095,um01095@example.com,010-0000-1095,2000-10-09,GOLD,경기,2025-06-30 20:24:10,2026-09-02 10:24:41,N,Y,Y,38000,11170,2027-01-22
21096,um01096@example.org,010-0000-1096,1986-03-03,BASIC,강원,2026-01-05 21:30:27,2026-08-28 21:28:59,Y,Y,N,0,1853,2026-09-20
21097,um01097@example.net,010-0000-1097,1976-08-10,BASIC,부산,2025-08-28 21:35:12,2025-11-10 09:55:29,Y,N,N,0,4822,2027-06-23
21098,um01098@example.com,010-0000-1098,1980-12-12,BASIC,경기,2026-05-31 18:31:19,2026-09-01 19:23:22,Y,Y,N,0,6558,2026-10-30
21099,um01099@example.com,010-0000-1099,2000-08-01,VIP,경기,2024-09-16 20:12:24,2026-08-17 20:47:15,Y,N,N,0,32302,2027-07-04
21100,um01100@example.com,010-0000-1100,1994-05-02,BASIC,서울,2024-08-20 12:57:54,2026-07-31 08:50:37,N,Y,N,0,2150,2027-07-08
21101,um01101@example.com,010-0000-1101,2000-03-19,BASIC,경기,2023-12-20 13:53:11,2024-03-12 13:31:32,Y,Y,N,0,0,
21102,um01102@example.com,010-0000-1102,2000-11-05,GOLD,경남,2025-01-04 13:48:06,2026-09-02 19:18:36,Y,Y,N,0,14180,2026-10-09
21103,um01103@example.net,010-0000-1103,1975-07-15,GOLD,경기,2026-04-06 16:00:22,2026-08-28 19:56:39,N,Y,N,0,17580,2027-06-05
21104,um01104@example.com,010-0000-1104,2002-04-17,BASIC,강원,2024-02-17 12:01:54,2026-05-14 13:21:25,N,Y,N,0,8109,2027-07-16
21105,um01105@example.com,010-0000-1105,2002-11-22,GOLD,서울,2023-04-09 22:54:58,2026-08-20 15:09:13,Y,N,Y,86000,6580,2027-06-01
21106,um01106@example.com,010-0000-1106,1998-12-20,BASIC,경북,2026-08-18 23:58:38,2026-08-20 16:12:57,N,Y,N,0,2120,2027-04-28
21107,um01107@example.org,010-0000-1107,1972-04-10,BASIC,대전,2025-04-09 20:49:12,2026-07-21 15:21:20,N,N,N,0,2090,2027-05-09
21108,um01108@example.com,010-0000-1108,2007-01-23,BASIC,경기,2025-01-23 19:14:19,2025-08-30 12:22:15,Y,N,N,0,0,
21109,um01109@example.org,010-0000-1109,1972-06-26,BASIC,경기,2026-07-09 20:13:55,2026-08-31 07:50:30,Y,Y,N,0,2350,2027-07-04
21110,um01110@example.com,010-0000-1110,2001-11-11,BASIC,경기,2023-05-28 19:07:31,2026-08-22 09:54:16,N,N,N,0,1620,2027-01-01
21111,um01111@example.com,010-0000-1111,1984-01-23,GOLD,인천,2025-09-26 18:51:12,2026-07-20 04:43:50,N,N,N,0,7870,2027-04-01
21112,um01112@example.net,010-0000-1112,1977-05-05,GOLD,충북,2026-07-06 09:34:22,2026-09-03 12:23:46,N,Y,N,0,14350,2027-03-17
21113,um01113@example.net,010-0000-1113,1990-12-09,BASIC,인천,2025-08-03 20:13:21,2025-08-03 19:08:48,Y,Y,Y,119000,0,
21114,um01114@example.org,010-0000-1114,1974-06-21,BASIC,인천,2024-04-30 19:50:59,2026-08-22 19:31:41,Y,Y,N,0,610,2026-09-25
21115,um01115@example.com,010-0000-1115,1998-07-17,BASIC,전남,2024-01-30 16:42:14,2026-01-23 12:09:10,N,N,N,0,0,
21116,um01116@example.net,010-0000-1116,1985-08-25,BASIC,전남,2024-09-20 14:31:09,2026-08-30 09:05:20,Y,Y,Y,311000,1980,2026-09-04
21117,um01117@example.org,010-0000-1117,1992-07-28,GOLD,광주,2023-09-02 10:14:51,2026-08-23 06:06:02,N,Y,N,0,7250,2026-12-15
21118,um01118@example.com,010-0000-1118,1986-04-02,GOLD,충북,2025-11-11 00:20:20,2026-08-23 20:39:21,Y,Y,N,0,11160,2027-04-21
21119,um01119@example.org,010-0000-1119,2003-09-12,BASIC,서울,2026-02-18 18:32:14,2026-08-30 13:21:49,Y,N,N,0,4480,2027-09-27
21120,um01120@example.com,010-0000-1120,1970-01-27,BASIC,서울,2024-01-21 00:20:00,2025-07-21 09:10:36,Y,Y,N,0,2722,2027-02-01
21121,um01121@example.org,010-0000-1121,1981-06-12,GOLD,서울,2025-10-05 10:50:45,2026-09-01 00:31:26,Y,N,N,0,14210,2027-01-06
21122,um01122@example.com,010-0000-1122,1979-01-04,BASIC,경북,2024-06-19 10:43:17,2025-12-22 11:38:01,N,N,Y,245000,2400,2026-10-29
21123,um01123@example.com,010-0000-1123,1998-02-23,GOLD,서울,2025-04-18 15:18:35,2026-08-19 20:41:35,Y,N,N,0,8558,2027-10-06
21124,um01124@example.com,010-0000-1124,1988-11-19,GOLD,경기,2025-08-01 21:13:55,2026-08-25 00:10:32,Y,N,Y,66000,6666,2027-07-16
21125,um01125@example.com,010-0000-1125,1995-02-02,BASIC,충남,2024-08-03 00:54:36,2026-07-07 17:59:16,N,N,Y,329000,3831,2026-10-06
21126,um01126@example.net,010-0000-1126,1975-11-26,BASIC,대전,2025-09-25 20:04:31,2026-01-04 22:38:12,Y,Y,N,0,4314,2026-10-08
21127,um01127@example.net,010-0000-1127,1998-01-23,GOLD,부산,2023-02-24 11:54:33,2024-02-15 08:04:31,Y,N,N,0,7680,2027-05-03
21128,um01128@example.net,010-0000-1128,1978-07-09,BASIC,대구,2024-05-24 22:29:07,2024-10-22 06:24:18,Y,Y,N,0,940,2027-07-19
21129,um01129@example.com,010-0000-1129,1989-07-11,BASIC,인천,2024-05-22 22:53:31,2026-03-06 17:46:53,N,N,N,0,890,2027-09-09
21130,um01130@example.com,010-0000-1130,2004-11-06,BASIC,경북,2026-06-15 20:44:05,2026-06-18 15:41:06,N,Y,N,0,3370,2026-10-21
21131,um01131@example.com,010-0000-1131,2004-07-15,GOLD,경기,2025-05-04 11:22:46,2026-09-02 04:56:49,Y,Y,Y,110000,18055,2026-12-02
21132,um01132@example.com,010-0000-1132,1971-03-23,GOLD,경기,2025-05-20 17:46:19,2026-09-02 18:33:42,Y,N,N,0,22687,2027-04-17
21133,um01133@example.com,010-0000-1133,1969-02-05,VIP,서울,2025-06-20 21:57:45,2026-08-29 21:14:37,Y,Y,N,0,25252,2026-09-29
21134,um01134@example.com,010-0000-1134,1990-06-08,GOLD,충남,2025-12-17 15:27:46,2026-08-31 20:03:52,Y,Y,N,0,6810,2026-10-25
21135,um01135@example.com,010-0000-1135,2008-04-28,BASIC,경기,2024-11-05 15:04:38,2024-12-27 15:49:10,Y,Y,N,0,2586,2026-10-13
21136,um01136@example.com,010-0000-1136,1979-12-17,GOLD,경기,2023-10-28 16:13:16,2024-08-07 08:44:32,N,N,N,0,6740,2027-02-19
21137,um01137@example.org,010-0000-1137,1996-08-14,BASIC,경기,2023-04-17 19:13:58,2026-08-28 13:16:27,Y,N,N,0,3660,2027-07-13
21138,um01138@example.net,010-0000-1138,2000-12-21,BASIC,서울,2024-04-04 11:32:39,2026-04-04 08:43:30,Y,Y,N,0,1130,2027-02-14
21139,um01139@example.com,010-0000-1139,2000-05-19,GOLD,경북,2025-01-24 21:53:46,2026-08-18 15:41:24,Y,Y,N,0,13900,2026-12-01
21140,um01140@example.org,010-0000-1140,1996-10-01,BASIC,충북,2024-09-30 11:38:13,2025-05-03 11:18:07,Y,N,N,0,4605,2027-04-13
21141,um01141@example.com,010-0000-1141,1993-12-06,GOLD,경북,2025-04-11 21:53:50,2026-07-09 07:57:44,Y,Y,Y,34000,9580,2027-03-16
21142,um01142@example.com,010-0000-1142,1970-12-03,BASIC,서울,2022-07-17 16:06:28,2026-05-19 03:59:01,Y,Y,N,0,3860,2027-06-08
21143,um01143@example.com,010-0000-1143,1979-09-09,BASIC,광주,2026-01-18 20:24:26,2026-01-20 15:37:22,Y,N,N,0,1780,2027-06-25
21144,um01144@example.com,010-0000-1144,1972-02-10,GOLD,부산,2025-12-07 19:44:13,2026-09-02 07:03:40,N,Y,Y,603000,9790,2026-10-18
21145,um01145@example.com,010-0000-1145,1996-08-23,GOLD,부산,2024-04-11 20:28:20,2026-09-03 20:14:35,Y,N,N,0,13510,2027-08-17
21146,um01146@example.com,010-0000-1146,1997-09-11,BASIC,서울,2026-04-20 21:14:00,2026-09-03 13:01:57,Y,Y,Y,165000,3970,2027-07-16
21147,um01147@example.com,010-0000-1147,1999-03-14,BASIC,강원,2025-06-05 16:06:01,2026-06-25 08:41:46,Y,Y,N,0,1390,2026-12-11
21148,um01148@example.net,010-0000-1148,1979-06-06,GOLD,경남,2023-05-20 16:16:43,2026-08-20 02:46:33,Y,Y,N,0,8967,2027-07-23
21149,um01149@example.net,010-0000-1149,1996-09-01,GOLD,서울,2024-11-01 10:57:19,2026-07-20 07:32:50,Y,Y,Y,149000,15538,2027-04-13
21150,um01150@example.org,010-0000-1150,1979-08-27,BASIC,서울,2026-06-14 21:11:40,2026-09-03 02:17:28,N,Y,N,0,6526,2027-01-05
21151,um01151@example.com,010-0000-1151,1972-07-13,GOLD,경북,2024-02-07 20:33:23,2026-08-18 07:20:24,N,Y,N,0,15250,2027-01-01
21152,um01152@example.com,010-0000-1152,1978-06-10,BASIC,경기,2025-08-17 17:15:54,2026-08-29 09:25:44,N,N,N,0,3420,2027-07-09
21153,um01153@example.com,010-0000-1153,1992-12-12,BASIC,서울,2025-06-27 15:01:50,2026-06-03 07:10:37,Y,Y,N,0,3131,2027-05-08
21154,um01154@example.com,010-0000-1154,1989-09-06,BASIC,서울,2025-04-10 20:31:49,2026-08-15 05:57:52,Y,N,N,0,2060,2027-06-29
21155,um01155@example.org,010-0000-1155,2005-05-19,BASIC,대구,2023-12-21 22:33:24,2026-08-30 12:15:50,Y,N,N,0,3850,2026-09-16
21156,um01156@example.net,010-0000-1156,1983-09-10,VIP,서울,2025-06-28 10:09:08,2026-09-01 05:29:02,Y,Y,N,0,33360,2026-12-28
21157,um01157@example.org,010-0000-1157,1996-08-09,BASIC,경기,2022-08-19 17:12:39,2026-07-14 10:44:14,Y,Y,N,0,1470,2027-04-24
21158,um01158@example.com,010-0000-1158,1999-11-04,BASIC,광주,2023-10-02 21:22:12,2026-03-04 17:53:53,Y,N,N,0,1210,2027-01-13
21159,um01159@example.com,010-0000-1159,1997-11-16,GOLD,경기,2026-07-06 19:24:19,2026-08-31 06:10:10,N,N,Y,16000,8710,2026-09-17
21160,um01160@example.com,010-0000-1160,1996-01-11,VIP,서울,2024-10-13 00:01:28,2026-08-30 01:05:34,Y,N,N,0,34360,2027-02-18
21161,um01161@example.net,010-0000-1161,2000-06-06,GOLD,경북,2024-10-21 21:03:38,2026-08-20 21:00:38,Y,N,Y,146000,9251,2026-08-28
21162,um01162@example.com,010-0000-1162,1968-08-03,VIP,대구,2024-11-16 13:34:28,2026-08-05 12:57:34,Y,Y,N,0,31602,2026-08-30
21163,um01163@example.net,010-0000-1163,1973-04-08,GOLD,전남,2026-03-03 08:02:15,2026-03-06 22:29:13,Y,Y,N,0,12560,2027-02-28
21164,um01164@example.com,010-0000-1164,2007-12-19,BASIC,서울,2025-03-02 09:46:58,2025-11-15 20:20:37,Y,N,Y,203000,0,
21165,um01165@example.com,010-0000-1165,1983-08-19,BASIC,부산,2026-01-30 21:24:14,2026-08-17 22:51:35,Y,N,N,0,0,
21166,um01166@example.com,010-0000-1166,1973-05-15,BASIC,서울,2026-04-07 20:51:32,2026-04-11 16:08:02,Y,N,N,0,210,2027-02-10
21167,um01167@example.net,010-0000-1167,1972-12-05,BASIC,서울,2023-05-03 19:10:34,2026-07-29 18:13:26,Y,N,N,0,3448,2026-08-24
21168,um01168@example.net,010-0000-1168,2007-11-12,VIP,서울,2024-08-11 15:17:16,2026-08-25 14:45:44,N,N,N,0,27350,2026-12-31
21169,um01169@example.org,010-0000-1169,2004-06-27,GOLD,인천,2025-08-06 20:29:51,2026-08-27 03:41:58,Y,Y,N,0,7130,2026-12-26
21170,um01170@example.com,010-0000-1170,1969-08-14,BASIC,충남,2022-06-05 20:04:03,2024-01-19 01:58:12,N,N,N,0,1140,2026-09-13
21171,um01171@example.com,010-0000-1171,1969-05-21,BASIC,인천,2026-05-22 11:35:22,2026-08-16 15:46:36,N,Y,N,0,0,
21172,um01172@example.org,010-0000-1172,1992-12-12,GOLD,충북,2024-07-10 12:39:55,2026-08-11 15:51:21,N,Y,Y,188000,7630,2026-10-03
21173,um01173@example.net,010-0000-1173,2000-12-18,BASIC,경남,2025-08-23 18:08:23,2026-08-02 18:33:13,N,Y,N,0,3570,2027-05-23
21174,um01174@example.net,010-0000-1174,2006-11-17,BASIC,경남,2024-08-16 10:20:52,2024-10-06 17:37:37,Y,N,N,0,3385,2027-03-10
21175,um01175@example.com,010-0000-1175,1970-11-05,BASIC,인천,2022-08-11 18:15:53,2025-03-17 02:33:09,Y,Y,N,0,160,2027-07-21
21176,um01176@example.com,010-0000-1176,1972-05-18,BASIC,충북,2025-09-30 22:19:53,2026-09-02 23:23:33,Y,Y,N,0,6086,2026-12-25
21177,um01177@example.com,010-0000-1177,2001-10-10,BASIC,서울,2026-01-18 21:00:33,2026-01-20 09:18:58,Y,Y,N,0,2950,2027-09-16
21178,um01178@example.net,010-0000-1178,1985-09-14,BASIC,광주,2023-07-17 19:14:23,2026-04-03 09:53:10,Y,Y,N,0,720,2027-01-30
21179,um01179@example.org,010-0000-1179,1970-11-27,GOLD,서울,2022-09-18 22:32:59,2026-07-31 18:45:57,N,Y,N,0,16747,2027-09-25
21180,um01180@example.com,010-0000-1180,1980-07-02,GOLD,충남,2024-11-22 19:18:54,2026-08-27 17:27:58,N,N,N,0,8770,2027-08-11
21181,um01181@example.com,010-0000-1181,1975-04-16,BASIC,대구,2023-07-15 10:43:24,2026-08-27 16:30:23,Y,N,N,0,3450,2027-09-13
21182,um01182@example.org,010-0000-1182,2000-06-17,BASIC,경기,2024-11-01 11:01:06,2026-08-01 17:09:05,Y,N,Y,383000,4890,2027-05-03
21183,um01183@example.com,010-0000-1183,1971-08-23,GOLD,충북,2023-03-04 15:22:30,2026-08-16 14:26:51,Y,Y,N,0,16960,2027-06-22
21184,um01184@example.com,010-0000-1184,1996-11-08,GOLD,경기,2024-08-19 20:23:03,2026-08-13 05:43:50,Y,Y,N,0,9710,2026-09-15
21185,um01185@example.com,010-0000-1185,1998-07-28,BASIC,경기,2026-06-24 22:04:44,2026-08-15 15:16:24,N,N,N,0,700,2026-10-04
21186,um01186@example.net,010-0000-1186,1971-05-23,BASIC,경기,2026-06-11 13:47:57,2026-08-31 16:36:53,Y,Y,Y,86000,5310,2027-08-06
21187,um01187@example.com,010-0000-1187,1982-02-05,VIP,경북,2026-05-29 11:28:48,2026-09-04 19:41:45,N,Y,N,0,28150,2027-05-13
21188,um01188@example.org,010-0000-1188,1995-01-05,BASIC,서울,2026-06-26 14:17:02,2026-08-30 22:24:25,Y,Y,Y,453000,3200,2026-09-24
21189,um01189@example.net,010-0000-1189,1973-12-20,BASIC,경남,2024-10-16 20:14:32,2026-08-09 01:08:09,Y,Y,N,0,4253,2027-06-02
21190,um01190@example.org,010-0000-1190,1982-04-07,VIP,부산,2022-12-26 20:39:50,2026-08-26 05:07:32,Y,Y,N,0,34450,2027-02-05
21191,um01191@example.com,010-0000-1191,1989-03-24,BASIC,충북,2025-11-30 16:30:06,2026-08-08 13:34:36,Y,N,Y,105000,1990,2027-05-12
21192,um01192@example.com,010-0000-1192,1998-04-20,BASIC,울산,2024-01-09 14:49:45,2025-05-23 21:22:32,Y,Y,N,0,5410,2026-09-25
21193,um01193@example.com,010-0000-1193,1970-06-10,BASIC,전북,2025-12-23 10:55:24,2026-06-24 15:27:10,Y,N,N,0,1680,2027-06-30
21194,um01194@example.org,010-0000-1194,2003-02-24,BASIC,인천,2026-03-11 19:58:57,2026-09-03 10:20:56,Y,Y,N,0,5150,2026-09-21
21195,um01195@example.org,010-0000-1195,2002-03-27,BASIC,경북,2024-02-09 13:15:59,2026-06-24 09:48:41,Y,N,Y,86000,140,2026-09-14
21196,um01196@example.com,010-0000-1196,1998-05-14,BASIC,충북,2026-04-04 17:09:37,2026-08-22 20:23:55,Y,Y,Y,388000,2310,2027-09-27
21197,um01197@example.net,010-0000-1197,1985-06-07,GOLD,인천,2023-06-05 15:33:00,2026-08-31 18:56:44,Y,Y,Y,209000,8200,2027-06-21
21198,um01198@example.com,010-0000-1198,1978-11-02,BASIC,부산,2025-11-02 11:29:22,2026-08-09 09:58:03,N,Y,N,0,2900,2027-09-26
21199,um01199@example.org,010-0000-1199,1984-06-09,BASIC,제주,2025-02-24 17:52:47,2026-05-28 19:50:58,N,Y,N,0,2434,2027-01-20
21200,um01200@example.net,010-0000-1200,2004-06-15,BASIC,서울,2026-06-17 12:55:08,2026-09-02 21:26:33,Y,Y,N,0,4090,2027-05-04
21201,um01201@example.net,010-0000-1201,1988-08-21,GOLD,경기,2025-02-05 20:31:29,2026-07-11 05:35:20,Y,Y,N,0,8512,2026-11-13
21202,um01202@example.com,010-0000-1202,1996-09-17,BASIC,서울,2025-09-10 22:33:19,2026-08-29 21:10:23,Y,Y,N,0,7711,2027-03-17
21203,um01203@example.net,010-0000-1203,1977-06-10,BASIC,부산,2026-04-21 21:00:06,2026-08-24 21:52:50,Y,N,N,0,1700,2027-04-10
21204,um01204@example.net,010-0000-1204,1973-07-25,BASIC,대전,2026-08-15 16:28:11,2026-08-15 20:45:03,Y,N,N,0,4818,2027-02-16
21205,um01205@example.com,010-0000-1205,1974-12-06,BASIC,충남,2025-06-20 00:18:56,2025-06-24 09:04:17,Y,N,N,0,2850,2026-11-07
21206,um01206@example.com,010-0000-1206,1974-11-03,BASIC,경기,2022-09-23 15:16:43,2026-08-20 08:01:44,N,N,N,0,950,2027-09-07
21207,um01207@example.com,010-0000-1207,1991-06-20,BASIC,부산,2026-08-18 17:59:09,2026-08-20 05:58:59,Y,Y,N,0,1080,2026-11-22
21208,um01208@example.org,010-0000-1208,1976-07-11,BASIC,서울,2026-07-01 21:01:35,2026-09-01 11:43:30,Y,Y,N,0,2810,2027-09-13
21209,um01209@example.com,010-0000-1209,1968-08-14,BASIC,서울,2026-06-22 21:39:50,2026-09-01 12:47:15,Y,Y,N,0,1090,2027-07-04
21210,um01210@example.com,010-0000-1210,1988-04-21,GOLD,인천,2025-04-19 13:47:37,2026-08-01 00:51:48,Y,Y,N,0,6170,2026-09-14
21211,um01211@example.org,010-0000-1211,1968-12-23,GOLD,서울,2025-10-08 20:05:15,2026-09-01 12:24:51,Y,N,N,0,13510,2027-03-23
21212,um01212@example.com,010-0000-1212,2006-12-10,BASIC,세종,2026-08-16 16:50:27,2026-09-02 05:06:41,N,Y,N,0,3700,2026-10-14
21213,um01213@example.com,010-0000-1213,1995-12-17,BASIC,울산,2025-09-03 14:51:27,2025-09-04 15:23:01,Y,N,N,0,3320,2026-09-15
21214,um01214@example.com,010-0000-1214,1997-01-03,GOLD,전남,2023-04-30 00:18:36,2026-08-10 14:48:20,Y,Y,Y,45000,19373,2026-12-21
21215,um01215@example.com,010-0000-1215,1994-12-23,BASIC,서울,2026-05-25 21:36:14,2026-09-01 03:25:19,N,Y,N,0,1440,2027-10-03
21216,um01216@example.com,010-0000-1216,1981-09-04,BASIC,충북,2025-06-04 21:27:41,2026-08-23 13:46:13,Y,N,N,0,2512,2027-01-09
21217,um01217@example.org,010-0000-1217,2002-07-19,BASIC,전남,2025-03-01 12:49:19,2026-09-03 08:46:47,N,Y,N,0,5228,2027-05-10
21218,um01218@example.com,010-0000-1218,1975-11-17,BASIC,부산,2026-06-08 12:28:12,2026-06-12 10:57:39,Y,Y,N,0,3590,2027-01-20
21219,um01219@example.org,010-0000-1219,1983-09-03,GOLD,경기,2025-09-18 11:09:55,2026-08-05 06:37:26,Y,N,N,0,9600,2026-11-10
21220,um01220@example.com,010-0000-1220,2000-08-01,BASIC,경기,2024-06-25 22:51:21,2025-09-11 17:10:15,Y,Y,N,0,3220,2027-08-11
21221,um01221@example.net,010-0000-1221,1991-07-07,BASIC,서울,2025-12-20 21:22:37,2026-09-01 15:50:16,Y,N,N,0,4230,2026-11-06
21222,um01222@example.com,010-0000-1222,1995-06-11,BASIC,강원,2024-04-05 10:23:24,2026-02-23 16:07:40,N,N,Y,331000,0,
21223,um01223@example.com,010-0000-1223,2008-10-27,VIP,경기,2026-08-27 11:46:31,2026-09-03 21:21:54,N,Y,N,0,21030,2027-07-10
21224,um01224@example.com,010-0000-1224,1983-10-21,BASIC,경기,2026-07-28 22:36:12,2026-08-24 13:46:25,N,Y,N,0,2080,2027-05-12
21225,um01225@example.org,010-0000-1225,1986-09-09,GOLD,서울,2023-08-30 19:19:42,2026-08-24 15:35:12,Y,Y,N,0,9480,2027-01-12
21226,um01226@example.net,010-0000-1226,1996-12-01,BASIC,부산,2025-06-04 22:54:03,2026-06-27 08:02:04,N,N,Y,154000,350,2027-08-25
21227,um01227@example.org,010-0000-1227,1982-10-11,BASIC,대전,2026-04-24 21:08:04,2026-08-21 01:30:51,N,N,N,0,1140,2027-07-25
21228,um01228@example.com,010-0000-1228,2003-09-06,BASIC,광주,2024-05-10 15:08:01,2026-06-12 03:28:49,N,N,N,0,4490,2027-02-08
21229,um01229@example.org,010-0000-1229,1998-02-23,GOLD,서울,2026-05-16 20:45:26,2026-09-02 11:42:18,Y,N,N,0,9243,2027-06-19
21230,um01230@example.com,010-0000-1230,1995-05-02,GOLD,부산,2024-01-24 15:48:16,2026-08-10 00:03:16,N,N,N,0,19870,2027-10-06
21231,um01231@example.com,010-0000-1231,1996-08-20,BASIC,충남,2023-06-17 16:46:55,2025-01-10 18:23:43,Y,Y,N,0,1010,2026-09-05
21232,um01232@example.net,010-0000-1232,1968-03-08,BASIC,경남,2023-02-13 22:50:06,2024-09-10 16:15:18,Y,N,Y,18000,1860,2027-03-30
21233,um01233@example.com,010-0000-1233,1993-03-11,BASIC,서울,2025-01-13 17:11:43,2026-08-22 04:59:35,Y,Y,N,0,6448,2026-08-23
21234,um01234@example.net,010-0000-1234,1968-01-20,BASIC,충북,2025-07-28 10:55:55,2025-08-02 06:53:17,Y,Y,N,0,2840,2027-06-21
21235,um01235@example.org,010-0000-1235,1996-03-08,GOLD,경기,2024-12-02 19:13:07,2025-03-16 10:52:34,N,Y,N,0,6470,2026-10-10
21236,um01236@example.com,010-0000-1236,1998-07-10,BASIC,대전,2022-08-01 14:19:45,2023-04-13 22:20:21,Y,Y,N,0,0,
21237,um01237@example.org,010-0000-1237,1981-08-28,BASIC,전남,2025-09-25 16:43:52,2025-09-25 13:06:20,N,Y,N,0,0,
21238,um01238@example.com,010-0000-1238,1986-03-19,BASIC,경남,2026-09-03 10:23:01,2026-09-04 10:17:41,N,N,N,0,0,
21239,um01239@example.net,010-0000-1239,1996-04-05,GOLD,부산,2023-12-05 08:11:52,2025-10-28 17:02:10,N,Y,N,0,12730,2027-03-27
21240,um01240@example.com,010-0000-1240,1983-02-01,BASIC,경기,2025-11-03 18:33:36,2026-09-01 09:08:00,N,Y,Y,20000,5255,2027-09-07
21241,um01241@example.com,010-0000-1241,1982-04-19,BASIC,경기,2025-04-23 13:15:05,2025-04-23 20:56:52,Y,N,Y,68000,0,
21242,um01242@example.org,010-0000-1242,1972-01-22,GOLD,인천,2025-02-19 10:50:12,2026-08-16 04:10:21,Y,N,N,0,12580,2026-12-21
21243,um01243@example.net,010-0000-1243,2006-10-22,GOLD,경북,2025-05-19 20:49:57,2026-07-13 07:57:44,Y,Y,N,0,13690,2027-01-12
21244,um01244@example.org,010-0000-1244,1995-07-27,BASIC,경남,2025-02-09 16:04:07,2026-08-17 09:38:58,Y,Y,N,0,1900,2026-12-02
21245,um01245@example.com,010-0000-1245,1997-05-07,VIP,세종,2024-03-05 22:42:51,2026-09-03 22:37:49,Y,Y,Y,206000,51908,2027-09-05
21246,um01246@example.net,010-0000-1246,1999-08-17,GOLD,경기,2026-07-07 11:30:10,2026-09-04 21:12:17,Y,N,N,0,20655,2026-10-14
21247,um01247@example.com,010-0000-1247,1994-06-19,BASIC,충남,2024-02-04 19:50:11,2026-06-04 05:58:55,Y,Y,N,0,640,2027-04-25
21248,um01248@example.net,010-0000-1248,1974-06-10,BASIC,인천,2025-01-17 21:09:03,2025-11-21 21:43:12,Y,Y,N,0,2251,2027-04-02
21249,um01249@example.net,010-0000-1249,2008-11-25,BASIC,부산,2023-04-06 10:06:26,2024-02-02 01:23:13,Y,Y,N,0,560,2027-06-09
21250,um01250@example.com,010-0000-1250,1968-12-05,BASIC,전북,2026-07-11 21:31:02,2026-08-30 20:11:34,N,N,Y,163000,4780,2026-09-08
21251,um01251@example.com,010-0000-1251,1982-07-06,GOLD,전남,2025-05-03 20:41:51,2026-08-22 14:42:08,N,N,N,0,14932,2026-11-03
21252,um01252@example.com,010-0000-1252,1979-09-23,GOLD,대구,2024-12-13 17:02:51,2026-08-17 15:07:46,N,N,N,0,11894,2026-11-10
21253,um01253@example.com,010-0000-1253,1992-03-28,BASIC,서울,2024-10-06 21:54:15,2024-11-13 12:59:10,Y,Y,N,0,2030,2027-05-23
21254,um01254@example.net,010-0000-1254,1983-07-20,GOLD,충북,2025-11-28 22:00:56,2026-08-24 03:29:50,N,N,N,0,6410,2026-10-15
21255,um01255@example.org,010-0000-1255,2007-07-03,BASIC,인천,2024-05-25 10:48:10,2024-07-26 00:25:02,Y,Y,N,0,4767,2026-08-31
21256,um01256@example.com,010-0000-1256,1990-11-23,VIP,서울,2026-02-16 21:04:04,2026-09-03 21:26:02,Y,Y,N,0,23920,2027-04-12
21257,um01257@example.net,010-0000-1257,1968-04-18,GOLD,부산,2024-11-22 23:05:22,2026-08-28 12:30:52,Y,Y,Y,243000,8670,2026-09-14
21258,um01258@example.org,010-0000-1258,1995-11-10,BASIC,충북,2023-03-15 19:19:15,2024-12-12 22:00:26,N,Y,N,0,2048,2027-04-27
21259,um01259@example.com,010-0000-1259,1968-04-10,BASIC,경기,2026-01-01 19:46:38,2026-01-01 09:05:51,N,N,N,0,0,
21260,um01260@example.org,010-0000-1260,2000-09-20,GOLD,서울,2025-03-18 11:55:52,2026-08-28 16:50:08,N,N,N,0,18563,2027-10-06
21261,um01261@example.com,010-0000-1261,2005-05-14,BASIC,전남,2024-10-24 09:20:54,2026-01-23 19:17:06,N,Y,N,0,4351,2027-03-06
21262,um01262@example.com,010-0000-1262,1969-11-18,BASIC,광주,2024-08-27 14:15:15,2026-01-13 10:37:57,Y,Y,Y,903000,3470,2026-10-28
21263,um01263@example.net,010-0000-1263,2002-05-18,VIP,서울,2025-05-14 22:28:35,2026-08-31 21:25:02,Y,Y,Y,357000,21760,2027-02-14
21264,um01264@example.org,010-0000-1264,1978-08-02,BASIC,경기,2026-08-29 17:44:26,2026-09-04 07:33:55,Y,N,N,0,5130,2027-08-28
21265,um01265@example.org,010-0000-1265,1980-03-11,BASIC,경기,2024-09-22 20:18:26,2025-10-06 05:45:11,N,N,N,0,440,2026-08-25
21266,um01266@example.org,010-0000-1266,1974-04-12,BASIC,서울,2024-07-13 19:08:22,2025-06-26 08:07:35,Y,Y,Y,339000,270,2027-08-19
21267,um01267@example.net,010-0000-1267,1999-10-09,GOLD,충북,2025-08-28 17:19:31,2026-09-02 05:16:59,N,N,N,0,7490,2027-09-04
21268,um01268@example.net,010-0000-1268,2005-12-19,BASIC,서울,2023-07-18 16:24:21,2025-04-06 20:43:17,Y,Y,N,0,0,
21269,um01269@example.com,010-0000-1269,2003-08-27,VIP,부산,2023-11-18 00:43:33,2026-08-25 05:11:14,Y,Y,N,0,30840,2027-09-24
21270,um01270@example.net,010-0000-1270,1989-01-15,BASIC,서울,2023-10-22 09:08:45,2025-09-01 04:07:30,Y,Y,N,0,7739,2027-06-18
21271,um01271@example.net,010-0000-1271,1978-04-24,GOLD,서울,2024-01-31 18:26:37,2026-09-01 14:13:40,Y,Y,N,0,17240,2027-09-07
21272,um01272@example.com,010-0000-1272,1990-08-26,BASIC,경기,2023-08-30 10:38:08,2026-09-03 09:01:19,N,Y,N,0,6737,2027-01-05
21273,um01273@example.com,010-0000-1273,2006-11-14,BASIC,충북,2024-11-06 22:39:09,2026-08-17 11:14:33,N,N,N,0,2820,2027-01-15
21274,um01274@example.net,010-0000-1274,1989-11-07,BASIC,강원,2024-11-28 16:22:38,2025-01-09 16:01:30,N,N,N,0,3890,2027-01-03
21275,um01275@example.org,010-0000-1275,1974-10-19,BASIC,대구,2025-11-27 23:51:10,2026-09-02 19:27:55,Y,Y,N,0,1920,2027-10-05
21276,um01276@example.org,010-0000-1276,2005-06-23,BASIC,충북,2025-06-25 12:13:37,2025-06-29 09:17:42,Y,Y,Y,115000,1180,2027-08-17
21277,um01277@example.com,010-0000-1277,2005-02-13,GOLD,서울,2024-02-28 23:35:58,2026-09-03 00:07:40,N,Y,N,0,20263,2026-10-27
21278,um01278@example.com,010-0000-1278,1994-06-08,BASIC,경남,2026-04-07 14:05:47,2026-08-18 20:12:53,N,Y,Y,45000,2110,2027-02-07
21279,um01279@example.net,010-0000-1279,2005-11-20,BASIC,경기,2025-09-04 10:38:57,2026-08-31 11:52:50,N,Y,N,0,5677,2026-12-20
21280,um01280@example.com,010-0000-1280,1972-09-10,BASIC,서울,2023-12-14 21:12:24,2026-08-24 20:51:48,N,N,N,0,4163,2027-08-14
21281,um01281@example.net,010-0000-1281,1978-11-08,BASIC,경기,2025-04-20 12:45:58,2026-04-13 21:22:39,Y,Y,N,0,0,
21282,um01282@example.org,010-0000-1282,1999-04-06,BASIC,경기,2024-12-29 13:54:58,2026-08-23 19:07:40,Y,Y,N,0,620,2027-08-12
21283,um01283@example.net,010-0000-1283,1992-01-09,BASIC,전북,2025-07-15 22:08:44,2025-07-19 09:34:04,Y,Y,N,0,1190,2027-02-16
21284,um01284@example.com,010-0000-1284,1989-03-11,BASIC,충남,2026-07-25 18:04:14,2026-08-13 12:39:51,Y,N,Y,64000,0,
21285,um01285@example.net,010-0000-1285,2000-06-27,GOLD,부산,2025-08-06 11:12:49,2026-08-07 08:21:06,N,N,N,0,9038,2026-10-03
21286,um01286@example.net,010-0000-1286,1977-10-11,BASIC,서울,2024-08-24 20:59:23,2026-05-28 22:32:39,Y,N,N,0,7356,2027-07-27
21287,um01287@example.org,010-0000-1287,1980-06-18,BASIC,서울,2023-11-21 21:11:41,2025-12-12 20:51:26,N,Y,N,0,0,
21288,um01288@example.org,010-0000-1288,1976-03-11,GOLD,서울,2026-06-09 08:56:36,2026-09-01 03:11:21,N,N,N,0,7020,2027-05-16
21289,um01289@example.com,010-0000-1289,2004-05-23,GOLD,서울,2024-08-14 21:03:18,2026-08-19 00:51:06,N,N,N,0,9530,2027-04-18
21290,um01290@example.net,010-0000-1290,1969-09-11,BASIC,서울,2026-02-19 22:12:02,2026-09-02 03:14:56,N,Y,N,0,1600,2026-12-23
21291,um01291@example.net,010-0000-1291,1974-02-16,BASIC,경남,2026-07-29 18:13:48,2026-09-03 07:21:15,Y,N,N,0,2760,2027-03-23
21292,um01292@example.com,010-0000-1292,2008-07-25,BASIC,서울,2023-10-18 17:43:57,2024-01-10 23:33:38,Y,N,N,0,0,
21293,um01293@example.com,010-0000-1293,1989-09-08,GOLD,서울,2026-07-23 17:38:45,2026-09-03 11:58:15,N,N,Y,596000,15140,2027-08-12
21294,um01294@example.com,010-0000-1294,1971-10-27,GOLD,경기,2022-08-04 20:18:16,2026-09-01 09:37:30,Y,Y,N,0,8690,2027-02-04
21295,um01295@example.com,010-0000-1295,1995-06-10,BASIC,강원,2024-07-27 13:31:23,2026-02-09 07:46:47,Y,N,N,0,8417,2027-01-04
21296,um01296@example.org,010-0000-1296,1994-03-09,BASIC,경기,2026-04-19 10:21:21,2026-04-22 03:24:08,Y,N,N,0,470,2026-12-13
21297,um01297@example.com,010-0000-1297,1996-11-07,BASIC,경남,2022-09-29 22:42:30,2022-12-14 17:08:21,N,Y,N,0,550,2026-10-27
21298,um01298@example.com,010-0000-1298,1983-03-13,BASIC,서울,2024-01-19 20:11:09,2026-08-06 07:27:23,Y,N,N,0,3140,2027-04-03
21299,um01299@example.org,010-0000-1299,1999-09-05,VIP,서울,2025-05-25 15:24:25,2026-09-04 07:01:13,Y,Y,N,0,27180,2026-09-27
21300,um01300@example.net,010-0000-1300,1972-09-22,BASIC,서울,2026-08-26 14:56:44,2026-09-04 13:47:35,N,N,N,0,4450,2026-10-14
21301,um01301@example.org,010-0000-1301,1983-07-05,BASIC,경기,2025-01-24 21:39:20,2025-11-28 18:01:37,N,N,N,0,2720,2026-08-25
21302,um01302@example.net,010-0000-1302,1971-09-22,BASIC,경기,2025-03-08 09:59:55,2026-08-27 17:19:30,Y,Y,N,0,1900,2026-11-05
21303,um01303@example.net,010-0000-1303,1970-03-01,GOLD,제주,2025-08-14 17:20:04,2026-08-31 08:51:31,Y,Y,N,0,8050,2026-09-23
21304,um01304@example.com,010-0000-1304,1996-07-14,GOLD,경남,2025-01-29 18:58:28,2025-05-10 15:47:22,N,Y,N,0,12230,2027-06-25
21305,um01305@example.net,010-0000-1305,2002-06-13,VIP,경기,2024-08-09 16:39:54,2026-08-15 10:34:15,Y,N,N,0,21440,2027-09-08
21306,um01306@example.com,010-0000-1306,2004-05-23,BASIC,서울,2026-01-22 18:19:24,2026-09-02 04:06:06,Y,N,N,0,3120,2026-10-31
21307,um01307@example.com,010-0000-1307,1970-04-06,BASIC,인천,2024-02-05 14:15:04,2026-07-31 07:28:15,Y,Y,N,0,1700,2027-02-21
21308,um01308@example.net,010-0000-1308,1975-09-22,BASIC,경기,2026-08-21 12:29:43,2026-09-02 11:01:04,N,N,N,0,2891,2027-07-14
21309,um01309@example.com,010-0000-1309,2002-10-08,BASIC,서울,2026-07-09 21:52:09,2026-07-09 14:49:28,Y,N,N,0,3905,2027-07-08
21310,um01310@example.org,010-0000-1310,1970-10-08,GOLD,대구,2025-12-31 14:29:28,2026-08-29 20:56:11,N,Y,N,0,11190,2027-07-20
21311,um01311@example.org,010-0000-1311,1978-01-05,BASIC,경기,2025-10-26 20:35:11,2026-06-26 22:55:13,N,N,Y,161000,1370,2027-07-03
21312,um01312@example.com,010-0000-1312,1973-10-13,GOLD,강원,2026-08-18 21:18:57,2026-09-02 04:42:31,Y,Y,N,0,7250,2026-11-10
21313,um01313@example.net,010-0000-1313,1998-07-08,VIP,경남,2025-07-27 12:37:47,2026-08-22 12:40:56,N,Y,Y,374000,20150,2027-07-20
21314,um01314@example.com,010-0000-1314,1997-09-11,GOLD,충북,2026-04-03 08:36:29,2026-09-03 11:32:51,Y,N,N,0,16760,2026-10-30
21315,um01315@example.com,010-0000-1315,1986-06-04,BASIC,경기,2026-05-25 18:36:41,2026-08-31 17:17:22,Y,N,N,0,3820,2027-01-18
21316,um01316@example.org,010-0000-1316,1968-01-21,BASIC,경기,2025-06-06 19:09:17,2026-08-24 08:16:56,N,N,N,0,2980,2027-08-05
21317,um01317@example.net,010-0000-1317,1999-11-04,BASIC,대전,2026-01-05 22:36:40,2026-01-05 14:33:26,Y,Y,N,0,0,
21318,um01318@example.com,010-0000-1318,2005-06-14,BASIC,인천,2023-04-13 18:48:45,2024-08-11 21:00:52,N,Y,N,0,3560,2027-03-23
21319,um01319@example.com,010-0000-1319,2000-03-22,GOLD,충남,2024-02-05 19:30:41,2026-08-15 13:26:46,N,Y,N,0,6120,2027-08-23
21320,um01320@example.com,010-0000-1320,1981-02-23,BASIC,강원,2025-02-07 20:55:01,2026-08-07 08:33:51,N,N,Y,69000,5510,2027-08-14
21321,um01321@example.com,010-0000-1321,1972-12-12,BASIC,전남,2025-12-25 22:04:21,2026-08-23 15:00:51,Y,N,N,0,2590,2026-12-14
21322,um01322@example.com,010-0000-1322,2008-02-24,BASIC,경북,2023-08-16 11:29:54,2026-08-05 14:30:12,N,Y,N,0,4960,2027-06-01
21323,um01323@example.org,010-0000-1323,1973-08-25,GOLD,충북,2025-05-01 19:35:41,2026-08-17 14:03:18,Y,N,Y,38000,8410,2026-12-21
21324,um01324@example.net,010-0000-1324,2006-01-17,BASIC,경기,2026-08-14 22:46:00,2026-09-03 05:58:45,N,Y,N,0,2830,2027-07-04
21325,um01325@example.net,010-0000-1325,1975-11-04,GOLD,경기,2026-04-25 13:58:21,2026-08-31 14:20:09,Y,Y,N,0,18520,2027-06-10
21326,um01326@example.com,010-0000-1326,1990-05-04,BASIC,경기,2023-09-01 14:26:21,2026-04-14 16:49:27,Y,N,N,0,0,
21327,um01327@example.org,010-0000-1327,1968-10-04,BASIC,서울,2022-09-13 08:32:57,2026-08-21 20:25:30,Y,Y,N,0,1030,2027-06-19
21328,um01328@example.com,010-0000-1328,1971-06-12,BASIC,경기,2026-04-07 21:22:06,2026-04-10 07:50:06,Y,N,N,0,5621,2027-09-20
21329,um01329@example.net,010-0000-1329,2002-04-15,BASIC,서울,2024-02-19 22:14:47,2026-04-30 14:41:52,N,Y,N,0,2500,2027-08-30
21330,um01330@example.org,010-0000-1330,2002-08-12,BASIC,대전,2025-12-07 20:00:46,2026-06-13 08:31:35,Y,Y,N,0,3910,2026-10-03
21331,um01331@example.com,010-0000-1331,1969-03-19,BASIC,울산,2024-02-17 13:32:56,2026-02-26 13:07:58,N,N,N,0,1420,2027-02-27
21332,um01332@example.org,010-0000-1332,1999-11-15,VIP,서울,2024-04-23 18:08:38,2026-08-26 08:36:42,N,Y,Y,270000,42870,2026-11-19
21333,um01333@example.net,010-0000-1333,1985-12-18,GOLD,경기,2026-02-08 12:51:36,2026-09-01 15:27:11,Y,N,N,0,13410,2026-09-08
21334,um01334@example.com,010-0000-1334,2002-06-16,BASIC,경기,2026-05-19 22:23:30,2026-08-18 12:04:16,Y,Y,N,0,2387,2027-05-25
21335,um01335@example.net,010-0000-1335,2007-01-27,VIP,울산,2026-07-17 13:28:47,2026-09-04 19:11:31,Y,N,N,0,29400,2026-09-07
21336,um01336@example.org,010-0000-1336,1999-05-04,BASIC,강원,2026-03-19 22:16:48,2026-03-19 20:05:32,Y,N,N,0,0,
21337,um01337@example.com,010-0000-1337,1974-02-02,VIP,전북,2023-09-08 17:08:13,2026-09-04 15:17:07,Y,N,Y,294000,25640,2027-02-08
21338,um01338@example.com,010-0000-1338,1986-05-02,GOLD,경북,2026-08-06 21:41:59,2026-09-04 16:56:56,Y,Y,Y,66000,9250,2026-11-14
21339,um01339@example.com,010-0000-1339,2005-08-06,GOLD,부산,2023-08-06 21:06:43,2026-08-09 11:02:39,Y,Y,Y,106000,9380,2027-03-24
21340,um01340@example.net,010-0000-1340,2005-02-22,BASIC,경기,2024-08-31 11:05:09,2026-08-29 06:21:53,Y,Y,N,0,1260,2027-04-01
21341,um01341@example.net,010-0000-1341,1972-12-21,BASIC,경기,2025-08-28 18:52:47,2026-08-24 07:30:00,Y,N,N,0,3980,2027-02-22
21342,um01342@example.org,010-0000-1342,1998-11-21,GOLD,대전,2025-06-29 09:11:11,2026-08-20 15:29:35,N,Y,Y,106000,6540,2027-10-02
21343,um01343@example.com,010-0000-1343,1990-01-10,BASIC,인천,2026-06-23 23:18:29,2026-08-29 09:28:49,Y,Y,N,0,7829,2027-06-06
21344,um01344@example.com,010-0000-1344,1977-04-03,BASIC,전북,2026-08-11 22:10:58,2026-08-14 12:25:49,Y,Y,N,0,1110,2027-07-19
21345,um01345@example.org,010-0000-1345,1990-12-13,GOLD,인천,2023-08-08 21:31:44,2026-09-02 08:51:08,Y,Y,N,0,19606,2026-09-18
21346,um01346@example.com,010-0000-1346,1969-12-09,VIP,경기,2025-06-02 14:32:04,2026-08-31 01:13:20,N,Y,N,0,21300,2027-07-21
21347,um01347@example.com,010-0000-1347,1977-03-15,BASIC,경기,2025-02-06 19:11:48,2026-07-06 02:09:07,Y,N,Y,36000,960,2027-07-16
21348,um01348@example.net,010-0000-1348,1976-03-19,BASIC,경기,2026-07-17 14:30:44,2026-07-17 21:16:00,N,N,N,0,0,
21349,um01349@example.net,010-0000-1349,1971-03-17,BASIC,전남,2023-04-26 11:26:11,2024-12-04 20:16:45,N,N,N,0,530,2027-02-20
21350,um01350@example.com,010-0000-1350,1975-10-07,GOLD,서울,2026-05-01 11:54:03,2026-09-02 19:29:44,N,Y,N,0,6510,2027-04-22
21351,um01351@example.com,010-0000-1351,1981-10-23,BASIC,서울,2026-08-09 23:20:47,2026-09-03 09:52:14,N,N,N,0,6756,2027-04-01
21352,um01352@example.org,010-0000-1352,2003-03-15,BASIC,경기,2025-10-05 21:43:36,2026-07-17 17:33:02,N,N,N,0,4120,2027-06-28
21353,um01353@example.com,010-0000-1353,1999-04-27,GOLD,인천,2024-11-27 21:57:23,2026-08-28 13:38:38,Y,Y,N,0,10961,2027-04-21
21354,um01354@example.net,010-0000-1354,1997-11-10,BASIC,전남,2025-05-13 20:09:20,2025-05-20 14:25:25,N,Y,N,0,6173,2027-09-29
21355,um01355@example.com,010-0000-1355,1977-03-01,BASIC,경북,2025-05-06 19:57:24,2026-06-27 20:58:17,N,N,Y,320000,3587,2027-02-13
21356,um01356@example.com,010-0000-1356,1970-05-24,BASIC,대구,2025-07-04 22:14:45,2025-07-05 04:01:04,N,Y,N,0,900,2027-03-01
21357,um01357@example.com,010-0000-1357,1986-05-05,BASIC,경남,2024-12-09 18:42:06,2026-08-23 03:22:46,Y,N,N,0,530,2027-08-30
21358,um01358@example.com,010-0000-1358,1972-09-11,BASIC,경북,2025-10-09 10:04:28,2026-08-21 13:02:41,Y,Y,N,0,3840,2026-09-20
21359,um01359@example.com,010-0000-1359,1996-04-07,GOLD,서울,2023-11-17 19:05:53,2026-06-20 12:20:46,Y,Y,N,0,11140,2027-07-08
21360,um01360@example.net,010-0000-1360,1991-11-21,BASIC,인천,2023-07-31 18:31:56,2024-06-17 17:02:48,Y,N,N,0,0,
21361,um01361@example.com,010-0000-1361,2001-07-21,BASIC,인천,2026-02-13 13:43:08,2026-07-20 08:53:38,N,Y,N,0,6234,2027-07-26
21362,um01362@example.com,010-0000-1362,2000-02-28,GOLD,경북,2024-04-26 22:34:42,2026-08-18 11:54:12,N,Y,N,0,11326,2026-08-30
21363,um01363@example.com,010-0000-1363,2006-10-17,GOLD,경기,2025-12-09 00:49:11,2026-09-01 19:56:51,Y,Y,N,0,10110,2027-10-03
21364,um01364@example.com,010-0000-1364,1983-05-25,BASIC,경기,2025-10-01 19:11:48,2025-10-05 04:12:02,Y,Y,Y,217000,4010,2027-06-26
21365,um01365@example.com,010-0000-1365,1994-07-10,GOLD,경기,2025-02-05 12:38:43,2026-09-03 20:19:11,Y,N,Y,143000,20126,2026-12-27
21366,um01366@example.com,010-0000-1366,1988-06-02,BASIC,인천,2024-04-29 16:48:30,2026-09-02 12:16:40,Y,N,N,0,2410,2026-09-08
21367,um01367@example.com,010-0000-1367,2001-08-26,GOLD,경남,2025-12-25 14:24:25,2026-09-02 13:34:41,N,N,Y,76000,10180,2026-10-18
21368,um01368@example.net,010-0000-1368,1999-08-07,GOLD,부산,2024-11-12 13:14:25,2026-08-25 08:16:45,Y,N,N,0,13530,2027-05-12
21369,um01369@example.com,010-0000-1369,2007-02-24,BASIC,경기,2025-09-01 21:54:57,2026-08-30 09:21:06,N,N,N,0,4880,2027-03-25
21370,um01370@example.org,010-0000-1370,1986-08-20,BASIC,전남,2024-12-22 16:23:53,2025-08-10 13:26:07,Y,N,N,0,0,
21371,um01371@example.com,010-0000-1371,1972-04-13,VIP,서울,2025-03-16 12:30:16,2026-08-30 09:34:42,N,Y,Y,44000,37309,2026-09-04
21372,um01372@example.com,010-0000-1372,1991-10-19,BASIC,인천,2024-10-08 16:15:39,2026-04-28 15:06:16,N,N,N,0,3180,2027-02-16
21373,um01373@example.com,010-0000-1373,1979-05-24,GOLD,서울,2025-09-05 15:55:13,2026-09-02 10:31:04,Y,N,Y,155000,24440,2026-11-15
21374,um01374@example.org,010-0000-1374,1983-11-23,BASIC,대구,2024-05-02 13:39:56,2026-02-16 13:16:56,Y,N,N,0,420,2027-04-15
21375,um01375@example.com,010-0000-1375,1992-07-14,BASIC,인천,2026-05-28 12:21:28,2026-05-28 17:36:07,Y,N,N,0,0,
21376,um01376@example.net,010-0000-1376,1982-09-20,GOLD,경기,2024-09-01 10:31:40,2026-07-16 15:09:57,N,N,Y,111000,9770,2026-09-09
21377,um01377@example.com,010-0000-1377,1998-04-09,BASIC,강원,2026-06-23 20:18:42,2026-08-20 07:42:21,Y,Y,N,0,5931,2027-05-04
21378,um01378@example.com,010-0000-1378,2005-09-18,GOLD,경기,2022-11-14 18:42:14,2026-05-12 14:38:57,Y,Y,N,0,17175,2027-08-14
21379,um01379@example.net,010-0000-1379,1980-09-05,VIP,경기,2024-10-22 08:57:13,2026-09-02 08:49:48,Y,N,N,0,40540,2027-06-17
21380,um01380@example.org,010-0000-1380,1991-10-05,GOLD,경기,2026-01-24 12:20:19,2026-08-31 09:43:56,Y,N,Y,426000,6440,2026-09-09
21381,um01381@example.com,010-0000-1381,1981-12-10,GOLD,부산,2026-07-18 11:01:44,2026-09-01 22:47:38,Y,N,N,0,6310,2027-05-02
21382,um01382@example.net,010-0000-1382,1996-01-22,BASIC,전남,2025-07-26 13:45:15,2026-08-14 21:18:06,Y,N,N,0,1370,2027-03-13
21383,um01383@example.com,010-0000-1383,1996-01-01,GOLD,경남,2026-08-05 14:16:36,2026-09-03 13:42:19,N,N,N,0,9810,2026-09-12
21384,um01384@example.com,010-0000-1384,2000-12-25,GOLD,서울,2025-10-19 16:03:33,2026-08-17 18:52:33,Y,Y,Y,295000,15460,2027-02-16
21385,um01385@example.net,010-0000-1385,2008-06-26,BASIC,경남,2023-10-14 14:33:16,2026-07-26 13:23:03,N,N,N,0,460,2027-04-13
21386,um01386@example.com,010-0000-1386,1988-10-15,BASIC,서울,2024-12-26 21:09:49,2026-07-27 04:14:08,N,Y,N,0,500,2026-11-20
21387,um01387@example.com,010-0000-1387,2001-03-22,GOLD,인천,2022-08-29 20:24:04,2026-05-13 21:37:04,Y,N,N,0,6490,2027-08-31
21388,um01388@example.org,010-0000-1388,2003-06-12,BASIC,인천,2025-11-03 10:22:57,2026-06-21 00:56:46,Y,N,N,0,4141,2027-01-13
21389,um01389@example.com,010-0000-1389,2006-10-11,GOLD,경기,2026-07-23 17:10:20,2026-08-31 15:08:34,N,Y,N,0,8980,2026-09-13
21390,um01390@example.org,010-0000-1390,1988-03-23,GOLD,대전,2025-04-11 20:42:36,2026-07-08 12:04:48,N,Y,Y,207000,12300,2027-02-08
21391,um01391@example.com,010-0000-1391,1991-10-28,BASIC,서울,2024-09-11 15:46:49,2024-11-11 15:42:37,N,Y,N,0,0,
21392,um01392@example.com,010-0000-1392,1970-11-20,BASIC,경기,2026-06-12 16:30:05,2026-06-16 16:56:02,Y,N,N,0,3710,2027-10-02
21393,um01393@example.net,010-0000-1393,1998-09-11,GOLD,서울,2025-03-18 21:00:26,2026-07-29 07:33:44,Y,Y,Y,62000,6540,2026-12-27
21394,um01394@example.com,010-0000-1394,1985-07-22,GOLD,충남,2024-05-27 19:50:27,2026-07-19 07:28:05,Y,N,N,0,8370,2026-12-28
21395,um01395@example.net,010-0000-1395,1999-10-20,BASIC,부산,2023-04-16 18:20:17,2026-07-04 17:11:01,Y,N,N,0,840,2027-01-10
21396,um01396@example.com,010-0000-1396,1983-04-20,VIP,서울,2026-04-10 12:20:59,2026-09-02 14:23:43,N,Y,N,0,26020,2027-06-23
21397,um01397@example.net,010-0000-1397,1991-11-11,GOLD,경기,2026-03-08 09:22:02,2026-08-31 06:47:29,Y,N,N,0,9322,2026-11-17
21398,um01398@example.net,010-0000-1398,2000-01-12,BASIC,경기,2025-07-17 15:41:54,2025-07-24 12:56:48,Y,N,N,0,2736,2027-07-30
21399,um01399@example.com,010-0000-1399,1985-09-06,GOLD,경기,2025-06-17 11:45:34,2026-09-01 16:04:53,N,Y,N,0,16370,2027-07-31
21400,um01400@example.com,010-0000-1400,1992-10-06,GOLD,서울,2024-10-24 20:36:32,2026-08-23 05:59:24,Y,Y,N,0,15350,2026-08-15
21401,um01401@example.com,010-0000-1401,1982-06-11,BASIC,인천,2025-07-26 22:47:58,2026-08-30 07:47:12,N,Y,N,0,7724,2026-10-27
21402,um01402@example.com,010-0000-1402,1969-10-11,BASIC,서울,2025-07-27 21:25:36,2026-08-14 19:11:30,Y,Y,Y,23000,1420,2027-04-12
21403,um01403@example.com,010-0000-1403,2006-06-19,GOLD,서울,2024-09-20 18:32:49,2026-08-30 08:49:36,Y,N,N,0,21621,2026-11-10
21404,um01404@example.com,010-0000-1404,1992-09-12,BASIC,경기,2025-12-21 20:09:59,2026-08-14 21:04:15,Y,N,N,0,4590,2027-09-23
21405,um01405@example.com,010-0000-1405,2007-07-18,GOLD,전남,2024-04-06 17:22:51,2025-02-14 10:49:22,N,N,N,0,11429,2026-11-24
21406,um01406@example.net,010-0000-1406,1995-02-18,BASIC,서울,2026-01-13 20:19:43,2026-01-13 15:38:56,Y,Y,N,0,0,
21407,um01407@example.com,010-0000-1407,1977-06-25,GOLD,제주,2023-10-02 22:19:45,2026-04-10 15:49:12,Y,Y,N,0,6770,2027-04-09
21408,um01408@example.com,010-0000-1408,1985-07-18,GOLD,경북,2024-06-30 18:04:20,2026-08-28 03:01:07,Y,Y,N,0,9140,2026-11-17
21409,um01409@example.net,010-0000-1409,1985-08-11,BASIC,대구,2026-01-11 17:48:34,2026-01-15 00:09:49,N,Y,N,0,440,2026-12-23
21410,um01410@example.com,010-0000-1410,1992-09-02,GOLD,서울,2025-11-17 21:03:26,2026-09-02 06:54:22,Y,Y,N,0,12481,2027-07-28
21411,um01411@example.com,010-0000-1411,2008-03-25,GOLD,서울,2025-11-19 20:00:03,2026-08-14 12:25:30,Y,N,N,0,20543,2026-09-30
21412,um01412@example.org,010-0000-1412,1991-09-02,BASIC,경기,2025-12-04 21:50:46,2025-12-04 12:58:23,Y,N,N,0,0,
21413,um01413@example.net,010-0000-1413,1971-10-12,BASIC,서울,2025-07-29 11:42:41,2025-07-29 22:39:35,Y,N,N,0,0,
21414,um01414@example.com,010-0000-1414,1975-05-07,BASIC,서울,2024-03-06 20:48:21,2026-03-08 17:57:08,Y,N,Y,589000,350,2027-09-29
21415,um01415@example.net,010-0000-1415,1998-10-20,BASIC,울산,2026-01-22 11:54:45,2026-01-22 19:36:47,Y,N,N,0,0,
21416,um01416@example.com,010-0000-1416,1970-11-09,GOLD,경기,2025-10-24 19:37:08,2026-08-17 17:11:22,Y,N,N,0,15610,2027-02-01
21417,um01417@example.org,010-0000-1417,2001-07-24,BASIC,서울,2026-02-27 10:42:53,2026-03-01 19:26:33,Y,Y,N,0,3210,2027-07-22
21418,um01418@example.net,010-0000-1418,1987-06-03,GOLD,세종,2024-03-13 21:26:53,2026-08-07 21:13:03,Y,Y,Y,248000,6180,2026-12-31
21419,um01419@example.org,010-0000-1419,1978-12-26,GOLD,울산,2022-11-17 18:01:48,2024-04-04 20:42:15,Y,Y,N,0,6140,2027-10-05
21420,um01420@example.org,010-0000-1420,1999-03-08,GOLD,경기,2026-08-14 09:22:20,2026-09-01 09:46:24,N,N,N,0,9290,2026-09-02
21421,um01421@example.com,010-0000-1421,1975-11-22,BASIC,강원,2025-12-23 13:41:26,2025-12-23 17:14:48,N,N,N,0,397,2027-05-14
21422,um01422@example.org,010-0000-1422,1984-01-17,BASIC,서울,2025-08-10 23:47:46,2026-08-13 04:11:33,N,Y,N,0,280,2027-04-22
21423,um01423@example.com,010-0000-1423,1987-02-17,GOLD,경북,2023-06-11 21:10:22,2026-08-23 23:24:08,Y,N,Y,596000,9458,2027-07-25
21424,um01424@example.net,010-0000-1424,1988-02-20,GOLD,대전,2024-08-17 19:02:48,2026-09-02 16:38:37,Y,N,Y,44000,9424,2027-09-25
21425,um01425@example.com,010-0000-1425,1995-01-01,BASIC,강원,2023-10-16 09:56:33,2024-07-17 20:39:08,Y,Y,N,0,3260,2026-11-09
21426,um01426@example.net,010-0000-1426,2007-07-13,GOLD,경기,2024-01-10 11:45:30,2026-08-28 21:12:58,Y,N,N,0,6460,2027-09-16
21427,um01427@example.com,010-0000-1427,2004-06-21,BASIC,서울,2024-10-03 22:10:22,2026-05-07 05:59:43,N,Y,N,0,3280,2027-10-09
21428,um01428@example.net,010-0000-1428,1977-07-26,BASIC,부산,2025-03-07 20:46:54,2025-06-07 13:10:36,Y,N,N,0,2700,2027-10-02
21429,um01429@example.com,010-0000-1429,2001-08-21,BASIC,서울,2023-07-07 23:21:56,2026-08-29 05:13:11,Y,N,N,0,4630,2026-09-08
21430,um01430@example.net,010-0000-1430,1985-04-21,BASIC,경기,2026-02-06 19:30:42,2026-09-02 12:31:16,Y,Y,Y,146000,3710,2027-01-13
21431,um01431@example.com,010-0000-1431,1994-04-02,BASIC,대구,2026-08-31 09:04:52,2026-09-03 10:43:51,Y,N,N,0,5120,2027-03-28
21432,um01432@example.com,010-0000-1432,1979-04-13,BASIC,경기,2026-08-02 11:04:23,2026-09-02 15:44:11,N,N,N,0,4331,2027-05-26
21433,um01433@example.com,010-0000-1433,1984-04-03,VIP,경기,2026-04-26 20:39:08,2026-09-04 02:51:42,N,N,N,0,26240,2026-10-08
21434,um01434@example.net,010-0000-1434,1986-09-21,BASIC,충남,2026-06-17 11:43:37,2026-06-21 12:24:12,Y,N,N,0,540,2026-09-08
21435,um01435@example.org,010-0000-1435,1999-08-19,GOLD,충북,2026-02-25 20:16:30,2026-08-27 18:54:47,Y,Y,Y,132000,19270,2027-04-26
21436,um01436@example.com,010-0000-1436,1988-10-25,VIP,경기,2023-05-31 16:02:52,2026-08-07 18:17:42,Y,Y,Y,188000,24650,2027-09-11
21437,um01437@example.net,010-0000-1437,1997-03-04,BASIC,경북,2026-02-23 08:32:01,2026-08-06 10:47:45,N,Y,N,0,530,2027-10-02
21438,um01438@example.com,010-0000-1438,1982-10-11,BASIC,인천,2026-08-02 13:40:31,2026-09-02 08:26:08,N,N,N,0,6703,2026-09-02
21439,um01439@example.net,010-0000-1439,1981-09-23,GOLD,부산,2024-05-09 16:47:58,2026-08-28 18:18:54,N,N,Y,66000,9580,2027-06-27
21440,um01440@example.com,010-0000-1440,1986-04-09,BASIC,경기,2022-09-10 11:30:10,2025-12-06 01:02:23,Y,N,N,0,450,2027-01-15
21441,um01441@example.org,010-0000-1441,1994-02-06,BASIC,서울,2025-01-24 22:51:10,2025-04-18 12:20:28,Y,N,Y,87000,1460,2027-09-05
21442,um01442@example.net,010-0000-1442,1979-09-05,BASIC,경기,2026-08-29 20:32:12,2026-09-04 10:20:30,Y,Y,N,0,3850,2026-11-06
21443,um01443@example.org,010-0000-1443,1993-03-13,GOLD,서울,2025-02-18 19:24:24,2026-08-07 19:36:16,Y,Y,N,0,6050,2026-08-30
21444,um01444@example.com,010-0000-1444,1994-01-08,GOLD,경북,2025-02-24 20:15:51,2026-07-19 16:38:09,Y,Y,Y,117000,7100,2027-02-03
21445,um01445@example.com,010-0000-1445,2006-04-23,BASIC,서울,2024-10-24 12:50:23,2024-11-07 06:24:24,N,N,N,0,1570,2027-06-14
21446,um01446@example.org,010-0000-1446,1982-03-21,GOLD,서울,2025-11-16 15:31:20,2026-08-27 07:49:02,Y,Y,N,0,6050,2026-09-08
21447,um01447@example.net,010-0000-1447,1981-11-02,BASIC,서울,2026-07-11 21:49:51,2026-09-03 10:11:25,N,N,N,0,3650,2026-12-23
21448,um01448@example.org,010-0000-1448,1993-05-06,BASIC,서울,2026-04-29 16:09:35,2026-08-05 05:43:54,N,N,N,0,3680,2026-11-13
21449,um01449@example.net,010-0000-1449,1982-08-08,GOLD,경남,2023-07-15 21:15:05,2025-08-04 17:15:44,Y,N,N,0,12680,2027-01-15
21450,um01450@example.net,010-0000-1450,2004-09-18,GOLD,대구,2024-11-14 22:59:59,2026-09-01 19:03:32,N,Y,N,0,11710,2027-07-01
21451,um01451@example.com,010-0000-1451,2001-11-07,GOLD,광주,2025-09-16 13:54:42,2026-09-03 20:53:29,N,Y,N,0,18650,2027-06-29
21452,um01452@example.org,010-0000-1452,1978-09-09,BASIC,서울,2023-05-18 13:26:39,2025-01-24 17:20:10,Y,N,N,0,0,
21453,um01453@example.net,010-0000-1453,2002-02-11,BASIC,울산,2023-05-14 10:36:45,2026-02-22 01:22:20,N,Y,N,0,2540,2026-12-22
21454,um01454@example.com,010-0000-1454,1990-05-24,BASIC,경북,2026-06-06 21:47:58,2026-06-09 04:54:22,Y,Y,N,0,3370,2027-06-25
21455,um01455@example.org,010-0000-1455,1976-04-12,BASIC,서울,2026-08-30 14:52:08,2026-08-31 00:52:06,N,Y,N,0,5493,2027-03-10
21456,um01456@example.org,010-0000-1456,2002-12-05,BASIC,경기,2025-08-17 23:49:19,2026-08-28 23:08:50,Y,Y,N,0,4070,2027-03-07
21457,um01457@example.org,010-0000-1457,1997-06-04,BASIC,경기,2025-07-22 21:19:21,2026-06-11 23:23:00,Y,N,N,0,3437,2027-01-16
21458,um01458@example.com,010-0000-1458,1993-01-19,GOLD,광주,2025-01-30 21:18:21,2026-08-03 18:16:35,N,N,N,0,21107,2026-08-19
21459,um01459@example.com,010-0000-1459,1993-05-15,BASIC,부산,2025-09-06 21:25:32,2026-08-20 19:49:33,N,Y,N,0,3940,2027-02-12
21460,um01460@example.com,010-0000-1460,1984-02-11,GOLD,서울,2024-05-12 21:42:19,2026-07-13 08:39:40,N,N,N,0,6140,2027-03-21
21461,um01461@example.net,010-0000-1461,2006-04-12,BASIC,충남,2025-11-14 08:57:47,2026-08-16 13:21:10,Y,Y,N,0,1080,2026-10-14
21462,um01462@example.net,010-0000-1462,1971-08-07,BASIC,서울,2026-01-09 22:44:53,2026-05-04 15:01:49,Y,Y,Y,113000,3490,2027-02-20
21463,um01463@example.com,010-0000-1463,1980-03-22,BASIC,경기,2025-05-21 18:58:55,2026-08-29 14:01:42,Y,Y,N,0,4477,2026-12-24
21464,um01464@example.net,010-0000-1464,1997-09-10,BASIC,경북,2024-05-25 21:21:15,2026-06-09 11:44:51,N,Y,Y,192000,5170,2027-04-03
21465,um01465@example.org,010-0000-1465,1976-09-17,BASIC,전남,2023-12-24 20:19:20,2024-08-04 07:41:13,Y,Y,N,0,5457,2027-06-19
21466,um01466@example.org,010-0000-1466,2005-01-11,BASIC,강원,2026-02-05 22:15:25,2026-02-07 12:01:55,Y,Y,N,0,1030,2027-07-04
21467,um01467@example.org,010-0000-1467,2006-03-07,VIP,경기,2026-04-16 20:49:25,2026-09-01 11:41:46,Y,Y,N,0,21840,2027-08-09
21468,um01468@example.com,010-0000-1468,1996-03-27,GOLD,경기,2023-10-14 13:06:03,2026-09-01 11:51:32,Y,N,N,0,9782,2026-12-25
21469,um01469@example.net,010-0000-1469,1973-10-11,VIP,대전,2025-05-30 12:46:05,2026-08-15 23:57:05,N,Y,N,0,29230,2027-08-06
21470,um01470@example.com,010-0000-1470,1974-03-05,BASIC,경기,2026-03-05 20:10:20,2026-09-03 07:27:37,Y,Y,N,0,7220,2027-08-16
21471,um01471@example.com,010-0000-1471,1996-02-15,BASIC,경북,2026-03-03 13:21:43,2026-03-03 18:37:04,N,N,Y,27000,0,
21472,um01472@example.org,010-0000-1472,1983-04-04,BASIC,부산,2025-10-06 09:34:26,2025-10-22 06:06:25,Y,Y,N,0,2960,2026-10-19
21473,um01473@example.com,010-0000-1473,1989-11-08,BASIC,경북,2026-03-22 20:17:22,2026-09-01 19:14:47,Y,Y,N,0,560,2026-09-26
21474,um01474@example.net,010-0000-1474,1976-07-18,BASIC,전북,2024-07-02 12:08:00,2026-07-12 16:35:15,N,Y,N,0,3880,2027-05-21
21475,um01475@example.com,010-0000-1475,1989-01-18,BASIC,경기,2026-01-05 20:15:24,2026-01-08 09:47:47,Y,N,N,0,4819,2026-11-18
21476,um01476@example.com,010-0000-1476,1979-09-20,VIP,서울,2025-12-10 16:46:17,2026-08-30 18:42:15,Y,Y,N,0,24860,2027-03-11
21477,um01477@example.com,010-0000-1477,1988-02-16,GOLD,강원,2025-07-17 19:44:13,2026-07-26 00:33:36,Y,Y,N,0,6190,2026-09-26
21478,um01478@example.org,010-0000-1478,2006-08-14,BASIC,충남,2026-06-28 00:21:13,2026-08-25 23:07:52,N,Y,N,0,1430,2026-12-05
21479,um01479@example.org,010-0000-1479,1979-04-13,VIP,충남,2022-09-11 20:35:31,2026-08-27 12:27:55,Y,N,N,0,23830,2027-01-10
21480,um01480@example.com,010-0000-1480,1986-01-27,BASIC,서울,2024-10-26 22:21:09,2025-07-31 21:50:37,Y,Y,N,0,3178,2026-09-03
21481,um01481@example.com,010-0000-1481,1996-12-20,BASIC,경기,2026-07-16 00:00:45,2026-08-30 03:14:46,N,Y,N,0,4511,2027-07-27
21482,um01482@example.net,010-0000-1482,2006-05-23,GOLD,경북,2024-08-13 17:45:37,2025-01-25 11:50:59,Y,N,N,0,12729,2027-07-10
21483,um01483@example.com,010-0000-1483,2004-05-14,GOLD,부산,2026-06-09 21:08:55,2026-09-03 17:14:39,N,N,Y,430000,9760,2027-06-25
21484,um01484@example.org,010-0000-1484,1999-12-12,BASIC,경기,2026-01-16 14:48:39,2026-06-23 19:05:08,N,Y,N,0,3605,2026-12-29
21485,um01485@example.net,010-0000-1485,1985-04-07,GOLD,대구,2024-08-03 11:14:41,2026-08-25 12:20:24,N,Y,N,0,12922,2027-05-08
21486,um01486@example.net,010-0000-1486,1994-08-21,VIP,경기,2024-06-04 21:08:09,2026-08-30 10:42:15,N,N,N,0,24456,2027-02-01
21487,um01487@example.net,010-0000-1487,1995-12-18,GOLD,인천,2025-05-21 15:27:46,2026-08-25 07:07:18,Y,Y,N,0,10150,2026-11-26
21488,um01488@example.org,010-0000-1488,1971-11-13,BASIC,경남,2026-07-01 20:35:53,2026-07-03 07:26:50,N,N,N,0,720,2027-10-01
21489,um01489@example.net,010-0000-1489,2007-04-09,GOLD,경남,2025-07-24 20:00:42,2026-07-07 02:59:20,Y,N,N,0,7450,2027-01-03
21490,um01490@example.com,010-0000-1490,1991-08-01,BASIC,강원,2025-02-12 22:25:29,2026-09-01 12:56:02,Y,N,N,0,2710,2027-06-29
21491,um01491@example.com,010-0000-1491,1980-09-23,BASIC,광주,2026-07-14 16:09:54,2026-08-13 14:36:37,N,Y,N,0,4521,2027-05-19
21492,um01492@example.net,010-0000-1492,1982-01-28,BASIC,경남,2026-06-06 09:21:58,2026-08-24 12:08:00,N,Y,N,0,3790,2027-07-06
21493,um01493@example.net,010-0000-1493,1991-08-14,GOLD,경북,2026-04-27 18:29:57,2026-09-03 10:40:57,N,N,N,0,12290,2026-11-07
21494,um01494@example.org,010-0000-1494,1988-03-01,BASIC,경기,2025-01-13 00:49:28,2026-07-01 12:02:21,N,Y,N,0,1880,2027-09-14
21495,um01495@example.net,010-0000-1495,1977-04-18,BASIC,서울,2026-03-02 00:01:21,2026-09-04 10:42:20,N,Y,N,0,3610,2027-10-09
21496,um01496@example.net,010-0000-1496,2005-06-09,GOLD,대구,2025-06-07 20:08:20,2026-08-29 03:50:57,N,Y,N,0,13247,2027-08-07
21497,um01497@example.com,010-0000-1497,2002-11-11,BASIC,전북,2025-01-02 19:38:26,2026-07-24 09:49:12,Y,Y,N,0,520,2026-12-17
21498,um01498@example.com,010-0000-1498,1993-07-01,BASIC,서울,2025-09-07 12:59:31,2025-09-07 22:57:56,N,N,N,0,1511,2027-06-19
21499,um01499@example.com,010-0000-1499,1999-06-03,BASIC,충남,2025-06-15 15:14:42,2026-09-02 13:22:49,N,N,N,0,570,2027-04-22
21500,um01500@example.net,010-0000-1500,1995-10-16,GOLD,서울,2025-07-17 20:33:17,2026-08-26 19:16:25,Y,Y,N,0,8640,2026-12-05
21501,um01501@example.com,010-0000-1501,2001-01-10,BASIC,부산,2026-04-11 11:25:27,2026-04-11 13:16:54,Y,Y,N,0,0,
21502,um01502@example.com,010-0000-1502,1998-07-05,GOLD,경기,2024-02-18 22:15:09,2026-07-28 09:01:29,Y,Y,N,0,8470,2027-08-28
21503,um01503@example.com,010-0000-1503,1975-07-10,GOLD,광주,2024-05-26 22:36:37,2025-09-25 08:01:56,N,Y,N,0,6847,2027-09-22
21504,um01504@example.net,010-0000-1504,1974-04-14,GOLD,서울,2024-12-09 14:57:21,2026-05-17 10:04:40,N,N,N,0,10627,2027-02-22
21505,um01505@example.net,010-0000-1505,1973-01-04,BASIC,서울,2025-10-01 15:57:04,2026-08-09 17:21:21,Y,Y,N,0,4565,2027-08-12
21506,um01506@example.net,010-0000-1506,1989-10-03,BASIC,부산,2023-06-22 22:47:21,2026-07-31 01:07:52,Y,N,N,0,4350,2027-02-15
21507,um01507@example.org,010-0000-1507,1971-12-06,BASIC,경남,2025-07-05 21:38:10,2026-06-05 18:46:57,N,Y,Y,119000,2660,2027-02-09
21508,um01508@example.org,010-0000-1508,2005-08-07,GOLD,서울,2023-08-13 18:36:49,2026-08-04 18:18:15,Y,Y,N,0,9480,2026-11-17
21509,um01509@example.net,010-0000-1509,1981-11-20,BASIC,인천,2025-04-28 17:44:33,2026-07-18 08:03:36,N,Y,N,0,4039,2026-09-20
21510,um01510@example.com,010-0000-1510,1993-11-17,BASIC,인천,2026-03-23 15:48:59,2026-03-23 12:06:16,N,N,N,0,0,
21511,um01511@example.com,010-0000-1511,1985-10-02,BASIC,경기,2025-07-04 15:49:22,2026-06-27 08:42:17,Y,N,N,0,5940,2027-07-16
21512,um01512@example.com,010-0000-1512,1988-04-28,VIP,서울,2025-01-18 11:55:04,2026-08-28 15:44:59,N,N,Y,159000,29360,2027-07-05
21513,um01513@example.net,010-0000-1513,2005-07-20,GOLD,서울,2023-01-03 18:49:44,2026-08-26 12:01:03,Y,N,N,0,16927,2027-02-01
21514,um01514@example.com,010-0000-1514,2002-12-09,BASIC,부산,2025-03-01 22:42:18,2026-08-13 19:07:03,Y,N,N,0,1220,2027-06-24
21515,um01515@example.com,010-0000-1515,2001-09-12,GOLD,부산,2026-04-24 22:47:33,2026-08-26 22:33:45,Y,Y,N,0,8431,2026-11-14
21516,um01516@example.net,010-0000-1516,2000-11-14,BASIC,서울,2025-08-28 21:39:03,2025-09-02 21:05:29,N,Y,N,0,6112,2026-11-21
21517,um01517@example.net,010-0000-1517,1991-11-10,GOLD,충남,2026-01-02 19:57:34,2026-08-24 21:58:29,Y,N,N,0,7810,2027-03-20
21518,um01518@example.net,010-0000-1518,1984-11-11,VIP,서울,2025-12-18 00:19:21,2026-09-04 01:26:05,Y,Y,N,0,36800,2027-09-30
21519,um01519@example.net,010-0000-1519,1994-02-16,BASIC,부산,2024-08-23 14:30:51,2026-07-18 05:50:16,N,Y,N,0,7476,2026-08-31
21520,um01520@example.com,010-0000-1520,1973-06-27,GOLD,경기,2024-12-18 21:01:45,2026-08-08 07:26:44,N,Y,N,0,8310,2026-09-23
21521,um01521@example.com,010-0000-1521,1987-07-01,GOLD,경기,2026-08-21 16:51:28,2026-09-03 16:34:13,Y,N,N,0,19754,2026-12-25
21522,um01522@example.org,010-0000-1522,1971-01-08,BASIC,부산,2025-10-11 20:06:24,2026-09-04 07:52:53,Y,Y,N,0,5040,2027-08-03
21523,um01523@example.com,010-0000-1523,1979-11-10,BASIC,충북,2024-07-20 18:27:35,2026-04-26 00:16:18,Y,Y,Y,66000,1500,2027-10-09
21524,um01524@example.net,010-0000-1524,1989-04-20,BASIC,경기,2022-09-11 23:55:35,2026-09-02 08:19:56,Y,N,Y,786000,2660,2026-11-13
21525,um01525@example.com,010-0000-1525,1978-03-27,GOLD,전북,2026-06-04 18:18:47,2026-08-31 04:24:04,Y,N,N,0,8920,2027-06-30
21526,um01526@example.net,010-0000-1526,1983-04-07,BASIC,서울,2026-02-18 21:13:24,2026-02-18 12:38:26,N,Y,N,0,2941,2027-09-23
21527,um01527@example.com,010-0000-1527,1979-06-24,BASIC,충남,2024-06-28 22:48:46,2026-08-31 01:59:33,N,N,N,0,1850,2027-03-19
21528,um01528@example.com,010-0000-1528,2001-02-21,BASIC,서울,2026-08-01 21:10:53,2026-08-25 11:22:38,N,N,N,0,360,2027-01-06
21529,um01529@example.com,010-0000-1529,1984-11-27,GOLD,서울,2024-10-09 12:25:16,2026-05-27 11:23:48,Y,Y,N,0,6140,2026-10-21
21530,um01530@example.com,010-0000-1530,1999-01-08,GOLD,전북,2026-06-30 17:53:24,2026-08-30 11:59:05,N,Y,N,0,10810,2027-02-03
21531,um01531@example.net,010-0000-1531,1991-09-02,BASIC,인천,2022-08-16 20:38:28,2023-02-27 21:23:06,Y,N,N,0,292,2027-10-06
21532,um01532@example.com,010-0000-1532,2003-07-16,GOLD,인천,2023-03-20 14:37:18,2026-08-29 14:20:49,N,N,N,0,18600,2027-07-12
21533,um01533@example.com,010-0000-1533,1981-08-03,BASIC,경남,2026-08-04 11:47:27,2026-08-04 23:43:55,Y,N,Y,220000,2563,2027-03-24
21534,um01534@example.org,010-0000-1534,2002-01-15,BASIC,경북,2023-10-12 18:24:59,2026-08-27 09:00:53,Y,N,N,0,180,2027-06-14
21535,um01535@example.com,010-0000-1535,1993-12-13,BASIC,인천,2024-05-26 19:06:17,2026-08-25 02:57:28,Y,Y,N,0,3630,2027-02-28
21536,um01536@example.com,010-0000-1536,1999-07-22,GOLD,서울,2025-02-10 00:22:12,2025-04-18 10:30:32,N,Y,Y,241000,10560,2027-04-16
21537,um01537@example.com,010-0000-1537,1991-09-09,BASIC,부산,2026-02-01 21:40:07,2026-09-02 05:33:21,N,N,Y,274000,7103,2026-09-12
21538,um01538@example.com,010-0000-1538,1988-05-07,BASIC,인천,2026-03-19 22:28:43,2026-08-21 19:32:23,N,Y,N,0,3482,2026-10-21
21539,um01539@example.net,010-0000-1539,1991-06-27,BASIC,서울,2022-11-05 21:38:48,2025-05-09 02:00:16,Y,N,N,0,5080,2026-10-09
21540,um01540@example.org,010-0000-1540,1968-12-23,GOLD,인천,2024-10-30 19:58:13,2026-07-31 19:09:03,N,Y,N,0,22505,2026-09-16
21541,um01541@example.org,010-0000-1541,1968-03-07,GOLD,울산,2025-03-18 00:11:44,2025-04-20 16:06:23,Y,Y,N,0,11682,2026-09-17
21542,um01542@example.com,010-0000-1542,1972-04-07,GOLD,울산,2024-08-15 14:17:36,2026-07-27 11:36:06,Y,N,N,0,6560,2027-05-11
21543,um01543@example.org,010-0000-1543,1992-05-07,BASIC,울산,2023-11-02 11:04:01,2025-05-07 14:47:16,Y,N,N,0,0,
21544,um01544@example.com,010-0000-1544,1998-09-19,VIP,서울,2024-02-07 12:35:35,2026-08-30 23:33:18,N,Y,N,0,36410,2026-10-01
21545,um01545@example.net,010-0000-1545,1971-06-21,BASIC,경기,2024-04-21 09:31:55,2024-08-21 07:59:50,Y,Y,N,0,540,2027-03-28
21546,um01546@example.com,010-0000-1546,2001-06-21,BASIC,대구,2024-04-14 14:47:30,2025-01-12 20:31:42,N,Y,N,0,2990,2027-04-09
21547,um01547@example.net,010-0000-1547,2004-04-24,BASIC,광주,2025-06-07 19:57:43,2025-06-10 08:31:17,N,Y,N,0,1050,2027-01-15
21548,um01548@example.org,010-0000-1548,2000-06-12,BASIC,경남,2024-10-30 13:13:36,2025-04-17 19:03:24,Y,Y,N,0,1550,2027-01-12
21549,um01549@example.org,010-0000-1549,2003-07-21,GOLD,충북,2025-09-12 19:04:47,2026-09-03 12:18:48,Y,N,N,0,9410,2026-10-20
21550,um01550@example.net,010-0000-1550,1989-06-28,GOLD,전북,2023-08-26 09:48:32,2026-06-28 17:50:12,Y,Y,N,0,7840,2026-09-12
21551,um01551@example.com,010-0000-1551,2007-08-14,GOLD,서울,2026-07-12 20:37:00,2026-08-27 12:33:36,Y,Y,Y,48000,7270,2026-11-13
21552,um01552@example.com,010-0000-1552,1968-02-03,GOLD,부산,2024-07-05 13:50:08,2026-08-27 19:49:16,N,N,N,0,11008,2027-04-29
21553,um01553@example.com,010-0000-1553,1981-05-22,BASIC,경기,2025-05-01 20:39:31,2026-08-31 21:22:35,Y,Y,N,0,3376,2027-03-22
21554,um01554@example.org,010-0000-1554,1980-02-27,BASIC,서울,2025-03-09 18:16:36,2025-04-21 08:24:49,N,Y,N,0,3380,2026-08-27
21555,um01555@example.net,010-0000-1555,2004-04-27,BASIC,서울,2026-04-22 10:25:43,2026-04-23 18:04:26,N,N,N,0,7258,2027-06-24
21556,um01556@example.com,010-0000-1556,1985-11-10,BASIC,광주,2024-08-01 08:37:56,2026-05-07 04:29:22,Y,N,N,0,5321,2026-12-31
21557,um01557@example.com,010-0000-1557,1992-08-23,BASIC,경남,2023-07-04 14:43:41,2025-07-05 10:53:08,Y,N,N,0,1590,2027-03-13
21558,um01558@example.com,010-0000-1558,1985-01-02,GOLD,경기,2025-11-28 11:24:43,2026-09-02 23:41:51,Y,Y,Y,14000,17550,2027-04-01
21559,um01559@example.com,010-0000-1559,1979-08-22,BASIC,전북,2025-08-17 20:56:48,2025-08-18 10:45:15,N,N,N,0,0,
21560,um01560@example.com,010-0000-1560,1983-02-01,BASIC,경기,2025-09-22 13:08:10,2025-09-22 20:27:15,Y,N,N,0,0,
21561,um01561@example.net,010-0000-1561,2007-11-24,BASIC,충남,2026-03-21 09:30:45,2026-08-10 20:17:29,N,N,N,0,5730,2027-07-01
21562,um01562@example.com,010-0000-1562,1992-03-22,BASIC,경남,2023-01-21 23:54:33,2026-07-21 09:41:41,N,N,N,0,9590,2027-01-04
21563,um01563@example.org,010-0000-1563,1998-06-25,BASIC,경기,2024-03-15 19:06:49,2026-08-23 11:15:00,Y,N,N,0,2200,2027-01-26
21564,um01564@example.com,010-0000-1564,1998-07-25,BASIC,경남,2024-05-26 20:29:50,2024-08-14 13:20:57,Y,N,N,0,2025,2026-10-15
21565,um01565@example.com,010-0000-1565,1978-01-18,BASIC,경기,2024-01-17 13:13:28,2025-05-30 12:14:18,N,Y,N,0,0,
21566,um01566@example.net,010-0000-1566,1975-12-11,BASIC,부산,2025-05-03 17:04:47,2026-08-07 02:57:34,Y,Y,N,0,5750,2026-12-09
21567,um01567@example.org,010-0000-1567,2001-01-07,BASIC,서울,2024-09-09 22:28:21,2025-01-26 08:07:28,Y,Y,N,0,2630,2026-09-29
21568,um01568@example.com,010-0000-1568,1973-09-11,BASIC,전남,2026-08-30 11:31:12,2026-09-03 10:21:59,Y,N,N,0,4733,2027-03-30
21569,um01569@example.org,010-0000-1569,2005-12-09,BASIC,서울,2026-08-14 18:17:23,2026-09-01 09:41:06,Y,Y,N,0,0,
21570,um01570@example.net,010-0000-1570,1980-11-19,VIP,충북,2026-04-28 19:08:36,2026-09-02 22:13:38,Y,Y,N,0,50850,2027-03-19
21571,um01571@example.com,010-0000-1571,1983-12-17,BASIC,경남,2023-09-27 22:20:27,2025-12-17 05:35:13,Y,Y,Y,91000,1500,2027-01-09
21572,um01572@example.net,010-0000-1572,1970-07-09,BASIC,경기,2023-11-03 10:04:12,2025-10-09 20:32:35,Y,N,N,0,3615,2027-09-27
21573,um01573@example.com,010-0000-1573,1974-08-06,GOLD,전북,2026-02-28 15:25:10,2026-03-04 07:49:30,N,Y,N,0,7940,2027-06-25
21574,um01574@example.org,010-0000-1574,1974-01-15,BASIC,서울,2024-11-12 20:17:06,2026-08-25 23:30:34,Y,N,N,0,230,2027-01-06
21575,um01575@example.com,010-0000-1575,1993-09-07,GOLD,서울,2024-08-24 17:57:05,2026-07-21 13:31:45,Y,N,N,0,13049,2027-03-07
21576,um01576@example.net,010-0000-1576,1972-09-11,BASIC,경기,2026-05-28 10:02:56,2026-09-03 13:38:32,N,N,N,0,4060,2027-10-09
21577,um01577@example.com,010-0000-1577,1981-12-11,GOLD,대구,2024-10-25 12:57:09,2026-08-28 22:54:00,Y,Y,N,0,14180,2027-08-05
21578,um01578@example.com,010-0000-1578,1970-06-21,GOLD,서울,2023-06-14 11:58:43,2025-06-16 13:12:20,N,N,N,0,9120,2027-07-18
21579,um01579@example.net,010-0000-1579,1986-07-15,BASIC,서울,2023-03-18 22:43:32,2025-08-25 10:13:54,Y,Y,N,0,0,
21580,um01580@example.org,010-0000-1580,1975-10-03,GOLD,경북,2025-12-10 11:41:04,2026-08-25 08:41:57,Y,N,N,0,19460,2027-08-08
21581,um01581@example.net,010-0000-1581,2003-11-13,BASIC,전북,2024-07-31 16:55:42,2026-03-19 19:42:01,Y,N,N,0,3981,2027-02-11
21582,um01582@example.net,010-0000-1582,1998-07-18,BASIC,충남,2025-01-20 22:02:42,2025-01-20 11:50:17,N,Y,N,0,0,
21583,um01583@example.com,010-0000-1583,1989-04-18,GOLD,부산,2026-05-12 22:22:52,2026-08-26 14:48:06,Y,N,N,0,11620,2027-07-13
21584,um01584@example.com,010-0000-1584,1994-05-09,BASIC,서울,2026-01-17 14:45:17,2026-08-31 22:40:47,Y,N,N,0,3950,2027-04-24
21585,um01585@example.org,010-0000-1585,1995-11-04,BASIC,전남,2023-02-20 09:17:43,2025-10-06 22:49:29,Y,N,N,0,0,
21586,um01586@example.net,010-0000-1586,1988-07-22,BASIC,대구,2024-09-09 20:55:33,2026-07-29 14:12:31,N,N,Y,190000,1200,2027-09-28
21587,um01587@example.com,010-0000-1587,1986-04-11,BASIC,인천,2025-06-27 08:08:24,2026-08-28 15:06:45,Y,N,N,0,2160,2027-01-08
21588,um01588@example.org,010-0000-1588,1987-10-25,BASIC,서울,2025-03-30 22:41:44,2026-08-24 21:46:42,Y,N,Y,100000,2930,2027-07-21
21589,um01589@example.net,010-0000-1589,1975-07-04,GOLD,울산,2026-03-31 09:06:59,2026-08-30 03:14:22,N,N,N,0,15100,2027-04-12
21590,um01590@example.com,010-0000-1590,1983-11-18,BASIC,인천,2023-09-04 20:50:23,2026-05-16 15:42:37,Y,N,Y,36000,130,2027-07-21
21591,um01591@example.com,010-0000-1591,1971-06-19,BASIC,경남,2024-06-04 21:58:03,2026-06-07 04:02:22,Y,N,Y,177000,6705,2027-08-08
21592,um01592@example.net,010-0000-1592,1991-12-16,GOLD,서울,2026-03-31 09:45:24,2026-09-02 04:28:04,Y,Y,N,0,6240,2027-09-15
21593,um01593@example.com,010-0000-1593,1994-11-17,BASIC,대구,2025-06-20 22:44:43,2026-07-26 15:25:28,N,N,N,0,3780,2026-11-08
21594,um01594@example.net,010-0000-1594,1981-10-06,BASIC,부산,2025-02-17 00:59:27,2026-07-27 19:18:31,Y,Y,Y,385000,2470,2027-05-06
21595,um01595@example.com,010-0000-1595,1991-01-10,BASIC,충남,2024-06-30 23:42:52,2025-05-26 15:00:50,N,Y,N,0,720,2027-04-22
21596,um01596@example.net,010-0000-1596,2000-09-12,GOLD,강원,2026-06-18 15:22:39,2026-09-03 14:36:01,Y,N,N,0,13529,2026-11-21
21597,um01597@example.com,010-0000-1597,1977-12-28,BASIC,경남,2026-06-16 20:05:53,2026-08-28 14:33:03,Y,N,Y,144000,3770,2027-02-28
21598,um01598@example.com,010-0000-1598,1986-07-26,GOLD,강원,2024-04-23 18:44:34,2026-09-03 00:09:42,Y,Y,Y,678000,12340,2026-11-30
21599,um01599@example.net,010-0000-1599,1994-10-25,GOLD,경북,2022-12-28 13:16:25,2026-08-11 05:54:57,N,Y,N,0,17040,2027-08-28
21600,um01600@example.com,010-0000-1600,1978-03-21,BASIC,인천,2023-09-28 21:08:35,2026-02-06 09:08:50,N,Y,Y,393000,1100,2027-09-10
21601,um01601@example.com,010-0000-1601,1977-11-19,BASIC,울산,2022-12-26 13:37:44,2026-08-23 01:30:22,N,Y,N,0,3880,2026-11-16
21602,um01602@example.com,010-0000-1602,1975-02-01,GOLD,경기,2025-10-03 15:44:30,2026-07-10 06:28:39,N,N,N,0,10386,2027-03-05
21603,um01603@example.com,010-0000-1603,2000-08-28,GOLD,대구,2022-05-18 20:50:12,2026-06-30 12:26:34,Y,N,N,0,8510,2027-06-20
21604,um01604@example.com,010-0000-1604,1988-07-17,BASIC,경남,2023-10-06 20:07:30,2026-05-05 03:49:35,Y,N,N,0,1810,2026-08-26
21605,um01605@example.com,010-0000-1605,1981-11-18,BASIC,경기,2026-01-03 20:46:11,2026-08-20 08:35:12,Y,Y,N,0,4150,2027-02-18
21606,um01606@example.com,010-0000-1606,1985-05-18,BASIC,경남,2026-07-14 12:15:26,2026-07-14 23:40:08,Y,Y,Y,66000,0,
21607,um01607@example.net,010-0000-1607,1983-11-09,BASIC,부산,2025-09-27 22:02:11,2026-04-21 01:50:48,N,Y,N,0,1610,2027-09-09
21608,um01608@example.net,010-0000-1608,1992-09-16,GOLD,서울,2025-08-21 22:00:22,2026-08-23 11:03:38,N,Y,N,0,8020,2027-10-03
21609,um01609@example.com,010-0000-1609,1996-01-04,BASIC,서울,2024-02-03 20:57:18,2026-08-18 20:04:35,N,Y,Y,127000,1160,2027-10-02
21610,um01610@example.com,010-0000-1610,2000-10-28,GOLD,서울,2025-01-21 20:13:27,2026-08-22 10:38:32,Y,N,N,0,9090,2027-07-22
21611,um01611@example.com,010-0000-1611,2003-10-06,GOLD,경기,2025-01-24 19:11:07,2026-08-29 04:51:47,N,N,N,0,19000,2027-06-18
21612,um01612@example.com,010-0000-1612,1987-10-13,BASIC,경기,2024-06-23 11:18:10,2026-07-26 17:43:58,N,N,N,0,2290,2027-02-22
21613,um01613@example.net,010-0000-1613,1974-06-14,BASIC,경기,2023-06-14 10:51:41,2025-09-21 19:27:41,Y,N,N,0,4670,2026-09-20
21614,um01614@example.org,010-0000-1614,1999-06-15,BASIC,대구,2025-07-17 11:28:51,2026-05-28 21:34:04,N,Y,N,0,6115,2026-12-23
21615,um01615@example.net,010-0000-1615,1971-02-10,BASIC,울산,2025-11-24 13:21:03,2025-12-25 09:24:35,Y,Y,N,0,750,2027-01-03
21616,um01616@example.net,010-0000-1616,2008-09-26,BASIC,세종,2026-07-25 21:30:28,2026-08-22 15:31:15,Y,N,N,0,3000,2026-12-07
21617,um01617@example.org,010-0000-1617,1989-02-18,BASIC,경남,2024-10-29 14:33:55,2026-06-17 10:48:02,Y,Y,N,0,2000,2027-07-10
21618,um01618@example.com,010-0000-1618,2003-01-11,VIP,전남,2025-11-18 18:59:46,2026-09-04 12:44:04,Y,N,N,0,34170,2026-09-11
21619,um01619@example.com,010-0000-1619,1980-04-11,BASIC,경기,2025-06-01 14:41:45,2026-09-03 17:22:15,Y,Y,N,0,1620,2027-04-18
21620,um01620@example.org,010-0000-1620,1974-12-05,BASIC,경남,2024-02-06 10:17:44,2024-10-03 11:46:28,Y,N,N,0,1310,2026-09-22
21621,um01621@example.net,010-0000-1621,1992-06-26,BASIC,경기,2024-08-10 22:45:04,2025-03-21 22:43:44,N,N,N,0,0,
21622,um01622@example.org,010-0000-1622,2005-11-02,BASIC,경남,2022-08-15 15:58:24,2025-09-07 11:24:35,N,N,Y,78000,960,2026-10-15
21623,um01623@example.com,010-0000-1623,1987-01-21,GOLD,충북,2026-05-21 18:30:09,2026-09-03 03:29:31,Y,Y,N,0,7000,2026-11-12
21624,um01624@example.net,010-0000-1624,1981-02-21,VIP,서울,2025-10-10 14:45:50,2026-08-29 06:57:17,N,N,N,0,25616,2027-05-21
21625,um01625@example.org,010-0000-1625,1988-02-21,BASIC,인천,2025-01-01 15:58:02,2026-08-17 20:31:31,Y,N,N,0,5650,2027-06-10
21626,um01626@example.com,010-0000-1626,1973-06-06,BASIC,대전,2025-07-25 22:08:37,2026-09-04 08:38:48,Y,N,N,0,7489,2027-06-12
21627,um01627@example.com,010-0000-1627,1984-10-06,GOLD,강원,2024-04-19 21:32:45,2026-08-17 13:48:04,N,Y,N,0,9290,2026-10-10
21628,um01628@example.com,010-0000-1628,1986-01-02,BASIC,서울,2025-08-17 21:30:29,2026-08-22 11:06:04,N,N,Y,115000,2860,2026-12-23
21629,um01629@example.com,010-0000-1629,1999-12-06,BASIC,경기,2024-08-27 20:40:02,2025-02-01 08:01:40,N,Y,Y,48000,1640,2026-11-22
21630,um01630@example.net,010-0000-1630,1983-01-06,BASIC,서울,2024-06-13 18:49:20,2025-10-19 15:11:08,N,Y,Y,104000,0,
21631,um01631@example.net,010-0000-1631,2006-01-20,BASIC,충남,2026-06-29 10:05:06,2026-08-10 03:10:40,N,Y,N,0,2170,2027-06-30
21632,um01632@example.com,010-0000-1632,1971-07-06,BASIC,대구,2023-09-30 23:55:36,2026-08-09 21:57:10,Y,Y,N,0,340,2026-09-21
21633,um01633@example.com,010-0000-1633,1994-09-26,GOLD,경기,2026-03-19 20:32:02,2026-08-09 13:30:07,Y,Y,Y,174000,20331,2027-06-20
21634,um01634@example.net,010-0000-1634,1981-11-01,BASIC,경기,2025-09-30 15:15:54,2026-07-22 04:27:52,Y,Y,N,0,2560,2026-09-08
21635,um01635@example.com,010-0000-1635,1975-12-23,BASIC,경기,2025-08-21 15:12:11,2026-05-17 22:37:51,N,Y,N,0,6059,2026-10-18
21636,um01636@example.net,010-0000-1636,1999-10-17,BASIC,대구,2022-10-20 22:20:53,2026-08-30 17:49:59,Y,Y,N,0,8072,2026-10-02
21637,um01637@example.com,010-0000-1637,1973-06-15,GOLD,경기,2025-09-07 13:34:11,2025-09-11 13:24:43,Y,N,N,0,10890,2027-05-25
21638,um01638@example.com,010-0000-1638,1995-08-20,GOLD,서울,2026-05-15 20:39:38,2026-09-02 07:25:23,Y,Y,N,0,20863,2027-05-11
21639,um01639@example.com,010-0000-1639,1994-07-21,BASIC,인천,2025-09-30 20:55:56,2026-07-27 22:48:26,Y,N,Y,266000,1100,2027-06-03
21640,um01640@example.net,010-0000-1640,1974-05-18,BASIC,제주,2025-08-05 19:12:07,2025-08-14 21:14:16,Y,N,Y,71000,0,
21641,um01641@example.com,010-0000-1641,1979-12-14,BASIC,대구,2025-06-19 11:22:15,2025-06-19 16:25:24,Y,Y,N,0,0,
21642,um01642@example.com,010-0000-1642,1977-02-04,BASIC,인천,2025-12-07 13:29:10,2026-03-09 20:02:00,Y,Y,Y,238000,0,
21643,um01643@example.com,010-0000-1643,1986-05-20,BASIC,경북,2026-01-08 21:25:35,2026-09-01 14:00:26,N,N,N,0,940,2027-02-26
21644,um01644@example.net,010-0000-1644,1972-07-11,BASIC,부산,2026-03-16 21:15:39,2026-08-25 11:05:55,N,N,N,0,530,2027-03-26
21645,um01645@example.com,010-0000-1645,1982-01-24,GOLD,경남,2024-05-24 23:12:06,2026-09-02 06:01:00,Y,N,N,0,10440,2027-05-22
21646,um01646@example.com,010-0000-1646,1979-05-23,GOLD,전북,2025-03-21 21:35:59,2025-05-01 06:37:27,Y,Y,N,0,9101,2027-01-22
21647,um01647@example.com,010-0000-1647,1990-10-24,GOLD,서울,2022-06-08 14:09:09,2026-07-28 09:51:40,Y,Y,N,0,15141,2026-12-12
21648,um01648@example.org,010-0000-1648,1968-09-10,GOLD,경기,2023-01-18 23:45:54,2025-01-31 14:43:07,N,N,N,0,8989,2027-06-15
21649,um01649@example.com,010-0000-1649,2008-04-21,BASIC,경기,2024-06-27 11:18:01,2026-06-01 19:58:07,Y,Y,N,0,0,
21650,um01650@example.org,010-0000-1650,1992-05-12,BASIC,경남,2026-08-04 14:26:43,2026-09-02 02:10:31,Y,Y,N,0,2490,2027-09-10
21651,um01651@example.com,010-0000-1651,2001-07-22,BASIC,경북,2026-04-10 21:09:54,2026-08-25 10:11:36,N,Y,N,0,3660,2027-07-16
21652,um01652@example.org,010-0000-1652,2005-07-04,BASIC,인천,2023-10-20 11:40:41,2026-07-22 10:00:38,Y,N,N,0,1510,2026-10-07
21653,um01653@example.org,010-0000-1653,1985-02-05,GOLD,부산,2026-07-20 23:02:18,2026-09-03 22:15:30,N,Y,N,0,17450,2027-03-17
21654,um01654@example.net,010-0000-1654,1999-05-15,BASIC,경기,2024-04-01 23:16:45,2026-08-25 05:49:04,Y,Y,N,0,620,2027-03-25
21655,um01655@example.org,010-0000-1655,1982-02-10,BASIC,경남,2026-07-15 16:08:43,2026-09-04 11:00:26,Y,N,N,0,300,2026-12-06
21656,um01656@example.com,010-0000-1656,1995-02-28,BASIC,서울,2024-08-27 09:49:43,2026-08-22 06:55:57,Y,N,N,0,1180,2027-08-27
21657,um01657@example.com,010-0000-1657,1992-09-21,BASIC,경기,2024-02-03 12:00:35,2025-06-28 01:27:19,Y,N,N,0,5338,2027-01-08
21658,um01658@example.net,010-0000-1658,1977-02-11,GOLD,서울,2026-05-09 22:16:32,2026-09-01 19:40:28,Y,N,Y,80000,11620,2027-06-20
21659,um01659@example.com,010-0000-1659,1991-01-08,BASIC,경기,2023-10-20 23:41:35,2026-08-03 13:58:31,N,N,N,0,3660,2027-04-22
21660,um01660@example.com,010-0000-1660,1974-08-21,BASIC,경기,2023-05-25 20:04:03,2026-06-01 23:56:12,Y,N,N,0,1533,2027-04-11
21661,um01661@example.org,010-0000-1661,1988-09-09,BASIC,전북,2026-04-08 16:21:18,2026-04-12 11:43:07,N,Y,N,0,599,2026-12-16
21662,um01662@example.net,010-0000-1662,1995-09-14,BASIC,서울,2025-06-02 12:50:03,2026-06-04 09:26:40,Y,Y,N,0,4240,2027-08-19
21663,um01663@example.net,010-0000-1663,1989-09-27,BASIC,경기,2025-04-25 21:30:02,2026-08-18 15:06:05,Y,Y,N,0,3150,2026-12-12
21664,um01664@example.com,010-0000-1664,1991-03-07,GOLD,서울,2023-10-22 21:35:31,2026-08-26 22:10:16,N,Y,N,0,10670,2027-10-01
21665,um01665@example.net,010-0000-1665,1976-07-16,BASIC,부산,2023-04-08 19:51:09,2025-04-26 02:35:57,N,Y,N,0,2343,2027-02-01
21666,um01666@example.com,010-0000-1666,2007-10-07,BASIC,대구,2024-05-13 23:38:18,2024-11-20 18:23:36,Y,N,N,0,0,
21667,um01667@example.org,010-0000-1667,2003-04-26,BASIC,서울,2023-04-08 21:32:32,2026-09-02 19:09:39,Y,Y,N,0,2750,2027-10-01
21668,um01668@example.net,010-0000-1668,1983-04-06,BASIC,부산,2025-02-08 13:56:05,2026-07-09 08:51:32,Y,Y,N,0,5680,2027-08-01
21669,um01669@example.com,010-0000-1669,1973-02-26,BASIC,대구,2026-02-11 12:10:30,2026-02-27 04:41:34,Y,N,N,0,3611,2027-07-26
21670,um01670@example.net,010-0000-1670,1990-12-25,BASIC,충남,2023-09-07 09:57:39,2026-08-28 13:00:36,Y,Y,N,0,1800,2026-09-29
21671,um01671@example.com,010-0000-1671,1980-09-23,GOLD,대구,2026-06-18 14:11:58,2026-09-03 07:00:01,N,Y,N,0,13740,2026-11-29
21672,um01672@example.org,010-0000-1672,1998-02-26,BASIC,세종,2022-10-06 14:19:26,2023-09-21 20:01:40,Y,N,N,0,2612,2027-06-20
21673,um01673@example.net,010-0000-1673,1976-09-02,GOLD,서울,2024-03-08 13:00:52,2026-09-01 10:40:17,N,Y,N,0,18780,2027-09-16
21674,um01674@example.com,010-0000-1674,1991-03-23,BASIC,경기,2024-08-25 10:44:24,2026-04-02 21:13:47,N,Y,N,0,890,2027-01-08
21675,um01675@example.com,010-0000-1675,1990-09-22,BASIC,경기,2022-09-04 12:30:03,2026-04-29 21:22:33,Y,Y,N,0,6301,2027-01-21
21676,um01676@example.com,010-0000-1676,1990-11-21,VIP,세종,2026-07-13 19:45:16,2026-09-03 04:21:28,Y,Y,N,0,24040,2026-09-03
21677,um01677@example.com,010-0000-1677,1969-02-18,BASIC,충남,2023-10-20 09:17:18,2026-08-10 15:53:08,Y,Y,Y,547000,700,2027-09-16
21678,um01678@example.com,010-0000-1678,1968-07-17,BASIC,경남,2023-05-02 17:50:03,2026-08-29 16:28:43,N,Y,N,0,2000,2027-09-25
21679,um01679@example.com,010-0000-1679,1996-04-12,GOLD,광주,2024-06-27 17:21:49,2026-08-14 01:32:22,N,Y,N,0,10730,2027-01-29
21680,um01680@example.com,010-0000-1680,1996-09-01,BASIC,대구,2024-04-18 21:15:50,2026-04-12 15:17:56,Y,Y,Y,53000,4650,2026-11-18
21681,um01681@example.net,010-0000-1681,1975-06-01,BASIC,서울,2025-08-17 12:23:52,2025-08-17 21:58:16,Y,N,N,0,105,2027-09-19
21682,um01682@example.com,010-0000-1682,2005-05-15,GOLD,경남,2025-05-27 14:14:56,2026-09-02 06:24:39,Y,Y,N,0,16400,2027-05-28
21683,um01683@example.org,010-0000-1683,1979-07-09,GOLD,서울,2025-03-06 18:37:57,2026-09-01 11:34:24,N,N,N,0,13080,2026-10-31
21684,um01684@example.com,010-0000-1684,1976-04-18,GOLD,경남,2022-08-05 20:02:19,2026-08-25 09:56:49,Y,N,Y,182000,8980,2027-07-14
21685,um01685@example.net,010-0000-1685,1977-02-27,BASIC,경기,2026-07-29 18:16:03,2026-08-30 20:27:26,Y,Y,N,0,5159,2026-10-05
21686,um01686@example.net,010-0000-1686,1993-07-06,VIP,서울,2026-02-19 12:11:27,2026-08-31 04:15:21,Y,Y,N,0,20220,2027-04-26
21687,um01687@example.com,010-0000-1687,1988-08-20,VIP,서울,2022-09-02 23:25:22,2026-06-04 00:15:46,Y,Y,N,0,23510,2026-09-30
21688,um01688@example.com,010-0000-1688,1988-06-19,VIP,강원,2022-12-19 14:40:17,2026-08-21 09:11:07,Y,N,N,0,25050,2026-09-23
21689,um01689@example.net,010-0000-1689,1971-08-06,BASIC,서울,2025-12-15 10:42:13,2026-07-27 07:09:08,N,Y,N,0,380,2026-09-22
21690,um01690@example.net,010-0000-1690,2003-05-13,BASIC,경기,2025-11-23 15:22:41,2026-06-26 23:57:12,Y,Y,N,0,9707,2026-11-12
21691,um01691@example.org,010-0000-1691,1985-04-09,BASIC,경남,2023-02-22 16:14:29,2023-10-03 20:40:47,Y,N,N,0,0,
21692,um01692@example.com,010-0000-1692,1985-04-08,BASIC,충남,2022-10-19 18:18:08,2026-02-11 11:00:37,Y,N,N,0,2800,2027-07-01
21693,um01693@example.net,010-0000-1693,1968-10-08,BASIC,전북,2025-10-27 00:26:03,2025-11-28 07:13:00,Y,N,N,0,3980,2027-01-11
21694,um01694@example.net,010-0000-1694,1968-10-24,BASIC,서울,2026-08-15 16:11:44,2026-09-03 14:15:31,Y,N,N,0,4470,2027-03-05
21695,um01695@example.com,010-0000-1695,1977-07-26,BASIC,서울,2024-12-07 21:07:49,2024-12-08 14:14:17,Y,N,N,0,780,2026-10-18
21696,um01696@example.com,010-0000-1696,1995-09-05,BASIC,대전,2024-09-27 14:50:32,2024-12-08 17:43:05,Y,Y,N,0,1940,2027-07-13
21697,um01697@example.com,010-0000-1697,1969-05-04,VIP,대구,2025-09-16 17:24:57,2026-08-03 14:47:54,N,Y,N,0,44680,2027-04-23
21698,um01698@example.org,010-0000-1698,1979-08-11,BASIC,경기,2026-07-30 17:51:11,2026-09-02 02:57:28,Y,Y,N,0,940,2027-08-11
21699,um01699@example.net,010-0000-1699,1976-01-02,BASIC,경기,2024-12-22 21:55:20,2025-03-30 13:31:02,Y,Y,N,0,4366,2027-02-12
21700,um01700@example.net,010-0000-1700,1998-02-10,GOLD,서울,2023-09-04 14:06:51,2026-08-26 11:01:15,N,Y,Y,391000,7920,2026-12-20
21701,um01701@example.com,010-0000-1701,2005-05-23,BASIC,경기,2025-03-04 20:53:31,2026-06-03 08:02:03,N,N,N,0,2660,2026-11-02
21702,um01702@example.org,010-0000-1702,2001-07-09,BASIC,광주,2025-10-24 23:37:31,2026-08-15 12:52:20,Y,N,N,0,0,
21703,um01703@example.org,010-0000-1703,1974-03-22,BASIC,부산,2026-08-07 13:25:52,2026-08-10 15:26:41,Y,Y,N,0,5913,2027-05-21
21704,um01704@example.com,010-0000-1704,1980-06-24,VIP,서울,2023-01-11 11:04:33,2026-08-10 22:26:56,Y,Y,N,0,24180,2027-05-14
21705,um01705@example.net,010-0000-1705,1988-05-08,BASIC,경기,2022-11-11 21:42:00,2026-08-27 08:34:53,N,Y,Y,163000,5810,2026-09-21
21706,um01706@example.com,010-0000-1706,1969-10-19,BASIC,경북,2026-01-14 18:56:36,2026-08-14 19:16:23,N,Y,Y,146000,2962,2027-03-26
21707,um01707@example.com,010-0000-1707,1988-02-06,GOLD,충남,2024-07-10 22:32:39,2026-08-22 03:28:50,N,Y,N,0,8260,2027-04-02
21708,um01708@example.net,010-0000-1708,1978-11-14,BASIC,서울,2024-08-22 10:00:45,2026-08-21 10:28:38,Y,N,N,0,5460,2026-08-20
21709,um01709@example.net,010-0000-1709,1999-05-23,VIP,경기,2023-01-11 20:27:41,2026-08-20 22:57:05,Y,N,Y,306000,26991,2026-10-18
21710,um01710@example.com,010-0000-1710,1995-04-02,GOLD,부산,2024-06-25 11:41:05,2026-07-04 00:14:16,Y,Y,N,0,18070,2026-08-31
21711,um01711@example.net,010-0000-1711,1984-07-10,BASIC,충남,2023-11-12 11:32:38,2026-09-01 07:24:56,N,Y,N,0,3740,2027-01-23
21712,um01712@example.com,010-0000-1712,2008-04-09,GOLD,경기,2026-01-10 12:41:31,2026-01-14 16:34:04,N,N,N,0,12334,2027-07-22
21713,um01713@example.com,010-0000-1713,1974-10-28,BASIC,제주,2023-08-16 11:37:21,2026-07-13 14:09:01,N,N,N,0,3760,2026-10-04
21714,um01714@example.com,010-0000-1714,1969-08-09,BASIC,경북,2026-06-22 22:21:52,2026-09-02 19:30:57,N,Y,Y,44000,1150,2027-04-07
21715,um01715@example.org,010-0000-1715,1970-08-21,BASIC,서울,2025-05-22 14:11:02,2026-07-10 16:45:57,N,N,N,0,6669,2027-03-03
21716,um01716@example.org,010-0000-1716,1989-06-17,BASIC,광주,2025-01-10 12:34:23,2026-04-28 18:59:42,Y,Y,N,0,0,
21717,um01717@example.net,010-0000-1717,1994-01-08,BASIC,부산,2025-10-12 20:47:42,2026-07-14 08:25:24,N,Y,N,0,4840,2027-05-02
21718,um01718@example.net,010-0000-1718,1977-08-06,BASIC,세종,2025-06-01 00:11:28,2025-06-19 17:17:21,N,N,N,0,4983,2027-04-07
21719,um01719@example.org,010-0000-1719,2000-04-03,GOLD,서울,2025-10-23 16:59:42,2025-10-27 15:50:24,Y,Y,N,0,6340,2026-10-11
21720,um01720@example.com,010-0000-1720,2000-08-07,BASIC,제주,2026-07-23 11:00:47,2026-07-23 21:01:54,N,N,N,0,0,
21721,um01721@example.com,010-0000-1721,2008-02-16,BASIC,대구,2026-01-21 19:53:50,2026-08-20 20:20:47,N,N,Y,190000,400,2027-05-03
21722,um01722@example.com,010-0000-1722,1976-01-01,BASIC,전남,2025-05-21 19:24:34,2026-03-21 19:45:07,N,Y,N,0,4293,2027-03-26
21723,um01723@example.com,010-0000-1723,1980-09-02,BASIC,부산,2022-09-18 10:16:33,2026-04-29 08:36:51,Y,N,N,0,440,2027-06-02
21724,um01724@example.com,010-0000-1724,1996-02-19,BASIC,대전,2023-04-21 22:24:27,2026-06-27 17:20:56,N,Y,N,0,6034,2027-08-30
21725,um01725@example.com,010-0000-1725,2004-11-04,BASIC,충남,2023-12-04 20:16:39,2026-08-04 10:23:52,N,Y,N,0,420,2026-11-17
21726,um01726@example.org,010-0000-1726,1974-06-12,BASIC,서울,2025-02-11 00:23:22,2025-12-09 18:19:20,N,N,N,0,800,2026-12-24
21727,um01727@example.org,010-0000-1727,2004-07-25,GOLD,경남,2023-09-25 17:31:05,2026-08-23 09:15:50,N,Y,N,0,18270,2026-09-30
21728,um01728@example.org,010-0000-1728,1982-07-12,BASIC,서울,2026-07-17 18:23:55,2026-08-30 05:20:16,Y,N,N,0,1930,2027-03-22
21729,um01729@example.net,010-0000-1729,1975-06-04,BASIC,경기,2024-07-08 11:01:18,2026-06-03 17:44:02,N,N,N,0,7391,2027-08-09
21730,um01730@example.com,010-0000-1730,1988-03-02,BASIC,경기,2023-06-16 12:52:03,2024-04-05 15:53:18,Y,N,N,0,3260,2027-07-28
21731,um01731@example.net,010-0000-1731,1988-07-28,BASIC,충남,2025-12-06 15:26:43,2026-08-20 09:55:39,Y,Y,N,0,5171,2026-10-14
21732,um01732@example.com,010-0000-1732,1982-03-24,BASIC,부산,2026-01-04 20:05:54,2026-06-13 13:12:32,N,N,Y,76000,270,2027-05-07
21733,um01733@example.net,010-0000-1733,1971-11-08,VIP,경북,2022-12-16 22:03:37,2026-08-31 06:06:46,N,Y,N,0,25520,2026-11-02
21734,um01734@example.com,010-0000-1734,1974-09-04,BASIC,경기,2024-11-22 13:05:12,2026-06-03 20:46:31,Y,N,N,0,2380,2027-03-15
21735,um01735@example.com,010-0000-1735,1971-12-26,BASIC,경남,2024-09-28 22:12:17,2024-10-12 17:45:30,Y,Y,N,0,3310,2026-09-28
21736,um01736@example.com,010-0000-1736,2001-10-24,BASIC,경북,2026-05-10 09:11:44,2026-08-21 13:09:07,Y,Y,N,0,0,
21737,um01737@example.net,010-0000-1737,1979-03-20,GOLD,경기,2026-01-20 14:19:33,2026-09-02 22:45:01,Y,N,N,0,8660,2027-05-11
21738,um01738@example.com,010-0000-1738,2001-09-10,BASIC,경북,2024-10-16 22:02:17,2025-01-02 20:27:57,N,Y,N,0,2880,2027-04-08
21739,um01739@example.com,010-0000-1739,1994-12-21,GOLD,경기,2025-11-08 21:36:29,2026-08-03 13:18:48,N,N,N,0,7960,2027-10-08
21740,um01740@example.com,010-0000-1740,1995-08-13,BASIC,서울,2025-12-07 22:14:51,2025-12-07 10:36:05,N,Y,N,0,2940,2026-08-29
21741,um01741@example.com,010-0000-1741,1974-06-12,BASIC,제주,2024-03-29 22:03:36,2026-05-22 19:04:18,N,N,Y,146000,6292,2027-04-01
21742,um01742@example.com,010-0000-1742,2007-10-10,GOLD,서울,2023-03-04 18:35:04,2026-08-09 18:38:04,Y,N,Y,155000,11210,2026-12-26
21743,um01743@example.com,010-0000-1743,1988-03-25,BASIC,서울,2023-10-23 21:17:15,2025-02-16 17:55:15,Y,N,N,0,190,2027-03-18
21744,um01744@example.net,010-0000-1744,2001-12-18,GOLD,경기,2025-11-16 17:47:10,2026-08-26 16:56:20,Y,Y,N,0,9020,2026-09-19
21745,um01745@example.com,010-0000-1745,1968-05-05,GOLD,경남,2025-09-28 20:50:18,2026-08-20 00:45:57,N,N,N,0,6030,2027-02-20
21746,um01746@example.com,010-0000-1746,1974-12-15,BASIC,강원,2025-02-16 15:44:02,2025-02-18 08:28:31,N,Y,N,0,1390,2027-01-17
21747,um01747@example.com,010-0000-1747,1987-02-24,GOLD,경기,2023-03-30 12:56:15,2025-07-01 22:33:05,N,N,N,0,7540,2027-06-08
21748,um01748@example.com,010-0000-1748,1980-10-25,BASIC,전남,2023-08-21 12:31:37,2025-07-11 23:30:11,N,Y,N,0,0,
21749,um01749@example.com,010-0000-1749,1977-07-04,GOLD,경기,2024-11-12 21:57:35,2026-08-22 14:45:42,Y,Y,N,0,6770,2027-06-15
21750,um01750@example.org,010-0000-1750,1978-12-19,VIP,전남,2025-02-24 09:44:49,2026-08-24 06:47:36,Y,N,N,0,21080,2026-10-20
21751,um01751@example.net,010-0000-1751,1969-03-23,GOLD,서울,2025-02-18 15:23:21,2026-09-01 09:42:16,Y,Y,N,0,6988,2026-08-31
21752,um01752@example.com,010-0000-1752,1989-01-01,BASIC,부산,2024-02-09 20:34:27,2024-11-15 20:00:53,Y,N,N,0,4547,2026-08-21
21753,um01753@example.org,010-0000-1753,1985-04-12,BASIC,충남,2023-08-05 19:23:16,2025-04-27 23:31:06,Y,Y,N,0,1241,2026-09-03
21754,um01754@example.com,010-0000-1754,1988-10-21,BASIC,서울,2026-03-16 22:19:41,2026-08-29 08:49:09,N,N,Y,142000,4224,2027-02-16
21755,um01755@example.com,010-0000-1755,1989-11-10,GOLD,경기,2023-04-21 22:53:55,2026-07-25 08:39:59,N,Y,N,0,7801,2026-11-22
21756,um01756@example.net,010-0000-1756,1984-02-21,VIP,서울,2026-07-31 14:34:45,2026-09-03 20:11:41,Y,Y,N,0,23470,2027-04-19
21757,um01757@example.com,010-0000-1757,1996-07-27,BASIC,서울,2025-09-29 18:12:28,2026-06-14 17:44:29,Y,Y,Y,350000,3650,2027-06-02
21758,um01758@example.com,010-0000-1758,2000-01-12,GOLD,서울,2026-08-25 20:52:57,2026-09-03 16:33:37,N,Y,N,0,13520,2027-08-14
21759,um01759@example.org,010-0000-1759,1982-06-03,BASIC,경기,2024-05-26 15:17:26,2025-02-04 22:51:22,N,N,N,0,0,
21760,um01760@example.net,010-0000-1760,1992-02-11,BASIC,서울,2023-02-01 18:57:55,2026-08-21 16:43:01,N,N,N,0,3750,2027-06-16
21761,um01761@example.com,010-0000-1761,1999-11-03,GOLD,부산,2026-05-31 12:33:04,2026-08-31 16:00:13,N,Y,N,0,6660,2027-08-21
21762,um01762@example.org,010-0000-1762,2001-04-26,GOLD,경남,2023-11-13 17:37:23,2026-08-24 17:09:02,Y,Y,N,0,10650,2027-03-07
21763,um01763@example.com,010-0000-1763,1972-02-15,BASIC,경북,2022-07-08 16:11:48,2025-10-14 11:39:06,Y,N,N,0,0,
21764,um01764@example.net,010-0000-1764,1995-08-19,BASIC,서울,2026-07-30 21:03:00,2026-08-15 05:54:01,N,Y,N,0,6202,2026-12-03
21765,um01765@example.com,010-0000-1765,1977-03-09,BASIC,충남,2026-01-31 09:01:08,2026-09-02 18:23:35,Y,Y,N,0,4800,2027-06-29
21766,um01766@example.com,010-0000-1766,1981-09-16,GOLD,서울,2024-04-06 21:50:42,2026-07-18 11:33:52,N,N,N,0,9670,2027-04-12
21767,um01767@example.com,010-0000-1767,2003-09-15,BASIC,부산,2025-11-01 21:07:49,2026-04-28 16:11:59,Y,N,N,0,6273,2026-12-15
21768,um01768@example.net,010-0000-1768,1978-09-08,GOLD,경북,2025-09-27 11:22:12,2026-09-02 02:16:43,Y,Y,N,0,6220,2027-06-24
21769,um01769@example.org,010-0000-1769,1994-04-24,BASIC,경북,2024-02-04 18:41:20,2025-07-30 05:34:55,Y,Y,N,0,1740,2026-08-26
21770,um01770@example.com,010-0000-1770,1974-07-15,BASIC,인천,2025-09-22 17:00:57,2026-03-23 22:01:05,N,N,N,0,940,2027-06-03
21771,um01771@example.org,010-0000-1771,1979-09-05,BASIC,서울,2024-01-12 21:47:40,2025-04-12 11:38:30,Y,Y,N,0,3449,2026-10-28
21772,um01772@example.com,010-0000-1772,1980-11-17,GOLD,서울,2026-01-03 18:40:17,2026-09-04 04:16:12,Y,N,N,0,9660,2027-03-18
21773,um01773@example.net,010-0000-1773,2000-11-13,VIP,서울,2023-02-27 23:24:25,2026-08-26 05:50:01,Y,N,N,0,20520,2026-09-04
21774,um01774@example.com,010-0000-1774,1992-03-17,BASIC,서울,2024-07-08 17:01:59,2026-08-28 05:39:38,N,N,N,0,4630,2027-03-20
21775,um01775@example.com,010-0000-1775,2000-05-10,VIP,인천,2026-04-03 21:13:15,2026-08-30 16:51:54,N,Y,N,0,25750,2027-06-28
21776,um01776@example.com,010-0000-1776,1976-02-11,BASIC,경기,2024-05-28 18:14:04,2026-09-02 10:38:29,N,Y,N,0,6716,2027-08-10
21777,um01777@example.net,010-0000-1777,2002-05-03,BASIC,경북,2026-09-03 16:54:36,2026-09-03 21:22:24,N,Y,N,0,0,
21778,um01778@example.org,010-0000-1778,1988-02-20,BASIC,부산,2025-09-28 23:21:55,2026-08-12 12:45:36,Y,Y,Y,113000,4149,2026-09-25
21779,um01779@example.net,010-0000-1779,2003-05-13,BASIC,인천,2023-08-19 00:56:44,2026-08-18 12:47:45,N,N,N,0,1890,2026-09-16
21780,um01780@example.com,010-0000-1780,1968-06-13,BASIC,전남,2026-02-03 15:05:46,2026-02-05 19:33:32,N,Y,N,0,5280,2027-09-14
21781,um01781@example.com,010-0000-1781,1990-03-16,BASIC,경남,2025-01-18 21:04:05,2025-02-24 14:12:06,Y,Y,N,0,2550,2027-01-20
21782,um01782@example.com,010-0000-1782,1986-09-22,BASIC,서울,2025-03-08 12:18:28,2026-09-02 08:57:46,Y,Y,N,0,4530,2027-01-31
21783,um01783@example.org,010-0000-1783,1971-01-04,GOLD,경기,2026-08-02 12:13:56,2026-09-03 11:05:11,Y,N,N,0,16145,2026-10-14
21784,um01784@example.com,010-0000-1784,1994-05-13,BASIC,경기,2023-02-08 22:02:31,2025-09-06 21:48:17,N,Y,N,0,2920,2027-10-04
21785,um01785@example.org,010-0000-1785,1986-04-07,BASIC,부산,2025-09-03 18:04:23,2026-08-31 18:03:06,N,N,N,0,740,2026-08-25
21786,um01786@example.org,010-0000-1786,2006-06-08,BASIC,충남,2026-07-22 19:05:31,2026-09-01 08:57:14,Y,Y,N,0,2640,2026-10-26
21787,um01787@example.org,010-0000-1787,1986-12-25,BASIC,경기,2024-07-11 21:10:42,2026-02-11 06:31:05,N,Y,N,0,5154,2026-10-10
21788,um01788@example.com,010-0000-1788,1969-04-12,GOLD,광주,2024-06-28 14:02:47,2026-08-08 05:15:22,Y,Y,N,0,8540,2027-01-05
21789,um01789@example.com,010-0000-1789,1968-05-21,BASIC,제주,2024-11-06 21:33:52,2024-11-06 10:23:52,Y,N,N,0,0,
21790,um01790@example.net,010-0000-1790,1993-09-27,GOLD,경남,2025-01-03 13:05:27,2026-08-22 09:47:49,Y,Y,Y,64000,7892,2026-10-28
21791,um01791@example.net,010-0000-1791,1986-04-24,GOLD,경남,2024-10-03 22:00:30,2026-07-08 02:28:18,Y,N,N,0,8260,2027-01-07
21792,um01792@example.com,010-0000-1792,1982-01-14,BASIC,부산,2026-06-18 16:14:46,2026-08-23 00:59:32,N,N,N,0,2780,2027-09-01
21793,um01793@example.org,010-0000-1793,2003-09-17,BASIC,서울,2023-11-17 15:50:08,2025-06-21 21:18:03,Y,Y,Y,168000,2871,2027-04-22
21794,um01794@example.org,010-0000-1794,1987-06-18,BASIC,제주,2025-07-11 18:05:41,2026-05-26 12:18:26,N,Y,N,0,2240,2027-01-12
21795,um01795@example.org,010-0000-1795,1983-02-11,GOLD,충남,2024-08-29 23:13:42,2026-08-18 17:37:47,Y,N,N,0,8550,2026-09-25
21796,um01796@example.com,010-0000-1796,1973-04-20,BASIC,서울,2025-01-07 14:15:53,2026-06-30 05:54:06,Y,N,Y,259000,2829,2027-03-01
21797,um01797@example.net,010-0000-1797,2005-01-26,BASIC,경기,2026-08-15 13:07:28,2026-08-31 18:52:45,Y,N,N,0,2060,2027-09-03
21798,um01798@example.com,010-0000-1798,2007-10-19,BASIC,세종,2023-10-05 14:19:00,2025-05-16 11:36:05,Y,Y,Y,251000,6001,2026-09-01
21799,um01799@example.com,010-0000-1799,1984-05-24,GOLD,경북,2025-02-18 11:45:06,2026-07-06 21:44:54,Y,Y,N,0,6940,2027-10-08
21800,um01800@example.com,010-0000-1800,1991-09-17,GOLD,경북,2025-07-14 17:19:12,2026-08-18 14:51:15,N,Y,N,0,8310,2027-01-17
21801,um01801@example.net,010-0000-1801,1994-09-07,GOLD,서울,2024-02-04 12:38:16,2025-03-19 19:59:56,Y,Y,N,0,10982,2027-04-02
21802,um01802@example.com,010-0000-1802,1977-03-23,GOLD,광주,2022-04-16 18:48:04,2026-08-21 06:18:39,N,N,N,0,11822,2027-09-14
21803,um01803@example.net,010-0000-1803,2000-07-08,BASIC,경기,2026-06-24 21:10:19,2026-06-28 17:21:34,Y,N,N,0,7681,2027-04-28
21804,um01804@example.org,010-0000-1804,1991-11-22,GOLD,서울,2023-05-22 19:28:49,2026-08-01 08:19:25,Y,Y,N,0,7680,2026-09-20
21805,um01805@example.com,010-0000-1805,1977-04-28,BASIC,경기,2026-03-06 09:50:30,2026-04-18 22:44:30,N,Y,N,0,157,2027-07-11
21806,um01806@example.net,010-0000-1806,1980-12-27,GOLD,서울,2026-08-13 20:25:50,2026-09-02 11:21:36,Y,N,N,0,15060,2026-11-29
21807,um01807@example.net,010-0000-1807,1974-10-27,GOLD,경기,2025-12-14 19:52:17,2026-09-03 10:26:15,Y,Y,N,0,7180,2027-07-30
21808,um01808@example.org,010-0000-1808,1970-05-27,BASIC,경기,2025-11-09 17:47:25,2026-06-18 18:50:59,Y,Y,N,0,0,
21809,um01809@example.net,010-0000-1809,1997-10-08,BASIC,광주,2026-07-16 11:37:08,2026-07-20 10:31:47,N,N,N,0,2190,2027-06-18
21810,um01810@example.net,010-0000-1810,1979-10-17,GOLD,경기,2026-06-09 09:10:00,2026-08-31 01:19:59,Y,Y,N,0,12050,2026-09-24
21811,um01811@example.net,010-0000-1811,1991-10-08,BASIC,서울,2026-02-03 20:18:36,2026-02-04 18:11:30,Y,N,Y,54000,1050,2026-12-29
21812,um01812@example.org,010-0000-1812,1972-05-05,BASIC,경북,2022-11-09 12:28:34,2026-07-01 03:14:30,Y,Y,N,0,810,2026-11-04
21813,um01813@example.com,010-0000-1813,1977-08-18,GOLD,서울,2023-07-13 00:29:34,2026-09-04 08:58:09,Y,N,Y,111000,7680,2026-10-29
21814,um01814@example.net,010-0000-1814,1988-02-19,BASIC,광주,2025-04-10 14:19:25,2025-05-20 07:16:46,Y,N,N,0,3015,2027-09-21
21815,um01815@example.com,010-0000-1815,1999-10-08,GOLD,서울,2025-10-26 13:03:03,2026-08-29 14:51:52,N,N,N,0,15620,2027-03-27
21816,um01816@example.com,010-0000-1816,1972-11-27,BASIC,강원,2025-09-08 21:09:15,2025-09-08 19:41:24,Y,Y,N,0,0,
21817,um01817@example.com,010-0000-1817,1976-02-17,VIP,충남,2023-04-06 13:44:04,2026-08-25 17:35:07,N,N,Y,20000,21470,2027-02-03
21818,um01818@example.com,010-0000-1818,1997-09-07,BASIC,서울,2024-09-17 23:39:33,2026-05-09 03:21:36,Y,Y,N,0,2380,2027-03-16
21819,um01819@example.com,010-0000-1819,1983-06-13,GOLD,경남,2026-01-22 20:11:01,2026-09-03 06:08:12,Y,N,N,0,18840,2027-06-13
21820,um01820@example.net,010-0000-1820,1970-07-17,BASIC,경기,2026-03-31 17:00:16,2026-08-03 20:35:43,N,N,N,0,900,2027-04-17
21821,um01821@example.com,010-0000-1821,1987-01-15,BASIC,서울,2025-11-24 21:39:13,2026-02-11 09:26:57,Y,N,N,0,3018,2026-11-12
21822,um01822@example.net,010-0000-1822,1983-09-06,BASIC,서울,2026-01-28 20:32:53,2026-01-31 07:22:36,Y,N,N,0,8645,2027-03-15
21823,um01823@example.org,010-0000-1823,1969-10-11,BASIC,인천,2026-08-10 15:16:54,2026-08-29 10:35:45,N,Y,Y,243000,730,2027-02-25
21824,um01824@example.com,010-0000-1824,1991-10-04,GOLD,서울,2025-10-10 11:57:42,2026-09-04 05:10:51,N,N,N,0,15890,2027-05-13
21825,um01825@example.com,010-0000-1825,1989-01-03,BASIC,서울,2026-09-01 14:42:21,2026-09-01 22:03:30,N,Y,N,0,0,
21826,um01826@example.org,010-0000-1826,1995-08-23,BASIC,인천,2026-01-29 20:13:26,2026-07-16 04:23:19,Y,N,N,0,9882,2026-09-13
21827,um01827@example.com,010-0000-1827,1993-01-10,GOLD,부산,2026-02-26 22:40:33,2026-08-31 21:32:08,Y,Y,N,0,14760,2027-06-22
21828,um01828@example.net,010-0000-1828,1977-03-24,GOLD,강원,2026-06-02 21:52:17,2026-09-02 13:22:14,Y,Y,Y,372000,11930,2027-04-10
21829,um01829@example.net,010-0000-1829,1997-01-05,GOLD,서울,2026-07-19 21:41:57,2026-09-01 21:44:43,Y,Y,N,0,10280,2026-10-31
21830,um01830@example.com,010-0000-1830,2002-03-17,BASIC,부산,2022-12-03 20:00:06,2026-05-03 08:34:30,Y,Y,Y,254000,1639,2027-07-24
21831,um01831@example.org,010-0000-1831,1986-11-06,GOLD,울산,2024-05-11 18:42:44,2025-10-26 10:59:28,Y,Y,N,0,12880,2027-05-18
21832,um01832@example.com,010-0000-1832,1996-03-03,GOLD,광주,2026-04-25 10:45:58,2026-08-28 07:07:55,Y,Y,N,0,9390,2026-08-29
21833,um01833@example.com,010-0000-1833,1984-07-12,GOLD,부산,2025-06-14 22:59:11,2026-08-09 07:58:04,Y,Y,N,0,6380,2026-09-07
21834,um01834@example.net,010-0000-1834,1979-04-26,BASIC,인천,2026-04-15 17:23:08,2026-04-15 17:43:35,N,Y,N,0,0,
21835,um01835@example.org,010-0000-1835,1987-01-23,BASIC,경남,2026-05-08 21:50:34,2026-05-10 17:06:28,Y,Y,N,0,360,2027-03-19
21836,um01836@example.com,010-0000-1836,2006-06-26,BASIC,경기,2025-01-31 18:54:12,2026-08-28 16:50:27,Y,Y,N,0,9435,2027-02-05
21837,um01837@example.com,010-0000-1837,1971-05-28,BASIC,광주,2026-01-27 14:42:13,2026-01-27 13:44:07,Y,Y,N,0,3868,2027-09-16
21838,um01838@example.com,010-0000-1838,2000-02-17,GOLD,대구,2026-08-06 11:15:36,2026-08-29 12:17:06,N,N,N,0,10305,2027-03-10
21839,um01839@example.com,010-0000-1839,1984-04-01,BASIC,경기,2024-11-19 20:52:56,2026-06-04 12:45:23,Y,Y,N,0,2989,2026-12-31
21840,um01840@example.com,010-0000-1840,1982-02-20,BASIC,대구,2023-05-25 14:06:29,2026-07-17 16:29:17,Y,Y,Y,38000,360,2026-09-15
21841,um01841@example.com,010-0000-1841,1997-11-06,GOLD,경기,2024-06-25 18:50:45,2026-08-17 21:50:14,Y,N,N,0,11930,2027-10-07
21842,um01842@example.com,010-0000-1842,1996-10-22,BASIC,서울,2025-08-27 22:07:48,2026-07-29 19:21:16,Y,N,N,0,6752,2026-09-11
21843,um01843@example.org,010-0000-1843,2006-10-03,GOLD,제주,2022-12-22 13:05:57,2026-08-09 12:31:12,N,Y,N,0,13455,2027-01-14
21844,um01844@example.net,010-0000-1844,1969-06-27,BASIC,경기,2025-07-22 12:53:46,2026-06-26 09:50:31,Y,N,N,0,1913,2026-12-01
21845,um01845@example.com,010-0000-1845,2002-06-09,BASIC,전남,2025-12-06 19:32:25,2026-08-20 10:45:00,N,Y,N,0,5989,2026-11-20
21846,um01846@example.com,010-0000-1846,1972-07-14,GOLD,경기,2025-03-06 11:17:40,2026-06-14 14:16:19,N,Y,N,0,14622,2026-10-30
21847,um01847@example.com,010-0000-1847,2006-04-17,BASIC,서울,2024-01-06 10:30:21,2026-07-10 11:18:46,Y,N,N,0,681,2027-07-14
21848,um01848@example.org,010-0000-1848,2005-03-25,BASIC,경북,2023-08-15 19:36:53,2026-09-02 10:11:55,Y,Y,N,0,1910,2027-05-01
21849,um01849@example.net,010-0000-1849,1997-12-28,GOLD,경기,2024-05-06 16:14:12,2026-08-07 06:49:41,N,Y,N,0,7420,2027-07-19
21850,um01850@example.org,010-0000-1850,1971-04-10,BASIC,서울,2025-03-22 13:59:17,2025-03-28 19:58:28,N,N,N,0,3453,2027-08-18
21851,um01851@example.org,010-0000-1851,1995-09-25,BASIC,서울,2025-03-05 18:02:59,2025-03-09 12:21:09,Y,N,N,0,3670,2027-09-15
21852,um01852@example.org,010-0000-1852,2005-12-05,BASIC,광주,2023-12-24 15:41:58,2024-12-03 04:02:22,Y,Y,N,0,2180,2027-01-08
21853,um01853@example.com,010-0000-1853,1993-02-08,GOLD,대전,2026-06-08 16:52:54,2026-09-01 00:33:00,Y,N,N,0,8000,2027-03-15
21854,um01854@example.com,010-0000-1854,1999-05-08,BASIC,경북,2026-06-15 18:38:14,2026-08-30 03:03:25,Y,N,Y,578000,5370,2027-02-18
21855,um01855@example.com,010-0000-1855,2005-10-01,BASIC,부산,2025-08-14 15:38:14,2026-08-30 14:07:24,N,N,N,0,5641,2027-08-20
21856,um01856@example.com,010-0000-1856,1976-09-19,GOLD,충남,2025-04-13 22:49:57,2026-05-03 21:28:51,Y,N,N,0,6350,2026-10-31
21857,um01857@example.net,010-0000-1857,2004-02-04,BASIC,경기,2023-07-07 20:59:35,2024-10-24 15:06:23,N,N,N,0,9972,2026-09-27
21858,um01858@example.com,010-0000-1858,1993-05-05,BASIC,부산,2023-09-25 14:00:09,2026-08-01 08:14:15,Y,N,N,0,3690,2027-01-23
21859,um01859@example.com,010-0000-1859,1975-03-07,BASIC,경기,2024-11-22 09:35:26,2026-07-04 19:52:15,Y,N,Y,49000,5902,2027-08-03
21860,um01860@example.org,010-0000-1860,1983-04-28,BASIC,경기,2026-08-30 21:08:58,2026-09-02 11:23:10,Y,Y,Y,230000,0,
21861,um01861@example.com,010-0000-1861,1978-08-01,BASIC,서울,2022-03-15 20:04:59,2026-04-04 04:06:49,Y,N,N,0,5480,2027-07-23
21862,um01862@example.org,010-0000-1862,1994-01-16,GOLD,경기,2026-04-07 20:21:00,2026-09-01 21:41:03,N,Y,Y,88000,10420,2027-09-15
21863,um01863@example.net,010-0000-1863,2005-01-22,BASIC,부산,2025-09-30 15:33:20,2025-10-24 20:52:54,N,N,N,0,7186,2027-09-16
21864,um01864@example.com,010-0000-1864,1993-09-08,GOLD,경남,2025-08-25 09:23:45,2026-09-01 07:11:16,N,Y,N,0,8500,2026-12-02
21865,um01865@example.com,010-0000-1865,2007-12-25,GOLD,경기,2023-01-29 15:36:58,2026-09-01 20:55:25,Y,Y,N,0,12230,2026-09-25
21866,um01866@example.net,010-0000-1866,1988-08-12,BASIC,경북,2025-08-24 18:43:39,2026-07-04 13:42:15,N,N,N,0,5313,2026-09-19
21867,um01867@example.org,010-0000-1867,1996-06-16,GOLD,경기,2023-07-14 20:53:31,2026-05-09 22:54:44,Y,Y,N,0,7760,2027-07-06
21868,um01868@example.com,010-0000-1868,2004-09-26,GOLD,경기,2025-04-03 00:08:09,2026-06-19 06:05:03,N,Y,Y,66000,6640,2027-09-11
21869,um01869@example.com,010-0000-1869,2005-08-15,BASIC,충남,2024-04-16 00:19:56,2026-08-30 23:45:03,N,N,N,0,4140,2027-08-27
21870,um01870@example.net,010-0000-1870,1998-01-18,GOLD,서울,2024-02-04 17:59:17,2026-08-26 09:59:27,Y,Y,N,0,17841,2026-12-18
21871,um01871@example.com,010-0000-1871,1983-11-22,BASIC,경기,2024-12-12 16:46:51,2026-06-17 11:29:25,Y,Y,Y,176000,1130,2026-08-22
21872,um01872@example.com,010-0000-1872,1971-12-04,VIP,경기,2025-10-28 11:56:30,2026-08-23 13:29:37,Y,N,N,0,29453,2027-04-20
21873,um01873@example.com,010-0000-1873,2006-09-14,GOLD,인천,2026-06-09 11:23:20,2026-09-04 09:58:32,N,Y,N,0,15697,2027-04-11
21874,um01874@example.net,010-0000-1874,2007-10-26,BASIC,전남,2024-05-05 22:12:47,2026-08-23 03:56:34,Y,Y,N,0,4990,2027-07-20
21875,um01875@example.net,010-0000-1875,1979-08-20,BASIC,대구,2022-07-16 19:24:54,2023-02-04 15:37:50,N,Y,N,0,0,
21876,um01876@example.net,010-0000-1876,1980-11-19,BASIC,서울,2023-08-30 00:32:07,2026-07-25 11:17:24,Y,N,N,0,5050,2027-07-13
21877,um01877@example.com,010-0000-1877,2007-05-18,BASIC,경북,2025-05-26 20:34:58,2026-05-22 11:31:46,N,Y,N,0,1380,2026-10-26
21878,um01878@example.com,010-0000-1878,1969-01-11,BASIC,대구,2024-08-08 18:38:12,2026-08-23 16:17:57,N,N,N,0,3150,2026-10-11
21879,um01879@example.com,010-0000-1879,1984-05-09,BASIC,경남,2023-04-06 10:08:25,2024-08-23 07:11:45,N,Y,N,0,1200,2027-01-08
21880,um01880@example.com,010-0000-1880,2007-11-18,GOLD,인천,2025-12-16 13:05:38,2026-09-01 10:57:46,Y,Y,N,0,9573,2026-10-22
21881,um01881@example.com,010-0000-1881,1972-12-27,GOLD,경기,2022-09-03 20:25:36,2026-08-26 12:00:33,Y,N,N,0,6200,2027-03-16
21882,um01882@example.com,010-0000-1882,1977-01-05,GOLD,충남,2026-02-12 22:03:12,2026-08-31 17:51:50,Y,Y,N,0,7490,2027-06-26
21883,um01883@example.org,010-0000-1883,1994-02-26,GOLD,서울,2025-05-06 12:48:42,2026-09-03 17:27:39,N,N,N,0,11954,2026-11-09
21884,um01884@example.com,010-0000-1884,1970-07-02,GOLD,세종,2023-05-12 19:16:37,2026-06-18 16:28:45,N,Y,N,0,9260,2026-08-15
21885,um01885@example.com,010-0000-1885,1970-04-03,BASIC,서울,2024-05-02 10:30:16,2026-09-02 10:11:40,Y,N,N,0,4580,2026-10-25
21886,um01886@example.com,010-0000-1886,1987-11-09,BASIC,서울,2026-02-03 21:52:30,2026-08-24 09:25:43,Y,Y,N,0,9105,2027-03-11
21887,um01887@example.com,010-0000-1887,2005-04-28,GOLD,충남,2026-05-28 12:43:08,2026-09-02 20:44:17,Y,N,N,0,6790,2026-11-28
21888,um01888@example.org,010-0000-1888,1977-07-15,BASIC,서울,2025-08-29 19:32:48,2026-08-28 10:21:27,Y,N,Y,88000,1870,2027-02-17
21889,um01889@example.com,010-0000-1889,1968-11-07,BASIC,부산,2024-10-08 13:31:43,2024-11-21 17:11:03,N,N,Y,450000,2350,2026-12-20
21890,um01890@example.net,010-0000-1890,1989-08-08,GOLD,서울,2023-10-25 20:22:17,2026-08-31 14:25:49,Y,Y,N,0,11973,2026-09-16
21891,um01891@example.net,010-0000-1891,1983-11-22,BASIC,경기,2024-02-27 16:03:30,2026-07-12 09:13:18,Y,N,N,0,2430,2026-11-29
21892,um01892@example.net,010-0000-1892,1971-09-01,BASIC,서울,2024-11-13 21:15:39,2026-09-03 09:28:08,Y,Y,N,0,710,2027-09-15
21893,um01893@example.com,010-0000-1893,1972-08-16,BASIC,경기,2024-12-21 14:35:55,2025-05-20 20:05:14,N,Y,Y,367000,908,2027-02-07
21894,um01894@example.com,010-0000-1894,1971-09-19,BASIC,서울,2025-02-16 10:49:40,2025-02-18 07:10:41,Y,Y,N,0,4460,2026-08-23
21895,um01895@example.com,010-0000-1895,1993-09-27,GOLD,서울,2023-10-26 10:52:32,2025-07-30 13:32:40,N,Y,N,0,16499,2026-10-01
21896,um01896@example.com,010-0000-1896,1980-10-14,VIP,인천,2023-04-22 15:56:48,2026-09-02 04:38:07,N,N,N,0,32925,2027-08-19
21897,um01897@example.com,010-0000-1897,1986-01-06,BASIC,인천,2025-04-01 13:18:29,2026-06-26 10:00:33,Y,Y,N,0,730,2027-01-22
21898,um01898@example.net,010-0000-1898,1972-11-28,BASIC,서울,2026-01-31 08:45:07,2026-01-31 21:49:28,Y,Y,N,0,0,
21899,um01899@example.org,010-0000-1899,2000-02-09,GOLD,대구,2025-12-17 15:24:18,2026-08-01 19:43:01,Y,Y,N,0,13080,2027-08-16
21900,um01900@example.com,010-0000-1900,2003-07-19,BASIC,경기,2026-07-01 18:24:26,2026-09-04 03:05:55,N,N,N,0,4430,2027-02-25
21901,um01901@example.org,010-0000-1901,1981-10-17,BASIC,서울,2025-07-15 12:03:02,2025-10-19 23:24:52,Y,Y,N,0,0,
21902,um01902@example.com,010-0000-1902,2004-12-07,BASIC,경기,2025-10-25 19:05:53,2026-08-29 05:35:33,N,N,Y,262000,3200,2027-06-13
21903,um01903@example.com,010-0000-1903,2005-04-16,GOLD,전남,2024-08-06 14:11:38,2026-08-16 08:59:51,N,N,N,0,12220,2026-08-18
21904,um01904@example.net,010-0000-1904,1974-04-15,BASIC,서울,2025-08-24 00:58:43,2025-09-20 01:47:16,Y,Y,N,0,4760,2027-07-25
21905,um01905@example.net,010-0000-1905,1987-04-16,GOLD,경기,2025-04-22 21:07:43,2026-08-31 06:05:59,Y,N,Y,111000,10055,2027-07-29
21906,um01906@example.com,010-0000-1906,1980-08-19,GOLD,울산,2024-04-21 12:21:28,2026-08-25 13:58:54,Y,N,Y,191000,17016,2027-09-14
21907,um01907@example.com,010-0000-1907,2006-10-25,BASIC,경남,2025-12-01 18:19:36,2025-12-04 05:55:33,N,N,N,0,2160,2027-06-11
21908,um01908@example.net,010-0000-1908,1981-07-07,BASIC,서울,2024-08-29 10:39:20,2026-09-02 17:39:55,N,N,N,0,2130,2027-06-03
21909,um01909@example.com,010-0000-1909,1975-11-18,BASIC,부산,2026-06-26 18:54:37,2026-06-29 08:53:56,Y,N,N,0,610,2027-06-27
21910,um01910@example.com,010-0000-1910,2006-12-14,BASIC,경남,2026-09-02 12:50:01,2026-09-02 12:24:51,Y,N,N,0,0,
21911,um01911@example.com,010-0000-1911,1968-11-20,BASIC,경기,2026-05-06 20:33:53,2026-09-04 00:37:38,N,Y,N,0,4040,2027-05-01
21912,um01912@example.net,010-0000-1912,1979-03-19,BASIC,경기,2025-07-26 21:21:47,2026-01-01 15:53:47,N,N,Y,238000,0,
21913,um01913@example.net,010-0000-1913,1987-03-27,BASIC,경기,2023-07-09 20:06:11,2024-07-28 02:35:54,Y,Y,N,0,4898,2027-01-21
21914,um01914@example.com,010-0000-1914,1982-08-12,BASIC,서울,2025-09-17 09:48:49,2025-09-17 22:10:19,N,N,N,0,0,
21915,um01915@example.com,010-0000-1915,1995-12-09,GOLD,전남,2026-08-11 20:34:19,2026-09-02 19:50:02,N,N,N,0,7100,2027-01-22
21916,um01916@example.org,010-0000-1916,2007-02-04,BASIC,전북,2023-12-23 19:00:57,2024-02-27 11:57:43,Y,N,N,0,2340,2027-03-31
21917,um01917@example.com,010-0000-1917,1982-02-27,GOLD,경남,2023-08-13 22:54:40,2024-10-18 07:24:28,Y,N,N,0,7910,2027-01-06
21918,um01918@example.com,010-0000-1918,1977-06-15,VIP,서울,2024-06-27 12:42:40,2026-08-23 18:50:42,Y,Y,Y,106000,32020,2027-06-16
21919,um01919@example.net,010-0000-1919,2005-02-18,BASIC,경북,2024-07-30 16:06:12,2024-12-13 11:41:37,Y,Y,Y,64000,5625,2027-04-23
21920,um01920@example.com,010-0000-1920,1993-07-03,BASIC,경남,2023-12-15 15:49:27,2025-02-03 13:12:52,Y,Y,N,0,6071,2027-09-29
21921,um01921@example.net,010-0000-1921,2008-08-26,BASIC,전북,2025-06-14 20:09:35,2026-08-05 05:32:33,Y,Y,N,0,7972,2027-06-08
21922,um01922@example.com,010-0000-1922,1991-12-24,BASIC,경기,2024-03-15 09:17:22,2024-04-18 23:01:55,Y,Y,Y,115000,0,
21923,um01923@example.org,010-0000-1923,1991-07-22,BASIC,부산,2024-08-06 00:11:51,2024-10-07 07:49:37,Y,N,N,0,2990,2027-08-11
21924,um01924@example.net,010-0000-1924,2000-05-24,GOLD,부산,2026-03-20 14:25:06,2026-09-04 03:49:36,Y,N,N,0,8010,2026-08-26
21925,um01925@example.com,010-0000-1925,2002-07-23,BASIC,부산,2025-05-30 20:34:07,2025-05-30 08:04:00,N,Y,N,0,2840,2026-11-09
21926,um01926@example.com,010-0000-1926,2004-06-02,BASIC,서울,2026-05-18 21:52:08,2026-05-21 18:51:08,Y,N,N,0,4640,2027-07-18
21927,um01927@example.com,010-0000-1927,1982-10-26,BASIC,서울,2024-09-21 11:16:56,2025-08-21 05:00:51,Y,N,N,0,3388,2027-05-02
21928,um01928@example.org,010-0000-1928,1997-11-05,GOLD,서울,2024-12-04 11:05:22,2025-05-19 02:34:57,Y,N,N,0,12583,2026-11-08
21929,um01929@example.com,010-0000-1929,2006-12-24,BASIC,광주,2025-11-26 14:55:35,2025-11-26 00:06:40,Y,N,Y,14000,0,
21930,um01930@example.net,010-0000-1930,1981-11-08,BASIC,전북,2025-11-27 13:28:00,2026-01-13 15:25:18,Y,N,N,0,4542,2026-09-10
21931,um01931@example.com,010-0000-1931,1970-06-23,GOLD,전북,2026-01-06 22:27:01,2026-09-02 08:11:59,Y,Y,N,0,13640,2027-03-11
21932,um01932@example.net,010-0000-1932,1981-12-02,BASIC,경기,2024-10-19 20:54:46,2025-01-17 13:40:39,Y,Y,Y,89000,2590,2027-05-06
21933,um01933@example.net,010-0000-1933,2005-06-08,BASIC,강원,2023-02-07 11:12:52,2026-02-28 19:14:16,N,N,N,0,1310,2026-09-23
21934,um01934@example.net,010-0000-1934,2007-01-16,BASIC,대구,2024-04-26 13:01:22,2025-10-05 09:34:36,N,Y,N,0,1680,2027-02-26
21935,um01935@example.com,010-0000-1935,2002-06-17,GOLD,인천,2025-11-06 20:41:54,2026-09-03 09:10:48,Y,Y,N,0,17941,2027-02-04
21936,um01936@example.com,010-0000-1936,1991-08-11,GOLD,경남,2023-06-08 22:55:23,2026-09-02 19:28:46,N,N,Y,56000,6770,2026-11-09
21937,um01937@example.com,010-0000-1937,1985-11-28,BASIC,부산,2026-08-25 09:51:48,2026-09-03 13:47:55,N,N,N,0,3330,2027-07-19
21938,um01938@example.com,010-0000-1938,2005-12-20,BASIC,대구,2022-10-30 12:32:19,2025-01-09 12:49:42,Y,N,N,0,380,2027-02-16
21939,um01939@example.com,010-0000-1939,1978-07-11,BASIC,서울,2024-02-01 11:56:08,2024-04-02 21:55:01,N,Y,N,0,0,
21940,um01940@example.com,010-0000-1940,1991-06-16,BASIC,경남,2026-06-06 09:26:11,2026-07-24 20:55:35,Y,N,N,0,320,2027-03-01
21941,um01941@example.com,010-0000-1941,1971-08-10,VIP,서울,2023-07-24 13:52:43,2026-09-01 16:31:32,Y,Y,Y,82000,30340,2027-02-14
21942,um01942@example.org,010-0000-1942,1990-06-27,BASIC,전남,2024-10-13 00:21:07,2024-10-24 04:27:46,Y,Y,Y,556000,2630,2026-09-12
21943,um01943@example.net,010-0000-1943,1993-09-02,GOLD,서울,2023-06-18 12:19:23,2026-05-14 03:34:21,Y,Y,N,0,6120,2027-07-30
21944,um01944@example.com,010-0000-1944,1999-11-09,BASIC,경남,2026-07-09 14:05:33,2026-08-25 14:27:42,Y,N,N,0,2280,2027-02-23
21945,um01945@example.net,010-0000-1945,2003-10-17,BASIC,경기,2024-10-14 10:07:48,2026-07-18 15:33:48,N,Y,N,0,3450,2027-06-07
21946,um01946@example.org,010-0000-1946,1995-09-19,BASIC,서울,2025-04-17 11:13:37,2026-07-24 11:46:08,N,Y,N,0,5020,2026-12-13
21947,um01947@example.org,010-0000-1947,1969-08-25,BASIC,충북,2026-04-05 22:26:55,2026-09-03 18:32:16,N,N,N,0,7503,2027-10-03
21948,um01948@example.com,010-0000-1948,1972-11-09,BASIC,경기,2023-12-03 00:05:44,2026-08-12 01:12:23,Y,N,N,0,970,2027-01-27
21949,um01949@example.com,010-0000-1949,1972-03-25,GOLD,경기,2026-02-16 08:24:31,2026-09-01 17:20:21,N,Y,N,0,13400,2026-09-02
21950,um01950@example.com,010-0000-1950,1999-05-28,GOLD,인천,2024-12-27 19:35:44,2026-09-01 04:17:05,N,Y,N,0,10810,2026-10-17
21951,um01951@example.net,010-0000-1951,1998-02-04,BASIC,인천,2025-03-17 15:22:04,2026-08-31 16:26:59,Y,N,N,0,4810,2027-03-21
21952,um01952@example.com,010-0000-1952,1980-04-22,BASIC,서울,2024-10-21 12:22:10,2025-07-21 03:30:08,N,N,N,0,4640,2027-01-22
21953,um01953@example.org,010-0000-1953,2005-05-21,GOLD,서울,2025-03-15 18:42:06,2026-08-29 21:58:59,Y,Y,Y,87000,11890,2027-01-30
21954,um01954@example.com,010-0000-1954,1969-03-14,BASIC,경남,2026-03-11 21:43:53,2026-08-27 18:45:07,Y,Y,Y,128000,5576,2027-05-26
21955,um01955@example.com,010-0000-1955,1972-07-28,BASIC,경기,2026-01-16 19:03:36,2026-01-20 04:11:20,N,N,N,0,2060,2027-09-20
21956,um01956@example.com,010-0000-1956,2007-03-10,GOLD,광주,2026-06-26 10:52:02,2026-09-01 10:43:10,Y,N,N,0,11539,2027-09-21
21957,um01957@example.net,010-0000-1957,1970-01-21,BASIC,부산,2025-10-14 10:22:58,2026-08-13 23:18:00,Y,Y,N,0,4750,2026-09-30
21958,um01958@example.net,010-0000-1958,1998-06-26,GOLD,서울,2026-08-29 16:57:21,2026-09-03 22:00:28,Y,Y,N,0,12170,2027-05-19
21959,um01959@example.org,010-0000-1959,1968-02-27,GOLD,서울,2026-02-27 22:18:10,2026-08-01 06:28:54,Y,Y,N,0,12020,2026-12-11
21960,um01960@example.net,010-0000-1960,2000-06-19,BASIC,대구,2026-02-21 17:35:39,2026-02-23 22:57:10,Y,Y,N,0,2890,2027-01-11
21961,um01961@example.com,010-0000-1961,1988-10-10,BASIC,경북,2025-02-25 11:18:10,2025-10-23 22:19:49,N,N,N,0,0,
21962,um01962@example.net,010-0000-1962,1981-05-27,BASIC,경기,2026-05-14 18:48:49,2026-05-14 20:51:12,N,Y,N,0,141,2027-08-01
21963,um01963@example.net,010-0000-1963,2004-11-24,GOLD,서울,2024-02-22 09:08:48,2026-05-06 14:03:25,N,N,Y,121000,9010,2026-08-30
21964,um01964@example.com,010-0000-1964,1998-01-28,BASIC,경남,2025-06-20 00:51:55,2026-01-28 21:21:25,Y,Y,N,0,1970,2026-12-04
21965,um01965@example.com,010-0000-1965,1978-03-14,BASIC,경기,2026-08-21 23:08:48,2026-09-02 17:51:29,Y,Y,Y,66000,1960,2026-09-14
21966,um01966@example.com,010-0000-1966,1993-07-21,BASIC,인천,2026-06-24 14:13:45,2026-09-02 14:35:46,Y,N,N,0,4069,2026-09-15
21967,um01967@example.com,010-0000-1967,2008-04-05,BASIC,경남,2023-01-14 00:52:17,2025-11-24 19:13:32,Y,N,N,0,0,
21968,um01968@example.org,010-0000-1968,1980-06-01,GOLD,경기,2024-06-21 00:31:43,2026-05-08 10:48:37,Y,N,N,0,10973,2026-12-13
21969,um01969@example.net,010-0000-1969,2002-07-09,GOLD,서울,2023-03-24 20:25:27,2026-08-18 13:31:35,Y,N,N,0,12600,2027-08-16
21970,um01970@example.org,010-0000-1970,2008-07-18,VIP,대구,2022-06-20 12:43:51,2026-07-25 10:06:18,N,Y,Y,368000,22360,2027-09-13
21971,um01971@example.org,010-0000-1971,1991-04-28,BASIC,인천,2025-06-29 14:19:38,2025-09-07 15:36:56,Y,Y,N,0,0,
21972,um01972@example.com,010-0000-1972,1989-07-15,GOLD,경기,2025-02-08 17:06:23,2026-09-03 02:25:51,Y,N,N,0,18601,2026-10-26
21973,um01973@example.com,010-0000-1973,1978-03-21,BASIC,서울,2025-02-26 10:50:39,2026-09-03 21:11:38,Y,Y,Y,165000,5343,2027-04-15
21974,um01974@example.com,010-0000-1974,1991-12-27,GOLD,경북,2024-12-29 21:38:28,2026-08-31 12:51:52,N,Y,N,0,7010,2027-06-27
21975,um01975@example.com,010-0000-1975,1969-10-19,BASIC,부산,2024-10-03 13:02:30,2024-12-29 11:16:17,Y,Y,N,0,4070,2027-07-16
21976,um01976@example.com,010-0000-1976,1985-04-28,BASIC,경기,2026-06-07 22:01:12,2026-08-31 20:56:52,Y,Y,N,0,4320,2027-01-05
21977,um01977@example.com,010-0000-1977,1983-11-11,BASIC,경기,2025-07-31 20:19:18,2025-07-31 21:30:27,Y,N,Y,199000,2888,2027-08-19
21978,um01978@example.com,010-0000-1978,1985-03-19,GOLD,경북,2026-03-30 16:14:04,2026-08-29 21:12:35,N,N,N,0,9726,2027-08-05
21979,um01979@example.com,010-0000-1979,1973-07-10,GOLD,경북,2023-12-19 21:28:39,2026-09-02 06:02:12,Y,Y,N,0,7390,2026-11-23
21980,um01980@example.net,010-0000-1980,2006-09-13,BASIC,경기,2025-12-31 14:43:41,2026-08-29 03:59:38,Y,N,N,0,2170,2026-10-16
21981,um01981@example.net,010-0000-1981,2005-03-27,VIP,서울,2025-05-12 20:20:08,2026-08-29 09:21:40,Y,N,N,0,41440,2026-09-21
21982,um01982@example.com,010-0000-1982,1998-11-25,GOLD,충북,2023-04-04 21:59:41,2026-03-07 05:32:21,N,Y,N,0,7210,2027-10-07
21983,um01983@example.org,010-0000-1983,1976-03-23,GOLD,서울,2026-07-19 16:06:21,2026-08-25 05:07:02,Y,N,Y,66000,6120,2026-11-15
21984,um01984@example.net,010-0000-1984,1979-05-28,BASIC,서울,2024-10-19 13:55:11,2026-09-01 11:38:06,N,Y,N,0,490,2027-03-28
21985,um01985@example.com,010-0000-1985,2002-04-05,BASIC,서울,2026-08-06 18:01:05,2026-08-22 10:57:50,N,Y,N,0,0,
21986,um01986@example.net,010-0000-1986,1970-01-24,GOLD,경기,2024-06-09 11:38:18,2026-08-04 16:43:05,N,Y,Y,166000,18710,2027-07-02
21987,um01987@example.net,010-0000-1987,1980-03-05,GOLD,울산,2025-06-11 13:44:52,2026-08-28 09:32:53,Y,N,N,0,22019,2027-05-27
21988,um01988@example.org,010-0000-1988,1970-04-14,BASIC,전남,2024-10-09 18:48:13,2026-08-30 17:26:17,Y,Y,N,0,5084,2027-05-31
21989,um01989@example.org,010-0000-1989,1982-09-11,BASIC,대구,2023-04-23 19:19:49,2025-02-28 14:46:20,Y,N,N,0,0,
21990,um01990@example.com,010-0000-1990,1983-11-11,BASIC,경기,2025-12-07 23:33:20,2026-08-01 01:36:40,Y,Y,Y,186000,1950,2026-12-17
21991,um01991@example.com,010-0000-1991,1984-08-11,BASIC,충남,2022-10-05 21:36:50,2025-11-20 17:10:15,N,Y,N,0,0,
21992,um01992@example.com,010-0000-1992,1988-01-11,GOLD,세종,2024-11-05 14:06:56,2026-08-11 05:15:34,Y,Y,Y,32000,16440,2027-02-05
21993,um01993@example.com,010-0000-1993,1977-08-07,BASIC,제주,2025-08-09 16:17:04,2025-10-23 16:33:22,Y,N,N,0,2530,2027-05-29
21994,um01994@example.net,010-0000-1994,1982-12-18,GOLD,대구,2025-11-01 11:45:03,2026-08-24 20:14:35,Y,N,N,0,9931,2027-10-06
21995,um01995@example.com,010-0000-1995,1991-08-05,BASIC,전남,2024-02-27 22:33:45,2026-08-18 14:12:17,Y,Y,N,0,280,2026-10-29
21996,um01996@example.net,010-0000-1996,1991-08-10,BASIC,경기,2023-10-17 08:28:37,2025-07-02 13:17:54,Y,Y,N,0,7121,2026-10-18
21997,um01997@example.net,010-0000-1997,2006-08-10,BASIC,경기,2025-09-08 22:10:12,2026-08-31 21:24:45,Y,Y,Y,92000,1154,2027-03-31
21998,um01998@example.com,010-0000-1998,1993-10-26,GOLD,부산,2025-05-23 18:10:01,2025-05-27 14:31:37,Y,N,N,0,10629,2027-01-09
21999,um01999@example.com,010-0000-1999,1977-07-15,GOLD,전남,2026-08-19 20:18:22,2026-09-04 06:45:55,Y,N,N,0,11570,2027-03-20
22000,um02000@example.net,010-0000-2000,1978-05-24,GOLD,서울,2024-11-08 13:27:58,2026-08-30 19:35:25,Y,Y,N,0,7110,2027-01-25
22001,um02001@example.com,010-0000-2001,2001-06-01,BASIC,서울,2025-08-14 14:41:30,2026-08-24 08:39:08,N,Y,N,0,2361,2027-02-14
22002,um02002@example.com,010-0000-2002,1999-02-03,BASIC,강원,2025-08-07 18:52:32,2025-08-07 20:11:44,Y,Y,N,0,0,
22003,um02003@example.org,010-0000-2003,1976-06-13,GOLD,서울,2026-04-15 22:34:12,2026-09-01 13:23:23,N,Y,N,0,6510,2027-06-04
22004,um02004@example.com,010-0000-2004,1994-11-01,BASIC,경기,2025-12-23 22:51:43,2026-02-27 15:15:41,N,N,N,0,1927,2027-09-09
22005,um02005@example.com,010-0000-2005,1980-05-26,GOLD,경북,2024-05-22 11:06:46,2026-08-27 06:09:35,N,Y,N,0,7380,2027-10-04
22006,um02006@example.com,010-0000-2006,1997-06-18,BASIC,대전,2023-04-14 13:09:04,2026-08-09 07:15:34,N,Y,Y,76000,3770,2027-04-11
22007,um02007@example.com,010-0000-2007,1971-12-21,BASIC,부산,2024-01-04 11:17:52,2024-12-31 08:49:09,Y,N,N,0,840,2026-11-04
22008,um02008@example.com,010-0000-2008,1975-11-04,GOLD,경기,2025-10-26 18:50:56,2026-09-02 22:40:46,Y,N,Y,138000,6030,2026-11-24
22009,um02009@example.com,010-0000-2009,1971-08-22,BASIC,경기,2025-07-27 10:32:35,2025-08-06 13:21:49,N,N,N,0,3300,2027-05-14
22010,um02010@example.org,010-0000-2010,2000-09-28,BASIC,경기,2022-06-22 12:50:42,2026-09-01 18:15:56,Y,N,N,0,2580,2026-10-22
22011,um02011@example.com,010-0000-2011,1978-01-14,BASIC,경기,2023-06-04 13:46:36,2025-05-07 18:58:49,Y,N,Y,25000,2500,2026-12-12
22012,um02012@example.org,010-0000-2012,2004-08-15,BASIC,경기,2025-05-19 12:07:33,2026-07-25 18:59:10,N,Y,N,0,1660,2027-03-24
22013,um02013@example.com,010-0000-2013,1982-10-03,BASIC,서울,2025-11-05 23:03:55,2026-07-18 12:51:22,Y,N,N,0,5340,2026-09-22
22014,um02014@example.com,010-0000-2014,2006-02-11,BASIC,경기,2023-11-20 17:21:31,2026-07-23 03:41:37,N,Y,N,0,1540,2027-01-08
22015,um02015@example.com,010-0000-2015,1974-02-27,GOLD,세종,2024-02-04 11:53:40,2026-05-29 15:20:15,Y,Y,N,0,11563,2026-09-21
22016,um02016@example.org,010-0000-2016,1987-02-03,GOLD,서울,2024-09-28 18:10:44,2026-09-01 15:31:53,Y,N,N,0,9000,2026-11-08
22017,um02017@example.com,010-0000-2017,2004-05-22,BASIC,충남,2026-02-02 17:55:26,2026-08-27 19:26:23,Y,Y,N,0,4960,2027-08-18
22018,um02018@example.com,010-0000-2018,2004-04-17,BASIC,서울,2023-08-07 18:00:08,2025-01-15 04:22:05,N,Y,N,0,250,2026-09-14
22019,um02019@example.net,010-0000-2019,1987-11-04,BASIC,전북,2026-03-05 22:20:46,2026-03-08 10:12:54,Y,N,N,0,2888,2026-09-04
22020,um02020@example.net,010-0000-2020,1990-08-03,BASIC,경기,2026-05-17 13:25:22,2026-08-15 18:34:21,Y,Y,N,0,490,2026-11-17
22021,um02021@example.com,010-0000-2021,1979-03-23,BASIC,서울,2023-06-12 18:45:02,2026-06-06 12:41:26,Y,N,N,0,1860,2027-05-12
22022,um02022@example.org,010-0000-2022,1987-02-16,BASIC,강원,2022-08-26 11:07:04,2026-01-18 19:09:55,N,Y,N,0,810,2026-10-28
22023,um02023@example.org,010-0000-2023,1982-02-13,BASIC,충남,2025-07-28 13:42:34,2025-07-28 19:43:56,Y,N,N,0,0,
22024,um02024@example.com,010-0000-2024,2001-02-22,GOLD,서울,2024-11-19 21:23:27,2026-08-31 15:56:41,Y,N,N,0,11180,2026-09-06
22025,um02025@example.com,010-0000-2025,1977-08-02,BASIC,경북,2026-06-30 22:41:11,2026-07-04 12:38:36,Y,N,N,0,3930,2027-07-16
22026,um02026@example.com,010-0000-2026,1993-07-28,GOLD,대구,2025-07-06 16:14:11,2026-07-24 14:40:01,Y,Y,N,0,8117,2027-03-10
22027,um02027@example.com,010-0000-2027,1986-03-17,BASIC,경남,2026-03-13 12:45:59,2026-08-09 15:54:58,N,Y,N,0,2890,2027-02-11
22028,um02028@example.net,010-0000-2028,1980-11-02,BASIC,광주,2026-04-14 14:57:36,2026-07-17 10:06:35,N,N,Y,348000,0,
22029,um02029@example.net,010-0000-2029,1989-05-24,BASIC,경남,2024-09-11 10:39:27,2025-04-25 22:26:39,N,Y,N,0,470,2026-09-28
22030,um02030@example.com,010-0000-2030,1994-12-07,BASIC,경기,2023-05-19 20:19:10,2026-06-26 22:05:25,N,Y,N,0,3370,2027-08-13
22031,um02031@example.com,010-0000-2031,1982-02-28,BASIC,전남,2022-06-23 13:35:48,2026-07-02 22:03:54,Y,Y,N,0,4850,2027-02-18
22032,um02032@example.com,010-0000-2032,1985-09-09,BASIC,경기,2025-06-18 21:26:23,2026-09-04 03:03:32,Y,Y,N,0,5110,2026-10-04
22033,um02033@example.com,010-0000-2033,1986-08-18,GOLD,서울,2024-11-21 20:27:52,2026-08-30 23:53:14,Y,Y,N,0,13100,2026-10-18
22034,um02034@example.com,010-0000-2034,1987-06-23,BASIC,제주,2024-05-20 17:55:53,2024-10-03 12:21:50,Y,Y,N,0,0,
22035,um02035@example.com,010-0000-2035,1989-04-17,GOLD,전남,2023-03-14 23:47:58,2026-08-31 08:56:33,Y,Y,Y,92000,10610,2027-06-13
22036,um02036@example.org,010-0000-2036,1982-05-27,BASIC,경기,2024-10-23 21:54:53,2026-09-01 18:49:02,N,Y,N,0,2360,2027-07-24
22037,um02037@example.com,010-0000-2037,1999-08-24,BASIC,전북,2026-04-15 20:02:26,2026-08-20 19:55:25,N,Y,N,0,4852,2026-10-01
22038,um02038@example.com,010-0000-2038,1997-06-04,GOLD,부산,2024-04-10 14:22:56,2026-08-24 17:43:26,N,Y,N,0,9380,2027-03-27
22039,um02039@example.com,010-0000-2039,1994-01-17,GOLD,울산,2023-10-16 14:39:06,2026-08-01 18:47:42,Y,Y,N,0,7000,2026-12-15
22040,um02040@example.com,010-0000-2040,1969-04-03,GOLD,부산,2025-02-05 14:15:02,2026-08-29 07:48:37,N,Y,N,0,12330,2027-01-10
22041,um02041@example.net,010-0000-2041,1973-12-11,BASIC,경북,2023-11-02 08:36:29,2025-06-18 04:45:48,Y,N,N,0,4640,2027-01-12
22042,um02042@example.com,010-0000-2042,2008-01-08,BASIC,광주,2025-02-25 21:57:58,2026-05-26 17:41:24,Y,Y,N,0,420,2026-09-21
22043,um02043@example.net,010-0000-2043,1998-07-04,GOLD,경기,2025-08-10 12:24:55,2026-08-10 03:56:42,N,N,N,0,13126,2027-04-06
22044,um02044@example.com,010-0000-2044,1987-09-10,GOLD,경기,2024-05-01 10:29:05,2026-09-02 05:58:35,Y,N,Y,568000,9335,2026-09-01
22045,um02045@example.com,010-0000-2045,1968-06-12,GOLD,서울,2025-05-27 10:53:13,2026-05-18 06:16:44,Y,N,N,0,10660,2027-08-30
22046,um02046@example.com,010-0000-2046,2008-07-17,GOLD,서울,2025-10-06 19:09:13,2026-09-03 13:22:26,Y,N,Y,287000,8720,2027-01-18
22047,um02047@example.com,010-0000-2047,1985-11-23,BASIC,대전,2026-06-02 22:19:37,2026-06-03 03:32:30,N,Y,N,0,2196,2027-05-19
22048,um02048@example.net,010-0000-2048,2003-02-14,BASIC,충북,2025-04-20 10:49:05,2026-08-31 11:36:13,Y,N,N,0,1160,2027-09-13
22049,um02049@example.com,010-0000-2049,1972-11-02,BASIC,서울,2025-12-27 22:16:01,2026-08-25 09:15:55,Y,N,Y,38000,4670,2026-10-31
22050,um02050@example.com,010-0000-2050,1998-08-11,GOLD,충남,2026-01-04 10:45:52,2026-09-01 12:52:28,N,N,N,0,10680,2027-03-09
22051,um02051@example.net,010-0000-2051,2008-12-17,BASIC,경북,2025-05-08 14:55:26,2026-07-27 01:27:36,Y,Y,N,0,660,2026-10-01
22052,um02052@example.com,010-0000-2052,2003-02-03,GOLD,인천,2023-05-18 21:56:14,2026-09-03 08:03:32,N,Y,N,0,15740,2027-05-01
22053,um02053@example.net,010-0000-2053,1986-02-01,BASIC,부산,2022-11-08 23:00:59,2026-07-21 18:39:09,N,Y,Y,230000,1840,2027-04-20
22054,um02054@example.com,010-0000-2054,2000-05-18,BASIC,서울,2026-03-04 21:06:33,2026-08-17 10:40:15,N,N,Y,193000,3470,2027-03-29
22055,um02055@example.org,010-0000-2055,1996-07-13,BASIC,충북,2023-04-08 21:13:58,2023-12-09 14:43:11,Y,N,N,0,4693,2026-08-24
22056,um02056@example.com,010-0000-2056,1996-03-05,BASIC,전남,2022-06-06 22:08:26,2023-08-15 14:32:34,Y,N,N,0,4742,2026-09-11
22057,um02057@example.org,010-0000-2057,1990-12-09,GOLD,부산,2024-01-06 11:22:21,2024-08-10 17:34:19,Y,N,N,0,6110,2027-09-14
22058,um02058@example.com,010-0000-2058,1980-11-19,BASIC,경기,2022-03-13 20:14:44,2026-02-19 08:25:15,N,Y,N,0,5940,2027-02-20
22059,um02059@example.com,010-0000-2059,2004-11-25,GOLD,대구,2022-08-29 08:51:38,2024-01-17 13:48:33,Y,N,N,0,13249,2027-04-06
22060,um02060@example.com,010-0000-2060,1981-09-01,BASIC,경기,2024-05-28 16:31:37,2026-08-16 05:53:02,Y,Y,N,0,870,2027-03-18
22061,um02061@example.org,010-0000-2061,1993-02-28,GOLD,광주,2024-12-29 21:55:53,2026-08-20 23:18:39,Y,Y,N,0,11990,2027-05-07
22062,um02062@example.net,010-0000-2062,1985-04-25,BASIC,서울,2025-03-19 20:08:10,2026-07-23 07:27:12,Y,Y,N,0,7418,2027-02-07
22063,um02063@example.com,010-0000-2063,1977-11-23,GOLD,대전,2025-11-19 10:18:12,2026-07-31 12:03:22,Y,Y,N,0,8613,2027-06-27
22064,um02064@example.org,010-0000-2064,2000-12-23,VIP,경기,2022-04-25 19:11:13,2026-05-17 09:04:09,Y,Y,N,0,24440,2026-11-28
22065,um02065@example.org,010-0000-2065,2001-03-20,BASIC,서울,2024-03-23 15:35:22,2026-08-14 13:20:50,N,Y,Y,255000,2480,2026-08-31
22066,um02066@example.org,010-0000-2066,1979-04-10,BASIC,경기,2025-01-18 14:52:23,2025-04-30 23:35:34,Y,N,N,0,0,
22067,um02067@example.net,010-0000-2067,2002-04-04,BASIC,서울,2024-07-18 14:01:04,2025-10-09 17:06:00,Y,Y,Y,159000,4770,2026-11-14
22068,um02068@example.org,010-0000-2068,1974-02-07,BASIC,울산,2023-05-15 21:27:39,2026-06-01 14:43:06,Y,Y,Y,20000,8852,2027-04-16
22069,um02069@example.com,010-0000-2069,1979-07-16,BASIC,경기,2025-02-08 21:56:01,2026-07-08 13:26:53,N,Y,N,0,3574,2026-11-07
22070,um02070@example.net,010-0000-2070,1978-12-17,BASIC,서울,2026-05-29 20:44:02,2026-09-01 14:04:43,Y,Y,N,0,2010,2027-06-27
22071,um02071@example.org,010-0000-2071,1989-11-15,GOLD,대전,2026-03-04 13:43:50,2026-08-31 06:18:20,Y,Y,N,0,9430,2026-09-07
22072,um02072@example.org,010-0000-2072,2005-11-08,VIP,전북,2024-12-10 14:00:43,2026-08-29 13:17:47,N,N,N,0,25273,2026-12-22
22073,um02073@example.net,010-0000-2073,1989-03-19,GOLD,경기,2023-07-17 10:21:54,2026-08-13 07:46:46,N,Y,N,0,13375,2027-03-03
22074,um02074@example.net,010-0000-2074,1977-12-07,VIP,강원,2025-10-23 17:35:24,2026-08-31 04:04:45,Y,N,N,0,21870,2027-09-30
22075,um02075@example.org,010-0000-2075,2007-04-28,GOLD,서울,2026-02-08 19:29:41,2026-02-09 23:42:01,Y,N,Y,123000,6690,2027-08-27
22076,um02076@example.net,010-0000-2076,1972-10-25,BASIC,전남,2025-07-29 19:03:01,2025-07-29 18:57:43,Y,Y,N,0,1013,2026-09-30
22077,um02077@example.com,010-0000-2077,1987-11-26,GOLD,인천,2024-12-11 14:09:24,2026-09-04 14:23:51,N,Y,N,0,13542,2027-09-25
22078,um02078@example.org,010-0000-2078,1995-02-20,GOLD,서울,2025-01-30 21:51:47,2026-08-07 23:49:27,Y,N,N,0,13329,2027-09-17
22079,um02079@example.org,010-0000-2079,2003-03-19,GOLD,광주,2025-04-03 10:58:51,2026-06-18 07:45:20,Y,N,N,0,6030,2027-05-09
22080,um02080@example.com,010-0000-2080,1985-11-18,VIP,울산,2022-09-05 23:36:27,2026-08-13 01:40:14,Y,Y,N,0,30520,2026-10-03
22081,um02081@example.com,010-0000-2081,1994-11-16,BASIC,경남,2025-10-01 19:53:41,2026-08-26 18:14:53,N,Y,N,0,2940,2026-11-13
22082,um02082@example.com,010-0000-2082,2001-11-24,BASIC,서울,2025-06-20 13:52:00,2025-06-22 11:01:31,Y,Y,N,0,5632,2027-09-30
22083,um02083@example.com,010-0000-2083,1975-11-12,GOLD,서울,2026-03-12 19:35:58,2026-09-04 02:49:54,N,Y,N,0,8140,2027-04-08
22084,um02084@example.net,010-0000-2084,1988-10-11,BASIC,인천,2025-12-05 20:35:35,2025-12-05 20:48:15,N,Y,N,0,4173,2026-10-05
22085,um02085@example.com,010-0000-2085,1986-01-01,BASIC,경기,2023-11-06 10:24:03,2026-03-12 12:16:50,N,N,N,0,3780,2026-11-21
22086,um02086@example.net,010-0000-2086,2008-10-22,BASIC,서울,2022-07-10 19:58:46,2023-12-30 08:47:07,N,N,N,0,0,
22087,um02087@example.com,010-0000-2087,1980-08-18,BASIC,경기,2022-09-10 20:44:40,2025-12-30 07:21:33,N,Y,Y,132000,1070,2027-09-12
22088,um02088@example.net,010-0000-2088,1971-09-28,BASIC,경기,2024-09-23 20:03:08,2026-09-01 08:49:41,N,Y,N,0,7943,2027-02-05
22089,um02089@example.net,010-0000-2089,1980-08-15,BASIC,충북,2024-05-02 23:09:28,2025-01-30 17:56:54,Y,N,N,0,3950,2027-01-21
22090,um02090@example.com,010-0000-2090,1995-07-09,BASIC,경남,2024-08-20 11:43:09,2026-02-14 12:19:15,Y,Y,N,0,5630,2027-06-13
22091,um02091@example.com,010-0000-2091,1976-01-22,GOLD,서울,2026-06-16 13:56:49,2026-09-03 05:52:49,Y,Y,N,0,10900,2026-10-04
22092,um02092@example.com,010-0000-2092,1975-01-03,BASIC,부산,2023-11-13 23:22:24,2025-07-13 11:00:10,Y,N,N,0,470,2027-03-08
22093,um02093@example.net,010-0000-2093,2002-05-23,BASIC,경북,2023-11-06 09:17:55,2026-07-21 03:22:10,N,N,N,0,5516,2027-01-11
22094,um02094@example.com,010-0000-2094,1995-01-27,BASIC,충북,2025-10-12 12:05:02,2026-08-23 18:14:36,N,Y,N,0,2276,2026-09-19
22095,um02095@example.com,010-0000-2095,1995-10-07,BASIC,전북,2025-08-21 19:02:09,2026-03-29 16:13:22,N,N,N,0,3092,2026-11-30
22096,um02096@example.com,010-0000-2096,1979-10-19,BASIC,서울,2026-05-02 21:25:41,2026-06-27 12:28:12,Y,Y,Y,193000,1910,2027-04-10
22097,um02097@example.org,010-0000-2097,1968-05-21,GOLD,경기,2026-07-26 11:54:55,2026-08-28 21:54:59,Y,Y,N,0,6100,2027-09-15
22098,um02098@example.com,010-0000-2098,1985-05-11,BASIC,서울,2025-05-13 15:38:31,2026-05-12 17:18:21,Y,Y,N,0,820,2027-04-27
22099,um02099@example.com,010-0000-2099,1987-09-25,GOLD,서울,2025-09-08 23:23:35,2025-09-11 12:34:30,Y,Y,N,0,6310,2026-10-28
22100,um02100@example.com,010-0000-2100,1987-12-21,BASIC,인천,2025-05-23 17:44:45,2025-05-31 11:20:25,Y,Y,N,0,4185,2027-06-07
22101,um02101@example.com,010-0000-2101,1984-11-03,BASIC,전북,2025-01-19 21:11:54,2026-08-15 19:33:43,N,Y,Y,240000,4572,2026-09-20
22102,um02102@example.net,010-0000-2102,1971-05-05,BASIC,경북,2026-06-11 13:43:22,2026-06-11 12:01:58,Y,Y,N,0,0,
22103,um02103@example.net,010-0000-2103,1990-06-22,BASIC,서울,2025-10-22 15:05:39,2026-08-29 11:33:56,Y,N,N,0,2630,2027-07-10
22104,um02104@example.org,010-0000-2104,2001-03-03,GOLD,경남,2025-12-22 18:46:14,2026-07-08 17:16:52,Y,N,N,0,19434,2027-01-13
22105,um02105@example.com,010-0000-2105,1984-05-06,BASIC,서울,2024-04-05 08:37:40,2025-07-15 07:50:47,Y,N,N,0,2540,2026-11-21
22106,um02106@example.net,010-0000-2106,1998-02-14,GOLD,대구,2022-11-14 19:39:27,2026-09-04 07:51:05,Y,N,N,0,17911,2027-08-11
22107,um02107@example.com,010-0000-2107,1976-09-25,GOLD,경기,2025-09-28 15:05:03,2026-09-01 09:58:11,Y,Y,N,0,10725,2027-08-03
22108,um02108@example.org,010-0000-2108,1978-11-01,VIP,서울,2024-02-02 13:00:06,2026-08-20 02:27:34,Y,N,Y,86000,25230,2027-06-20
22109,um02109@example.org,010-0000-2109,1980-08-17,BASIC,인천,2025-08-02 20:13:51,2026-07-03 08:59:49,N,Y,N,0,820,2027-08-30
22110,um02110@example.org,010-0000-2110,1994-05-23,BASIC,서울,2025-03-17 10:55:12,2026-07-15 08:51:08,Y,N,Y,91000,5620,2027-06-30
22111,um02111@example.net,010-0000-2111,1979-01-22,GOLD,경기,2025-08-19 12:26:57,2026-09-03 16:15:43,Y,N,Y,362000,6850,2027-03-30
22112,um02112@example.net,010-0000-2112,1971-11-24,BASIC,충남,2022-12-11 12:12:05,2026-06-13 15:55:11,Y,Y,N,0,2990,2027-05-07
22113,um02113@example.com,010-0000-2113,1989-06-22,GOLD,서울,2024-08-18 11:36:18,2026-08-17 06:29:47,N,Y,N,0,9370,2027-05-24
22114,um02114@example.net,010-0000-2114,1981-09-18,BASIC,서울,2022-11-07 13:18:01,2024-12-27 05:14:52,Y,N,N,0,5470,2027-04-07
22115,um02115@example.com,010-0000-2115,1983-12-09,BASIC,경기,2025-10-31 19:25:30,2026-04-30 07:48:47,Y,N,N,0,5740,2026-12-11
22116,um02116@example.net,010-0000-2116,2004-09-24,BASIC,대구,2024-12-08 17:33:07,2026-09-01 12:00:17,Y,Y,Y,214000,1820,2027-05-17
22117,um02117@example.net,010-0000-2117,2003-08-24,BASIC,대전,2026-04-01 11:18:35,2026-08-28 05:46:43,N,Y,N,0,560,2027-02-11
22118,um02118@example.org,010-0000-2118,2001-09-02,VIP,경북,2025-06-09 19:11:43,2026-09-03 08:12:41,Y,N,N,0,27730,2026-12-03
22119,um02119@example.net,010-0000-2119,2008-04-07,BASIC,서울,2026-08-17 19:50:16,2026-09-02 10:28:03,Y,N,Y,630000,2942,2026-11-07
22120,um02120@example.org,010-0000-2120,2007-03-19,BASIC,충북,2025-10-18 15:51:47,2025-11-09 09:29:33,Y,N,N,0,4940,2026-09-20
22121,um02121@example.com,010-0000-2121,1992-11-07,BASIC,인천,2026-07-04 23:52:22,2026-07-08 08:40:06,Y,N,N,0,3130,2027-03-08
22122,um02122@example.com,010-0000-2122,2003-05-16,VIP,경기,2023-02-14 12:38:58,2026-08-22 05:22:52,N,N,N,0,24441,2027-09-12
22123,um02123@example.net,010-0000-2123,1998-02-03,GOLD,경기,2025-05-08 21:04:39,2026-08-21 07:55:55,N,N,N,0,10940,2027-05-18
22124,um02124@example.com,010-0000-2124,1979-12-07,BASIC,대구,2023-12-11 16:44:42,2026-05-03 19:05:43,Y,N,Y,34000,3554,2027-05-28
22125,um02125@example.com,010-0000-2125,1997-11-10,BASIC,서울,2026-05-23 11:06:53,2026-09-01 12:53:22,N,Y,N,0,3660,2027-08-06
22126,um02126@example.org,010-0000-2126,1970-07-19,BASIC,대구,2025-05-25 11:37:46,2025-09-04 16:45:31,Y,N,N,0,830,2027-06-09
22127,um02127@example.com,010-0000-2127,1990-08-17,GOLD,서울,2024-07-18 11:22:18,2026-09-03 14:50:50,N,Y,N,0,16724,2027-02-09
22128,um02128@example.net,010-0000-2128,2002-07-10,BASIC,경기,2024-08-18 16:50:03,2025-02-17 11:28:48,N,Y,N,0,0,
22129,um02129@example.com,010-0000-2129,1972-03-08,BASIC,서울,2024-07-04 20:14:21,2026-06-22 17:39:50,N,N,N,0,1530,2027-09-22
22130,um02130@example.net,010-0000-2130,1971-05-17,BASIC,전남,2026-08-29 22:13:47,2026-09-03 17:15:14,Y,N,N,0,5369,2026-12-16
22131,um02131@example.com,010-0000-2131,2000-12-17,BASIC,경남,2023-04-16 21:58:38,2026-06-22 03:26:28,N,Y,N,0,4110,2027-03-02
22132,um02132@example.net,010-0000-2132,2001-02-11,BASIC,서울,2024-12-06 14:57:56,2026-05-31 12:25:47,Y,N,N,0,1420,2026-11-05
22133,um02133@example.com,010-0000-2133,1998-02-14,BASIC,광주,2023-06-04 20:04:26,2026-09-01 11:45:30,Y,Y,N,0,3250,2026-11-24
22134,um02134@example.com,010-0000-2134,2002-11-28,BASIC,인천,2024-02-17 21:47:55,2026-07-15 05:39:02,Y,N,N,0,680,2027-08-31
22135,um02135@example.net,010-0000-2135,1992-07-17,BASIC,인천,2024-08-21 09:19:12,2026-09-02 11:13:36,N,N,N,0,6763,2027-01-18
22136,um02136@example.net,010-0000-2136,1995-10-27,BASIC,대전,2025-07-06 09:16:49,2025-07-08 20:31:54,Y,N,N,0,1880,2026-12-04
22137,um02137@example.com,010-0000-2137,2002-08-13,BASIC,경기,2024-10-13 17:15:40,2026-09-02 17:02:25,Y,N,N,0,4622,2027-01-15
22138,um02138@example.net,010-0000-2138,1997-04-19,BASIC,경기,2026-08-25 17:09:39,2026-09-03 16:01:45,N,N,N,0,520,2026-10-29
22139,um02139@example.net,010-0000-2139,2002-03-16,BASIC,전남,2024-06-14 17:17:07,2026-01-28 08:24:26,Y,N,N,0,800,2027-02-24
22140,um02140@example.net,010-0000-2140,1985-02-18,BASIC,경기,2026-03-03 19:35:04,2026-08-25 19:49:42,Y,Y,N,0,4132,2026-11-20
22141,um02141@example.com,010-0000-2141,1972-06-14,GOLD,대구,2024-12-01 18:23:55,2026-09-03 21:29:51,N,N,N,0,14672,2027-08-01
22142,um02142@example.com,010-0000-2142,1994-04-04,BASIC,광주,2025-11-16 11:47:28,2026-09-01 15:20:26,Y,Y,Y,66000,8769,2027-07-08
22143,um02143@example.com,010-0000-2143,1990-05-12,BASIC,부산,2026-02-18 20:17:33,2026-02-20 08:04:34,Y,Y,Y,255000,5350,2027-04-03
22144,um02144@example.com,010-0000-2144,2001-07-17,BASIC,충남,2026-02-02 23:21:14,2026-08-25 15:05:16,Y,Y,N,0,4760,2027-02-26
22145,um02145@example.net,010-0000-2145,2003-10-07,BASIC,강원,2025-07-09 13:16:45,2025-07-14 05:32:07,N,N,N,0,3710,2026-12-08
22146,um02146@example.com,010-0000-2146,1987-11-12,BASIC,울산,2025-06-14 17:01:24,2026-08-22 20:06:17,Y,N,Y,57000,990,2027-07-09
22147,um02147@example.com,010-0000-2147,2005-07-01,BASIC,서울,2024-01-26 12:31:08,2026-01-10 17:07:37,N,N,N,0,4320,2026-12-19
22148,um02148@example.com,010-0000-2148,1989-09-11,BASIC,서울,2026-05-20 21:03:37,2026-05-24 10:51:05,Y,N,Y,180000,6052,2026-12-24
22149,um02149@example.com,010-0000-2149,1978-06-15,GOLD,서울,2024-06-30 13:02:58,2026-08-31 09:21:38,N,Y,N,0,10040,2027-01-25
22150,um02150@example.org,010-0000-2150,2008-05-20,BASIC,경기,2024-11-03 15:13:23,2025-07-24 07:44:45,N,Y,N,0,1490,2026-10-11
22151,um02151@example.org,010-0000-2151,1991-06-18,GOLD,경남,2025-03-10 20:06:24,2026-07-23 10:46:42,Y,Y,N,0,8620,2026-09-19
22152,um02152@example.net,010-0000-2152,1979-03-16,BASIC,부산,2023-06-17 21:15:38,2026-05-16 10:47:04,N,Y,N,0,6983,2027-08-28
22153,um02153@example.com,010-0000-2153,1986-09-27,BASIC,대구,2026-08-15 21:22:57,2026-09-04 07:23:41,N,N,N,0,1220,2027-08-11
22154,um02154@example.com,010-0000-2154,1974-02-03,GOLD,광주,2025-07-09 11:57:40,2026-08-29 10:12:10,Y,Y,N,0,11253,2026-11-16
22155,um02155@example.com,010-0000-2155,2001-05-16,GOLD,대구,2026-08-02 19:22:14,2026-08-31 14:13:01,Y,N,N,0,7290,2027-03-10
22156,um02156@example.com,010-0000-2156,1972-06-09,BASIC,충북,2022-07-25 15:49:16,2026-08-15 00:05:18,Y,N,N,0,7341,2027-09-10
22157,um02157@example.net,010-0000-2157,2002-02-18,VIP,인천,2026-05-05 13:43:09,2026-09-02 11:12:31,Y,Y,N,0,28720,2027-07-11
22158,um02158@example.com,010-0000-2158,1982-11-03,GOLD,경기,2023-02-18 13:12:20,2026-08-29 18:12:57,Y,N,N,0,9100,2027-04-26
22159,um02159@example.net,010-0000-2159,1994-04-04,GOLD,서울,2024-08-29 13:53:16,2026-08-07 23:11:38,N,Y,N,0,12140,2026-09-22
22160,um02160@example.org,010-0000-2160,1988-10-07,BASIC,서울,2025-08-13 17:08:33,2025-08-15 04:18:51,Y,N,N,0,6185,2026-08-15
22161,um02161@example.org,010-0000-2161,1976-10-24,BASIC,충남,2023-08-29 19:26:32,2026-08-30 09:39:05,Y,Y,N,0,3920,2027-02-24
22162,um02162@example.com,010-0000-2162,1989-02-16,GOLD,경북,2024-01-15 14:34:41,2026-06-10 13:41:20,Y,Y,N,0,10110,2026-10-05
22163,um02163@example.net,010-0000-2163,1973-06-02,BASIC,광주,2025-11-29 20:50:22,2026-08-25 02:51:25,Y,Y,N,0,1390,2026-10-10
22164,um02164@example.org,010-0000-2164,1992-05-03,BASIC,대전,2024-10-25 23:18:55,2025-02-15 19:57:52,Y,N,N,0,740,2027-06-08
22165,um02165@example.org,010-0000-2165,2003-12-21,BASIC,경기,2025-12-20 21:58:59,2025-12-24 06:10:59,Y,N,N,0,1450,2027-02-11
22166,um02166@example.org,010-0000-2166,1980-10-07,BASIC,경기,2026-02-28 10:24:42,2026-08-29 14:56:23,Y,N,N,0,6083,2027-08-28
22167,um02167@example.com,010-0000-2167,1986-12-09,VIP,강원,2024-09-04 21:01:05,2026-09-02 10:18:55,N,N,N,0,32800,2027-01-27
22168,um02168@example.net,010-0000-2168,1985-01-07,GOLD,울산,2023-09-15 23:14:44,2025-02-05 05:15:08,Y,N,N,0,8610,2026-11-11
22169,um02169@example.com,010-0000-2169,2006-02-28,GOLD,서울,2024-06-08 11:04:47,2025-03-19 09:44:26,Y,Y,N,0,9700,2026-11-10
22170,um02170@example.org,010-0000-2170,1982-04-12,BASIC,경남,2026-07-17 14:01:27,2026-09-04 10:41:49,Y,N,N,0,2590,2027-10-08
22171,um02171@example.org,010-0000-2171,1975-02-22,BASIC,경기,2026-01-20 21:11:00,2026-08-14 11:19:54,N,Y,N,0,5636,2027-03-19
22172,um02172@example.com,010-0000-2172,1968-05-18,GOLD,충북,2022-10-12 13:58:40,2026-07-31 18:26:29,Y,Y,N,0,14793,2027-01-05
22173,um02173@example.org,010-0000-2173,1988-10-18,GOLD,경기,2023-09-09 22:01:59,2026-07-21 06:47:41,Y,Y,N,0,8470,2026-08-19
22174,um02174@example.net,010-0000-2174,1984-05-21,BASIC,경기,2022-07-13 21:57:35,2025-01-19 09:18:32,Y,N,N,0,0,
22175,um02175@example.com,010-0000-2175,1987-11-25,BASIC,강원,2025-06-14 21:08:16,2026-06-24 12:13:30,Y,N,N,0,1690,2027-09-01
22176,um02176@example.com,010-0000-2176,1992-05-07,BASIC,인천,2024-10-28 11:46:09,2026-06-27 14:23:28,N,N,N,0,1140,2027-07-24
22177,um02177@example.com,010-0000-2177,1998-12-14,GOLD,인천,2023-12-29 20:42:54,2026-05-19 11:41:46,N,Y,N,0,9120,2026-11-15
22178,um02178@example.com,010-0000-2178,1987-02-22,BASIC,서울,2025-07-20 11:59:40,2026-06-24 17:32:53,Y,Y,N,0,5280,2027-06-28
22179,um02179@example.com,010-0000-2179,1972-12-12,BASIC,경기,2025-01-26 16:56:00,2026-08-02 07:48:38,N,N,N,0,3020,2027-04-30
22180,um02180@example.com,010-0000-2180,2002-12-27,GOLD,경기,2026-02-06 10:19:48,2026-02-08 11:18:22,N,Y,N,0,6470,2027-04-21
22181,um02181@example.net,010-0000-2181,1977-02-02,BASIC,제주,2026-06-23 19:55:33,2026-08-29 04:26:00,N,Y,Y,27000,2990,2027-02-11
22182,um02182@example.net,010-0000-2182,1975-12-24,GOLD,울산,2024-12-29 22:31:46,2026-08-29 20:59:23,Y,Y,N,0,10160,2027-09-27
22183,um02183@example.net,010-0000-2183,2005-12-28,BASIC,경기,2023-08-01 19:08:41,2025-11-30 16:23:02,N,N,N,0,2452,2026-12-10
22184,um02184@example.com,010-0000-2184,1968-02-02,BASIC,대구,2026-04-20 11:57:55,2026-08-27 04:28:02,N,N,N,0,4210,2027-03-17
22185,um02185@example.net,010-0000-2185,1968-04-06,BASIC,서울,2024-01-11 12:29:03,2026-09-01 14:59:26,N,Y,N,0,2520,2027-04-26
22186,um02186@example.com,010-0000-2186,1997-07-14,GOLD,전북,2024-08-16 13:37:43,2026-08-30 23:06:50,N,N,N,0,10881,2026-12-10
22187,um02187@example.com,010-0000-2187,1999-04-28,GOLD,서울,2024-02-09 20:53:41,2026-08-16 23:52:40,N,Y,N,0,11300,2027-01-06
22188,um02188@example.net,010-0000-2188,1972-06-06,GOLD,경기,2024-07-07 14:49:50,2026-08-22 18:04:15,N,N,Y,79000,17230,2026-09-19
22189,um02189@example.com,010-0000-2189,2002-10-18,GOLD,대구,2024-12-14 17:27:06,2026-06-06 00:17:05,Y,N,N,0,19430,2027-02-12
22190,um02190@example.com,010-0000-2190,1977-04-12,BASIC,서울,2023-09-10 15:18:44,2026-08-18 18:47:38,N,N,N,0,1430,2026-09-18
22191,um02191@example.com,010-0000-2191,2002-08-03,VIP,경기,2024-04-13 15:12:39,2026-05-04 06:47:37,N,N,N,0,38596,2027-06-07
22192,um02192@example.com,010-0000-2192,1974-12-21,BASIC,강원,2026-05-08 10:04:25,2026-08-24 16:35:31,Y,N,Y,227000,1720,2026-12-08
22193,um02193@example.org,010-0000-2193,1983-04-26,GOLD,서울,2024-03-13 20:19:21,2026-08-27 00:12:45,N,Y,N,0,13131,2027-02-18
22194,um02194@example.net,010-0000-2194,2005-04-01,VIP,경기,2025-09-21 21:38:41,2026-09-01 22:40:43,N,Y,N,0,21990,2026-10-03
22195,um02195@example.com,010-0000-2195,2000-06-01,VIP,인천,2025-06-27 20:05:53,2026-08-22 10:58:32,Y,N,N,0,23211,2027-02-24
22196,um02196@example.com,010-0000-2196,1980-10-20,BASIC,대구,2023-08-18 22:00:29,2026-02-08 18:33:45,N,N,N,0,850,2027-04-07
22197,um02197@example.com,010-0000-2197,1982-12-24,BASIC,서울,2025-09-09 12:11:57,2026-06-12 07:08:31,N,Y,N,0,2280,2027-07-03
22198,um02198@example.com,010-0000-2198,1974-03-01,BASIC,경북,2025-05-16 23:00:41,2026-08-03 13:58:35,Y,N,N,0,4310,2027-07-26
22199,um02199@example.com,010-0000-2199,2008-09-05,GOLD,경기,2024-04-14 22:46:55,2026-08-15 07:19:57,N,N,N,0,14950,2026-08-30
22200,um02200@example.com,010-0000-2200,1971-06-10,BASIC,경북,2025-08-04 13:21:13,2026-07-17 10:03:02,Y,N,Y,32000,3334,2026-08-26
22201,um02201@example.com,010-0000-2201,1998-10-10,BASIC,서울,2026-03-11 21:56:52,2026-03-11 22:01:46,N,Y,N,0,0,
22202,um02202@example.com,010-0000-2202,2004-10-12,BASIC,경기,2024-08-21 18:14:23,2026-07-02 08:49:42,N,N,N,0,3540,2026-12-16
22203,um02203@example.org,010-0000-2203,1992-11-10,BASIC,서울,2023-05-23 13:51:49,2026-07-31 18:29:38,Y,Y,N,0,1880,2027-09-24
22204,um02204@example.net,010-0000-2204,1989-08-25,BASIC,강원,2025-06-28 21:23:38,2025-06-29 07:29:44,N,N,N,0,350,2027-04-07
22205,um02205@example.com,010-0000-2205,1968-06-02,GOLD,울산,2023-06-14 10:26:24,2026-08-05 19:39:03,Y,N,Y,89000,18360,2027-09-30
22206,um02206@example.org,010-0000-2206,1992-08-24,BASIC,경기,2024-08-26 21:50:31,2025-06-24 18:26:17,Y,N,N,0,2086,2026-12-12
22207,um02207@example.com,010-0000-2207,2004-06-13,GOLD,부산,2025-03-31 12:32:43,2026-07-24 20:09:55,Y,N,N,0,13575,2026-08-30
22208,um02208@example.com,010-0000-2208,1983-12-05,BASIC,대전,2023-03-06 22:08:03,2024-05-29 08:53:26,Y,Y,Y,626000,5570,2026-11-14
22209,um02209@example.org,010-0000-2209,1978-01-02,GOLD,경기,2022-02-22 08:45:36,2026-07-19 10:02:16,Y,N,N,0,6710,2026-08-20
22210,um02210@example.com,010-0000-2210,1990-03-13,BASIC,경기,2025-05-31 19:09:18,2026-07-30 13:21:29,Y,Y,N,0,2723,2026-09-06
22211,um02211@example.net,010-0000-2211,1981-09-05,BASIC,경기,2025-01-29 12:47:11,2026-07-29 14:26:23,Y,Y,Y,438000,5220,2027-03-05
22212,um02212@example.net,010-0000-2212,1980-05-11,BASIC,대구,2026-02-25 09:31:25,2026-09-01 10:17:45,Y,Y,N,0,4423,2026-10-21
22213,um02213@example.com,010-0000-2213,1983-05-15,BASIC,충남,2026-07-27 15:18:43,2026-07-31 03:06:58,Y,Y,N,0,4430,2027-05-18
22214,um02214@example.net,010-0000-2214,1973-10-17,GOLD,대전,2025-08-09 21:33:51,2026-07-29 08:09:43,N,Y,N,0,8410,2026-10-04
22215,um02215@example.net,010-0000-2215,2003-09-18,GOLD,전북,2025-01-12 19:29:43,2026-09-02 09:35:11,N,Y,N,0,14140,2027-07-25
22216,um02216@example.com,010-0000-2216,1971-06-18,BASIC,광주,2023-03-18 16:40:53,2026-06-21 09:49:29,Y,Y,N,0,6752,2027-05-28
22217,um02217@example.net,010-0000-2217,1982-09-14,BASIC,광주,2025-01-17 22:02:34,2025-10-05 09:52:19,Y,N,N,0,0,
22218,um02218@example.com,010-0000-2218,2000-04-14,BASIC,경북,2026-01-11 22:37:38,2026-08-21 15:48:01,Y,N,N,0,6791,2026-11-24
22219,um02219@example.com,010-0000-2219,2007-02-05,BASIC,경남,2024-11-04 21:43:09,2026-08-30 19:06:54,Y,N,N,0,379,2027-05-26
22220,um02220@example.net,010-0000-2220,1998-01-24,BASIC,부산,2026-02-08 23:58:09,2026-02-10 16:33:02,Y,N,N,0,3340,2026-11-30
22221,um02221@example.org,010-0000-2221,1979-06-13,BASIC,전북,2026-05-05 10:38:05,2026-08-20 12:26:31,N,N,N,0,5935,2027-05-18
22222,um02222@example.org,010-0000-2222,1985-03-23,BASIC,전북,2025-12-11 13:22:57,2025-12-11 13:34:33,Y,N,N,0,0,
22223,um02223@example.com,010-0000-2223,2007-06-23,VIP,대구,2025-08-11 22:51:04,2026-08-02 16:58:55,Y,N,N,0,21030,2027-02-04
22224,um02224@example.net,010-0000-2224,2000-07-07,BASIC,경기,2024-05-03 13:18:55,2025-04-23 18:58:10,N,N,N,0,1940,2027-07-30
22225,um02225@example.com,010-0000-2225,1997-10-02,GOLD,경남,2024-12-11 17:45:40,2026-06-21 14:27:29,N,Y,N,0,12350,2027-08-05
22226,um02226@example.com,010-0000-2226,1987-09-16,BASIC,전북,2025-12-22 21:23:19,2026-08-18 05:52:24,Y,N,N,0,2250,2027-06-10
22227,um02227@example.net,010-0000-2227,1974-06-09,GOLD,부산,2025-12-19 20:48:18,2026-09-02 05:42:52,Y,Y,N,0,7520,2027-07-28
22228,um02228@example.org,010-0000-2228,1984-06-05,BASIC,서울,2024-08-22 20:17:21,2026-04-22 09:26:34,N,N,N,0,2040,2027-03-22
22229,um02229@example.com,010-0000-2229,2000-10-25,BASIC,인천,2023-08-06 11:04:39,2025-11-14 17:58:33,Y,N,Y,45000,710,2026-12-17
22230,um02230@example.net,010-0000-2230,1973-06-16,GOLD,전북,2024-10-26 12:04:52,2026-09-02 17:54:05,Y,Y,Y,172000,16060,2027-04-01
22231,um02231@example.com,010-0000-2231,1968-08-13,BASIC,경남,2025-08-22 23:08:19,2025-08-31 10:41:35,N,Y,N,0,7589,2026-11-16
22232,um02232@example.com,010-0000-2232,1992-08-20,GOLD,서울,2023-09-05 00:21:29,2026-09-03 06:26:18,Y,Y,Y,56000,12185,2027-04-21
22233,um02233@example.org,010-0000-2233,1982-12-28,BASIC,서울,2025-12-14 22:39:46,2025-12-15 08:16:56,Y,N,N,0,300,2027-05-15
22234,um02234@example.org,010-0000-2234,1989-07-09,BASIC,충남,2025-08-20 14:45:55,2025-08-26 09:47:26,N,Y,N,0,1300,2027-05-27
22235,um02235@example.net,010-0000-2235,1984-09-01,GOLD,경기,2024-09-25 21:23:42,2026-07-21 20:33:53,N,Y,N,0,15510,2026-09-14
22236,um02236@example.com,010-0000-2236,1984-12-10,GOLD,인천,2023-08-05 19:03:43,2026-08-30 19:13:21,Y,Y,N,0,14250,2027-09-08
22237,um02237@example.org,010-0000-2237,1978-11-21,BASIC,인천,2025-07-30 11:59:33,2025-12-03 23:17:27,N,Y,N,0,5593,2027-01-14
22238,um02238@example.com,010-0000-2238,2006-05-16,BASIC,부산,2025-09-14 09:56:17,2026-08-29 04:15:54,Y,Y,N,0,450,2027-06-08
22239,um02239@example.com,010-0000-2239,1994-01-11,GOLD,강원,2023-10-11 12:06:31,2026-08-16 17:02:04,Y,N,N,0,16260,2027-03-06
22240,um02240@example.net,010-0000-2240,1972-10-23,GOLD,서울,2022-04-23 13:10:11,2026-05-16 19:04:00,Y,N,N,0,11160,2026-09-10
22241,um02241@example.com,010-0000-2241,1986-04-12,BASIC,서울,2026-01-18 23:15:44,2026-01-19 16:43:45,Y,N,Y,110000,3466,2026-12-28
22242,um02242@example.com,010-0000-2242,2005-11-01,GOLD,경기,2026-05-11 10:29:47,2026-08-23 08:07:53,Y,N,N,0,10160,2026-09-16
22243,um02243@example.com,010-0000-2243,2005-01-04,GOLD,서울,2024-05-12 15:08:51,2026-07-02 00:38:32,Y,Y,N,0,10720,2027-04-17
22244,um02244@example.com,010-0000-2244,1984-12-16,BASIC,서울,2025-08-09 10:54:13,2026-07-11 11:01:21,N,Y,N,0,4290,2026-09-08
22245,um02245@example.org,010-0000-2245,1979-09-25,BASIC,전북,2025-12-08 21:31:49,2025-12-13 07:59:34,Y,N,N,0,2876,2026-10-30
22246,um02246@example.com,010-0000-2246,1989-01-05,BASIC,광주,2026-04-30 09:46:38,2026-08-28 11:47:01,Y,Y,N,0,2110,2027-01-26
22247,um02247@example.net,010-0000-2247,1976-07-24,BASIC,경기,2022-03-21 13:47:09,2025-05-15 12:19:31,N,N,N,0,0,
22248,um02248@example.com,010-0000-2248,1988-10-17,GOLD,부산,2026-08-11 20:07:47,2026-09-03 19:52:14,Y,Y,N,0,6790,2026-12-20
22249,um02249@example.com,010-0000-2249,1989-02-11,BASIC,경기,2025-03-17 16:52:21,2026-09-03 01:48:07,Y,Y,N,0,5701,2027-10-07
22250,um02250@example.com,010-0000-2250,1990-03-19,BASIC,경북,2024-04-05 13:53:55,2026-05-28 12:08:37,Y,Y,N,0,1000,2027-10-04
22251,um02251@example.com,010-0000-2251,1996-05-23,GOLD,경기,2025-04-22 08:58:43,2026-09-02 11:59:58,N,Y,Y,182000,8960,2027-04-03
22252,um02252@example.net,010-0000-2252,1987-02-03,GOLD,광주,2023-04-28 20:27:57,2026-07-25 15:10:41,Y,N,N,0,14900,2027-03-11
22253,um02253@example.net,010-0000-2253,1998-10-02,BASIC,부산,2025-03-15 12:37:28,2025-04-17 16:43:26,Y,N,N,0,4388,2026-12-13
22254,um02254@example.net,010-0000-2254,1993-09-11,BASIC,전남,2025-12-13 21:52:01,2025-12-16 19:58:59,Y,Y,N,0,3151,2027-08-12
22255,um02255@example.com,010-0000-2255,2001-10-15,GOLD,부산,2026-08-10 12:28:09,2026-09-03 19:32:41,Y,Y,Y,102000,8330,2026-09-09
22256,um02256@example.org,010-0000-2256,1983-02-04,VIP,인천,2022-08-09 10:34:16,2026-08-20 13:15:59,Y,Y,N,0,47460,2026-11-02
22257,um02257@example.com,010-0000-2257,1981-06-23,BASIC,경기,2025-03-01 20:32:20,2026-05-08 01:23:08,Y,Y,N,0,8057,2026-09-11
22258,um02258@example.org,010-0000-2258,1984-02-24,BASIC,충북,2026-05-30 17:47:02,2026-09-02 19:47:45,N,N,N,0,3879,2027-04-28
22259,um02259@example.com,010-0000-2259,1989-09-18,GOLD,경남,2024-02-22 19:04:44,2026-08-29 23:03:43,N,N,N,0,9140,2027-01-19
22260,um02260@example.com,010-0000-2260,1981-03-10,VIP,부산,2025-11-03 22:19:15,2026-08-31 14:01:06,N,Y,N,0,25810,2027-01-29
22261,um02261@example.com,010-0000-2261,2000-01-24,BASIC,충남,2025-04-06 21:58:29,2025-05-08 12:35:41,Y,N,N,0,1900,2027-08-11
22262,um02262@example.com,010-0000-2262,2005-10-26,BASIC,대구,2024-04-23 19:03:15,2026-07-03 18:38:07,N,Y,N,0,5800,2027-03-30
22263,um02263@example.com,010-0000-2263,1984-07-12,BASIC,경기,2022-04-19 14:44:55,2026-08-20 05:48:35,Y,Y,N,0,4106,2026-12-30
22264,um02264@example.net,010-0000-2264,2005-12-18,BASIC,경북,2026-07-12 14:56:48,2026-07-20 22:07:59,Y,Y,N,0,0,
22265,um02265@example.org,010-0000-2265,2004-09-14,BASIC,서울,2026-04-22 13:04:23,2026-09-01 05:30:17,Y,Y,N,0,6231,2027-05-10
22266,um02266@example.org,010-0000-2266,1987-04-20,GOLD,서울,2024-01-09 10:31:33,2026-06-26 06:34:52,Y,N,N,0,11190,2026-10-05
22267,um02267@example.com,010-0000-2267,2005-02-16,BASIC,제주,2025-08-15 16:52:44,2026-08-28 20:41:14,Y,Y,Y,404000,620,2027-02-12
22268,um02268@example.com,010-0000-2268,1973-05-25,BASIC,경기,2024-09-26 15:10:40,2026-09-01 16:07:47,Y,Y,N,0,1060,2026-12-20
22269,um02269@example.com,010-0000-2269,2001-10-22,BASIC,경남,2026-07-19 15:59:47,2026-09-03 09:46:15,Y,Y,N,0,1570,2027-09-17
22270,um02270@example.com,010-0000-2270,1974-12-01,BASIC,경기,2026-04-03 14:42:52,2026-07-17 09:56:50,N,Y,N,0,1600,2026-12-16
22271,um02271@example.com,010-0000-2271,1992-06-26,BASIC,전남,2023-05-01 12:25:17,2024-05-31 16:44:38,N,Y,N,0,1538,2026-09-27
22272,um02272@example.com,010-0000-2272,1999-03-16,BASIC,경기,2024-08-27 13:36:48,2025-02-22 13:43:59,N,Y,N,0,5320,2026-09-20
22273,um02273@example.com,010-0000-2273,1987-08-04,BASIC,전남,2024-07-04 12:03:10,2026-05-16 08:47:07,N,Y,Y,356000,4798,2027-01-20
22274,um02274@example.com,010-0000-2274,1998-11-05,BASIC,서울,2026-08-18 08:56:37,2026-08-23 15:53:47,Y,Y,N,0,2094,2027-03-31
22275,um02275@example.com,010-0000-2275,1974-04-01,BASIC,세종,2026-08-18 23:05:05,2026-08-30 20:02:05,N,N,N,0,5710,2027-09-13
22276,um02276@example.com,010-0000-2276,1990-08-13,VIP,서울,2026-06-17 22:40:55,2026-09-03 09:53:35,N,Y,N,0,36290,2027-03-31
22277,um02277@example.net,010-0000-2277,1989-10-06,GOLD,부산,2025-05-06 22:55:14,2026-09-02 16:51:39,Y,N,Y,269000,12440,2026-09-05
22278,um02278@example.net,010-0000-2278,1972-01-18,BASIC,경기,2023-05-30 15:38:06,2026-04-16 04:49:25,Y,Y,N,0,5190,2026-11-03
22279,um02279@example.net,010-0000-2279,2001-03-25,GOLD,서울,2024-07-28 23:35:34,2025-12-25 05:27:15,Y,Y,Y,337000,7180,2027-01-20
22280,um02280@example.com,010-0000-2280,1975-06-11,GOLD,서울,2025-11-14 00:00:51,2026-08-28 22:24:18,Y,Y,N,0,7340,2027-02-08
22281,um02281@example.com,010-0000-2281,1995-08-10,BASIC,서울,2023-09-15 19:50:16,2025-05-25 09:53:17,N,Y,N,0,2410,2027-09-19
22282,um02282@example.com,010-0000-2282,1977-01-21,BASIC,전북,2024-05-14 20:24:02,2026-05-01 16:19:37,N,Y,N,0,1950,2027-07-01
22283,um02283@example.net,010-0000-2283,1981-04-20,BASIC,서울,2025-10-03 12:43:31,2025-12-20 11:58:48,Y,N,N,0,1200,2027-01-05
22284,um02284@example.org,010-0000-2284,2000-10-25,GOLD,서울,2026-07-02 11:30:58,2026-08-21 19:27:36,N,Y,Y,106000,10188,2027-05-16
22285,um02285@example.com,010-0000-2285,2001-06-14,GOLD,서울,2025-08-08 09:44:39,2026-08-22 07:26:36,Y,N,N,0,13321,2027-02-15
22286,um02286@example.com,010-0000-2286,1989-01-09,GOLD,충북,2023-04-08 20:15:52,2026-08-02 08:22:56,Y,Y,N,0,6870,2027-07-07
22287,um02287@example.com,010-0000-2287,1979-04-14,BASIC,충북,2026-05-03 21:37:30,2026-08-25 16:02:53,N,Y,N,0,3370,2027-04-19
22288,um02288@example.com,010-0000-2288,2002-01-23,BASIC,서울,2024-04-25 19:35:43,2026-08-10 17:30:01,N,Y,N,0,7397,2027-09-25
22289,um02289@example.com,010-0000-2289,1979-05-18,BASIC,경북,2024-02-14 11:32:14,2026-09-03 04:28:24,N,N,N,0,3800,2027-08-29
22290,um02290@example.org,010-0000-2290,2007-02-14,GOLD,경남,2025-05-23 12:48:21,2026-08-28 17:12:44,N,Y,N,0,9889,2027-03-06
22291,um02291@example.net,010-0000-2291,1978-09-22,BASIC,경북,2023-08-09 15:58:17,2026-08-28 20:19:48,Y,N,N,0,5320,2027-02-16
22292,um02292@example.com,010-0000-2292,1991-01-05,BASIC,서울,2026-04-24 10:21:57,2026-08-30 06:47:31,N,N,N,0,3983,2026-11-16
22293,um02293@example.com,010-0000-2293,2005-05-22,BASIC,인천,2023-04-05 13:11:49,2024-09-01 21:24:47,Y,Y,N,0,0,
22294,um02294@example.com,010-0000-2294,1976-05-09,BASIC,강원,2023-06-11 08:26:49,2024-12-09 17:02:58,Y,N,N,0,2110,2027-07-26
22295,um02295@example.net,010-0000-2295,2007-04-10,BASIC,경남,2026-07-10 15:08:18,2026-07-10 16:19:59,Y,Y,N,0,3656,2027-06-21
22296,um02296@example.net,010-0000-2296,2008-12-18,BASIC,서울,2023-10-04 11:48:25,2026-03-19 18:47:09,N,Y,N,0,6050,2026-11-27
22297,um02297@example.com,010-0000-2297,1983-01-10,BASIC,경기,2026-09-02 19:01:35,2026-09-03 13:15:50,N,N,N,0,1480,2027-01-23
22298,um02298@example.net,010-0000-2298,2007-10-09,BASIC,경기,2025-04-27 10:31:47,2026-04-15 09:40:11,Y,Y,N,0,1381,2026-11-13
22299,um02299@example.net,010-0000-2299,1988-05-22,BASIC,경기,2026-06-18 23:23:04,2026-06-28 14:43:09,N,Y,Y,188000,0,
22300,um02300@example.net,010-0000-2300,1973-09-12,BASIC,부산,2026-08-13 20:57:12,2026-09-03 17:48:37,N,Y,N,0,2738,2027-03-23
22301,um02301@example.com,010-0000-2301,1979-10-03,BASIC,부산,2024-12-10 22:47:29,2026-05-10 07:01:54,Y,N,N,0,1550,2027-08-02
22302,um02302@example.com,010-0000-2302,2006-06-12,GOLD,경기,2026-04-11 15:35:16,2026-09-03 00:01:46,N,Y,N,0,8720,2027-07-21
22303,um02303@example.com,010-0000-2303,1989-08-11,GOLD,대구,2026-04-18 20:03:38,2026-09-03 15:47:12,N,Y,N,0,7880,2027-05-01
22304,um02304@example.net,010-0000-2304,1981-10-23,BASIC,대구,2024-06-18 00:07:09,2024-10-28 13:12:51,Y,N,N,0,0,
22305,um02305@example.net,010-0000-2305,1982-04-21,GOLD,경기,2025-01-22 16:57:45,2026-03-06 02:31:50,N,Y,N,0,9620,2027-05-27
22306,um02306@example.org,010-0000-2306,1979-12-15,BASIC,전북,2024-06-04 20:29:17,2026-07-11 07:17:43,Y,Y,N,0,5880,2027-07-18
22307,um02307@example.net,010-0000-2307,1986-12-18,VIP,인천,2025-07-17 22:43:00,2026-09-01 13:12:34,Y,N,N,0,21022,2026-11-15
22308,um02308@example.net,010-0000-2308,1977-06-26,BASIC,충남,2024-09-16 22:02:17,2025-04-27 03:36:46,Y,N,N,0,3957,2027-01-16
22309,um02309@example.com,010-0000-2309,1995-04-14,BASIC,경기,2025-11-05 09:49:19,2025-11-08 17:28:38,Y,N,N,0,1590,2027-04-22
22310,um02310@example.com,010-0000-2310,1991-11-06,GOLD,서울,2024-05-02 19:37:16,2026-08-16 22:50:26,N,N,N,0,12320,2027-04-29
22311,um02311@example.org,010-0000-2311,1989-10-01,GOLD,경기,2022-06-04 09:29:36,2026-09-02 09:46:00,Y,N,N,0,9632,2027-08-01
22312,um02312@example.net,010-0000-2312,1973-02-12,BASIC,전북,2025-01-29 16:02:19,2026-07-19 23:20:18,N,N,N,0,4710,2027-01-31
22313,um02313@example.net,010-0000-2313,2001-04-28,BASIC,충북,2024-01-30 00:45:11,2024-09-29 19:17:03,N,Y,N,0,0,
22314,um02314@example.com,010-0000-2314,1969-06-08,BASIC,강원,2024-03-29 19:07:29,2026-07-21 06:14:42,Y,Y,N,0,7344,2026-09-07
22315,um02315@example.net,010-0000-2315,1976-03-19,BASIC,충남,2026-05-08 14:02:40,2026-09-04 06:50:37,Y,Y,Y,60000,1280,2027-02-25
22316,um02316@example.net,010-0000-2316,1972-11-03,GOLD,전남,2026-08-05 22:19:58,2026-08-31 00:28:28,N,Y,N,0,7100,2027-05-12
22317,um02317@example.net,010-0000-2317,1971-12-22,GOLD,제주,2025-04-30 21:19:58,2026-07-29 13:53:46,Y,Y,N,0,10374,2026-10-03
22318,um02318@example.com,010-0000-2318,2004-07-21,BASIC,서울,2025-12-10 22:59:33,2025-12-10 22:28:15,Y,Y,N,0,0,
22319,um02319@example.org,010-0000-2319,1975-01-01,BASIC,경남,2026-05-06 09:53:45,2026-09-02 08:53:17,Y,N,N,0,2590,2027-04-20
22320,um02320@example.com,010-0000-2320,1975-12-20,GOLD,충남,2024-01-27 21:03:31,2026-06-27 14:37:22,N,Y,N,0,6540,2027-08-06
22321,um02321@example.net,010-0000-2321,1994-08-03,BASIC,충남,2025-02-05 15:34:14,2026-01-22 23:10:22,Y,Y,N,0,212,2027-01-11
22322,um02322@example.com,010-0000-2322,1980-08-06,GOLD,부산,2023-08-20 13:22:44,2026-05-25 18:24:43,N,N,N,0,9970,2027-09-03
22323,um02323@example.com,010-0000-2323,1995-09-16,GOLD,부산,2025-03-10 22:36:06,2026-08-16 23:57:41,Y,N,N,0,10980,2026-11-13
22324,um02324@example.com,010-0000-2324,1991-02-14,BASIC,서울,2025-04-12 21:35:10,2025-05-13 12:47:42,Y,N,N,0,4737,2026-11-28
22325,um02325@example.com,010-0000-2325,1999-05-19,VIP,경남,2023-09-18 21:06:01,2026-07-30 21:09:21,Y,Y,N,0,28060,2027-09-24
22326,um02326@example.net,010-0000-2326,1998-08-23,GOLD,충북,2026-04-10 12:38:34,2026-09-01 13:28:59,Y,Y,N,0,10650,2026-11-27
22327,um02327@example.org,010-0000-2327,1989-10-14,BASIC,대구,2026-08-29 20:56:08,2026-08-31 23:45:04,N,N,N,0,1600,2027-04-11
22328,um02328@example.com,010-0000-2328,1999-02-01,BASIC,강원,2022-04-20 20:41:33,2024-03-12 15:15:00,Y,N,N,0,2200,2027-05-10
22329,um02329@example.net,010-0000-2329,2007-02-03,BASIC,서울,2026-07-19 18:21:12,2026-08-27 23:04:33,Y,Y,N,0,740,2027-04-17
22330,um02330@example.org,010-0000-2330,1974-10-21,BASIC,울산,2022-07-21 20:41:05,2024-06-28 17:58:29,Y,Y,N,0,0,
22331,um02331@example.com,010-0000-2331,1987-11-12,BASIC,대전,2024-06-05 15:01:49,2026-05-05 04:59:30,N,Y,N,0,4520,2026-11-21
22332,um02332@example.com,010-0000-2332,2004-02-23,GOLD,경기,2025-08-04 00:37:05,2026-08-23 15:41:23,Y,Y,Y,48000,10644,2027-01-01
22333,um02333@example.com,010-0000-2333,1978-06-23,BASIC,부산,2024-08-31 22:44:00,2026-07-07 09:32:28,Y,Y,Y,91000,1960,2027-05-13
22334,um02334@example.com,010-0000-2334,1969-03-25,GOLD,충북,2025-07-21 09:03:28,2026-09-02 21:43:33,Y,N,Y,432000,18600,2027-10-03
22335,um02335@example.net,010-0000-2335,1981-05-01,BASIC,대전,2026-08-30 10:35:11,2026-09-03 06:51:34,Y,Y,N,0,9198,2026-09-25
22336,um02336@example.com,010-0000-2336,1996-02-26,BASIC,경기,2022-11-26 17:27:27,2024-02-23 14:30:31,Y,N,N,0,910,2027-04-25
22337,um02337@example.com,010-0000-2337,1977-06-20,GOLD,대구,2026-08-31 14:49:23,2026-09-03 16:31:49,N,Y,N,0,8040,2027-04-09
22338,um02338@example.com,010-0000-2338,1998-09-22,BASIC,경기,2024-04-10 13:04:17,2026-08-19 19:36:09,Y,Y,N,0,6728,2027-07-11
22339,um02339@example.com,010-0000-2339,1971-05-22,BASIC,부산,2023-12-22 00:07:44,2026-08-27 08:05:49,Y,N,Y,40000,3406,2027-08-19
22340,um02340@example.net,010-0000-2340,2005-06-24,BASIC,대구,2025-09-21 20:11:04,2026-08-21 20:54:54,Y,Y,N,0,1480,2027-08-07
22341,um02341@example.com,010-0000-2341,1982-09-22,GOLD,부산,2025-03-22 15:34:27,2025-10-28 16:22:38,N,N,N,0,7230,2026-10-13
22342,um02342@example.org,010-0000-2342,1993-12-28,BASIC,인천,2024-06-15 17:11:05,2026-08-20 19:50:07,N,N,Y,88000,4476,2027-08-19
22343,um02343@example.net,010-0000-2343,1974-12-15,GOLD,서울,2025-06-22 09:04:51,2026-09-01 10:22:41,Y,Y,Y,208000,7832,2027-05-07
22344,um02344@example.net,010-0000-2344,1979-03-01,BASIC,충남,2024-12-10 00:56:26,2025-04-03 07:07:13,Y,N,N,0,1810,2027-08-22
22345,um02345@example.net,010-0000-2345,1971-05-21,BASIC,서울,2025-04-03 15:27:59,2025-04-13 05:24:23,Y,Y,N,0,240,2027-01-18
22346,um02346@example.com,010-0000-2346,1975-03-28,GOLD,대구,2025-07-29 11:59:46,2026-09-03 20:08:46,N,Y,N,0,15550,2027-05-05
22347,um02347@example.org,010-0000-2347,1993-08-12,BASIC,경기,2023-12-15 13:00:17,2024-05-22 07:07:56,N,Y,N,0,7075,2027-08-08
22348,um02348@example.org,010-0000-2348,2005-07-18,BASIC,경기,2026-05-18 16:07:40,2026-08-27 15:27:42,N,Y,N,0,0,
22349,um02349@example.com,010-0000-2349,1973-12-26,BASIC,부산,2025-05-21 19:42:47,2026-08-22 16:43:52,Y,Y,N,0,2980,2027-08-31
22350,um02350@example.com,010-0000-2350,1983-05-22,BASIC,경기,2025-06-29 09:33:01,2025-08-01 20:40:41,N,N,N,0,0,
22351,um02351@example.net,010-0000-2351,1981-10-10,GOLD,강원,2025-04-28 16:51:31,2026-08-28 15:53:12,Y,Y,N,0,10870,2026-10-21
22352,um02352@example.org,010-0000-2352,1982-04-05,BASIC,인천,2022-11-27 21:41:53,2026-08-14 02:23:21,N,N,N,0,1250,2026-11-23
22353,um02353@example.net,010-0000-2353,1989-05-21,BASIC,충남,2022-04-10 10:28:11,2026-01-26 18:43:04,Y,N,N,0,1990,2027-07-04
22354,um02354@example.com,010-0000-2354,1994-03-18,BASIC,부산,2023-04-24 00:28:43,2025-08-19 13:53:20,N,N,N,0,380,2027-04-28
22355,um02355@example.com,010-0000-2355,1972-01-20,GOLD,서울,2024-09-06 10:03:17,2026-07-19 08:35:06,N,Y,N,0,9440,2027-03-30
22356,um02356@example.net,010-0000-2356,2000-04-07,BASIC,전북,2024-09-06 19:14:40,2026-04-08 14:36:50,Y,Y,Y,284000,7711,2027-03-07
22357,um02357@example.net,010-0000-2357,2005-08-16,GOLD,부산,2022-09-16 20:01:26,2026-07-23 14:16:30,Y,Y,N,0,7150,2027-02-04
22358,um02358@example.com,010-0000-2358,1977-07-19,GOLD,서울,2024-11-02 08:10:29,2026-08-15 12:07:36,Y,N,N,0,19410,2026-08-18
22359,um02359@example.net,010-0000-2359,2006-12-05,BASIC,경북,2025-11-26 17:42:59,2026-09-01 21:35:26,N,N,N,0,8680,2027-06-08
22360,um02360@example.net,010-0000-2360,1979-12-07,BASIC,경기,2025-08-26 21:16:28,2026-08-11 23:22:15,N,Y,N,0,3320,2027-03-11
22361,um02361@example.com,010-0000-2361,1996-02-07,GOLD,충남,2025-04-15 21:53:08,2026-01-11 09:48:15,N,Y,N,0,8700,2027-03-13
22362,um02362@example.com,010-0000-2362,1980-01-18,GOLD,경남,2023-04-21 10:01:58,2026-08-27 10:35:56,N,N,N,0,10983,2026-11-01
22363,um02363@example.org,010-0000-2363,1975-01-08,BASIC,경북,2026-03-28 19:52:05,2026-05-30 12:19:37,Y,Y,N,0,3805,2026-11-22
22364,um02364@example.net,010-0000-2364,2003-06-27,GOLD,서울,2026-08-19 22:22:03,2026-09-03 16:48:39,N,Y,N,0,8420,2027-08-07
22365,um02365@example.com,010-0000-2365,1979-05-26,GOLD,인천,2022-10-26 18:08:43,2024-08-19 09:54:16,N,Y,N,0,12069,2027-06-04
22366,um02366@example.com,010-0000-2366,1973-06-16,BASIC,인천,2022-11-01 11:33:27,2026-07-07 10:34:48,Y,N,N,0,1200,2027-02-21
22367,um02367@example.com,010-0000-2367,2000-07-04,BASIC,부산,2023-02-02 21:38:34,2025-04-25 09:45:16,Y,N,N,0,2900,2027-02-13
22368,um02368@example.com,010-0000-2368,2004-07-10,GOLD,경기,2025-12-29 21:19:58,2026-09-03 09:39:06,Y,Y,N,0,12720,2027-05-15
22369,um02369@example.com,010-0000-2369,1973-02-18,BASIC,경기,2025-12-03 18:29:53,2025-12-03 14:57:23,Y,N,Y,404000,2360,2027-02-10
22370,um02370@example.com,010-0000-2370,1980-02-14,BASIC,충북,2024-06-20 12:40:06,2024-07-26 09:44:56,Y,Y,N,0,4270,2027-07-06
22371,um02371@example.com,010-0000-2371,1984-11-04,GOLD,제주,2026-04-09 13:23:24,2026-09-01 09:11:42,Y,Y,N,0,13420,2027-10-05
22372,um02372@example.com,010-0000-2372,1969-07-05,BASIC,강원,2025-01-30 22:22:58,2025-07-21 18:12:45,Y,Y,N,0,2010,2026-08-31
22373,um02373@example.net,010-0000-2373,1972-08-02,GOLD,대전,2024-04-11 23:29:59,2026-08-30 00:24:53,N,N,Y,357000,9300,2027-05-05
22374,um02374@example.com,010-0000-2374,2007-05-04,BASIC,서울,2023-06-25 22:46:35,2024-06-02 11:14:18,Y,Y,N,0,0,
22375,um02375@example.com,010-0000-2375,1990-09-20,VIP,경기,2025-07-16 15:55:58,2026-08-15 16:20:50,N,Y,N,0,20774,2026-08-19
22376,um02376@example.net,010-0000-2376,1992-02-20,BASIC,대전,2026-01-25 21:24:26,2026-08-31 11:30:32,N,Y,N,0,4081,2027-08-27
22377,um02377@example.org,010-0000-2377,1991-11-05,BASIC,경기,2026-03-21 15:47:31,2026-07-08 14:00:36,Y,Y,N,0,0,
22378,um02378@example.com,010-0000-2378,2004-01-14,VIP,부산,2026-01-23 20:00:23,2026-08-31 03:27:04,N,Y,Y,114000,21480,2027-01-03
22379,um02379@example.net,010-0000-2379,2007-11-22,GOLD,서울,2025-11-11 00:44:28,2026-09-01 05:17:08,Y,N,N,0,21759,2026-11-24
22380,um02380@example.com,010-0000-2380,1995-08-11,GOLD,서울,2024-09-12 15:07:50,2026-09-02 11:28:25,N,Y,N,0,18740,2027-01-05
22381,um02381@example.com,010-0000-2381,1990-01-27,BASIC,경기,2026-08-15 19:13:29,2026-08-26 22:49:24,N,Y,Y,49000,0,
22382,um02382@example.com,010-0000-2382,1998-11-18,VIP,전북,2025-06-28 08:23:16,2026-09-02 15:50:32,N,N,N,0,25360,2027-01-14
22383,um02383@example.net,010-0000-2383,1992-05-22,BASIC,강원,2024-11-16 15:07:24,2024-11-16 20:41:09,N,N,N,0,0,
22384,um02384@example.net,010-0000-2384,1980-06-18,GOLD,전남,2026-06-25 20:11:06,2026-09-03 08:47:03,Y,Y,N,0,8060,2027-08-15
22385,um02385@example.net,010-0000-2385,2008-09-02,BASIC,전남,2025-08-25 23:05:58,2025-09-01 22:16:33,Y,Y,N,0,1410,2027-01-14
22386,um02386@example.net,010-0000-2386,1977-10-11,BASIC,경북,2026-04-01 20:03:46,2026-04-03 01:30:02,N,Y,N,0,2140,2027-04-17
22387,um02387@example.org,010-0000-2387,2004-03-01,BASIC,인천,2026-02-12 23:23:58,2026-02-16 07:52:23,N,N,N,0,3500,2026-09-30
22388,um02388@example.org,010-0000-2388,1996-07-10,BASIC,인천,2023-01-01 10:30:11,2024-12-18 11:46:17,Y,N,N,0,2530,2027-05-16
22389,um02389@example.net,010-0000-2389,2006-09-14,GOLD,강원,2022-05-20 22:16:26,2025-09-04 03:19:12,N,Y,Y,301000,7900,2027-06-06
22390,um02390@example.org,010-0000-2390,1983-07-26,BASIC,부산,2025-11-13 12:27:33,2025-12-15 17:02:00,Y,Y,N,0,0,
22391,um02391@example.com,010-0000-2391,1969-07-18,GOLD,경기,2025-10-06 15:02:30,2026-08-31 10:18:56,N,N,N,0,11879,2027-09-02
22392,um02392@example.com,010-0000-2392,1984-12-19,BASIC,대구,2024-02-24 21:18:23,2026-03-07 09:41:45,N,N,N,0,2760,2027-04-24
22393,um02393@example.com,010-0000-2393,1996-02-09,GOLD,서울,2025-04-16 23:28:14,2026-08-02 05:50:49,Y,N,N,0,8910,2027-01-23
22394,um02394@example.com,010-0000-2394,1992-03-18,VIP,경기,2023-12-04 20:26:56,2026-08-09 21:16:08,Y,Y,N,0,37835,2026-09-09
22395,um02395@example.net,010-0000-2395,2008-03-03,BASIC,경기,2025-06-09 18:00:59,2025-06-09 15:55:51,Y,Y,N,0,0,
22396,um02396@example.org,010-0000-2396,1989-11-23,GOLD,전남,2025-12-28 00:24:50,2026-08-27 10:24:40,Y,Y,N,0,14120,2027-09-24
22397,um02397@example.com,010-0000-2397,2007-04-12,BASIC,강원,2026-01-30 00:21:00,2026-08-27 02:04:17,N,Y,Y,155000,5450,2026-10-21
22398,um02398@example.net,010-0000-2398,2005-05-17,BASIC,전남,2023-03-25 17:34:13,2026-07-10 16:11:32,N,N,N,0,390,2027-08-11
22399,um02399@example.net,010-0000-2399,2000-01-27,BASIC,서울,2025-08-24 14:46:22,2026-08-25 12:22:42,N,Y,N,0,4858,2026-12-12
22400,um02400@example.com,010-0000-2400,2002-08-13,BASIC,대구,2025-07-09 08:24:56,2025-07-09 16:29:00,N,N,N,0,0,
22401,um02401@example.net,010-0000-2401,1976-05-27,BASIC,강원,2025-01-19 21:46:10,2026-09-01 05:17:13,Y,Y,Y,389000,1830,2027-05-05
22402,um02402@example.com,010-0000-2402,1976-10-12,BASIC,서울,2026-04-22 20:14:15,2026-09-02 10:16:57,Y,N,N,0,5160,2027-09-15
22403,um02403@example.com,010-0000-2403,1998-10-17,BASIC,제주,2025-06-20 20:34:06,2025-07-08 08:27:37,N,Y,Y,67000,5689,2027-02-28
22404,um02404@example.com,010-0000-2404,1971-10-21,GOLD,인천,2025-02-05 00:46:46,2026-08-24 09:59:28,Y,Y,Y,207000,11580,2026-10-12
22405,um02405@example.com,010-0000-2405,1991-11-11,VIP,제주,2024-05-15 10:55:19,2026-07-12 00:10:16,Y,Y,N,0,33850,2027-01-24
22406,um02406@example.net,010-0000-2406,1981-07-23,GOLD,경기,2025-09-11 18:52:45,2026-09-03 06:22:35,Y,N,N,0,17954,2027-03-03
22407,um02407@example.com,010-0000-2407,1991-11-22,GOLD,전남,2025-08-15 16:38:33,2026-08-24 12:28:06,N,Y,N,0,8825,2026-12-27
22408,um02408@example.com,010-0000-2408,1970-07-22,BASIC,서울,2025-10-18 21:09:35,2026-01-03 12:34:42,N,N,N,0,1300,2026-09-29
22409,um02409@example.net,010-0000-2409,1981-12-22,GOLD,경남,2026-08-07 20:34:39,2026-09-01 14:57:44,Y,N,N,0,11766,2027-08-18
22410,um02410@example.net,010-0000-2410,1982-10-12,BASIC,인천,2023-10-14 19:05:48,2026-08-21 15:09:20,N,N,N,0,3770,2027-02-28
22411,um02411@example.com,010-0000-2411,1989-03-15,BASIC,경남,2024-12-22 16:18:22,2026-05-02 13:30:19,Y,N,N,0,180,2026-10-16
22412,um02412@example.net,010-0000-2412,2002-04-08,GOLD,경남,2023-04-03 12:31:11,2024-12-15 13:20:19,Y,N,N,0,6730,2027-07-21
22413,um02413@example.net,010-0000-2413,2005-11-26,BASIC,경기,2023-05-30 10:13:26,2026-09-02 14:49:10,Y,Y,N,0,4320,2027-01-09
22414,um02414@example.com,010-0000-2414,1994-02-11,BASIC,경기,2025-09-20 20:57:18,2025-09-21 20:38:59,N,Y,N,0,600,2027-05-15
22415,um02415@example.com,010-0000-2415,1999-10-16,GOLD,대전,2022-12-24 13:16:02,2026-08-11 06:50:47,Y,N,N,0,9180,2027-04-30
22416,um02416@example.com,010-0000-2416,2008-01-14,GOLD,충북,2022-10-01 18:16:23,2026-08-23 20:51:24,N,Y,N,0,18970,2026-10-28
22417,um02417@example.com,010-0000-2417,1974-09-16,VIP,경북,2023-10-15 20:15:28,2026-09-03 14:48:59,Y,Y,N,0,24060,2027-05-20
22418,um02418@example.com,010-0000-2418,1978-12-03,BASIC,광주,2026-02-23 20:06:22,2026-08-19 15:00:18,Y,N,N,0,7977,2027-07-13
22419,um02419@example.com,010-0000-2419,1983-07-08,GOLD,서울,2026-04-03 15:42:14,2026-09-03 08:25:08,N,N,N,0,8190,2027-04-14
22420,um02420@example.com,010-0000-2420,1998-12-18,BASIC,경기,2024-05-19 20:35:27,2025-02-01 00:47:22,N,Y,N,0,0,
22421,um02421@example.com,010-0000-2421,1986-05-13,BASIC,전남,2024-10-28 20:13:25,2026-08-02 22:34:31,Y,Y,N,0,5190,2027-01-03
22422,um02422@example.org,010-0000-2422,2005-11-23,BASIC,경기,2025-10-29 19:57:47,2025-10-29 15:08:28,N,Y,Y,240000,0,
22423,um02423@example.com,010-0000-2423,1994-06-05,VIP,경북,2024-11-11 20:31:18,2026-08-17 08:24:38,N,N,N,0,23510,2027-01-18
22424,um02424@example.com,010-0000-2424,1974-07-21,BASIC,인천,2022-02-17 17:27:34,2026-07-25 08:43:11,N,N,N,0,1300,2027-05-16
22425,um02425@example.com,010-0000-2425,2008-04-25,BASIC,경북,2026-01-08 21:56:22,2026-01-11 15:47:59,N,Y,N,0,5560,2027-05-06
22426,um02426@example.com,010-0000-2426,1979-02-12,BASIC,대전,2025-12-31 20:55:26,2025-12-31 18:16:35,Y,Y,N,0,0,
22427,um02427@example.org,010-0000-2427,1974-08-19,BASIC,경남,2025-06-02 12:31:38,2026-07-30 07:40:00,Y,Y,Y,143000,1370,2027-09-09
22428,um02428@example.com,010-0000-2428,1980-03-06,GOLD,서울,2025-07-11 21:57:12,2026-08-22 09:26:25,Y,Y,Y,376000,8530,2027-06-07
22429,um02429@example.com,010-0000-2429,2005-10-10,BASIC,대전,2026-05-15 17:43:13,2026-05-16 10:54:24,N,N,N,0,2730,2027-04-10
22430,um02430@example.net,010-0000-2430,1974-05-05,BASIC,인천,2025-10-01 22:33:46,2026-01-07 18:13:10,Y,N,N,0,6055,2027-07-04
22431,um02431@example.org,010-0000-2431,1973-10-22,BASIC,충남,2024-03-04 08:34:14,2024-07-25 14:13:04,N,N,N,0,2251,2027-06-21
22432,um02432@example.net,010-0000-2432,1989-11-19,BASIC,광주,2026-01-13 11:25:35,2026-05-31 22:55:52,Y,Y,Y,24000,0,
22433,um02433@example.com,010-0000-2433,1987-06-08,BASIC,경기,2022-02-22 20:31:05,2026-08-22 07:15:54,N,N,Y,69000,2650,2027-03-28
22434,um02434@example.com,010-0000-2434,1995-06-04,GOLD,경기,2024-08-11 11:44:12,2026-07-17 04:57:25,Y,N,N,0,9940,2026-11-20
22435,um02435@example.com,010-0000-2435,1987-07-24,BASIC,울산,2025-01-19 10:47:58,2025-01-23 18:20:47,Y,Y,N,0,1590,2026-09-07
22436,um02436@example.com,010-0000-2436,1988-02-15,BASIC,서울,2024-08-23 19:36:12,2026-07-05 20:04:24,N,N,Y,189000,1332,2027-07-24
22437,um02437@example.net,010-0000-2437,1979-11-21,GOLD,제주,2026-05-06 22:13:47,2026-08-16 15:57:12,Y,N,N,0,6360,2027-04-06
22438,um02438@example.com,010-0000-2438,1985-07-05,GOLD,전북,2026-03-18 15:54:33,2026-09-04 19:25:46,Y,Y,N,0,9522,2027-08-17
22439,um02439@example.com,010-0000-2439,1968-04-02,BASIC,서울,2024-01-01 20:47:12,2025-08-07 12:27:28,Y,N,N,0,0,
22440,um02440@example.com,010-0000-2440,1992-10-18,GOLD,서울,2024-07-28 12:54:07,2026-06-22 09:19:48,N,Y,N,0,7700,2027-01-09
22441,um02441@example.org,010-0000-2441,1986-08-04,GOLD,서울,2025-12-23 23:40:15,2026-09-02 09:37:14,Y,N,N,0,7100,2027-04-18
22442,um02442@example.org,010-0000-2442,1999-02-14,GOLD,인천,2024-02-20 10:13:32,2024-07-27 03:55:19,N,Y,N,0,7780,2026-09-08
22443,um02443@example.com,010-0000-2443,1995-03-11,BASIC,경기,2025-01-15 18:47:04,2026-08-04 09:27:55,N,Y,Y,147000,8272,2027-09-13
22444,um02444@example.org,010-0000-2444,2003-05-06,BASIC,인천,2025-12-11 18:31:28,2026-08-18 23:31:14,Y,Y,N,0,1180,2027-01-03
22445,um02445@example.com,010-0000-2445,2001-02-23,GOLD,경기,2024-03-26 11:01:00,2026-09-03 10:34:38,Y,Y,N,0,10820,2027-08-13
22446,um02446@example.net,010-0000-2446,2003-07-08,BASIC,경기,2025-12-12 20:42:07,2025-12-12 15:59:48,N,Y,N,0,0,
22447,um02447@example.net,010-0000-2447,1998-09-28,BASIC,서울,2022-08-17 19:52:02,2026-07-13 10:07:07,Y,Y,Y,20000,4750,2027-03-08
22448,um02448@example.com,010-0000-2448,1984-07-04,BASIC,경남,2025-05-23 13:39:58,2026-07-14 07:29:20,Y,Y,Y,222000,7726,2026-09-05
22449,um02449@example.com,010-0000-2449,1971-08-22,BASIC,강원,2024-11-25 00:48:31,2025-12-24 04:04:01,Y,Y,N,0,5780,2026-10-24
22450,um02450@example.com,010-0000-2450,2006-07-13,BASIC,경북,2024-11-22 11:33:02,2025-02-24 15:46:01,Y,N,N,0,4617,2027-08-25
22451,um02451@example.org,010-0000-2451,2005-05-07,BASIC,경남,2025-06-02 13:05:13,2026-01-30 16:42:09,Y,N,Y,445000,0,
22452,um02452@example.com,010-0000-2452,1984-06-02,GOLD,전북,2025-12-20 11:43:14,2026-09-04 09:58:42,Y,Y,N,0,18952,2027-01-16
22453,um02453@example.net,010-0000-2453,1968-03-14,VIP,경기,2025-03-19 13:11:43,2026-08-24 12:01:02,Y,Y,N,0,32442,2027-05-16
22454,um02454@example.org,010-0000-2454,1988-08-12,BASIC,서울,2024-05-16 08:09:10,2026-08-12 02:16:10,Y,Y,N,0,4730,2027-05-28
22455,um02455@example.net,010-0000-2455,1993-08-01,BASIC,경남,2025-02-17 23:44:58,2026-04-18 15:34:30,N,Y,N,0,0,
22456,um02456@example.net,010-0000-2456,1987-04-23,BASIC,세종,2023-04-06 08:28:15,2026-03-30 05:31:53,Y,Y,Y,423000,3620,2027-03-31
22457,um02457@example.com,010-0000-2457,1997-09-12,GOLD,서울,2022-08-30 00:07:25,2026-04-27 20:03:55,Y,Y,N,0,8460,2027-05-28
22458,um02458@example.net,010-0000-2458,1988-07-19,BASIC,서울,2023-11-17 17:26:00,2024-04-03 12:19:07,Y,N,N,0,4200,2027-08-02
22459,um02459@example.org,010-0000-2459,1972-11-21,BASIC,서울,2026-05-02 16:30:10,2026-09-03 20:32:43,N,N,N,0,2130,2026-09-21
22460,um02460@example.com,010-0000-2460,1996-08-03,BASIC,서울,2023-12-23 21:13:52,2024-10-21 09:21:21,Y,N,N,0,3087,2026-10-11
22461,um02461@example.com,010-0000-2461,1996-05-20,GOLD,대구,2025-09-14 12:33:43,2026-09-04 10:57:13,N,N,Y,128000,8590,2027-01-03
22462,um02462@example.net,010-0000-2462,1988-06-10,BASIC,전북,2025-11-26 09:58:06,2026-08-28 20:00:24,N,Y,N,0,4560,2026-09-28
22463,um02463@example.com,010-0000-2463,1995-07-25,GOLD,경기,2025-01-18 14:37:45,2026-09-04 06:39:28,Y,N,N,0,15130,2026-09-19
22464,um02464@example.com,010-0000-2464,2004-10-10,BASIC,경기,2024-12-17 14:05:11,2026-07-23 12:52:45,N,N,N,0,2850,2027-05-05
22465,um02465@example.com,010-0000-2465,1970-06-02,BASIC,경기,2023-09-03 08:34:29,2024-06-04 22:49:34,N,Y,N,0,1700,2027-03-26
22466,um02466@example.com,010-0000-2466,2003-11-09,BASIC,부산,2023-11-30 21:08:27,2026-08-25 12:11:16,Y,Y,N,0,2780,2027-01-15
22467,um02467@example.org,010-0000-2467,2004-07-19,BASIC,경기,2025-05-02 17:07:07,2026-09-04 12:18:19,Y,Y,N,0,3325,2027-05-09
22468,um02468@example.com,010-0000-2468,1999-07-10,BASIC,경북,2026-02-10 12:05:00,2026-02-13 06:06:35,N,N,N,0,2730,2027-01-14
22469,um02469@example.com,010-0000-2469,2003-05-06,BASIC,서울,2024-07-15 19:41:46,2026-08-17 10:15:32,Y,N,N,0,1120,2027-07-19
22470,um02470@example.com,010-0000-2470,2007-09-10,BASIC,서울,2025-06-16 10:22:00,2026-08-22 12:07:03,Y,Y,Y,452000,3410,2026-08-17
22471,um02471@example.com,010-0000-2471,1997-11-23,BASIC,대전,2026-06-11 18:58:33,2026-09-02 04:36:59,Y,Y,N,0,2360,2027-06-22
22472,um02472@example.com,010-0000-2472,1975-06-21,BASIC,경기,2026-06-11 00:21:15,2026-06-14 20:53:27,N,N,N,0,730,2026-11-14
22473,um02473@example.net,010-0000-2473,1970-03-21,GOLD,울산,2026-07-26 23:54:12,2026-09-02 20:32:07,N,Y,Y,597000,6990,2027-01-10
22474,um02474@example.com,010-0000-2474,1983-09-08,BASIC,대구,2024-11-05 18:21:03,2026-02-28 09:05:47,Y,Y,N,0,870,2026-11-12
22475,um02475@example.com,010-0000-2475,1997-01-04,BASIC,경남,2026-03-06 11:17:43,2026-09-03 18:30:58,Y,Y,N,0,1030,2026-12-25
22476,um02476@example.com,010-0000-2476,1977-12-01,BASIC,충남,2026-08-16 23:21:27,2026-09-01 13:18:19,Y,N,N,0,2940,2026-09-14
22477,um02477@example.net,010-0000-2477,2002-04-19,GOLD,광주,2025-12-05 00:58:32,2025-12-09 18:10:41,Y,Y,N,0,9460,2026-09-11
22478,um02478@example.com,010-0000-2478,1970-03-10,BASIC,경기,2025-12-21 00:08:42,2026-04-18 21:48:52,Y,Y,N,0,0,
22479,um02479@example.com,010-0000-2479,1980-03-10,BASIC,강원,2026-05-01 21:31:00,2026-08-28 11:02:37,N,N,Y,201000,5239,2026-11-01
22480,um02480@example.com,010-0000-2480,1987-06-28,GOLD,서울,2025-10-03 08:03:07,2026-09-02 10:49:49,N,Y,N,0,8870,2027-09-30
22481,um02481@example.com,010-0000-2481,2003-06-08,BASIC,경기,2023-10-27 17:34:59,2026-08-26 17:11:08,Y,Y,Y,277000,1383,2026-11-23
22482,um02482@example.com,010-0000-2482,1987-04-03,BASIC,대구,2023-05-29 18:22:15,2026-07-15 19:28:18,Y,Y,N,0,1470,2027-03-20
22483,um02483@example.org,010-0000-2483,2001-01-18,BASIC,경기,2022-07-03 19:38:03,2025-12-20 15:42:15,Y,N,N,0,540,2027-01-28
22484,um02484@example.net,010-0000-2484,1973-02-15,BASIC,서울,2023-03-27 21:06:14,2026-06-19 08:21:07,Y,N,N,0,140,2027-09-09
22485,um02485@example.org,010-0000-2485,1977-09-18,BASIC,대구,2025-08-20 21:30:43,2026-08-09 02:34:08,N,Y,N,0,7943,2027-02-22
22486,um02486@example.org,010-0000-2486,2005-03-27,BASIC,인천,2024-12-06 13:30:41,2024-12-06 12:47:47,Y,Y,N,0,0,
22487,um02487@example.com,010-0000-2487,1999-11-13,BASIC,경기,2024-12-31 18:17:10,2026-08-16 05:01:01,Y,N,N,0,3400,2026-09-20
22488,um02488@example.net,010-0000-2488,1981-09-08,BASIC,서울,2025-10-29 17:02:40,2026-01-22 22:03:40,Y,N,Y,244000,60,2027-08-12
22489,um02489@example.net,010-0000-2489,2007-05-13,GOLD,강원,2023-07-26 11:51:14,2026-09-02 04:15:06,Y,Y,N,0,14764,2027-05-02
22490,um02490@example.com,010-0000-2490,1990-02-27,BASIC,대구,2026-07-08 14:57:07,2026-07-12 12:40:03,N,N,N,0,2710,2026-12-24
22491,um02491@example.net,010-0000-2491,1972-03-04,BASIC,충북,2025-05-07 11:02:42,2026-08-31 08:34:45,Y,N,N,0,1660,2027-02-17
22492,um02492@example.com,010-0000-2492,1973-11-10,BASIC,서울,2024-03-24 20:25:35,2026-05-27 03:54:08,Y,Y,N,0,5280,2027-05-12
22493,um02493@example.com,010-0000-2493,2004-10-16,BASIC,서울,2024-10-24 13:11:53,2025-02-16 02:57:50,Y,Y,N,0,1530,2026-09-08
22494,um02494@example.com,010-0000-2494,1996-01-11,BASIC,경기,2023-10-05 22:16:11,2024-09-29 10:45:10,Y,N,N,0,0,
22495,um02495@example.com,010-0000-2495,1977-02-15,BASIC,인천,2026-03-19 20:31:35,2026-03-19 17:59:02,N,N,N,0,0,
22496,um02496@example.com,010-0000-2496,2004-10-27,GOLD,부산,2026-02-07 17:08:57,2026-02-08 05:12:47,Y,Y,N,0,9580,2026-12-05
22497,um02497@example.com,010-0000-2497,1970-06-25,GOLD,부산,2025-11-28 15:46:15,2026-08-19 11:58:24,N,Y,N,0,12020,2027-02-15
22498,um02498@example.org,010-0000-2498,1969-11-17,BASIC,강원,2026-04-03 00:22:29,2026-04-03 11:00:57,Y,N,N,0,0,
22499,um02499@example.org,010-0000-2499,1982-01-25,VIP,충남,2026-05-07 20:38:40,2026-08-30 14:02:54,N,Y,N,0,26763,2027-08-16
22500,um02500@example.net,010-0000-2500,1981-02-04,GOLD,서울,2025-01-26 15:25:54,2026-08-27 00:30:10,N,N,N,0,12300,2027-01-21
22501,um02501@example.org,010-0000-2501,2003-11-22,BASIC,대구,2026-07-24 14:41:37,2026-07-28 09:30:58,Y,Y,N,0,2340,2026-10-17
22502,um02502@example.com,010-0000-2502,1994-03-14,BASIC,부산,2026-03-24 18:43:05,2026-08-24 09:23:48,Y,Y,Y,343000,2010,2027-05-01
22503,um02503@example.com,010-0000-2503,1990-06-08,BASIC,경기,2024-04-28 15:46:14,2026-06-04 20:41:09,Y,N,N,0,3924,2026-09-09
22504,um02504@example.org,010-0000-2504,2000-12-13,BASIC,인천,2025-06-29 11:13:15,2026-08-06 12:53:23,Y,Y,Y,134000,4445,2027-09-11
22505,um02505@example.net,010-0000-2505,1975-08-03,BASIC,부산,2024-11-15 13:06:21,2026-07-28 04:06:17,Y,Y,N,0,1320,2026-10-06
22506,um02506@example.net,010-0000-2506,1983-05-13,BASIC,전북,2023-04-22 11:28:52,2026-07-05 13:42:46,N,N,N,0,1102,2026-10-05
22507,um02507@example.com,010-0000-2507,1969-02-17,GOLD,경기,2025-06-04 13:52:24,2026-08-23 10:54:07,N,N,N,0,17690,2027-06-30
22508,um02508@example.net,010-0000-2508,1983-01-19,BASIC,경기,2025-03-20 22:13:51,2025-03-20 19:22:25,Y,Y,N,0,0,
22509,um02509@example.com,010-0000-2509,1992-01-15,BASIC,대전,2026-03-13 21:24:26,2026-09-02 16:15:40,N,Y,Y,176000,2900,2026-12-30
22510,um02510@example.com,010-0000-2510,2006-06-24,GOLD,서울,2025-07-29 14:40:02,2026-08-14 03:46:10,N,Y,N,0,18510,2027-09-26
22511,um02511@example.net,010-0000-2511,1981-01-25,GOLD,경기,2023-08-23 11:48:34,2025-05-08 21:33:35,N,Y,N,0,6960,2027-01-19
22512,um02512@example.net,010-0000-2512,1974-03-12,GOLD,서울,2025-05-24 22:10:04,2026-08-24 14:13:11,Y,Y,N,0,8160,2026-12-15
22513,um02513@example.net,010-0000-2513,1991-05-15,BASIC,부산,2024-03-22 22:24:46,2026-03-06 06:37:10,N,Y,N,0,900,2027-04-05
22514,um02514@example.net,010-0000-2514,1971-11-19,BASIC,충남,2024-06-25 10:31:29,2026-08-29 10:27:25,N,N,Y,236000,3850,2027-07-30
22515,um02515@example.com,010-0000-2515,1984-12-09,BASIC,서울,2024-03-10 13:25:50,2026-07-14 03:05:17,Y,N,N,0,4529,2027-06-06
22516,um02516@example.net,010-0000-2516,1984-10-25,VIP,경기,2022-05-18 15:57:14,2026-09-02 14:42:06,Y,Y,N,0,23590,2027-07-06
22517,um02517@example.net,010-0000-2517,1996-08-26,GOLD,경남,2023-03-20 18:31:46,2026-04-07 09:59:41,N,N,N,0,10480,2027-06-17
22518,um02518@example.com,010-0000-2518,2000-10-15,BASIC,충남,2022-09-27 10:27:20,2024-09-01 06:04:04,Y,N,N,0,4787,2026-09-07
22519,um02519@example.net,010-0000-2519,2007-01-23,GOLD,경기,2026-04-17 21:44:28,2026-09-03 10:58:43,Y,Y,N,0,9450,2027-09-05
22520,um02520@example.org,010-0000-2520,1995-03-16,GOLD,경기,2026-08-25 22:52:04,2026-09-03 04:14:40,Y,Y,N,0,7380,2026-11-02
22521,um02521@example.com,010-0000-2521,1999-08-14,BASIC,부산,2026-05-20 09:59:41,2026-05-21 09:43:54,Y,Y,Y,158000,2160,2026-12-09
22522,um02522@example.com,010-0000-2522,1991-08-27,BASIC,경기,2024-12-13 19:24:16,2025-09-28 23:59:50,N,Y,N,0,3100,2026-09-15
22523,um02523@example.org,010-0000-2523,1989-12-17,BASIC,서울,2025-08-28 15:12:20,2026-03-19 21:41:39,Y,Y,N,0,2809,2026-09-16
22524,um02524@example.com,010-0000-2524,1972-03-24,BASIC,경기,2024-12-11 22:46:06,2025-01-19 12:46:44,N,Y,N,0,1960,2027-08-10
22525,um02525@example.com,010-0000-2525,1971-07-26,GOLD,경기,2024-11-20 22:59:05,2026-08-31 07:30:51,N,Y,N,0,8150,2027-05-01
22526,um02526@example.com,010-0000-2526,1987-04-10,BASIC,충남,2026-07-13 12:55:01,2026-09-01 16:27:11,Y,N,N,0,3500,2027-06-29
22527,um02527@example.net,010-0000-2527,1994-08-01,GOLD,강원,2026-06-04 18:51:18,2026-09-04 11:13:46,Y,Y,Y,57000,12300,2026-09-23
22528,um02528@example.com,010-0000-2528,1989-05-23,BASIC,전남,2022-03-26 20:14:08,2024-04-04 11:20:13,N,Y,N,0,590,2027-03-15
22529,um02529@example.com,010-0000-2529,1990-08-06,GOLD,전북,2025-03-28 17:56:16,2026-07-14 22:00:32,N,N,Y,14000,7800,2027-05-30
22530,um02530@example.org,010-0000-2530,1983-01-18,BASIC,경북,2025-11-17 00:26:49,2026-09-01 01:48:16,N,N,N,0,5055,2027-05-19
22531,um02531@example.com,010-0000-2531,1975-06-06,BASIC,인천,2025-04-10 21:27:43,2025-07-13 10:17:04,Y,Y,N,0,0,
22532,um02532@example.com,010-0000-2532,1994-09-22,BASIC,서울,2022-12-15 20:50:40,2026-07-26 00:30:02,Y,N,N,0,1570,2026-09-05
22533,um02533@example.com,010-0000-2533,2005-02-14,BASIC,경남,2023-01-02 13:32:43,2023-10-05 12:41:23,Y,N,N,0,3890,2027-05-04
22534,um02534@example.com,010-0000-2534,1975-05-22,GOLD,전북,2025-04-10 17:24:48,2026-09-01 18:20:39,Y,Y,N,0,6260,2027-09-06
22535,um02535@example.com,010-0000-2535,1980-12-23,BASIC,대구,2026-05-02 21:45:50,2026-08-23 14:59:06,Y,Y,N,0,4200,2027-04-15
22536,um02536@example.com,010-0000-2536,1983-10-05,GOLD,경기,2025-05-10 22:12:22,2026-08-20 06:24:38,Y,Y,N,0,14303,2027-08-14
22537,um02537@example.com,010-0000-2537,2007-02-21,GOLD,부산,2026-06-14 19:06:35,2026-08-12 02:47:15,N,Y,N,0,15510,2026-09-25
22538,um02538@example.com,010-0000-2538,2008-11-20,GOLD,서울,2025-12-25 15:30:28,2026-08-21 15:39:09,N,N,Y,386000,7880,2027-01-07
22539,um02539@example.org,010-0000-2539,2005-11-14,GOLD,대구,2026-01-17 21:38:16,2026-09-01 19:44:30,N,Y,N,0,9100,2026-08-27
22540,um02540@example.com,010-0000-2540,1999-07-01,BASIC,서울,2026-08-28 09:20:25,2026-09-02 17:45:48,Y,Y,N,0,470,2027-03-23
22541,um02541@example.net,010-0000-2541,1994-01-11,BASIC,울산,2026-04-04 21:38:02,2026-06-20 14:40:23,Y,Y,N,0,0,
22542,um02542@example.org,010-0000-2542,1978-07-24,GOLD,대구,2024-04-23 18:48:07,2026-07-31 17:07:48,Y,Y,Y,151000,7530,2027-09-15
22543,um02543@example.com,010-0000-2543,1992-01-24,GOLD,서울,2024-11-17 14:19:21,2026-07-19 16:15:07,N,N,Y,190000,13730,2026-12-25
22544,um02544@example.org,010-0000-2544,1986-04-23,BASIC,강원,2024-10-24 21:42:03,2025-04-23 13:56:50,Y,Y,Y,478000,0,
22545,um02545@example.com,010-0000-2545,1981-07-03,BASIC,경기,2025-01-20 21:06:43,2026-08-10 14:04:03,Y,Y,N,0,3120,2026-10-01
22546,um02546@example.com,010-0000-2546,2007-02-24,BASIC,인천,2025-01-18 11:58:16,2026-04-14 12:41:09,Y,Y,N,0,6172,2026-11-13
22547,um02547@example.org,010-0000-2547,1969-06-01,BASIC,광주,2024-07-07 12:31:42,2025-06-14 14:42:37,N,Y,N,0,8795,2027-08-03
22548,um02548@example.com,010-0000-2548,1994-07-02,BASIC,경남,2023-11-11 15:28:57,2025-01-24 09:53:55,Y,Y,N,0,1880,2026-09-22
22549,um02549@example.com,010-0000-2549,2007-07-09,BASIC,경북,2023-10-05 18:33:16,2026-04-06 19:18:54,Y,N,N,0,3660,2027-01-15
22550,um02550@example.com,010-0000-2550,2005-08-08,BASIC,광주,2022-10-22 15:29:07,2023-11-03 13:22:11,Y,Y,N,0,5105,2027-01-01
22551,um02551@example.net,010-0000-2551,1968-12-09,BASIC,서울,2024-04-08 14:40:32,2026-08-10 11:15:31,Y,N,N,0,2150,2027-08-10
22552,um02552@example.net,010-0000-2552,1987-04-02,BASIC,서울,2023-09-11 15:41:41,2026-05-28 13:59:28,N,N,N,0,2240,2026-09-01
22553,um02553@example.com,010-0000-2553,1978-05-04,BASIC,부산,2023-04-06 14:19:39,2026-08-30 19:42:06,Y,N,N,0,1350,2027-05-23
22554,um02554@example.net,010-0000-2554,2001-10-09,BASIC,서울,2023-04-20 18:45:56,2026-01-10 00:59:42,N,Y,N,0,1820,2027-07-13
22555,um02555@example.com,010-0000-2555,1996-07-25,BASIC,인천,2023-12-29 00:05:12,2026-07-23 18:14:16,N,Y,Y,356000,1440,2026-10-12
22556,um02556@example.com,010-0000-2556,1969-06-16,BASIC,서울,2024-11-02 09:27:09,2026-01-27 18:21:34,Y,Y,N,0,990,2027-09-25
22557,um02557@example.com,010-0000-2557,2003-05-23,GOLD,서울,2022-07-03 12:16:41,2026-03-11 04:06:50,Y,Y,N,0,6150,2027-07-01
22558,um02558@example.com,010-0000-2558,1988-07-12,BASIC,인천,2026-08-13 20:22:36,2026-09-03 10:49:14,Y,N,N,0,4740,2026-11-27
22559,um02559@example.org,010-0000-2559,1999-09-17,BASIC,충남,2024-03-02 13:11:33,2025-06-06 15:48:38,Y,N,N,0,1950,2026-08-17
22560,um02560@example.com,010-0000-2560,1996-02-11,BASIC,서울,2024-03-26 11:08:58,2026-08-04 11:22:01,Y,N,N,0,770,2027-07-08
22561,um02561@example.net,010-0000-2561,1991-12-17,GOLD,서울,2024-07-15 23:54:22,2026-08-29 22:13:34,Y,Y,Y,49000,13340,2027-02-23
22562,um02562@example.com,010-0000-2562,1972-03-02,VIP,서울,2024-02-13 11:16:55,2026-09-01 12:44:51,Y,Y,N,0,20130,2027-08-25
22563,um02563@example.com,010-0000-2563,1996-03-13,BASIC,인천,2025-04-25 19:37:24,2025-04-28 17:51:15,N,Y,N,0,3790,2027-06-14
22564,um02564@example.com,010-0000-2564,1976-05-06,GOLD,경북,2024-02-19 20:31:02,2026-06-29 08:03:25,N,Y,N,0,6700,2027-03-17
22565,um02565@example.net,010-0000-2565,1990-07-10,BASIC,부산,2026-07-16 19:35:27,2026-09-01 12:54:33,Y,Y,N,0,1730,2027-08-14
22566,um02566@example.net,010-0000-2566,1980-06-09,BASIC,경기,2025-06-16 21:53:08,2025-06-17 04:17:47,Y,N,N,0,5230,2027-03-23
22567,um02567@example.com,010-0000-2567,2003-02-17,GOLD,경기,2024-02-21 23:32:00,2026-07-13 21:35:40,N,Y,Y,93000,16620,2026-08-30
22568,um02568@example.org,010-0000-2568,2004-07-09,VIP,경북,2026-08-04 09:02:49,2026-09-03 09:36:42,N,Y,Y,300000,34932,2027-08-13
22569,um02569@example.com,010-0000-2569,1985-10-06,BASIC,울산,2024-04-10 20:45:45,2026-06-13 06:26:01,N,N,N,0,7339,2026-08-21
22570,um02570@example.com,010-0000-2570,1985-12-18,BASIC,울산,2026-02-02 15:25:21,2026-07-22 22:38:30,N,N,Y,273000,3240,2027-07-07
22571,um02571@example.net,010-0000-2571,1996-08-18,BASIC,전북,2025-02-06 20:40:24,2026-07-08 12:03:45,Y,N,N,0,1320,2027-08-08
22572,um02572@example.net,010-0000-2572,2003-07-01,BASIC,대전,2023-06-20 22:54:53,2026-08-20 18:47:32,Y,Y,N,0,4038,2027-02-08
22573,um02573@example.org,010-0000-2573,1991-10-09,GOLD,경기,2023-04-26 10:03:42,2026-08-10 12:39:13,N,Y,N,0,13800,2026-10-28
22574,um02574@example.com,010-0000-2574,1995-09-15,BASIC,충북,2025-09-22 15:57:57,2025-09-24 13:41:56,Y,Y,N,0,2980,2027-09-29
22575,um02575@example.org,010-0000-2575,1968-03-17,BASIC,경기,2024-01-16 18:38:58,2024-08-31 15:24:32,Y,N,N,0,8564,2027-09-06
22576,um02576@example.net,010-0000-2576,1979-04-18,BASIC,울산,2024-09-11 23:23:19,2025-01-19 18:22:54,N,N,N,0,898,2026-09-03
22577,um02577@example.com,010-0000-2577,1975-12-13,GOLD,인천,2025-07-03 09:33:42,2026-08-18 10:29:44,N,Y,N,0,11340,2027-06-09
22578,um02578@example.org,010-0000-2578,1981-09-07,BASIC,강원,2026-08-09 23:40:04,2026-08-09 10:52:25,N,Y,N,0,0,
22579,um02579@example.com,010-0000-2579,1970-12-15,BASIC,서울,2024-05-12 15:02:44,2025-03-27 21:20:37,Y,Y,Y,60000,0,
22580,um02580@example.net,010-0000-2580,1982-06-27,BASIC,서울,2024-05-29 14:53:08,2025-01-10 08:52:47,Y,Y,N,0,5287,2027-04-10
22581,um02581@example.com,010-0000-2581,1994-01-25,GOLD,전북,2023-11-10 08:57:33,2026-08-28 09:18:34,Y,Y,Y,86000,7250,2027-09-27
22582,um02582@example.org,010-0000-2582,2006-12-11,BASIC,대구,2024-09-24 22:02:00,2024-10-03 21:44:24,Y,Y,N,0,0,
22583,um02583@example.org,010-0000-2583,1999-08-06,GOLD,경남,2024-02-10 15:41:57,2026-08-31 04:55:07,Y,Y,Y,71000,13460,2026-08-20
22584,um02584@example.com,010-0000-2584,1996-07-05,GOLD,경기,2024-09-23 22:12:47,2026-09-02 10:09:03,N,N,N,0,9659,2026-12-22
22585,um02585@example.org,010-0000-2585,1988-11-23,BASIC,부산,2025-05-12 19:44:00,2026-08-23 15:27:10,Y,Y,N,0,6227,2027-05-27
22586,um02586@example.com,010-0000-2586,1987-05-20,GOLD,서울,2024-09-05 16:59:38,2026-08-31 08:50:05,Y,N,N,0,19496,2027-01-30
22587,um02587@example.org,010-0000-2587,2007-04-22,BASIC,전남,2024-06-22 23:47:24,2026-05-11 10:01:04,N,Y,N,0,2310,2026-10-02
22588,um02588@example.com,010-0000-2588,1985-08-08,BASIC,충북,2026-04-17 20:43:28,2026-07-17 16:50:59,N,N,Y,227000,2010,2027-08-26
22589,um02589@example.org,010-0000-2589,2001-10-07,GOLD,경기,2025-03-17 18:22:02,2026-09-03 21:45:21,N,N,Y,40000,8150,2027-01-11
22590,um02590@example.com,010-0000-2590,1988-11-22,BASIC,서울,2023-11-30 14:06:55,2025-09-28 22:08:59,N,Y,N,0,0,
22591,um02591@example.net,010-0000-2591,1985-04-15,BASIC,경기,2024-11-08 15:07:56,2026-08-11 15:50:31,Y,Y,Y,50000,6574,2027-07-07
22592,um02592@example.com,010-0000-2592,1985-06-28,BASIC,서울,2025-12-16 21:32:43,2026-09-03 00:42:45,N,Y,N,0,2110,2027-06-18
22593,um02593@example.com,010-0000-2593,1979-09-17,GOLD,서울,2026-08-11 19:31:26,2026-09-03 06:56:11,Y,N,N,0,12560,2026-11-28
22594,um02594@example.com,010-0000-2594,1985-03-16,BASIC,경기,2026-04-06 20:50:17,2026-08-29 13:11:10,N,N,N,0,1850,2026-09-25
22595,um02595@example.com,010-0000-2595,1979-07-12,BASIC,경남,2026-08-03 10:15:50,2026-08-07 12:48:42,N,Y,N,0,780,2027-09-16
22596,um02596@example.com,010-0000-2596,1985-03-09,GOLD,서울,2025-11-03 23:42:44,2026-08-31 21:28:49,Y,Y,N,0,7690,2027-09-04
22597,um02597@example.com,010-0000-2597,1984-12-11,BASIC,전북,2026-06-22 18:10:09,2026-08-28 19:32:24,Y,Y,Y,141000,6894,2026-11-02
22598,um02598@example.com,010-0000-2598,1996-07-07,BASIC,전남,2026-06-25 12:38:05,2026-09-04 00:53:36,N,Y,N,0,4450,2026-09-26
22599,um02599@example.net,010-0000-2599,1968-12-27,BASIC,경남,2026-07-12 18:41:20,2026-07-12 10:09:37,N,Y,N,0,0,
22600,um02600@example.com,010-0000-2600,1979-08-07,BASIC,광주,2022-09-04 22:24:51,2023-06-22 09:19:42,Y,Y,Y,66000,6636,2027-05-01
22601,um02601@example.net,010-0000-2601,1997-09-28,BASIC,충남,2024-04-29 10:53:44,2026-07-26 11:11:51,Y,N,N,0,7581,2027-03-18
22602,um02602@example.net,010-0000-2602,2003-04-25,BASIC,경기,2025-08-25 17:12:59,2026-08-29 10:54:26,N,Y,N,0,0,
22603,um02603@example.com,010-0000-2603,1998-10-21,BASIC,서울,2025-12-15 22:03:57,2026-07-13 12:16:29,Y,Y,N,0,3370,2027-01-11
22604,um02604@example.net,010-0000-2604,1974-11-14,VIP,서울,2025-06-05 23:09:00,2026-09-01 14:16:41,N,N,Y,48000,29238,2027-01-03
22605,um02605@example.com,010-0000-2605,2007-01-08,BASIC,대구,2026-05-24 22:56:50,2026-09-01 11:28:48,N,Y,N,0,4100,2027-07-21
22606,um02606@example.com,010-0000-2606,2006-02-01,BASIC,서울,2025-11-01 20:37:31,2025-11-02 13:04:47,N,N,N,0,0,
22607,um02607@example.org,010-0000-2607,1983-03-09,BASIC,서울,2023-06-30 14:21:01,2026-08-04 08:02:50,N,Y,Y,65000,3680,2027-08-09
22608,um02608@example.com,010-0000-2608,1993-08-06,GOLD,충남,2025-09-07 15:55:06,2026-08-13 12:00:29,N,Y,N,0,8230,2027-08-18
22609,um02609@example.com,010-0000-2609,1978-10-05,BASIC,경남,2025-01-12 12:33:34,2025-01-13 11:08:50,Y,N,N,0,3760,2027-10-01
22610,um02610@example.com,010-0000-2610,1985-06-14,VIP,부산,2024-05-06 22:36:23,2026-08-09 06:36:36,Y,Y,N,0,34889,2027-08-16
22611,um02611@example.org,010-0000-2611,2000-11-17,BASIC,대구,2023-12-08 20:03:05,2026-08-01 20:12:39,N,N,Y,194000,4913,2027-06-18
22612,um02612@example.net,010-0000-2612,2007-05-14,GOLD,경기,2022-08-24 21:23:32,2026-09-03 15:05:48,Y,Y,N,0,10910,2027-03-12
22613,um02613@example.com,010-0000-2613,1980-09-18,VIP,서울,2024-12-29 12:03:01,2026-09-04 05:47:50,N,Y,N,0,43580,2027-01-07
22614,um02614@example.org,010-0000-2614,1993-12-27,GOLD,서울,2026-08-07 16:35:00,2026-08-11 04:56:59,Y,Y,N,0,7533,2027-08-19
22615,um02615@example.com,010-0000-2615,1970-10-23,GOLD,대구,2024-06-19 18:22:20,2026-08-24 11:44:18,Y,N,N,0,15713,2027-03-13
22616,um02616@example.org,010-0000-2616,1979-05-08,BASIC,경북,2026-03-17 17:07:35,2026-03-19 05:36:22,N,Y,N,0,3303,2027-02-25
22617,um02617@example.org,010-0000-2617,1992-03-03,VIP,경기,2023-01-17 19:02:35,2026-08-28 19:06:10,Y,Y,N,0,35290,2027-04-20
22618,um02618@example.com,010-0000-2618,1999-03-22,VIP,경기,2025-09-21 19:03:51,2026-08-31 14:04:32,Y,N,N,0,20060,2027-06-12
22619,um02619@example.com,010-0000-2619,1993-08-03,BASIC,경기,2022-03-14 10:23:04,2026-08-19 15:26:21,N,Y,N,0,5800,2026-11-04
22620,um02620@example.org,010-0000-2620,1997-09-28,GOLD,경기,2025-01-29 15:44:49,2026-07-31 10:51:14,Y,Y,N,0,7460,2027-03-07
22621,um02621@example.net,010-0000-2621,1990-06-07,GOLD,광주,2023-10-31 22:38:32,2026-07-28 17:06:24,Y,Y,N,0,7682,2027-05-31
22622,um02622@example.net,010-0000-2622,1975-09-14,GOLD,경북,2025-04-22 21:34:59,2026-09-03 15:46:22,Y,Y,N,0,23589,2027-10-05
22623,um02623@example.com,010-0000-2623,1986-04-03,BASIC,경남,2026-07-11 12:15:04,2026-09-04 12:26:29,Y,Y,N,0,1030,2027-07-13
22624,um02624@example.org,010-0000-2624,1993-11-04,GOLD,충북,2025-08-03 20:07:37,2026-08-26 10:16:11,Y,Y,N,0,12580,2027-06-26
22625,um02625@example.com,010-0000-2625,1997-11-19,BASIC,서울,2024-03-19 23:37:20,2024-05-24 10:59:14,N,Y,N,0,0,
22626,um02626@example.com,010-0000-2626,1991-07-21,BASIC,충북,2026-08-05 09:05:25,2026-09-03 09:45:26,Y,Y,N,0,2320,2027-05-01
22627,um02627@example.com,010-0000-2627,1978-12-23,BASIC,제주,2026-05-03 12:26:08,2026-08-26 00:40:00,Y,N,N,0,2330,2027-09-13
22628,um02628@example.com,010-0000-2628,2000-12-27,BASIC,강원,2023-06-04 00:35:31,2026-02-07 22:29:14,N,Y,N,0,5180,2026-10-15
22629,um02629@example.com,010-0000-2629,1969-11-18,BASIC,서울,2024-05-13 12:37:12,2026-08-21 05:27:55,N,Y,N,0,6336,2027-07-03
22630,um02630@example.com,010-0000-2630,1970-01-22,BASIC,광주,2025-03-11 18:06:38,2026-08-20 11:33:31,N,Y,N,0,6110,2027-06-12
22631,um02631@example.org,010-0000-2631,1994-03-04,BASIC,경기,2025-04-24 21:48:26,2025-04-24 21:44:16,Y,Y,N,0,0,
22632,um02632@example.com,010-0000-2632,1990-07-11,GOLD,부산,2026-06-11 14:03:44,2026-06-14 04:57:38,N,N,N,0,14859,2026-09-05
22633,um02633@example.com,010-0000-2633,2004-12-19,BASIC,충북,2025-12-31 19:19:23,2026-08-22 13:44:42,N,N,N,0,1172,2027-06-05
22634,um02634@example.com,010-0000-2634,1990-09-04,BASIC,경기,2025-12-14 10:47:53,2026-07-24 22:48:13,Y,Y,N,0,3905,2026-10-04
22635,um02635@example.com,010-0000-2635,1983-08-19,BASIC,광주,2025-07-30 14:53:01,2026-08-29 23:32:22,N,Y,N,0,2560,2027-07-05
22636,um02636@example.net,010-0000-2636,1970-10-12,BASIC,충북,2022-06-25 22:16:31,2024-05-14 16:01:50,Y,Y,N,0,4410,2026-11-01
22637,um02637@example.org,010-0000-2637,1984-04-09,BASIC,경기,2025-04-20 15:39:47,2025-08-21 10:02:11,Y,N,Y,50000,743,2027-09-20
22638,um02638@example.com,010-0000-2638,1998-02-15,BASIC,경북,2024-06-24 12:15:49,2026-07-27 14:07:18,Y,Y,N,0,0,
22639,um02639@example.com,010-0000-2639,1989-02-09,BASIC,경기,2025-10-13 10:02:09,2026-08-31 16:03:53,Y,Y,N,0,3570,2027-08-22
22640,um02640@example.org,010-0000-2640,1985-09-27,GOLD,충북,2024-11-26 08:00:39,2026-09-03 12:49:00,N,Y,Y,71000,8905,2026-11-23
22641,um02641@example.com,010-0000-2641,1992-02-22,BASIC,세종,2026-04-16 23:57:13,2026-04-18 06:38:57,N,N,Y,67000,2180,2027-01-22
22642,um02642@example.com,010-0000-2642,1984-12-08,GOLD,경남,2026-03-17 12:41:43,2026-08-23 06:08:46,N,N,N,0,7170,2027-08-05
22643,um02643@example.net,010-0000-2643,1991-05-28,GOLD,경기,2023-06-04 09:39:52,2026-08-29 08:07:45,Y,Y,Y,120000,10700,2027-08-10
22644,um02644@example.com,010-0000-2644,2006-05-14,BASIC,부산,2022-11-22 14:12:53,2026-08-29 06:25:00,Y,Y,N,0,4350,2027-06-19
22645,um02645@example.net,010-0000-2645,1990-04-18,GOLD,서울,2024-03-01 12:10:00,2026-07-05 08:24:08,Y,Y,N,0,17400,2027-06-19
22646,um02646@example.com,010-0000-2646,1994-12-05,BASIC,전북,2026-01-01 21:35:06,2026-01-01 12:23:10,Y,Y,N,0,0,
22647,um02647@example.com,010-0000-2647,1997-06-12,BASIC,충북,2022-12-13 10:18:20,2023-08-27 09:18:15,Y,Y,N,0,3855,2026-10-07
22648,um02648@example.com,010-0000-2648,1976-04-23,GOLD,경기,2025-10-19 14:09:20,2026-09-01 13:53:52,Y,Y,N,0,11823,2027-07-07
22649,um02649@example.com,010-0000-2649,1993-07-15,BASIC,서울,2024-12-29 08:05:16,2025-12-18 18:44:35,Y,N,N,0,1230,2027-02-05
22650,um02650@example.org,010-0000-2650,2004-11-04,BASIC,대구,2024-11-25 16:54:04,2024-11-28 18:43:10,Y,N,N,0,3240,2026-11-06
22651,um02651@example.com,010-0000-2651,1970-11-16,GOLD,경기,2024-07-20 16:57:18,2026-07-04 05:14:19,N,N,N,0,20008,2027-02-20
22652,um02652@example.com,010-0000-2652,1983-10-16,GOLD,경기,2026-06-19 20:45:56,2026-09-02 08:55:29,N,N,N,0,9925,2027-06-29
22653,um02653@example.com,010-0000-2653,1993-12-24,BASIC,부산,2024-08-23 18:23:31,2026-08-26 08:32:34,Y,Y,N,0,800,2027-08-17
22654,um02654@example.net,010-0000-2654,1979-02-22,GOLD,대구,2026-06-13 22:13:45,2026-08-30 10:36:16,Y,Y,N,0,18370,2026-12-24
22655,um02655@example.org,010-0000-2655,1995-07-17,BASIC,경기,2024-11-07 13:09:35,2026-07-19 01:00:55,N,Y,N,0,960,2026-11-06
22656,um02656@example.com,010-0000-2656,1979-11-03,GOLD,대전,2023-02-26 22:38:53,2026-08-18 09:39:58,Y,N,N,0,15104,2027-07-11
22657,um02657@example.com,010-0000-2657,1968-09-11,BASIC,대구,2026-08-14 21:02:57,2026-09-03 22:20:31,N,N,N,0,7137,2026-11-21
22658,um02658@example.com,010-0000-2658,1997-03-08,GOLD,서울,2022-09-28 16:01:49,2025-10-21 10:34:57,Y,N,N,0,19329,2026-09-09
22659,um02659@example.com,010-0000-2659,2005-10-12,BASIC,충북,2024-06-12 21:14:25,2024-07-18 00:15:54,N,N,N,0,4838,2027-07-18
22660,um02660@example.org,010-0000-2660,1999-11-02,BASIC,서울,2023-09-25 16:22:07,2024-11-01 19:02:53,Y,N,N,0,4398,2026-10-17
22661,um02661@example.net,010-0000-2661,1969-12-03,VIP,경북,2024-08-21 22:16:58,2026-09-02 02:59:27,N,N,Y,135000,22150,2027-05-29
22662,um02662@example.com,010-0000-2662,1974-02-28,GOLD,경기,2024-01-23 20:45:46,2026-03-19 17:54:06,Y,N,Y,262000,7410,2027-07-25
22663,um02663@example.org,010-0000-2663,1990-11-12,BASIC,경북,2025-06-03 14:27:57,2025-07-17 00:29:11,Y,N,Y,127000,3587,2026-10-26
22664,um02664@example.com,010-0000-2664,1993-11-04,BASIC,경기,2026-02-13 18:39:40,2026-05-12 20:42:37,Y,Y,N,0,0,
22665,um02665@example.com,010-0000-2665,1969-10-20,GOLD,인천,2025-03-01 22:55:35,2026-09-03 12:04:39,Y,N,N,0,13330,2027-09-19
22666,um02666@example.com,010-0000-2666,1995-11-01,GOLD,경기,2025-03-28 16:08:33,2026-08-30 03:16:04,Y,Y,N,0,12540,2026-12-30
22667,um02667@example.com,010-0000-2667,2006-08-04,GOLD,대구,2023-09-17 21:13:42,2026-08-31 13:45:48,Y,Y,N,0,8127,2027-08-16
22668,um02668@example.net,010-0000-2668,1970-01-18,BASIC,경남,2023-08-08 11:29:09,2024-02-03 22:47:55,Y,Y,N,0,934,2027-08-30
22669,um02669@example.org,010-0000-2669,1988-03-13,BASIC,대전,2024-06-25 20:32:54,2026-06-29 01:34:44,N,N,Y,375000,1610,2027-08-11
22670,um02670@example.com,010-0000-2670,2000-10-04,GOLD,경북,2024-12-28 22:18:49,2026-08-13 16:19:02,Y,N,N,0,13310,2027-09-17
22671,um02671@example.org,010-0000-2671,1979-09-25,VIP,충남,2024-12-25 14:18:57,2026-08-28 11:59:11,Y,N,Y,115000,20160,2027-08-05
22672,um02672@example.com,010-0000-2672,1996-03-08,GOLD,경기,2026-04-24 08:22:13,2026-08-21 11:45:34,N,Y,N,0,13310,2027-10-07
22673,um02673@example.net,010-0000-2673,1981-02-21,BASIC,부산,2025-07-11 08:35:30,2026-02-28 21:57:55,N,Y,Y,111000,0,
22674,um02674@example.net,010-0000-2674,1989-02-07,GOLD,경남,2022-08-14 12:55:32,2026-09-03 11:03:28,Y,Y,Y,78000,8550,2026-10-20
22675,um02675@example.org,010-0000-2675,1997-01-15,BASIC,서울,2023-03-17 16:55:10,2025-10-15 17:51:25,Y,Y,N,0,3370,2027-04-27
22676,um02676@example.org,010-0000-2676,1999-05-26,BASIC,경기,2022-11-08 17:31:56,2026-09-03 17:26:49,Y,Y,N,0,5250,2026-09-29
22677,um02677@example.com,010-0000-2677,2007-04-24,BASIC,서울,2026-05-28 13:41:53,2026-08-15 22:44:10,Y,Y,Y,202000,3900,2026-09-18
22678,um02678@example.net,010-0000-2678,1997-03-06,GOLD,서울,2025-09-15 21:30:17,2026-09-01 02:41:25,Y,Y,N,0,6670,2027-09-25
22679,um02679@example.com,010-0000-2679,1992-04-07,BASIC,서울,2022-07-01 19:04:31,2026-02-02 10:47:24,Y,N,N,0,2760,2026-09-27
22680,um02680@example.net,010-0000-2680,1985-10-04,BASIC,부산,2023-07-28 14:00:16,2026-06-19 12:21:26,Y,N,N,0,4249,2027-05-17
22681,um02681@example.org,010-0000-2681,1995-11-16,GOLD,광주,2025-03-03 18:41:57,2026-09-02 19:38:56,Y,N,N,0,7980,2027-05-17
22682,um02682@example.net,010-0000-2682,1971-03-13,VIP,경기,2023-01-31 10:30:46,2026-08-31 09:38:39,Y,Y,N,0,28000,2027-03-29
22683,um02683@example.com,010-0000-2683,1992-06-27,GOLD,부산,2024-08-26 22:35:14,2025-06-08 15:12:25,Y,Y,N,0,15489,2026-11-17
22684,um02684@example.net,010-0000-2684,2002-10-25,BASIC,서울,2026-05-22 09:58:33,2026-08-30 01:21:43,N,Y,N,0,5590,2027-08-20
22685,um02685@example.net,010-0000-2685,1993-12-02,BASIC,경기,2024-07-14 19:58:22,2026-05-06 23:47:57,N,Y,N,0,3798,2027-02-06
22686,um02686@example.com,010-0000-2686,1987-06-21,BASIC,충북,2024-04-14 17:32:15,2025-03-31 22:57:39,N,N,Y,471000,0,
22687,um02687@example.com,010-0000-2687,2006-12-08,BASIC,서울,2024-08-23 23:25:05,2026-09-03 12:18:31,Y,N,N,0,2850,2027-06-19
22688,um02688@example.net,010-0000-2688,1983-12-11,GOLD,부산,2024-05-28 16:47:48,2025-05-15 11:02:39,Y,N,N,0,9160,2026-12-31
22689,um02689@example.org,010-0000-2689,1975-03-07,GOLD,충북,2026-07-12 20:36:07,2026-08-27 08:46:55,N,N,N,0,7160,2027-06-22
22690,um02690@example.net,010-0000-2690,1972-10-24,BASIC,충북,2025-02-06 11:33:57,2026-08-02 03:28:24,Y,Y,N,0,3362,2027-05-03
22691,um02691@example.com,010-0000-2691,1994-05-02,BASIC,경기,2024-07-12 22:44:47,2024-07-18 16:14:24,N,Y,N,0,1709,2026-09-01
22692,um02692@example.com,010-0000-2692,2000-10-16,BASIC,울산,2025-04-15 20:17:17,2025-04-18 22:07:41,Y,Y,N,0,1130,2027-07-15
22693,um02693@example.net,010-0000-2693,1968-10-23,GOLD,부산,2024-11-23 20:27:49,2026-06-16 07:46:37,Y,N,N,0,10776,2027-04-03
22694,um02694@example.net,010-0000-2694,1994-01-02,GOLD,경기,2022-09-28 14:03:30,2026-04-30 06:10:08,Y,N,N,0,13190,2027-09-25
22695,um02695@example.com,010-0000-2695,1992-09-03,BASIC,인천,2025-07-09 16:14:29,2026-08-28 16:00:15,Y,Y,Y,82000,3920,2027-07-08
22696,um02696@example.com,010-0000-2696,1988-12-25,BASIC,광주,2026-04-19 16:56:56,2026-04-19 00:23:30,Y,Y,N,0,0,
22697,um02697@example.com,010-0000-2697,1978-02-19,BASIC,경남,2024-06-01 19:29:12,2026-04-16 00:53:42,Y,Y,N,0,0,
22698,um02698@example.com,010-0000-2698,1987-08-06,GOLD,충남,2024-10-20 21:14:26,2026-07-11 19:10:03,Y,N,N,0,6290,2027-05-25
22699,um02699@example.net,010-0000-2699,1999-02-26,BASIC,서울,2024-12-06 16:10:10,2026-08-10 13:12:44,N,Y,N,0,5210,2026-10-26
22700,um02700@example.net,010-0000-2700,1993-09-01,GOLD,전남,2025-08-14 14:59:41,2026-09-02 14:17:17,Y,Y,N,0,7980,2026-12-17
22701,um02701@example.net,010-0000-2701,2001-06-21,BASIC,서울,2025-05-19 10:54:35,2026-05-13 14:19:30,Y,Y,Y,245000,3584,2026-10-03
22702,um02702@example.com,010-0000-2702,2001-08-01,GOLD,부산,2022-06-11 14:14:33,2026-08-21 21:41:00,N,N,N,0,8530,2026-12-05
22703,um02703@example.com,010-0000-2703,1989-11-07,BASIC,경북,2026-07-31 14:42:03,2026-08-31 09:33:10,Y,N,N,0,5615,2027-01-24
22704,um02704@example.com,010-0000-2704,1981-07-17,GOLD,부산,2023-09-09 16:43:02,2026-08-12 09:04:24,Y,N,N,0,11061,2026-09-21
22705,um02705@example.org,010-0000-2705,1988-12-18,BASIC,인천,2025-02-26 09:18:17,2026-09-03 06:42:59,Y,Y,N,0,720,2027-08-15
22706,um02706@example.org,010-0000-2706,2008-08-01,BASIC,부산,2024-06-19 12:15:21,2026-07-27 05:52:05,N,N,N,0,520,2027-03-22
22707,um02707@example.org,010-0000-2707,1992-02-27,GOLD,대구,2023-10-01 20:57:09,2024-09-21 09:43:36,Y,Y,N,0,6980,2027-06-25
22708,um02708@example.com,010-0000-2708,2004-06-19,VIP,광주,2025-10-29 21:35:25,2026-08-28 04:41:30,Y,N,Y,103000,25990,2026-12-13
22709,um02709@example.org,010-0000-2709,1972-04-09,BASIC,전남,2025-11-06 18:53:02,2026-08-16 01:17:05,N,Y,N,0,6981,2027-04-25
22710,um02710@example.org,010-0000-2710,1991-11-04,BASIC,대구,2025-07-18 13:48:34,2025-07-18 15:24:39,Y,Y,N,0,0,
22711,um02711@example.com,010-0000-2711,1988-05-17,VIP,서울,2025-12-31 16:16:33,2026-08-27 08:25:45,N,N,N,0,20480,2027-09-03
22712,um02712@example.com,010-0000-2712,2005-05-19,BASIC,경기,2024-08-29 20:24:39,2024-12-10 19:28:38,N,N,N,0,0,
22713,um02713@example.org,010-0000-2713,2001-05-23,BASIC,충북,2022-06-19 21:42:27,2026-01-29 21:06:04,Y,Y,Y,596000,1870,2027-02-20
22714,um02714@example.com,010-0000-2714,1989-12-11,BASIC,서울,2022-10-19 08:49:29,2024-07-21 13:53:12,Y,Y,N,0,1460,2027-01-27
22715,um02715@example.org,010-0000-2715,1990-09-02,GOLD,부산,2023-07-13 15:22:59,2026-08-12 18:07:27,N,Y,N,0,14540,2027-06-20
22716,um02716@example.net,010-0000-2716,1992-09-25,BASIC,대구,2023-01-04 11:35:24,2026-06-08 02:24:38,N,N,N,0,3070,2026-12-04
22717,um02717@example.com,010-0000-2717,1974-02-25,BASIC,서울,2024-11-07 14:43:28,2025-07-02 18:32:22,Y,N,Y,291000,1760,2026-11-21
22718,um02718@example.com,010-0000-2718,1988-12-17,GOLD,전북,2025-04-25 14:57:27,2026-09-02 12:59:12,N,Y,N,0,22318,2026-09-06
22719,um02719@example.net,010-0000-2719,1971-04-12,BASIC,경남,2024-07-31 20:37:12,2024-08-20 12:07:59,Y,Y,N,0,0,
22720,um02720@example.com,010-0000-2720,2001-08-10,GOLD,경기,2025-01-18 17:16:34,2026-07-28 15:29:40,N,Y,N,0,19140,2027-04-26
22721,um02721@example.com,010-0000-2721,1983-07-22,GOLD,경기,2026-07-27 17:09:44,2026-09-03 11:38:29,Y,N,N,0,8660,2026-09-14
22722,um02722@example.net,010-0000-2722,2006-02-01,VIP,인천,2025-11-22 18:40:19,2026-09-04 03:33:38,N,N,N,0,30490,2027-04-08
22723,um02723@example.com,010-0000-2723,1999-01-13,BASIC,서울,2026-08-20 16:03:23,2026-09-03 14:37:41,Y,N,N,0,2880,2027-10-09
22724,um02724@example.com,010-0000-2724,1982-10-08,GOLD,부산,2026-05-15 18:32:46,2026-09-01 07:07:18,Y,N,N,0,11280,2026-10-16
22725,um02725@example.org,010-0000-2725,1988-12-23,BASIC,경기,2026-02-07 20:31:07,2026-08-22 11:53:24,Y,Y,N,0,400,2027-09-20
22726,um02726@example.com,010-0000-2726,1979-01-05,BASIC,경기,2026-04-18 13:27:49,2026-04-21 17:54:30,N,N,N,0,3190,2027-02-12
22727,um02727@example.org,010-0000-2727,1991-09-13,BASIC,대구,2023-10-25 18:44:40,2026-04-14 08:17:41,Y,N,Y,44000,2660,2026-11-13
22728,um02728@example.com,010-0000-2728,1971-05-01,GOLD,경기,2024-05-02 11:37:45,2026-08-09 09:17:30,Y,N,N,0,15040,2027-08-21
22729,um02729@example.org,010-0000-2729,1992-04-02,BASIC,경남,2026-08-21 15:54:05,2026-08-23 21:35:17,N,Y,N,0,7500,2027-09-10
22730,um02730@example.com,010-0000-2730,1973-07-09,BASIC,인천,2026-03-01 18:01:04,2026-03-01 19:59:16,Y,Y,N,0,0,
22731,um02731@example.com,010-0000-2731,1975-06-22,GOLD,경기,2025-02-04 09:49:29,2025-02-19 08:00:04,Y,Y,N,0,10704,2027-06-29
22732,um02732@example.com,010-0000-2732,1976-10-16,BASIC,전북,2023-08-30 00:01:49,2026-07-30 15:46:29,Y,Y,Y,130000,4420,2026-12-17
22733,um02733@example.org,010-0000-2733,2007-08-05,GOLD,경남,2025-05-13 20:07:11,2026-08-31 22:51:28,Y,Y,Y,284000,19590,2027-01-11
22734,um02734@example.net,010-0000-2734,1989-08-10,BASIC,경기,2026-07-21 18:31:58,2026-08-30 14:16:02,Y,N,N,0,620,2027-07-17
22735,um02735@example.net,010-0000-2735,1969-05-21,BASIC,경기,2026-02-19 20:51:05,2026-09-02 21:22:04,N,N,N,0,8844,2027-03-07
22736,um02736@example.com,010-0000-2736,1981-03-08,GOLD,경북,2025-02-13 14:46:20,2026-08-13 01:23:58,N,N,N,0,11769,2027-08-29
22737,um02737@example.com,010-0000-2737,1976-08-27,GOLD,경기,2024-07-18 20:54:26,2026-07-22 10:05:52,N,Y,N,0,19610,2027-06-19
22738,um02738@example.com,010-0000-2738,2008-02-08,BASIC,전남,2023-06-10 18:39:39,2025-07-30 08:14:17,N,N,N,0,8153,2027-07-19
22739,um02739@example.org,010-0000-2739,1990-01-02,BASIC,대전,2024-11-17 22:49:53,2026-06-25 17:33:19,Y,Y,Y,245000,3080,2026-11-24
22740,um02740@example.com,010-0000-2740,1998-07-17,BASIC,서울,2025-10-12 22:35:04,2026-08-14 09:17:13,Y,Y,Y,309000,4230,2026-08-29
22741,um02741@example.com,010-0000-2741,1992-01-02,BASIC,인천,2026-08-02 12:08:49,2026-08-04 17:52:28,Y,Y,N,0,3470,2026-08-29
22742,um02742@example.org,010-0000-2742,2004-04-05,BASIC,충남,2025-04-21 00:55:55,2025-04-21 13:37:24,N,Y,N,0,0,
22743,um02743@example.com,010-0000-2743,1980-05-21,BASIC,경기,2026-03-09 00:28:01,2026-03-09 11:04:40,Y,N,N,0,0,
22744,um02744@example.org,010-0000-2744,1993-07-22,GOLD,경기,2025-04-18 14:03:43,2026-08-12 03:53:15,Y,Y,Y,356000,11750,2027-09-24
22745,um02745@example.com,010-0000-2745,1973-02-21,BASIC,경기,2026-03-04 19:57:41,2026-08-15 16:18:45,N,N,N,0,2000,2027-09-22
22746,um02746@example.com,010-0000-2746,1986-11-17,BASIC,경기,2026-01-08 16:49:40,2026-08-28 07:56:06,Y,Y,N,0,560,2026-10-08
22747,um02747@example.com,010-0000-2747,1978-12-19,GOLD,경기,2025-11-14 22:24:40,2026-08-14 19:42:35,Y,N,N,0,11461,2027-04-20
22748,um02748@example.net,010-0000-2748,1972-06-12,BASIC,경기,2023-05-23 18:49:15,2026-05-08 13:01:11,Y,N,N,0,350,2027-09-07
22749,um02749@example.net,010-0000-2749,2000-12-12,BASIC,전북,2026-05-25 22:58:09,2026-05-25 10:33:00,N,N,N,0,0,
22750,um02750@example.com,010-0000-2750,1970-11-12,BASIC,경기,2025-08-20 13:58:21,2025-10-16 20:05:58,Y,Y,N,0,7174,2027-05-28
22751,um02751@example.com,010-0000-2751,2007-07-09,BASIC,인천,2026-06-17 23:21:32,2026-09-01 07:48:42,Y,Y,Y,221000,3130,2026-12-18
22752,um02752@example.net,010-0000-2752,1992-05-10,BASIC,울산,2025-12-17 23:48:28,2025-12-20 15:11:18,Y,Y,N,0,590,2027-03-23
22753,um02753@example.com,010-0000-2753,1994-11-15,GOLD,경기,2026-03-20 21:32:38,2026-09-01 05:32:23,Y,N,Y,56000,9240,2027-02-28
22754,um02754@example.net,010-0000-2754,1985-11-15,GOLD,경기,2023-11-21 22:19:25,2026-08-14 10:43:37,N,N,N,0,14560,2027-05-10
22755,um02755@example.com,010-0000-2755,1992-03-12,GOLD,서울,2024-07-27 12:15:19,2026-05-26 08:19:31,Y,N,Y,347000,10180,2026-10-09
22756,um02756@example.net,010-0000-2756,2004-10-05,BASIC,서울,2026-06-14 14:20:18,2026-06-16 14:12:59,N,Y,N,0,1800,2027-08-23
22757,um02757@example.net,010-0000-2757,1973-03-02,BASIC,전남,2026-01-19 13:47:13,2026-01-23 17:20:42,Y,Y,N,0,1590,2027-04-08
22758,um02758@example.com,010-0000-2758,1998-05-12,BASIC,경북,2025-08-07 16:25:42,2026-06-06 23:42:32,Y,N,N,0,2710,2026-09-04
22759,um02759@example.com,010-0000-2759,1983-07-20,GOLD,경남,2026-04-27 11:32:05,2026-08-28 11:28:41,Y,N,N,0,19900,2027-03-21
22760,um02760@example.org,010-0000-2760,1983-08-27,GOLD,경기,2024-03-01 21:24:21,2026-06-14 19:01:30,Y,N,N,0,15500,2027-08-09
22761,um02761@example.com,010-0000-2761,1975-04-11,BASIC,경기,2024-08-16 23:57:07,2026-08-02 12:40:04,N,Y,N,0,2170,2026-08-16
22762,um02762@example.net,010-0000-2762,2003-07-28,BASIC,경기,2023-11-21 23:28:56,2026-06-13 18:27:20,Y,Y,N,0,3367,2027-07-09
22763,um02763@example.net,010-0000-2763,1990-12-15,BASIC,경기,2024-08-15 19:15:48,2026-09-02 10:59:16,Y,Y,N,0,5220,2026-08-16
22764,um02764@example.com,010-0000-2764,1978-04-03,BASIC,서울,2024-10-21 20:46:19,2026-08-29 04:21:14,N,Y,Y,316000,3340,2027-06-03
22765,um02765@example.com,010-0000-2765,1987-04-22,BASIC,광주,2025-07-20 20:29:03,2025-08-03 08:16:31,Y,Y,N,0,5096,2026-11-16
22766,um02766@example.com,010-0000-2766,1992-02-06,GOLD,경남,2023-11-22 11:36:06,2026-08-28 14:28:28,N,N,N,0,18860,2027-05-09
22767,um02767@example.com,010-0000-2767,1996-04-17,BASIC,경북,2025-03-23 20:19:38,2025-05-08 23:41:27,Y,N,N,0,6321,2026-12-29
22768,um02768@example.com,010-0000-2768,1994-08-21,VIP,경기,2022-06-04 20:13:22,2026-06-12 16:54:16,Y,N,N,0,23860,2026-09-16
22769,um02769@example.net,010-0000-2769,1990-04-07,GOLD,경북,2026-06-28 21:16:49,2026-08-24 18:20:39,Y,N,N,0,9137,2026-10-27
22770,um02770@example.net,010-0000-2770,1999-07-19,BASIC,전북,2026-04-30 16:04:56,2026-08-21 19:37:13,N,N,Y,80000,3730,2027-02-27
22771,um02771@example.org,010-0000-2771,2003-02-16,BASIC,경기,2026-05-13 21:36:32,2026-09-02 06:31:01,Y,Y,Y,258000,6186,2027-02-08
22772,um02772@example.com,010-0000-2772,2002-09-19,BASIC,광주,2025-10-09 14:43:39,2025-10-10 12:47:27,Y,Y,N,0,820,2027-08-18
22773,um02773@example.net,010-0000-2773,1968-02-04,BASIC,경기,2026-08-27 16:46:37,2026-08-31 01:38:03,Y,N,N,0,820,2027-05-20
22774,um02774@example.org,010-0000-2774,1984-08-12,BASIC,서울,2024-09-11 21:21:20,2026-01-07 10:27:33,Y,Y,N,0,0,
22775,um02775@example.org,010-0000-2775,2000-05-27,BASIC,경북,2026-01-15 21:15:33,2026-01-17 18:22:07,N,N,N,0,5389,2027-04-18
22776,um02776@example.com,010-0000-2776,1988-09-26,GOLD,경기,2026-03-21 15:38:42,2026-09-01 00:19:55,Y,N,N,0,13863,2027-08-15
22777,um02777@example.com,010-0000-2777,1998-05-24,GOLD,경기,2025-10-29 16:16:29,2026-08-27 09:20:45,N,N,N,0,17730,2026-09-10
22778,um02778@example.com,010-0000-2778,1970-08-19,BASIC,충남,2025-09-20 20:27:49,2025-09-21 02:52:10,N,N,N,0,5049,2027-03-02
22779,um02779@example.net,010-0000-2779,1971-07-15,GOLD,경남,2023-08-22 12:45:23,2026-08-24 06:25:55,Y,Y,N,0,9390,2027-08-29
22780,um02780@example.org,010-0000-2780,2001-03-12,BASIC,경기,2025-11-22 20:53:50,2025-11-25 11:47:00,N,Y,N,0,1410,2027-09-13
22781,um02781@example.org,010-0000-2781,1972-02-18,GOLD,부산,2023-04-21 16:04:49,2026-06-18 13:55:02,N,Y,N,0,13175,2027-04-19
22782,um02782@example.com,010-0000-2782,2003-05-11,BASIC,전남,2025-03-07 10:00:57,2025-04-28 04:19:07,N,Y,N,0,2380,2027-09-25
22783,um02783@example.org,010-0000-2783,1982-06-06,BASIC,경기,2025-09-01 10:11:43,2025-09-01 14:11:08,Y,Y,N,0,0,
22784,um02784@example.net,010-0000-2784,1995-08-24,BASIC,경기,2024-07-01 23:06:43,2025-02-26 20:18:28,Y,N,N,0,0,
22785,um02785@example.com,010-0000-2785,1971-03-28,GOLD,대구,2024-08-27 12:34:43,2026-08-08 15:31:33,N,N,N,0,18580,2027-02-07
22786,um02786@example.com,010-0000-2786,1999-10-26,BASIC,경기,2024-07-15 17:29:44,2024-07-17 21:42:18,Y,N,N,0,3470,2027-05-03
22787,um02787@example.com,010-0000-2787,1988-04-20,BASIC,경기,2024-12-17 14:25:41,2025-01-23 19:24:10,N,N,N,0,2492,2026-09-12
22788,um02788@example.org,010-0000-2788,2004-10-03,GOLD,경기,2024-05-29 20:53:37,2026-09-02 18:52:08,N,N,N,0,16080,2027-09-05
22789,um02789@example.net,010-0000-2789,1987-12-19,GOLD,경기,2025-09-29 17:36:31,2026-07-27 02:51:37,N,Y,Y,130000,18960,2026-09-23
22790,um02790@example.org,010-0000-2790,1998-04-27,GOLD,경기,2024-03-23 18:25:10,2026-07-05 14:12:19,N,N,Y,49000,10950,2027-06-29
22791,um02791@example.com,010-0000-2791,2000-03-06,BASIC,경기,2024-01-05 20:13:23,2024-08-27 22:10:28,Y,Y,N,0,0,
22792,um02792@example.com,010-0000-2792,1982-02-04,GOLD,경기,2026-06-28 14:59:01,2026-09-02 18:23:58,N,Y,Y,178000,12217,2026-08-26
22793,um02793@example.net,010-0000-2793,1971-04-06,GOLD,경기,2023-12-06 08:30:09,2026-08-31 19:56:23,Y,N,N,0,9750,2026-12-15
22794,um02794@example.com,010-0000-2794,2005-03-26,BASIC,울산,2026-08-05 14:31:31,2026-08-06 14:20:58,Y,Y,N,0,2980,2026-09-16
22795,um02795@example.net,010-0000-2795,1974-01-26,BASIC,경기,2023-05-31 00:33:12,2024-11-17 04:29:57,N,Y,N,0,3868,2027-06-16
22796,um02796@example.com,010-0000-2796,1977-03-15,GOLD,경남,2022-10-03 00:26:55,2026-08-21 04:41:31,Y,Y,N,0,8060,2027-01-07
22797,um02797@example.com,010-0000-2797,1968-02-16,BASIC,울산,2022-09-09 14:22:35,2026-08-31 08:23:51,N,N,N,0,4020,2027-08-20
22798,um02798@example.com,010-0000-2798,2000-06-23,BASIC,충남,2025-09-22 10:57:54,2026-08-08 14:08:39,N,Y,N,0,4830,2026-11-05
22799,um02799@example.com,010-0000-2799,1980-04-03,GOLD,서울,2025-08-29 21:41:20,2026-09-01 18:36:03,Y,N,N,0,6990,2027-05-12
22800,um02800@example.com,010-0000-2800,1977-05-11,GOLD,경기,2026-07-03 19:47:23,2026-09-03 04:11:30,N,N,N,0,13110,2027-03-24
22801,um02801@example.com,010-0000-2801,1993-02-28,BASIC,경기,2023-03-26 21:12:19,2025-11-08 20:00:13,N,N,N,0,1490,2026-12-15
22802,um02802@example.com,010-0000-2802,1988-06-23,BASIC,인천,2026-09-03 14:27:40,2026-09-03 14:28:17,N,N,N,0,0,
22803,um02803@example.net,010-0000-2803,2005-09-09,BASIC,서울,2025-08-13 17:25:11,2026-08-16 09:50:43,Y,N,N,0,1140,2026-08-17
22804,um02804@example.org,010-0000-2804,1992-11-20,BASIC,전남,2024-09-11 18:14:54,2026-05-01 12:14:19,Y,Y,N,0,1593,2027-04-16
22805,um02805@example.com,010-0000-2805,2006-02-14,GOLD,서울,2023-03-23 16:06:46,2026-07-20 12:11:41,Y,Y,N,0,16670,2027-03-28
22806,um02806@example.org,010-0000-2806,2001-02-02,GOLD,경기,2022-10-15 16:32:49,2026-07-17 23:10:05,N,N,N,0,11570,2026-09-09
22807,um02807@example.com,010-0000-2807,2003-01-14,BASIC,서울,2023-09-05 11:14:46,2025-12-09 06:25:27,N,Y,Y,704000,980,2027-04-06
22808,um02808@example.com,010-0000-2808,1989-06-12,GOLD,경기,2024-12-23 22:55:50,2026-08-25 16:56:28,N,N,N,0,6120,2026-11-17
22809,um02809@example.com,010-0000-2809,1997-02-21,BASIC,충남,2025-01-24 10:31:44,2026-09-02 18:10:00,N,Y,Y,117000,5020,2027-09-27
22810,um02810@example.com,010-0000-2810,1991-12-10,VIP,대구,2023-10-08 00:40:27,2026-08-23 23:54:11,Y,N,N,0,27160,2027-03-12
22811,um02811@example.net,010-0000-2811,1981-12-11,BASIC,광주,2025-03-13 15:31:16,2026-08-28 03:40:56,N,N,N,0,5482,2027-05-18
22812,um02812@example.net,010-0000-2812,1976-10-22,BASIC,경기,2025-05-28 13:59:54,2025-07-19 22:41:36,Y,N,N,0,0,
22813,um02813@example.com,010-0000-2813,1997-03-15,VIP,울산,2024-06-29 10:19:48,2026-09-02 11:48:57,N,Y,N,0,22170,2026-10-22
22814,um02814@example.com,010-0000-2814,1993-09-18,GOLD,전북,2022-12-11 19:32:13,2026-03-06 11:40:52,Y,Y,N,0,13830,2027-04-19
22815,um02815@example.org,010-0000-2815,1974-12-11,BASIC,경기,2023-02-03 19:44:21,2025-05-11 10:24:24,N,N,N,0,5339,2027-06-14
22816,um02816@example.net,010-0000-2816,1968-12-06,BASIC,경기,2024-09-28 18:52:33,2026-05-13 08:52:32,N,Y,Y,177000,1066,2027-05-11
22817,um02817@example.org,010-0000-2817,2000-10-20,BASIC,서울,2024-08-13 17:06:50,2026-08-31 07:10:43,N,N,N,0,2400,2026-10-22
22818,um02818@example.com,010-0000-2818,1975-08-27,VIP,세종,2025-05-24 19:06:47,2026-08-25 02:35:08,N,Y,Y,156000,50790,2027-08-05
22819,um02819@example.com,010-0000-2819,2000-07-03,BASIC,경남,2024-07-28 18:38:38,2024-12-01 20:43:52,Y,Y,N,0,0,
22820,um02820@example.org,010-0000-2820,2000-11-28,BASIC,경남,2025-11-21 12:25:28,2026-08-15 23:14:33,N,Y,Y,62000,5910,2026-10-31
22821,um02821@example.com,010-0000-2821,1972-01-18,BASIC,경기,2026-02-04 18:18:23,2026-09-01 21:17:41,Y,Y,N,0,1920,2027-03-14
22822,um02822@example.net,010-0000-2822,1968-12-28,GOLD,경기,2025-11-01 15:54:10,2026-08-18 07:05:22,Y,Y,N,0,10360,2026-09-14
22823,um02823@example.org,010-0000-2823,1996-08-04,GOLD,서울,2026-01-28 18:22:10,2026-09-04 13:23:51,N,Y,N,0,14860,2027-09-07
22824,um02824@example.com,010-0000-2824,2006-06-24,BASIC,경남,2025-03-26 21:07:57,2026-02-08 17:11:13,Y,N,N,0,3680,2026-10-09
22825,um02825@example.net,010-0000-2825,1984-04-01,BASIC,경기,2024-07-30 12:23:04,2026-08-14 21:33:07,Y,Y,Y,129000,4571,2027-06-30
22826,um02826@example.net,010-0000-2826,1986-06-21,GOLD,경기,2025-06-06 23:09:18,2026-09-02 20:17:30,N,N,N,0,10120,2027-05-21
22827,um02827@example.net,010-0000-2827,1984-02-21,BASIC,대전,2026-03-09 11:48:51,2026-08-30 10:24:57,N,N,N,0,4340,2027-10-03
22828,um02828@example.com,010-0000-2828,1993-07-22,BASIC,대전,2026-01-02 16:16:22,2026-08-24 12:14:54,Y,N,N,0,470,2027-05-17
22829,um02829@example.org,010-0000-2829,1971-08-17,BASIC,경기,2023-07-01 20:05:08,2026-09-01 04:28:59,N,N,N,0,330,2027-02-21
22830,um02830@example.com,010-0000-2830,2000-09-07,VIP,경기,2024-05-14 11:02:24,2026-08-21 23:21:58,Y,Y,N,0,54540,2026-11-23
22831,um02831@example.com,010-0000-2831,1998-04-15,BASIC,부산,2025-12-30 18:33:49,2026-09-02 18:46:01,N,Y,Y,38000,2000,2026-12-06
22832,um02832@example.net,010-0000-2832,1969-12-16,BASIC,서울,2024-12-03 11:10:37,2025-06-08 12:57:59,N,Y,N,0,2172,2027-01-30
22833,um02833@example.com,010-0000-2833,1987-03-22,BASIC,경기,2025-07-28 17:32:47,2026-09-01 20:04:49,Y,Y,Y,131000,4683,2026-09-26
22834,um02834@example.org,010-0000-2834,1984-09-10,BASIC,경북,2026-07-04 15:47:22,2026-07-08 07:36:03,Y,Y,N,0,4010,2027-08-11
22835,um02835@example.org,010-0000-2835,1969-03-01,BASIC,경북,2025-11-04 21:19:57,2026-06-21 09:59:29,Y,N,N,0,5340,2026-12-21
22836,um02836@example.net,010-0000-2836,1988-01-19,BASIC,충남,2024-12-09 12:19:33,2024-12-16 22:34:45,N,Y,N,0,0,
22837,um02837@example.net,010-0000-2837,2006-08-07,BASIC,제주,2025-05-18 15:30:39,2026-07-26 01:54:50,Y,Y,N,0,3370,2027-04-13
22838,um02838@example.com,010-0000-2838,2003-01-07,BASIC,광주,2025-02-11 20:56:21,2026-08-14 17:16:23,Y,N,N,0,1080,2027-10-02
22839,um02839@example.org,010-0000-2839,1980-04-19,BASIC,광주,2025-04-25 18:58:17,2026-08-30 06:33:45,N,N,N,0,2710,2027-04-18
22840,um02840@example.com,010-0000-2840,1995-03-21,BASIC,경북,2025-04-30 23:34:23,2026-07-03 18:46:29,Y,N,N,0,927,2026-12-19
22841,um02841@example.net,010-0000-2841,1973-06-25,GOLD,경기,2026-06-23 12:30:17,2026-06-26 02:25:02,N,N,N,0,11520,2026-11-23
22842,um02842@example.com,010-0000-2842,1975-09-06,GOLD,충남,2025-11-25 21:28:02,2026-08-25 17:52:19,Y,N,Y,26000,13560,2027-03-27
22843,um02843@example.com,010-0000-2843,1983-07-02,BASIC,대구,2026-03-13 14:46:26,2026-08-27 17:25:45,Y,N,N,0,2080,2027-01-20
22844,um02844@example.net,010-0000-2844,1997-04-11,BASIC,서울,2024-07-08 20:20:10,2026-09-03 17:33:00,N,Y,N,0,3970,2027-02-28
22845,um02845@example.com,010-0000-2845,1975-11-05,BASIC,강원,2026-04-24 12:05:30,2026-09-02 21:31:37,Y,N,N,0,2100,2027-04-21
22846,um02846@example.net,010-0000-2846,1969-03-09,BASIC,전북,2024-02-11 19:02:10,2025-02-03 17:49:18,Y,Y,Y,88000,800,2027-03-25
22847,um02847@example.com,010-0000-2847,1974-12-04,BASIC,충남,2026-01-02 22:35:04,2026-08-25 18:18:54,Y,Y,N,0,2920,2027-05-31
22848,um02848@example.com,010-0000-2848,1991-11-24,BASIC,경기,2023-04-20 21:48:14,2024-06-20 19:52:17,Y,Y,N,0,1310,2026-12-28
22849,um02849@example.com,010-0000-2849,2001-08-05,BASIC,부산,2025-07-21 13:58:52,2025-07-21 16:47:44,N,N,N,0,0,
22850,um02850@example.net,010-0000-2850,2004-02-06,GOLD,경기,2024-06-15 20:08:01,2026-07-04 23:01:37,Y,Y,N,0,9230,2026-09-20
22851,um02851@example.net,010-0000-2851,2001-06-10,VIP,경기,2023-04-20 22:00:16,2026-09-02 10:12:19,Y,Y,N,0,26700,2026-09-16
22852,um02852@example.com,010-0000-2852,1970-11-21,GOLD,경북,2026-04-06 15:06:36,2026-09-04 06:34:15,N,N,N,0,6160,2027-01-21
22853,um02853@example.org,010-0000-2853,1993-12-26,GOLD,서울,2024-12-07 19:13:09,2025-02-15 07:01:21,Y,Y,N,0,6360,2027-02-13
22854,um02854@example.com,010-0000-2854,1977-09-17,BASIC,경기,2026-04-29 21:19:44,2026-08-09 08:03:28,N,N,N,0,2710,2026-10-25
22855,um02855@example.net,010-0000-2855,2004-07-24,BASIC,서울,2023-06-05 11:36:04,2026-09-03 16:42:00,Y,N,N,0,5380,2027-07-28
22856,um02856@example.com,010-0000-2856,1971-01-17,GOLD,서울,2023-10-12 15:28:25,2026-09-02 09:29:48,Y,N,N,0,8409,2027-05-17
22857,um02857@example.org,010-0000-2857,1976-07-10,BASIC,대구,2025-06-09 13:26:44,2026-08-04 13:24:51,Y,Y,N,0,5860,2027-03-04
22858,um02858@example.net,010-0000-2858,1996-11-02,GOLD,경기,2024-12-01 12:20:48,2026-09-03 10:48:10,Y,N,N,0,12596,2027-09-03
22859,um02859@example.org,010-0000-2859,1991-06-21,BASIC,서울,2025-04-05 10:05:49,2025-07-23 05:53:55,Y,N,N,0,1520,2027-02-28
22860,um02860@example.com,010-0000-2860,2003-03-20,GOLD,인천,2024-02-02 19:27:24,2026-09-02 02:47:15,N,N,N,0,7610,2027-01-31
22861,um02861@example.net,010-0000-2861,1981-08-25,BASIC,서울,2023-11-30 00:59:04,2025-05-12 19:40:29,N,N,N,0,811,2027-09-22
22862,um02862@example.org,010-0000-2862,1980-03-21,BASIC,서울,2022-05-01 09:19:34,2024-06-24 08:10:01,Y,Y,N,0,5376,2026-10-08
22863,um02863@example.org,010-0000-2863,2000-03-04,BASIC,서울,2024-10-25 12:30:40,2024-11-03 19:44:43,Y,N,N,0,680,2027-09-17
22864,um02864@example.com,010-0000-2864,1970-10-21,BASIC,서울,2025-09-26 15:06:19,2025-09-26 22:52:32,Y,N,N,0,770,2027-01-12
22865,um02865@example.net,010-0000-2865,1977-08-02,BASIC,강원,2024-06-12 19:08:05,2026-03-29 14:53:58,Y,N,Y,219000,2990,2027-06-07
22866,um02866@example.com,010-0000-2866,1996-12-28,BASIC,서울,2023-05-21 23:02:32,2026-09-03 08:02:09,Y,N,N,0,1520,2026-09-02
22867,um02867@example.com,010-0000-2867,1990-01-15,GOLD,전남,2023-09-14 20:25:58,2026-08-17 18:53:13,Y,N,Y,34000,6790,2027-03-14
22868,um02868@example.com,010-0000-2868,1968-03-12,VIP,전북,2025-05-08 21:11:21,2026-08-29 08:16:25,N,Y,N,0,22860,2027-07-17
22869,um02869@example.org,010-0000-2869,1993-04-11,BASIC,경기,2025-11-01 15:16:39,2025-11-05 14:08:26,Y,Y,N,0,1270,2027-01-26
22870,um02870@example.com,010-0000-2870,1976-08-02,BASIC,전북,2025-07-27 17:01:56,2026-06-24 18:15:52,N,N,N,0,4584,2027-03-04
22871,um02871@example.net,010-0000-2871,2007-01-20,BASIC,경기,2025-01-23 16:04:43,2025-03-24 14:45:32,Y,Y,N,0,1680,2027-03-05
22872,um02872@example.com,010-0000-2872,2002-07-07,VIP,전북,2024-06-10 18:18:34,2026-08-14 16:55:19,Y,N,N,0,20300,2027-04-25
22873,um02873@example.net,010-0000-2873,1971-08-23,GOLD,서울,2026-05-12 18:04:01,2026-08-29 22:31:22,Y,Y,N,0,10817,2026-10-11
22874,um02874@example.com,010-0000-2874,1972-07-26,BASIC,경기,2025-12-14 13:46:04,2025-12-17 09:55:07,Y,N,N,0,790,2027-10-01
22875,um02875@example.net,010-0000-2875,1988-07-10,GOLD,경남,2023-09-30 23:37:00,2026-07-27 12:44:24,N,Y,N,0,10923,2027-02-18
22876,um02876@example.net,010-0000-2876,2001-08-04,BASIC,경기,2025-10-17 20:09:24,2026-06-01 07:28:54,Y,Y,N,0,890,2027-02-17
22877,um02877@example.org,010-0000-2877,1972-09-17,GOLD,서울,2022-10-09 21:42:15,2026-05-16 09:46:01,Y,Y,N,0,14100,2027-02-24
22878,um02878@example.com,010-0000-2878,2002-01-17,BASIC,경기,2026-08-08 22:57:48,2026-09-04 02:37:30,N,Y,N,0,1010,2027-06-21
22879,um02879@example.net,010-0000-2879,1977-04-19,BASIC,대구,2024-03-09 15:17:28,2026-02-10 07:43:18,N,N,Y,230000,2600,2027-01-11
22880,um02880@example.com,010-0000-2880,1980-10-05,GOLD,충남,2025-09-13 21:39:00,2026-09-02 00:51:12,Y,N,N,0,6060,2027-04-03
22881,um02881@example.com,010-0000-2881,1980-11-26,BASIC,제주,2026-07-08 14:01:39,2026-09-03 14:00:23,N,Y,N,0,490,2027-06-06
22882,um02882@example.net,010-0000-2882,1972-02-10,BASIC,서울,2022-06-02 22:34:58,2024-06-14 20:37:03,Y,N,N,0,6362,2027-02-01
22883,um02883@example.com,010-0000-2883,2005-04-07,BASIC,경기,2026-01-16 14:35:42,2026-08-14 16:51:40,Y,N,N,0,6080,2027-05-24
22884,um02884@example.com,010-0000-2884,1974-12-07,BASIC,부산,2024-09-11 21:12:45,2026-08-24 16:49:50,N,N,N,0,3830,2026-12-16
22885,um02885@example.com,010-0000-2885,1993-04-18,GOLD,경기,2026-05-30 22:41:12,2026-08-25 09:52:25,N,N,N,0,10840,2026-09-18
22886,um02886@example.org,010-0000-2886,1973-09-27,BASIC,강원,2025-11-04 20:10:50,2026-05-30 16:51:37,Y,Y,Y,225000,1070,2027-01-08
22887,um02887@example.com,010-0000-2887,1977-11-16,GOLD,충남,2026-01-24 22:27:41,2026-09-02 14:53:30,Y,N,N,0,14630,2027-01-11
22888,um02888@example.net,010-0000-2888,2000-06-21,GOLD,부산,2023-04-04 08:46:39,2026-01-27 09:37:02,Y,N,N,0,13040,2027-02-22
22889,um02889@example.net,010-0000-2889,1991-02-21,BASIC,경남,2025-11-08 21:30:01,2026-08-31 05:51:05,Y,Y,N,0,1240,2027-01-20
22890,um02890@example.com,010-0000-2890,2003-04-16,VIP,울산,2026-07-30 13:00:30,2026-09-04 11:50:19,Y,N,N,0,31440,2027-10-01
22891,um02891@example.net,010-0000-2891,1968-07-20,BASIC,서울,2024-04-12 20:30:15,2026-06-19 12:37:23,Y,Y,N,0,3490,2027-02-02
22892,um02892@example.com,010-0000-2892,1986-04-07,BASIC,세종,2023-08-13 23:12:46,2026-05-20 17:41:02,N,N,Y,70000,1870,2027-07-24
22893,um02893@example.com,010-0000-2893,1981-07-12,BASIC,경기,2025-05-12 16:24:45,2026-08-20 18:11:00,N,Y,N,0,5420,2026-09-10
22894,um02894@example.com,010-0000-2894,1970-03-11,BASIC,충남,2025-12-21 20:14:23,2026-08-30 22:24:13,Y,N,N,0,3540,2027-04-12
22895,um02895@example.net,010-0000-2895,1981-11-06,BASIC,서울,2023-07-17 15:07:32,2026-07-21 13:36:31,N,N,Y,294000,6044,2026-08-16
22896,um02896@example.com,010-0000-2896,1978-05-08,BASIC,서울,2026-03-25 14:17:43,2026-03-26 19:29:41,Y,N,N,0,1870,2026-09-27
22897,um02897@example.org,010-0000-2897,2006-07-12,BASIC,대전,2026-08-14 20:49:05,2026-09-03 22:58:11,Y,N,N,0,9792,2027-06-13
22898,um02898@example.net,010-0000-2898,1993-01-09,BASIC,제주,2026-07-16 15:08:38,2026-09-03 08:31:14,N,Y,N,0,8958,2027-06-06
22899,um02899@example.net,010-0000-2899,2001-06-15,BASIC,서울,2022-12-21 10:46:21,2026-07-20 20:45:41,N,N,N,0,4190,2026-12-02
22900,um02900@example.com,010-0000-2900,1991-05-25,BASIC,경기,2024-10-19 22:03:02,2026-09-03 02:19:58,Y,Y,N,0,5350,2027-03-12
22901,um02901@example.com,010-0000-2901,1991-09-25,BASIC,광주,2026-03-15 20:46:07,2026-07-25 17:13:28,N,Y,N,0,2130,2027-01-31
22902,um02902@example.com,010-0000-2902,1992-02-21,BASIC,경기,2024-09-21 18:14:33,2026-01-11 13:33:48,N,Y,N,0,0,
22903,um02903@example.net,010-0000-2903,1996-03-26,BASIC,경기,2025-03-05 12:06:40,2026-06-28 11:31:56,N,Y,N,0,2812,2026-11-16
22904,um02904@example.com,010-0000-2904,1970-11-10,GOLD,경북,2026-06-22 20:51:39,2026-09-01 20:16:25,Y,N,N,0,9280,2026-09-27
22905,um02905@example.net,010-0000-2905,1995-09-01,BASIC,충남,2023-08-04 20:04:48,2026-07-03 16:01:49,N,Y,N,0,4640,2027-04-25
22906,um02906@example.net,010-0000-2906,1991-03-03,BASIC,경기,2025-09-13 21:33:03,2026-09-02 13:44:52,Y,N,N,0,3776,2026-12-15
22907,um02907@example.com,010-0000-2907,1971-06-27,BASIC,충북,2025-06-29 12:07:05,2026-08-08 00:31:15,N,N,N,0,1030,2027-03-04
22908,um02908@example.net,010-0000-2908,2007-11-26,BASIC,경남,2024-07-03 19:38:20,2025-12-29 22:33:14,N,N,N,0,860,2027-04-05
22909,um02909@example.net,010-0000-2909,1970-05-22,BASIC,경남,2023-08-12 10:30:27,2025-08-23 18:19:29,Y,N,N,0,1476,2026-09-21
22910,um02910@example.org,010-0000-2910,1997-06-18,GOLD,경남,2023-11-19 14:44:05,2026-09-01 13:59:58,Y,N,N,0,7240,2027-04-29
22911,um02911@example.com,010-0000-2911,1976-10-10,BASIC,경기,2023-05-30 17:27:11,2026-08-16 13:50:59,N,Y,N,0,6294,2027-04-02
22912,um02912@example.net,010-0000-2912,1975-03-15,BASIC,전북,2024-01-29 17:06:06,2026-07-21 15:48:39,N,Y,N,0,1270,2026-11-16
22913,um02913@example.com,010-0000-2913,1979-09-15,BASIC,경기,2023-08-23 12:03:05,2026-01-05 16:44:30,Y,Y,N,0,5410,2027-03-23
22914,um02914@example.org,010-0000-2914,1968-03-02,GOLD,서울,2023-04-16 19:20:06,2026-07-13 18:36:04,Y,Y,N,0,9300,2027-01-10
22915,um02915@example.com,010-0000-2915,1984-06-16,BASIC,인천,2024-11-06 20:29:03,2026-07-12 13:30:43,N,N,Y,14000,1760,2027-05-10
22916,um02916@example.net,010-0000-2916,1990-01-11,BASIC,경기,2026-07-28 00:53:40,2026-09-03 05:29:16,Y,N,N,0,2503,2027-06-05
22917,um02917@example.net,010-0000-2917,1996-09-21,GOLD,경북,2025-03-20 19:03:55,2026-08-06 20:20:24,Y,N,N,0,11450,2027-01-17
22918,um02918@example.org,010-0000-2918,1985-04-06,BASIC,경기,2023-06-26 19:53:28,2026-08-06 14:50:50,N,N,Y,136000,5890,2027-03-09
22919,um02919@example.com,010-0000-2919,1990-07-16,VIP,서울,2024-06-24 14:33:38,2026-09-03 16:38:06,N,Y,N,0,23240,2027-04-19
22920,um02920@example.net,010-0000-2920,1968-02-18,BASIC,제주,2025-01-04 21:44:53,2025-01-13 19:19:26,N,N,N,0,3590,2027-04-09
22921,um02921@example.com,010-0000-2921,1993-02-20,BASIC,경기,2025-05-01 17:23:46,2026-09-02 17:59:34,Y,N,N,0,2470,2026-12-23
22922,um02922@example.com,010-0000-2922,1974-06-25,GOLD,인천,2025-07-30 19:08:53,2026-08-31 15:22:32,Y,Y,N,0,9530,2026-09-14
22923,um02923@example.com,010-0000-2923,1970-08-12,BASIC,대구,2023-07-06 21:07:16,2025-07-22 15:46:28,N,N,N,0,3498,2027-03-27
22924,um02924@example.net,010-0000-2924,2000-09-08,BASIC,대구,2023-10-18 11:43:12,2026-07-22 03:04:39,N,Y,N,0,4022,2026-12-20
22925,um02925@example.com,010-0000-2925,1994-01-08,GOLD,경기,2025-02-22 11:40:33,2026-09-01 14:25:53,Y,N,N,0,15410,2027-03-31
22926,um02926@example.net,010-0000-2926,1999-11-09,BASIC,강원,2024-12-07 21:16:52,2026-06-12 21:46:43,N,N,Y,80000,5860,2027-05-16
22927,um02927@example.com,010-0000-2927,1975-02-01,BASIC,경기,2025-03-25 14:00:01,2026-08-07 20:39:49,Y,N,N,0,1680,2027-09-24
22928,um02928@example.org,010-0000-2928,1990-03-17,GOLD,서울,2023-05-24 08:26:03,2026-07-02 15:41:40,Y,Y,N,0,6820,2026-08-17
22929,um02929@example.net,010-0000-2929,1997-01-11,GOLD,전남,2024-12-06 19:26:39,2026-08-31 10:55:01,Y,N,N,0,17920,2027-09-29
22930,um02930@example.com,010-0000-2930,1981-08-01,BASIC,세종,2026-05-14 23:04:10,2026-09-01 18:09:04,Y,Y,N,0,8911,2027-07-13
22931,um02931@example.com,010-0000-2931,1973-12-24,BASIC,제주,2025-01-04 23:30:12,2025-05-09 11:58:29,N,N,N,0,290,2027-03-29
22932,um02932@example.com,010-0000-2932,1994-07-26,BASIC,경기,2025-09-12 10:06:21,2026-08-18 07:08:45,N,N,N,0,1680,2027-02-11
22933,um02933@example.org,010-0000-2933,1983-07-24,GOLD,경기,2024-02-12 18:20:24,2026-09-01 12:28:37,Y,Y,N,0,9900,2027-05-25
22934,um02934@example.com,010-0000-2934,1998-10-11,BASIC,대구,2025-10-25 20:03:12,2025-10-29 12:07:54,N,Y,N,0,1680,2026-11-27
22935,um02935@example.org,010-0000-2935,1980-07-16,BASIC,경남,2023-11-03 15:39:47,2026-04-11 20:39:31,N,N,N,0,4930,2027-07-22
22936,um02936@example.org,010-0000-2936,1978-10-12,BASIC,경남,2025-06-03 19:54:52,2025-12-04 20:32:12,Y,N,N,0,0,
22937,um02937@example.com,010-0000-2937,2006-09-03,BASIC,경기,2025-03-17 15:19:30,2026-08-29 08:10:33,Y,Y,N,0,6710,2026-09-24
22938,um02938@example.com,010-0000-2938,2000-06-13,VIP,강원,2026-05-29 20:46:27,2026-09-04 03:50:00,N,Y,N,0,31170,2027-01-13
22939,um02939@example.com,010-0000-2939,1986-07-19,BASIC,경기,2023-08-13 23:23:48,2025-02-02 22:24:19,Y,N,N,0,3638,2026-12-16
22940,um02940@example.net,010-0000-2940,1993-12-19,BASIC,경기,2026-06-14 11:00:42,2026-08-30 07:32:08,Y,N,N,0,3950,2027-06-20
22941,um02941@example.com,010-0000-2941,1994-06-22,BASIC,경남,2025-02-24 13:49:28,2026-04-07 09:52:04,Y,N,Y,245000,3212,2027-02-18
22942,um02942@example.com,010-0000-2942,1984-09-16,VIP,서울,2026-03-15 19:53:01,2026-08-28 20:59:44,N,Y,N,0,27470,2026-12-29
22943,um02943@example.org,010-0000-2943,2004-05-11,BASIC,세종,2026-05-26 20:40:50,2026-08-30 13:44:24,Y,Y,N,0,3210,2027-01-09
22944,um02944@example.com,010-0000-2944,1973-08-11,BASIC,서울,2022-02-22 00:52:45,2025-10-19 08:53:33,Y,Y,Y,32000,1530,2026-09-15
22945,um02945@example.com,010-0000-2945,2003-03-12,BASIC,경기,2022-10-22 20:56:01,2022-11-11 12:49:21,Y,Y,N,0,2766,2027-04-03
22946,um02946@example.net,010-0000-2946,2002-03-26,BASIC,인천,2026-08-25 10:25:55,2026-09-03 23:48:56,Y,N,N,0,2830,2027-01-24
22947,um02947@example.org,010-0000-2947,1994-04-03,BASIC,대구,2023-01-20 23:48:26,2024-05-12 13:40:40,N,Y,N,0,2640,2027-03-22
22948,um02948@example.com,010-0000-2948,1996-01-02,BASIC,서울,2024-06-09 19:23:04,2026-04-22 21:02:43,Y,N,N,0,6721,2027-07-27
22949,um02949@example.net,010-0000-2949,1983-10-08,GOLD,대구,2025-05-15 21:38:39,2026-07-30 04:47:27,N,Y,N,0,8420,2026-08-21
22950,um02950@example.com,010-0000-2950,2002-08-15,BASIC,인천,2023-01-24 19:55:37,2024-08-30 16:16:57,Y,Y,N,0,960,2026-09-11
22951,um02951@example.net,010-0000-2951,1995-04-05,GOLD,인천,2024-05-15 21:28:33,2026-08-09 12:53:42,Y,N,N,0,16190,2026-11-11
22952,um02952@example.com,010-0000-2952,1996-07-22,GOLD,경기,2024-12-01 21:04:23,2026-09-02 15:43:31,Y,Y,N,0,15605,2027-09-01
22953,um02953@example.net,010-0000-2953,1984-09-22,BASIC,경기,2026-05-15 09:57:53,2026-07-27 13:47:09,Y,N,Y,446000,0,
22954,um02954@example.org,010-0000-2954,2001-01-19,BASIC,충북,2026-03-01 14:41:27,2026-08-31 11:25:08,N,Y,N,0,3350,2027-07-15
22955,um02955@example.net,010-0000-2955,1970-02-18,GOLD,전남,2023-08-15 16:02:57,2026-08-30 03:30:29,Y,Y,N,0,17400,2027-06-29
22956,um02956@example.net,010-0000-2956,1983-06-20,BASIC,인천,2022-03-01 20:14:27,2024-07-02 23:06:12,N,N,N,0,3394,2027-02-23
22957,um02957@example.com,010-0000-2957,2003-11-12,BASIC,대전,2024-06-21 15:07:51,2026-03-31 07:47:08,Y,Y,N,0,2390,2026-11-01
22958,um02958@example.com,010-0000-2958,1972-07-21,BASIC,부산,2026-08-27 13:53:00,2026-09-03 19:50:07,N,Y,N,0,5120,2027-10-09
22959,um02959@example.org,010-0000-2959,1975-12-24,BASIC,강원,2023-03-23 19:42:44,2024-09-22 08:43:52,Y,Y,N,0,0,
22960,um02960@example.com,010-0000-2960,2006-11-02,BASIC,대구,2025-10-06 19:14:35,2026-08-26 12:35:37,Y,N,N,0,2600,2027-04-04
22961,um02961@example.com,010-0000-2961,1994-03-12,GOLD,경기,2025-01-21 21:47:40,2026-08-28 09:15:26,Y,N,N,0,6150,2027-06-25
22962,um02962@example.com,010-0000-2962,1970-06-20,BASIC,경기,2024-08-07 23:46:38,2024-10-28 21:21:59,Y,Y,N,0,0,
22963,um02963@example.org,010-0000-2963,2003-10-07,GOLD,인천,2024-10-14 11:39:39,2026-06-08 13:16:03,Y,Y,N,0,6700,2026-09-14
22964,um02964@example.net,010-0000-2964,1997-09-14,BASIC,서울,2022-04-02 23:35:03,2023-05-31 12:41:57,Y,N,N,0,2240,2026-12-17
22965,um02965@example.net,010-0000-2965,1993-05-07,BASIC,광주,2024-02-19 23:17:55,2026-08-25 12:38:53,Y,N,N,0,5460,2026-11-20
22966,um02966@example.org,010-0000-2966,1981-11-05,BASIC,경기,2025-03-04 20:56:52,2026-08-27 15:43:12,Y,N,N,0,5800,2027-06-29
22967,um02967@example.net,010-0000-2967,1994-12-26,GOLD,경기,2023-03-11 13:19:39,2026-08-30 15:13:00,Y,Y,N,0,11300,2027-09-04
22968,um02968@example.com,010-0000-2968,1984-08-26,GOLD,광주,2024-11-23 12:11:27,2026-09-02 18:57:00,Y,N,N,0,8610,2027-09-09
22969,um02969@example.com,010-0000-2969,1968-11-15,BASIC,전남,2026-01-28 14:39:59,2026-01-31 15:51:33,Y,Y,N,0,560,2027-01-03
22970,um02970@example.org,010-0000-2970,2006-02-18,BASIC,부산,2026-06-01 11:23:48,2026-08-17 08:27:30,N,Y,N,0,3300,2026-11-30
22971,um02971@example.org,010-0000-2971,2006-04-09,BASIC,대구,2026-05-17 12:29:15,2026-08-27 19:30:34,N,N,N,0,2520,2027-04-27
22972,um02972@example.com,010-0000-2972,1978-12-08,BASIC,서울,2023-08-15 22:28:16,2026-09-01 14:56:46,Y,N,N,0,1770,2026-09-07
22973,um02973@example.net,010-0000-2973,1985-08-17,BASIC,경기,2024-09-22 18:58:38,2024-09-25 00:54:44,N,N,N,0,2804,2026-10-02
22974,um02974@example.com,010-0000-2974,1992-02-14,GOLD,경기,2026-02-18 19:49:36,2026-09-02 12:09:31,N,Y,Y,112000,6180,2027-07-26
22975,um02975@example.org,010-0000-2975,1973-11-03,BASIC,경기,2023-09-03 15:31:02,2026-07-30 16:50:10,N,N,N,0,3530,2027-03-31
22976,um02976@example.net,010-0000-2976,1975-08-03,GOLD,경기,2023-08-30 15:39:13,2026-06-13 14:02:16,N,N,N,0,13610,2027-02-03
22977,um02977@example.net,010-0000-2977,1974-05-06,BASIC,서울,2024-11-23 16:29:20,2026-01-26 09:00:14,N,Y,N,0,0,
22978,um02978@example.org,010-0000-2978,2000-11-18,BASIC,서울,2023-06-28 20:45:55,2025-05-29 08:34:03,Y,N,Y,18000,0,
22979,um02979@example.com,010-0000-2979,2007-03-16,VIP,경남,2026-02-20 10:35:59,2026-09-02 14:20:24,Y,Y,N,0,21537,2027-02-22
22980,um02980@example.org,010-0000-2980,1969-01-06,BASIC,부산,2023-03-12 08:54:44,2025-08-25 09:28:42,Y,Y,N,0,1130,2027-09-14
22981,um02981@example.net,010-0000-2981,1980-04-08,BASIC,강원,2024-08-01 21:47:46,2025-02-13 04:02:23,Y,Y,N,0,4440,2027-07-05
22982,um02982@example.org,010-0000-2982,1969-12-01,BASIC,충북,2025-01-21 15:46:18,2026-08-30 10:38:27,Y,N,N,0,2910,2027-08-26
22983,um02983@example.com,010-0000-2983,1986-01-17,BASIC,광주,2024-03-15 20:47:02,2024-04-09 22:18:37,N,N,N,0,482,2027-09-29
22984,um02984@example.com,010-0000-2984,2000-04-13,BASIC,서울,2023-12-01 00:28:22,2026-06-15 14:48:26,N,N,N,0,2980,2027-07-03
22985,um02985@example.com,010-0000-2985,1968-12-13,BASIC,경기,2025-05-02 12:01:12,2025-05-04 11:05:17,Y,N,N,0,3859,2027-04-18
22986,um02986@example.net,010-0000-2986,1969-11-17,GOLD,인천,2026-08-14 22:37:41,2026-09-03 12:51:01,N,Y,N,0,13569,2026-11-11
22987,um02987@example.com,010-0000-2987,1982-05-04,GOLD,제주,2024-09-25 18:20:28,2026-07-03 11:00:04,Y,N,N,0,6640,2026-09-29
22988,um02988@example.com,010-0000-2988,1995-07-13,BASIC,부산,2024-06-08 11:57:15,2026-08-05 18:47:17,N,Y,N,0,5581,2026-10-09
22989,um02989@example.com,010-0000-2989,1992-06-26,BASIC,대구,2024-07-25 12:05:00,2026-08-30 14:21:01,N,Y,N,0,4794,2027-03-17
22990,um02990@example.net,010-0000-2990,2001-05-21,BASIC,세종,2024-09-04 21:31:47,2024-11-22 22:02:31,N,N,N,0,1668,2026-12-05
22991,um02991@example.org,010-0000-2991,1974-02-28,BASIC,부산,2024-11-20 18:50:18,2025-06-28 18:19:40,N,N,N,0,0,
22992,um02992@example.net,010-0000-2992,1982-10-03,BASIC,대구,2025-11-10 09:26:33,2026-08-02 10:52:53,Y,Y,N,0,2370,2027-03-06
22993,um02993@example.com,010-0000-2993,2000-03-02,VIP,전북,2026-05-16 12:45:00,2026-09-01 00:50:45,Y,Y,Y,247000,26596,2027-02-04
22994,um02994@example.com,010-0000-2994,1969-04-03,BASIC,대전,2026-01-07 20:14:32,2026-09-01 09:44:48,Y,N,N,0,1790,2027-06-25
22995,um02995@example.com,010-0000-2995,1981-06-14,GOLD,강원,2026-07-02 20:21:49,2026-08-31 20:31:07,Y,Y,N,0,7630,2027-03-17
22996,um02996@example.com,010-0000-2996,1977-10-12,GOLD,서울,2023-07-04 22:42:51,2026-08-24 11:01:25,Y,N,N,0,8120,2026-10-23
22997,um02997@example.com,010-0000-2997,2004-10-03,BASIC,서울,2023-08-03 13:58:59,2025-11-17 11:08:56,Y,Y,N,0,4170,2026-12-18
22998,um02998@example.com,010-0000-2998,1971-07-06,BASIC,충남,2025-11-17 15:21:33,2026-09-02 16:25:57,Y,N,N,0,6182,2026-09-01
22999,um02999@example.org,010-0000-2999,1991-05-07,BASIC,인천,2025-12-27 15:41:54,2026-07-14 10:07:49,N,Y,N,0,6821,2027-06-10
23000,um03000@example.net,010-0000-3000,1987-01-05,GOLD,경북,2025-09-17 18:24:39,2026-09-02 00:46:23,N,Y,N,0,13300,2026-10-10
