ORDER_ID,MBR_ID,ORDER_DTM,PAY_AMT,ORDER_STATUS
U251224-00001,20001,2025-12-24 22:46:16,51800,COMPLETE
U260105-00002,20001,2026-01-05 21:12:05,149700,COMPLETE
U260801-00003,20001,2026-08-01 18:13:51,229000,COMPLETE
U260414-00004,20001,2026-04-14 08:59:22,119800,COMPLETE
U260215-00005,20001,2026-02-15 20:45:00,835000,COMPLETE
U250810-00006,20001,2025-08-10 10:46:55,736000,COMPLETE
U260519-00007,20001,2026-05-19 12:44:18,63900,COMPLETE
U250128-00008,20002,2025-01-28 23:01:32,147000,COMPLETE
U251215-00009,20003,2025-12-15 19:39:25,257600,COMPLETE
U260302-00010,20003,2026-03-02 10:01:39,442800,COMPLETE
U260327-00011,20004,2026-03-27 12:40:40,451200,COMPLETE
U260330-00012,20004,2026-03-30 14:43:08,583900,COMPLETE
U260327-00013,20004,2026-03-27 12:00:35,80800,CANCELED
U260517-00014,20005,2026-05-17 18:15:49,42800,COMPLETE
U230906-00015,20005,2023-09-06 15:45:22,77900,COMPLETE
U250903-00016,20005,2025-09-03 14:37:53,348700,CANCELED
U260111-00017,20006,2026-01-11 20:03:13,320900,COMPLETE
U260627-00018,20007,2026-06-27 10:00:15,179500,COMPLETE
U260620-00019,20007,2026-06-20 18:14:47,170300,COMPLETE
U260820-00020,20007,2026-08-20 22:08:22,50200,COMPLETE
U260901-00021,20007,2026-09-01 12:38:53,455100,COMPLETE
U260730-00022,20007,2026-07-30 17:14:29,61700,RETURNED
U260815-00023,20007,2026-08-15 11:38:16,276000,COMPLETE
U260813-00024,20008,2026-08-13 12:46:29,101300,COMPLETE
U260826-00025,20008,2026-08-26 14:42:59,190800,COMPLETE
U260901-00026,20008,2026-09-01 23:39:45,151900,CANCELED
U241231-00027,20009,2024-12-31 22:32:54,76900,COMPLETE
U250823-00028,20009,2025-08-23 18:48:31,328600,COMPLETE
U260814-00029,20009,2026-08-14 21:28:58,620400,COMPLETE
U250306-00030,20009,2025-03-06 19:59:13,161100,COMPLETE
U241022-00031,20009,2024-10-22 13:56:03,142300,COMPLETE
U250905-00032,20010,2025-09-05 19:08:45,167400,COMPLETE
U250504-00033,20011,2025-05-04 20:08:45,138600,COMPLETE
U251014-00034,20011,2025-10-14 21:22:24,57000,COMPLETE
U260316-00035,20011,2026-03-16 20:13:19,79300,COMPLETE
U250501-00036,20011,2025-05-01 22:35:58,85900,COMPLETE
U250904-00037,20012,2025-09-04 16:47:34,166300,COMPLETE
U250917-00038,20012,2025-09-17 00:06:47,167700,COMPLETE
U260512-00039,20012,2026-05-12 10:42:04,61700,COMPLETE
U250412-00040,20012,2025-04-12 22:22:03,318300,COMPLETE
U250316-00041,20012,2025-03-16 23:34:05,103100,RETURNED
U250614-00042,20012,2025-06-14 17:44:13,140700,COMPLETE
U250118-00043,20013,2025-01-18 20:32:55,372500,COMPLETE
U250826-00044,20015,2025-08-26 10:22:10,213800,COMPLETE
U240802-00045,20015,2024-08-02 20:45:40,195200,COMPLETE
U250206-00046,20015,2025-02-06 12:48:04,225100,COMPLETE
U241229-00047,20015,2024-12-29 18:27:56,618600,COMPLETE
U230501-00048,20017,2023-05-01 21:50:02,108100,COMPLETE
U260314-00049,20017,2026-03-14 22:49:28,93400,COMPLETE
U240814-00050,20017,2024-08-14 15:20:45,62800,COMPLETE
U250715-00051,20017,2025-07-15 17:43:19,1115600,COMPLETE
U260727-00052,20017,2026-07-27 13:32:28,229900,RETURNED
U260518-00053,20017,2026-05-18 18:48:20,40800,RETURNED
U260801-00054,20019,2026-08-01 21:39:31,294000,COMPLETE
U260123-00055,20020,2026-01-23 12:18:53,81500,COMPLETE
U251220-00056,20020,2025-12-20 20:35:33,27300,COMPLETE
U260902-00057,20022,2026-09-02 12:41:05,219800,RETURNED
U260903-00058,20022,2026-09-03 13:47:36,356000,COMPLETE
U260903-00059,20022,2026-09-03 11:22:15,92300,COMPLETE
U250623-00060,20023,2025-06-23 13:39:37,320600,COMPLETE
U260529-00061,20023,2026-05-29 14:43:35,86800,COMPLETE
U260611-00062,20023,2026-06-11 19:40:07,483900,COMPLETE
U260502-00063,20023,2026-05-02 10:54:38,30000,COMPLETE
U260127-00064,20023,2026-01-27 00:22:52,247700,COMPLETE
U260406-00065,20023,2026-04-06 18:14:43,55000,CANCELED
U250910-00066,20024,2025-09-10 22:25:39,75200,COMPLETE
U260606-00067,20025,2026-06-06 15:24:19,231500,COMPLETE
U260515-00068,20025,2026-05-15 18:26:01,155200,COMPLETE
U260526-00069,20025,2026-05-26 10:27:01,63100,COMPLETE
U260322-00070,20025,2026-03-22 11:44:13,126500,CANCELED
U260227-00071,20025,2026-02-27 19:04:29,185200,COMPLETE
U251209-00072,20025,2025-12-09 18:05:55,55500,CANCELED
U260708-00073,20025,2026-07-08 10:48:09,395000,COMPLETE
U260106-00074,20025,2026-01-06 21:27:39,30700,COMPLETE
U250604-00075,20026,2025-06-04 00:39:07,148400,COMPLETE
U260226-00076,20026,2026-02-26 22:56:30,371500,COMPLETE
U260722-00077,20026,2026-07-22 22:23:11,684900,COMPLETE
U260401-00078,20026,2026-04-01 14:08:23,103900,COMPLETE
U251223-00079,20026,2025-12-23 17:53:18,804900,COMPLETE
U260410-00080,20027,2026-04-10 09:27:40,230700,CANCELED
U260815-00081,20028,2026-08-15 13:04:01,140500,COMPLETE
U260713-00082,20028,2026-07-13 15:59:08,135900,COMPLETE
U260828-00083,20028,2026-08-28 21:44:11,89700,COMPLETE
U260803-00084,20028,2026-08-03 21:42:28,90900,COMPLETE
U260629-00085,20028,2026-06-29 20:29:32,312400,COMPLETE
U260704-00086,20028,2026-07-04 08:14:36,345000,COMPLETE
U260701-00087,20028,2026-07-01 10:42:24,380100,COMPLETE
U260717-00088,20028,2026-07-17 22:05:46,179400,COMPLETE
U260704-00089,20028,2026-07-04 00:51:52,297200,COMPLETE
U260813-00090,20028,2026-08-13 12:45:29,215100,COMPLETE
U260725-00091,20029,2026-07-25 21:49:06,366900,COMPLETE
U260417-00092,20030,2026-04-17 21:05:34,464800,COMPLETE
U251125-00093,20030,2025-11-25 23:51:05,585300,COMPLETE
U251129-00094,20030,2025-11-29 21:00:33,39800,COMPLETE
U260115-00095,20030,2026-01-15 17:37:36,142800,COMPLETE
U240806-00096,20031,2024-08-06 10:59:44,50700,COMPLETE
U240823-00097,20031,2024-08-23 15:58:49,275600,COMPLETE
U240821-00098,20031,2024-08-21 10:02:19,430300,RETURNED
U260729-00099,20032,2026-07-29 09:33:04,104900,COMPLETE
U260513-00100,20033,2026-05-13 22:54:26,188600,CANCELED
U260422-00101,20033,2026-04-22 21:54:48,175600,COMPLETE
U240616-00102,20034,2024-06-16 21:46:02,117600,COMPLETE
U250118-00103,20034,2025-01-18 21:05:14,609200,CANCELED
U250408-00104,20035,2025-04-08 17:46:54,411100,COMPLETE
U240423-00105,20035,2024-04-23 14:35:51,17000,COMPLETE
U250910-00106,20035,2025-09-10 14:16:13,403000,RETURNED
U240524-00107,20035,2024-05-24 21:42:48,231600,COMPLETE
U260731-00108,20035,2026-07-31 15:01:28,653200,COMPLETE
U250603-00109,20035,2025-06-03 16:41:59,171100,COMPLETE
U260320-00110,20035,2026-03-20 12:45:17,127400,COMPLETE
U240119-00111,20035,2024-01-19 19:12:39,166800,COMPLETE
U260623-00112,20035,2026-06-23 19:54:35,288900,COMPLETE
U241004-00113,20035,2024-10-04 11:52:50,206600,COMPLETE
U250511-00114,20035,2025-05-11 19:10:25,103200,COMPLETE
U260217-00115,20035,2026-02-17 09:52:02,77300,COMPLETE
U250820-00116,20035,2025-08-20 22:50:51,38100,COMPLETE
U250921-00117,20035,2025-09-21 19:37:08,93500,COMPLETE
U230711-00118,20036,2023-07-11 00:02:37,39200,COMPLETE
U260730-00119,20037,2026-07-30 15:04:46,89300,COMPLETE
U260730-00120,20037,2026-07-30 08:23:22,404100,RETURNED
U260804-00121,20037,2026-08-04 21:16:59,118200,COMPLETE
U250729-00122,20038,2025-07-29 00:51:57,81000,COMPLETE
U260727-00123,20038,2026-07-27 13:45:27,140100,COMPLETE
U260712-00124,20038,2026-07-12 20:31:19,77300,COMPLETE
U251228-00125,20038,2025-12-28 18:52:02,137800,COMPLETE
U250901-00126,20038,2025-09-01 20:03:38,382800,CANCELED
U260328-00127,20039,2026-03-28 12:34:20,64100,COMPLETE
U260822-00128,20039,2026-08-22 20:12:09,82200,COMPLETE
U260408-00129,20039,2026-04-08 21:46:33,50000,COMPLETE
U260515-00130,20039,2026-05-15 22:07:50,385900,COMPLETE
U260423-00131,20039,2026-04-23 11:50:41,244200,COMPLETE
U250218-00132,20041,2025-02-18 23:27:09,248900,COMPLETE
U260401-00133,20042,2026-04-01 21:54:41,183900,COMPLETE
U260805-00134,20042,2026-08-05 19:42:33,192500,COMPLETE
U260324-00135,20042,2026-03-24 16:19:38,324000,COMPLETE
U260511-00136,20042,2026-05-11 08:11:43,445900,COMPLETE
U260506-00137,20042,2026-05-06 15:50:33,109100,COMPLETE
U260425-00138,20042,2026-04-25 20:44:18,108700,COMPLETE
U260702-00139,20042,2026-07-02 16:33:15,78200,COMPLETE
U251221-00140,20042,2025-12-21 17:06:01,18300,COMPLETE
U260411-00141,20043,2026-04-11 11:25:46,52300,COMPLETE
U251225-00142,20043,2025-12-25 15:19:26,151900,COMPLETE
U260622-00143,20044,2026-06-22 13:00:54,108600,COMPLETE
U260828-00144,20045,2026-08-28 15:42:31,31300,COMPLETE
U260831-00145,20045,2026-08-31 15:43:00,72000,COMPLETE
U260824-00146,20045,2026-08-24 16:11:59,140200,COMPLETE
U260829-00147,20045,2026-08-29 21:03:46,59300,RETURNED
U260826-00148,20045,2026-08-26 10:05:17,338700,COMPLETE
U260831-00149,20045,2026-08-31 22:55:27,297000,RETURNED
U260822-00150,20045,2026-08-22 13:42:29,271900,COMPLETE
U260901-00151,20045,2026-09-01 09:17:54,46400,COMPLETE
U260827-00152,20045,2026-08-27 18:19:02,291700,COMPLETE
U260827-00153,20045,2026-08-27 17:36:51,67800,COMPLETE
U260829-00154,20045,2026-08-29 15:30:59,250300,COMPLETE
U260819-00155,20045,2026-08-19 19:06:21,477000,COMPLETE
U260831-00156,20045,2026-08-31 18:37:38,84800,COMPLETE
U260829-00157,20045,2026-08-29 22:42:22,303900,COMPLETE
U260824-00158,20045,2026-08-24 12:57:55,796100,COMPLETE
U260824-00159,20045,2026-08-24 12:20:46,105100,CANCELED
U260530-00160,20046,2026-05-30 00:17:33,292400,COMPLETE
U260110-00161,20046,2026-01-10 20:17:02,17500,COMPLETE
U260613-00162,20047,2026-06-13 16:26:29,189200,COMPLETE
U251212-00163,20047,2025-12-12 19:33:18,192800,COMPLETE
U240823-00164,20047,2024-08-23 22:00:04,91100,RETURNED
U240831-00165,20047,2024-08-31 22:32:01,42200,COMPLETE
U260208-00166,20047,2026-02-08 16:21:40,20900,COMPLETE
U230902-00167,20047,2023-09-02 21:02:49,187800,COMPLETE
U250226-00168,20047,2025-02-26 13:13:34,284900,COMPLETE
U250409-00169,20047,2025-04-09 11:20:58,21000,COMPLETE
U240509-00170,20047,2024-05-09 11:32:30,255900,COMPLETE
U251027-00171,20047,2025-10-27 23:13:30,263900,COMPLETE
U241126-00172,20047,2024-11-26 11:51:01,218500,COMPLETE
U231130-00173,20047,2023-11-30 15:37:03,49800,COMPLETE
U260707-00174,20047,2026-07-07 14:47:42,972600,COMPLETE
U241126-00175,20047,2024-11-26 09:00:55,99600,COMPLETE
U250327-00176,20047,2025-03-27 22:08:58,87800,COMPLETE
U260515-00177,20047,2026-05-15 12:48:49,771000,COMPLETE
U241116-00178,20047,2024-11-16 13:40:57,320800,COMPLETE
U260620-00179,20047,2026-06-20 18:08:22,62100,COMPLETE
U251005-00180,20047,2025-10-05 18:28:56,360700,COMPLETE
U250114-00181,20047,2025-01-14 21:50:35,111700,COMPLETE
U251122-00182,20048,2025-11-22 20:17:24,16000,RETURNED
U260605-00183,20048,2026-06-05 12:43:24,127600,CANCELED
U260530-00184,20048,2026-05-30 12:53:47,48200,COMPLETE
U250910-00185,20048,2025-09-10 21:31:43,374700,COMPLETE
U231115-00186,20049,2023-11-15 11:41:19,130900,COMPLETE
U241213-00187,20050,2024-12-13 13:54:37,239700,COMPLETE
U251222-00188,20051,2025-12-22 19:35:34,34900,COMPLETE
U260115-00189,20051,2026-01-15 15:45:58,226400,COMPLETE
U241216-00190,20051,2024-12-16 14:10:45,195900,COMPLETE
U260831-00191,20051,2026-08-31 09:10:57,127000,COMPLETE
U260324-00192,20051,2026-03-24 14:04:42,268900,COMPLETE
U250722-00193,20051,2025-07-22 10:46:07,242900,COMPLETE
U240730-00194,20051,2024-07-30 22:06:40,22200,COMPLETE
U260901-00195,20052,2026-09-01 11:08:53,61900,COMPLETE
U260819-00196,20052,2026-08-19 18:48:14,108600,COMPLETE
U260807-00197,20053,2026-08-07 21:09:40,812200,COMPLETE
U260122-00198,20054,2026-01-22 09:58:24,104900,COMPLETE
U260423-00199,20054,2026-04-23 09:24:33,428300,COMPLETE
U260808-00200,20055,2026-08-08 09:35:38,253200,COMPLETE
U231025-00201,20056,2023-10-25 08:01:44,137400,COMPLETE
U231026-00202,20056,2023-10-26 18:03:41,101200,COMPLETE
U250920-00203,20057,2025-09-20 11:32:32,140800,COMPLETE
U231103-00204,20058,2023-11-03 21:15:08,114500,COMPLETE
U241104-00205,20058,2024-11-04 10:34:17,327700,COMPLETE
U240529-00206,20059,2024-05-29 18:03:06,123200,COMPLETE
U260424-00207,20059,2026-04-24 11:48:50,243300,COMPLETE
U241231-00208,20059,2024-12-31 22:48:03,349000,COMPLETE
U260531-00209,20060,2026-05-31 12:18:54,86900,COMPLETE
U260407-00210,20060,2026-04-07 00:12:09,52900,COMPLETE
U260118-00211,20060,2026-01-18 00:41:53,56100,COMPLETE
U260902-00212,20061,2026-09-02 21:18:57,60800,COMPLETE
U260324-00213,20062,2026-03-24 15:10:08,186800,COMPLETE
U260107-00214,20062,2026-01-07 21:47:06,523800,COMPLETE
U260119-00215,20062,2026-01-19 00:08:45,71800,COMPLETE
U260323-00216,20063,2026-03-23 11:41:05,330900,COMPLETE
U260731-00217,20063,2026-07-31 12:42:30,53800,COMPLETE
U260813-00218,20063,2026-08-13 00:38:01,371600,COMPLETE
U260621-00219,20063,2026-06-21 11:42:00,267900,COMPLETE
U260315-00220,20063,2026-03-15 23:09:15,127500,COMPLETE
U260828-00221,20063,2026-08-28 22:51:16,233000,COMPLETE
U260611-00222,20063,2026-06-11 12:45:11,86900,COMPLETE
U260430-00223,20063,2026-04-30 19:24:46,236900,COMPLETE
U260829-00224,20063,2026-08-29 21:06:04,143200,COMPLETE
U260710-00225,20063,2026-07-10 14:14:38,64900,COMPLETE
U260429-00226,20063,2026-04-29 11:39:01,117500,RETURNED
U260810-00227,20063,2026-08-10 12:30:15,74900,COMPLETE
U260706-00228,20063,2026-07-06 17:32:36,128200,COMPLETE
U260810-00229,20063,2026-08-10 11:39:23,148600,COMPLETE
U260716-00230,20063,2026-07-16 20:24:36,768100,COMPLETE
U260820-00231,20063,2026-08-20 23:11:13,349500,COMPLETE
U260602-00232,20063,2026-06-02 12:38:07,183700,COMPLETE
U260427-00233,20063,2026-04-27 13:42:05,144000,COMPLETE
U260708-00234,20064,2026-07-08 17:13:34,161000,COMPLETE
U260614-00235,20064,2026-06-14 17:19:39,194900,COMPLETE
U250927-00236,20064,2025-09-27 15:48:05,349700,COMPLETE
U260422-00237,20065,2026-04-22 13:51:43,387800,COMPLETE
U260813-00238,20066,2026-08-13 09:51:40,66900,COMPLETE
U260619-00239,20067,2026-06-19 08:03:21,338800,COMPLETE
U260608-00240,20067,2026-06-08 14:06:33,82600,COMPLETE
U260619-00241,20067,2026-06-19 19:07:22,159700,COMPLETE
U260709-00242,20067,2026-07-09 17:52:47,83300,CANCELED
U260819-00243,20068,2026-08-19 17:07:01,85500,COMPLETE
U260814-00244,20068,2026-08-14 09:35:24,424800,COMPLETE
U260821-00245,20068,2026-08-21 17:48:26,43900,COMPLETE
U260325-00246,20069,2026-03-25 22:04:15,389400,COMPLETE
U260504-00247,20070,2026-05-04 22:53:16,314800,RETURNED
U260525-00248,20071,2026-05-25 18:37:46,151400,COMPLETE
U250504-00249,20071,2025-05-04 21:11:06,110500,COMPLETE
U240417-00250,20071,2024-04-17 11:52:59,59600,COMPLETE
U250916-00251,20071,2025-09-16 18:08:50,184400,COMPLETE
U250207-00252,20071,2025-02-07 23:30:06,242400,COMPLETE
U250807-00253,20071,2025-08-07 08:42:47,141600,COMPLETE
U250526-00254,20071,2025-05-26 14:23:22,110900,COMPLETE
U260428-00255,20071,2026-04-28 21:25:48,59600,COMPLETE
U250527-00256,20071,2025-05-27 23:29:14,89100,COMPLETE
U241119-00257,20071,2024-11-19 16:17:14,372200,COMPLETE
U250706-00258,20071,2025-07-06 11:51:15,251000,COMPLETE
U251213-00259,20071,2025-12-13 22:56:40,304300,COMPLETE
U260215-00260,20072,2026-02-15 20:26:15,12900,CANCELED
U260409-00261,20072,2026-04-09 20:24:22,32700,COMPLETE
U260324-00262,20072,2026-03-24 22:23:33,148600,COMPLETE
U260711-00263,20074,2026-07-11 19:10:15,80400,COMPLETE
U260722-00264,20074,2026-07-22 09:01:03,50500,CANCELED
U260812-00265,20074,2026-08-12 19:24:20,865500,COMPLETE
U260819-00266,20074,2026-08-19 09:13:38,31100,COMPLETE
U260826-00267,20074,2026-08-26 11:08:36,64400,COMPLETE
U260810-00268,20074,2026-08-10 23:44:18,115400,COMPLETE
U260816-00269,20074,2026-08-16 23:06:43,764700,COMPLETE
U260724-00270,20074,2026-07-24 18:41:30,263800,COMPLETE
U260826-00271,20074,2026-08-26 21:04:06,470100,RETURNED
U260724-00272,20074,2026-07-24 19:12:48,394300,RETURNED
U251210-00273,20075,2025-12-10 12:29:19,74500,COMPLETE
U231220-00274,20076,2023-12-20 18:11:57,52500,COMPLETE
U260824-00275,20077,2026-08-24 22:33:26,184500,COMPLETE
U260822-00276,20077,2026-08-22 17:36:13,190300,CANCELED
U260820-00277,20077,2026-08-20 16:42:30,136800,COMPLETE
U260829-00278,20077,2026-08-29 14:45:42,694200,COMPLETE
U260303-00279,20078,2026-03-03 22:30:44,169900,COMPLETE
U260528-00280,20078,2026-05-28 18:42:50,66900,COMPLETE
U240807-00281,20079,2024-08-07 22:40:29,326900,COMPLETE
U260729-00282,20080,2026-07-29 21:49:02,537500,COMPLETE
U260720-00283,20080,2026-07-20 10:53:13,264000,COMPLETE
U260623-00284,20080,2026-06-23 23:03:57,146700,COMPLETE
U260530-00285,20080,2026-05-30 21:22:07,291000,COMPLETE
U260704-00286,20080,2026-07-04 21:16:29,180600,COMPLETE
U260718-00287,20080,2026-07-18 12:30:11,180100,COMPLETE
U241122-00288,20081,2024-11-22 21:59:49,82400,COMPLETE
U240922-00289,20081,2024-09-22 17:13:27,185800,COMPLETE
U240722-00290,20082,2024-07-22 08:30:39,61600,COMPLETE
U240719-00291,20082,2024-07-19 15:10:50,134300,COMPLETE
U260618-00292,20083,2026-06-18 20:10:01,237500,COMPLETE
U250817-00293,20084,2025-08-17 11:11:58,67300,CANCELED
U240923-00294,20084,2024-09-23 15:40:44,285600,COMPLETE
U240429-00295,20084,2024-04-29 21:45:07,224700,COMPLETE
U250910-00296,20084,2025-09-10 12:53:04,705800,COMPLETE
U260411-00297,20084,2026-04-11 18:53:28,499500,COMPLETE
U250121-00298,20085,2025-01-21 17:11:44,215200,COMPLETE
U250327-00299,20085,2025-03-27 11:29:02,363000,COMPLETE
U240612-00300,20085,2024-06-12 09:49:42,44600,COMPLETE
U251129-00301,20086,2025-11-29 18:16:55,196600,COMPLETE
U260823-00302,20088,2026-08-23 20:53:36,394400,COMPLETE
U260828-00303,20088,2026-08-28 10:55:57,139000,COMPLETE
U260829-00304,20088,2026-08-29 20:43:54,433200,COMPLETE
U260902-00305,20088,2026-09-02 16:37:18,66700,COMPLETE
U260823-00306,20088,2026-08-23 23:29:41,103900,COMPLETE
U240530-00307,20089,2024-05-30 21:56:29,44600,COMPLETE
U260529-00308,20090,2026-05-29 20:13:40,314500,COMPLETE
U260602-00309,20090,2026-06-02 22:27:59,355400,COMPLETE
U260614-00310,20090,2026-06-14 15:38:12,225500,COMPLETE
U260812-00311,20090,2026-08-12 22:32:17,128700,COMPLETE
U260519-00312,20090,2026-05-19 21:23:58,187300,COMPLETE
U260312-00313,20090,2026-03-12 22:42:03,111100,COMPLETE
U260417-00314,20090,2026-04-17 15:28:20,399100,COMPLETE
U260816-00315,20090,2026-08-16 21:11:37,475500,COMPLETE
U260610-00316,20090,2026-06-10 22:00:28,188700,COMPLETE
U260317-00317,20090,2026-03-17 20:45:54,64100,COMPLETE
U260426-00318,20090,2026-04-26 20:31:03,251900,COMPLETE
U260527-00319,20090,2026-05-27 20:53:53,24900,COMPLETE
U250930-00320,20091,2025-09-30 15:48:56,69900,COMPLETE
U250612-00321,20091,2025-06-12 12:44:26,56500,COMPLETE
U260101-00322,20091,2026-01-01 16:51:11,112300,COMPLETE
U250124-00323,20091,2025-01-24 23:57:15,62300,COMPLETE
U251104-00324,20091,2025-11-04 22:09:31,34300,COMPLETE
U250612-00325,20091,2025-06-12 22:11:11,82700,COMPLETE
U251024-00326,20091,2025-10-24 13:22:40,638200,COMPLETE
U240616-00327,20091,2024-06-16 17:10:19,720400,COMPLETE
U250829-00328,20092,2025-08-29 22:27:35,423700,COMPLETE
U260811-00329,20093,2026-08-11 21:28:49,159700,COMPLETE
U260508-00330,20093,2026-05-08 14:23:42,92500,CANCELED
U260415-00331,20093,2026-04-15 08:43:35,135600,CANCELED
U250123-00332,20093,2025-01-23 14:52:49,37700,COMPLETE
U250114-00333,20093,2025-01-14 22:43:38,138500,COMPLETE
U250902-00334,20093,2025-09-02 21:56:13,360900,COMPLETE
U260628-00335,20093,2026-06-28 23:21:55,775200,COMPLETE
U260801-00336,20093,2026-08-01 17:31:19,287000,COMPLETE
U250503-00337,20093,2025-05-03 08:59:02,65000,COMPLETE
U250325-00338,20093,2025-03-25 19:54:42,184000,COMPLETE
U260704-00339,20093,2026-07-04 20:59:59,195100,COMPLETE
U250630-00340,20093,2025-06-30 15:38:19,102100,COMPLETE
U250418-00341,20093,2025-04-18 22:05:15,350900,COMPLETE
U241030-00342,20093,2024-10-30 14:05:26,155100,CANCELED
U260902-00343,20094,2026-09-02 14:47:26,602000,COMPLETE
U260902-00344,20094,2026-09-02 23:31:41,23600,COMPLETE
U260828-00345,20094,2026-08-28 12:46:34,95200,COMPLETE
U260623-00346,20094,2026-06-23 19:10:42,190600,COMPLETE
U260716-00347,20094,2026-07-16 20:14:42,221700,COMPLETE
U260103-00348,20095,2026-01-03 22:59:09,275300,COMPLETE
U260102-00349,20095,2026-01-02 14:16:57,10400,COMPLETE
U241103-00350,20096,2024-11-03 20:41:46,471600,COMPLETE
U260730-00351,20096,2026-07-30 16:59:13,60900,COMPLETE
U260526-00352,20096,2026-05-26 19:23:26,125700,COMPLETE
U260512-00353,20096,2026-05-12 18:09:41,23200,COMPLETE
U240824-00354,20097,2024-08-24 20:56:58,78300,COMPLETE
U240611-00355,20098,2024-06-11 22:43:29,640200,COMPLETE
U240429-00356,20098,2024-04-29 20:25:10,252300,COMPLETE
U231119-00357,20100,2023-11-19 21:38:45,116400,COMPLETE
U260811-00358,20101,2026-08-11 17:29:10,293700,COMPLETE
U260523-00359,20101,2026-05-23 13:13:33,164500,COMPLETE
U260630-00360,20101,2026-06-30 08:03:41,242300,COMPLETE
U260424-00361,20101,2026-04-24 19:41:29,28900,COMPLETE
U260706-00362,20101,2026-07-06 21:58:52,196400,COMPLETE
U241031-00363,20102,2024-10-31 09:16:03,240200,RETURNED
U260610-00364,20102,2026-06-10 20:13:01,113700,COMPLETE
U250724-00365,20103,2025-07-24 20:28:49,15400,COMPLETE
U250724-00366,20103,2025-07-24 11:00:27,187200,COMPLETE
U260223-00367,20104,2026-02-23 21:02:50,51600,COMPLETE
U251103-00368,20104,2025-11-03 15:02:59,44500,RETURNED
U240727-00369,20104,2024-07-27 11:59:38,255200,COMPLETE
U240604-00370,20104,2024-06-04 17:41:08,76500,COMPLETE
U240827-00371,20104,2024-08-27 20:22:57,188500,COMPLETE
U251211-00372,20104,2025-12-11 20:35:55,273100,COMPLETE
U230710-00373,20105,2023-07-10 16:10:37,494400,RETURNED
U240810-00374,20105,2024-08-10 09:41:15,33900,COMPLETE
U241223-00375,20106,2024-12-23 12:15:29,41600,COMPLETE
U250406-00376,20107,2025-04-06 11:53:09,87100,COMPLETE
U260610-00377,20108,2026-06-10 10:17:22,247000,COMPLETE
U260419-00378,20109,2026-04-19 22:07:26,556500,COMPLETE
U260708-00379,20109,2026-07-08 19:49:59,104700,COMPLETE
U260712-00380,20109,2026-07-12 23:48:33,118300,COMPLETE
U260627-00381,20109,2026-06-27 12:31:35,65000,COMPLETE
U260409-00382,20109,2026-04-09 11:14:58,170100,COMPLETE
U260803-00383,20109,2026-08-03 20:55:26,48100,COMPLETE
U260221-00384,20109,2026-02-21 17:14:19,50700,COMPLETE
U260425-00385,20109,2026-04-25 21:55:36,436900,COMPLETE
U260325-00386,20109,2026-03-25 15:03:27,28000,COMPLETE
U260423-00387,20109,2026-04-23 19:39:19,265600,COMPLETE
U260601-00388,20109,2026-06-01 14:40:22,87000,COMPLETE
U260329-00389,20109,2026-03-29 18:20:21,203600,COMPLETE
U260424-00390,20109,2026-04-24 20:48:39,59100,COMPLETE
U260616-00391,20109,2026-06-16 14:43:38,152500,COMPLETE
U260620-00392,20109,2026-06-20 19:20:38,54800,CANCELED
U260801-00393,20109,2026-08-01 20:11:35,183600,COMPLETE
U260810-00394,20109,2026-08-10 12:29:07,181200,COMPLETE
U260418-00395,20109,2026-04-18 10:06:54,118500,COMPLETE
U260817-00396,20110,2026-08-17 14:07:40,82500,COMPLETE
U260201-00397,20110,2026-02-01 21:47:21,79900,COMPLETE
U260603-00398,20110,2026-06-03 22:09:20,134900,COMPLETE
U260114-00399,20110,2026-01-14 19:23:36,246200,CANCELED
U260830-00400,20111,2026-08-30 12:11:19,173600,COMPLETE
U250416-00401,20111,2025-04-16 00:39:00,174300,CANCELED
U250123-00402,20111,2025-01-23 14:47:33,145400,COMPLETE
U250503-00403,20111,2025-05-03 19:23:40,76000,COMPLETE
U260522-00404,20111,2026-05-22 16:58:05,58300,COMPLETE
U250828-00405,20112,2025-08-28 18:33:32,94200,COMPLETE
U251116-00406,20112,2025-11-16 00:40:15,48100,COMPLETE
U250625-00407,20112,2025-06-25 00:13:28,98900,COMPLETE
U260721-00408,20113,2026-07-21 20:29:45,687200,COMPLETE
U260414-00409,20113,2026-04-14 14:59:46,48800,COMPLETE
U251226-00410,20113,2025-12-26 18:26:31,34900,COMPLETE
U251020-00411,20114,2025-10-20 15:48:08,386300,COMPLETE
U260808-00412,20115,2026-08-08 14:13:34,422700,COMPLETE
U250208-00413,20115,2025-02-08 13:24:07,168600,COMPLETE
U231209-00414,20115,2023-12-09 19:35:37,11500,COMPLETE
U240728-00415,20115,2024-07-28 18:56:51,41900,CANCELED
U241016-00416,20115,2024-10-16 22:42:27,208000,COMPLETE
U240119-00417,20115,2024-01-19 15:42:55,365500,COMPLETE
U240919-00418,20115,2024-09-19 11:45:31,62500,COMPLETE
U251223-00419,20115,2025-12-23 15:33:15,41900,COMPLETE
U231009-00420,20116,2023-10-09 17:37:57,179500,COMPLETE
U240222-00421,20116,2024-02-22 17:33:15,103500,COMPLETE
U260218-00422,20118,2026-02-18 21:51:29,279800,COMPLETE
U260813-00423,20118,2026-08-13 08:41:04,1084200,COMPLETE
U251218-00424,20118,2025-12-18 21:35:02,93300,COMPLETE
U260317-00425,20118,2026-03-17 19:48:18,62900,COMPLETE
U260828-00426,20118,2026-08-28 18:00:22,583000,CANCELED
U260202-00427,20118,2026-02-02 17:21:13,60400,COMPLETE
U240820-00428,20120,2024-08-20 17:29:45,525200,COMPLETE
U260705-00429,20120,2026-07-05 08:35:54,102500,COMPLETE
U260708-00430,20120,2026-07-08 20:20:08,172700,COMPLETE
U260818-00431,20120,2026-08-18 16:26:38,9400,COMPLETE
U240920-00432,20120,2024-09-20 22:40:22,166700,COMPLETE
U230915-00433,20120,2023-09-15 20:33:02,42600,COMPLETE
U250723-00434,20120,2025-07-23 12:58:56,19300,COMPLETE
U251209-00435,20120,2025-12-09 10:19:51,78600,COMPLETE
U251005-00436,20120,2025-10-05 18:35:07,238500,COMPLETE
U251005-00437,20120,2025-10-05 20:33:20,125900,COMPLETE
U240521-00438,20120,2024-05-21 12:13:46,71500,COMPLETE
U250409-00439,20120,2025-04-09 14:37:47,47200,COMPLETE
U260429-00440,20120,2026-04-29 00:28:20,168500,COMPLETE
U250315-00441,20120,2025-03-15 15:17:01,113000,CANCELED
U260610-00442,20121,2026-06-10 19:46:24,217600,COMPLETE
U260901-00443,20122,2026-09-01 21:25:23,529000,COMPLETE
U260813-00444,20122,2026-08-13 21:43:17,10900,COMPLETE
U240918-00445,20123,2024-09-18 11:41:56,126000,COMPLETE
U260712-00446,20124,2026-07-12 12:56:53,277500,COMPLETE
U230706-00447,20125,2023-07-06 16:21:38,172300,COMPLETE
U230920-00448,20126,2023-09-20 17:51:10,105800,COMPLETE
U250831-00449,20126,2025-08-31 19:58:38,91200,COMPLETE
U250724-00450,20126,2025-07-24 13:37:22,92900,COMPLETE
U260629-00451,20127,2026-06-29 19:27:32,66100,COMPLETE
U260610-00452,20128,2026-06-10 21:04:21,75500,COMPLETE
U260818-00453,20128,2026-08-18 10:31:06,60700,COMPLETE
U260715-00454,20128,2026-07-15 20:16:04,52600,COMPLETE
U260810-00455,20128,2026-08-10 11:26:08,131400,COMPLETE
U260116-00456,20128,2026-01-16 13:33:09,137800,COMPLETE
U241118-00457,20129,2024-11-18 13:53:50,925800,COMPLETE
U241121-00458,20129,2024-11-21 13:57:06,147800,COMPLETE
U251208-00459,20130,2025-12-08 08:09:15,173800,COMPLETE
U260119-00460,20130,2026-01-19 22:45:56,488800,COMPLETE
U260818-00461,20131,2026-08-18 12:34:39,281000,COMPLETE
U260705-00462,20131,2026-07-05 15:08:34,219600,CANCELED
U260727-00463,20131,2026-07-27 11:59:09,51100,COMPLETE
U231019-00464,20132,2023-10-19 10:22:42,146100,COMPLETE
U250604-00465,20132,2025-06-04 09:37:06,377000,COMPLETE
U240419-00466,20132,2024-04-19 19:42:10,122900,COMPLETE
U250623-00467,20133,2025-06-23 11:21:04,71400,COMPLETE
U250109-00468,20134,2025-01-09 11:25:21,159300,COMPLETE
U250706-00469,20134,2025-07-06 19:26:36,79200,COMPLETE
U240818-00470,20134,2024-08-18 15:19:16,147000,COMPLETE
U260103-00471,20135,2026-01-03 10:34:52,643800,COMPLETE
U260520-00472,20135,2026-05-20 12:48:40,73700,COMPLETE
U260125-00473,20135,2026-01-25 11:31:15,649600,CANCELED
U260227-00474,20136,2026-02-27 23:27:19,45600,COMPLETE
U251231-00475,20136,2025-12-31 09:16:12,143100,COMPLETE
U260315-00476,20136,2026-03-15 22:01:50,42000,COMPLETE
U251201-00477,20137,2025-12-01 19:11:54,40500,COMPLETE
U251029-00478,20137,2025-10-29 09:14:10,65400,RETURNED
U250302-00479,20137,2025-03-02 22:21:34,194100,COMPLETE
U251223-00480,20137,2025-12-23 14:46:06,228800,COMPLETE
U251127-00481,20138,2025-11-27 00:32:27,85100,COMPLETE
U260815-00482,20138,2026-08-15 14:20:02,357600,COMPLETE
U260416-00483,20138,2026-04-16 00:57:17,281200,COMPLETE
U260619-00484,20138,2026-06-19 12:59:38,409700,COMPLETE
U260519-00485,20138,2026-05-19 20:09:48,175400,COMPLETE
U260706-00486,20138,2026-07-06 19:10:52,224000,CANCELED
U260210-00487,20138,2026-02-10 21:14:03,41900,COMPLETE
U260405-00488,20138,2026-04-05 22:30:35,233200,COMPLETE
U251229-00489,20138,2025-12-29 10:42:48,126000,COMPLETE
U260411-00490,20138,2026-04-11 23:00:43,207600,COMPLETE
U260831-00491,20138,2026-08-31 21:19:21,335600,COMPLETE
U260508-00492,20138,2026-05-08 09:16:19,128700,COMPLETE
U251102-00493,20138,2025-11-02 00:16:30,227200,COMPLETE
U260112-00494,20138,2026-01-12 22:16:12,299100,COMPLETE
U260524-00495,20138,2026-05-24 19:14:23,37300,COMPLETE
U260101-00496,20138,2026-01-01 14:24:30,158600,COMPLETE
U260901-00497,20138,2026-09-01 20:06:05,67300,COMPLETE
U260403-00498,20138,2026-04-03 17:24:57,37500,COMPLETE
U260221-00499,20138,2026-02-21 16:49:52,265000,COMPLETE
U260612-00500,20138,2026-06-12 21:19:02,223000,COMPLETE
U260127-00501,20139,2026-01-27 15:05:43,210200,CANCELED
U260414-00502,20139,2026-04-14 15:00:01,62500,COMPLETE
U250831-00503,20139,2025-08-31 16:18:58,125100,COMPLETE
U260720-00504,20139,2026-07-20 10:19:53,58100,COMPLETE
U250903-00505,20139,2025-09-03 16:50:29,250600,CANCELED
U250806-00506,20139,2025-08-06 21:47:19,51800,COMPLETE
U251127-00507,20139,2025-11-27 12:20:56,26400,CANCELED
U260327-00508,20139,2026-03-27 16:50:40,178600,COMPLETE
U250228-00509,20139,2025-02-28 18:16:13,305600,CANCELED
U250816-00510,20139,2025-08-16 09:21:35,300800,COMPLETE
U260727-00511,20139,2026-07-27 14:45:00,105400,COMPLETE
U250712-00512,20139,2025-07-12 10:57:11,138300,CANCELED
U260529-00513,20139,2026-05-29 16:43:44,79600,CANCELED
U250806-00514,20139,2025-08-06 22:18:34,188000,CANCELED
U250707-00515,20139,2025-07-07 16:02:21,220800,COMPLETE
U250604-00516,20139,2025-06-04 00:29:38,624200,COMPLETE
U260708-00517,20139,2026-07-08 21:25:42,377200,COMPLETE
U260223-00518,20139,2026-02-23 12:58:35,11200,COMPLETE
U260519-00519,20141,2026-05-19 09:15:29,63900,COMPLETE
U260315-00520,20142,2026-03-15 14:16:17,119400,COMPLETE
U260617-00521,20143,2026-06-17 11:57:16,34200,COMPLETE
U260419-00522,20144,2026-04-19 23:24:29,24500,COMPLETE
U260902-00523,20144,2026-09-02 16:12:12,145900,RETURNED
U250216-00524,20145,2025-02-16 10:30:06,206600,COMPLETE
U250825-00525,20146,2025-08-25 16:23:47,402100,COMPLETE
U260210-00526,20146,2026-02-10 15:43:17,56100,COMPLETE
U260307-00527,20146,2026-03-07 19:05:26,213700,COMPLETE
U260514-00528,20146,2026-05-14 19:11:07,135700,COMPLETE
U260204-00529,20146,2026-02-04 21:48:24,159400,COMPLETE
U260823-00530,20146,2026-08-23 11:27:39,155500,CANCELED
U260526-00531,20146,2026-05-26 22:23:02,76800,COMPLETE
U260308-00532,20146,2026-03-08 20:45:15,104500,COMPLETE
U251004-00533,20147,2025-10-04 17:40:42,29700,COMPLETE
U250728-00534,20148,2025-07-28 23:39:18,332300,COMPLETE
U240307-00535,20148,2024-03-07 19:51:48,72100,COMPLETE
U260129-00536,20148,2026-01-29 08:59:08,254100,COMPLETE
U260424-00537,20148,2026-04-24 17:24:53,1513400,COMPLETE
U250709-00538,20148,2025-07-09 15:30:18,120500,COMPLETE
U250618-00539,20148,2025-06-18 23:19:36,193400,COMPLETE
U250720-00540,20149,2025-07-20 21:13:34,129100,COMPLETE
U260702-00541,20149,2026-07-02 11:22:09,226300,COMPLETE
U260815-00542,20150,2026-08-15 22:51:09,100900,COMPLETE
U260224-00543,20150,2026-02-24 09:15:13,16700,COMPLETE
U260328-00544,20150,2026-03-28 22:13:45,56500,COMPLETE
U260720-00545,20151,2026-07-20 15:16:12,45700,COMPLETE
U260827-00546,20152,2026-08-27 15:53:41,38100,COMPLETE
U240703-00547,20153,2024-07-03 14:00:49,141400,COMPLETE
U250511-00548,20153,2025-05-11 10:16:22,183300,COMPLETE
U260417-00549,20153,2026-04-17 14:30:20,130500,COMPLETE
U250131-00550,20153,2025-01-31 18:17:31,161400,COMPLETE
U260129-00551,20153,2026-01-29 19:59:21,266400,COMPLETE
U241101-00552,20153,2024-11-01 22:33:36,425300,COMPLETE
U260214-00553,20153,2026-02-14 22:33:46,354300,COMPLETE
U240702-00554,20154,2024-07-02 13:48:53,73900,COMPLETE
U250217-00555,20154,2025-02-17 14:06:58,78400,COMPLETE
U240702-00556,20154,2024-07-02 17:45:17,321700,COMPLETE
U260816-00557,20156,2026-08-16 18:00:22,137300,COMPLETE
U260830-00558,20156,2026-08-30 20:03:17,42200,COMPLETE
U260805-00559,20156,2026-08-05 17:37:47,30900,COMPLETE
U260819-00560,20156,2026-08-19 23:43:23,107800,COMPLETE
U260826-00561,20156,2026-08-26 19:12:56,105200,CANCELED
U260205-00562,20157,2026-02-05 20:33:36,42600,COMPLETE
U260828-00563,20157,2026-08-28 18:05:01,655300,COMPLETE
U260326-00564,20157,2026-03-26 15:41:55,284400,COMPLETE
U260318-00565,20157,2026-03-18 20:23:27,261400,COMPLETE
U251209-00566,20158,2025-12-09 14:26:56,86400,CANCELED
U260804-00567,20158,2026-08-04 18:36:17,176700,RETURNED
U260718-00568,20158,2026-07-18 09:38:10,367900,COMPLETE
U260622-00569,20158,2026-06-22 17:36:31,173700,COMPLETE
U260701-00570,20158,2026-07-01 20:03:00,96900,COMPLETE
U260503-00571,20159,2026-05-03 20:21:34,32400,COMPLETE
U260129-00572,20159,2026-01-29 21:49:25,125000,RETURNED
U251202-00573,20159,2025-12-02 10:54:40,78900,COMPLETE
U260530-00574,20160,2026-05-30 16:37:50,161100,COMPLETE
U251212-00575,20160,2025-12-12 18:46:18,108400,COMPLETE
U251104-00576,20160,2025-11-04 21:54:04,132900,COMPLETE
U260809-00577,20160,2026-08-09 19:06:56,131300,COMPLETE
U250421-00578,20160,2025-04-21 19:34:38,86500,COMPLETE
U260629-00579,20160,2026-06-29 22:09:47,436700,COMPLETE
U250721-00580,20160,2025-07-21 21:53:19,564200,COMPLETE
U260314-00581,20160,2026-03-14 20:45:26,201700,COMPLETE
U240913-00582,20160,2024-09-13 13:49:35,224800,COMPLETE
U250923-00583,20160,2025-09-23 15:11:00,403000,COMPLETE
U251205-00584,20160,2025-12-05 22:37:29,302700,COMPLETE
U260122-00585,20160,2026-01-22 22:01:43,334400,COMPLETE
U251211-00586,20161,2025-12-11 21:56:01,164700,COMPLETE
U241005-00587,20161,2024-10-05 13:26:45,48200,COMPLETE
U260726-00588,20162,2026-07-26 15:53:00,136200,COMPLETE
U251122-00589,20162,2025-11-22 19:08:33,40900,COMPLETE
U260306-00590,20162,2026-03-06 18:03:40,44400,RETURNED
U250526-00591,20162,2025-05-26 19:11:17,447500,COMPLETE
U260615-00592,20163,2026-06-15 17:58:33,336800,COMPLETE
U260710-00593,20164,2026-07-10 21:02:36,345900,COMPLETE
U260112-00594,20164,2026-01-12 14:48:51,219100,CANCELED
U260803-00595,20164,2026-08-03 12:58:50,50900,COMPLETE
U260314-00596,20164,2026-03-14 21:06:33,172400,COMPLETE
U260725-00597,20164,2026-07-25 22:17:09,162000,COMPLETE
U260310-00598,20164,2026-03-10 21:52:53,607100,CANCELED
U260508-00599,20164,2026-05-08 11:54:39,387900,COMPLETE
U260612-00600,20164,2026-06-12 21:24:55,307000,COMPLETE
U250201-00601,20165,2025-02-01 15:41:03,60500,COMPLETE
U260526-00602,20165,2026-05-26 12:06:15,854500,COMPLETE
U260805-00603,20165,2026-08-05 10:26:36,161800,COMPLETE
U250726-00604,20165,2025-07-26 16:59:40,12600,COMPLETE
U250227-00605,20165,2025-02-27 15:30:37,220200,COMPLETE
U251208-00606,20166,2025-12-08 12:06:14,201800,CANCELED
U251222-00607,20166,2025-12-22 12:49:14,1003500,COMPLETE
U260405-00608,20166,2026-04-05 14:41:14,454300,RETURNED
U260807-00609,20167,2026-08-07 13:47:50,50100,COMPLETE
U260824-00610,20167,2026-08-24 15:29:41,704900,RETURNED
U260823-00611,20167,2026-08-23 21:47:41,124500,COMPLETE
U260810-00612,20167,2026-08-10 17:03:40,63600,COMPLETE
U260811-00613,20167,2026-08-11 16:58:16,77800,COMPLETE
U260816-00614,20167,2026-08-16 20:11:30,389700,CANCELED
U260827-00615,20167,2026-08-27 08:28:34,170900,COMPLETE
U260816-00616,20167,2026-08-16 20:52:07,367400,COMPLETE
U260802-00617,20167,2026-08-02 13:30:42,893800,COMPLETE
U260726-00618,20167,2026-07-26 23:44:02,235400,COMPLETE
U260829-00619,20167,2026-08-29 12:47:46,226400,COMPLETE
U260820-00620,20167,2026-08-20 16:53:03,71400,COMPLETE
U260901-00621,20167,2026-09-01 23:13:59,21800,COMPLETE
U260722-00622,20167,2026-07-22 15:01:20,65600,COMPLETE
U230427-00623,20168,2023-04-27 17:46:09,142300,COMPLETE
U230312-00624,20168,2023-03-12 20:17:46,116000,COMPLETE
U230823-00625,20168,2023-08-23 12:02:02,42000,COMPLETE
U260706-00626,20169,2026-07-06 08:34:57,33400,COMPLETE
U260526-00627,20169,2026-05-26 17:52:49,269600,COMPLETE
U240316-00628,20170,2024-03-16 11:50:37,80100,COMPLETE
U260106-00629,20170,2026-01-06 22:11:59,94400,COMPLETE
U260309-00630,20170,2026-03-09 15:12:52,89900,COMPLETE
U250731-00631,20170,2025-07-31 14:05:56,206300,COMPLETE
U241120-00632,20170,2024-11-20 21:19:34,123200,RETURNED
U240407-00633,20170,2024-04-07 14:03:59,226800,COMPLETE
U250213-00634,20170,2025-02-13 00:40:52,691500,COMPLETE
U260830-00635,20170,2026-08-30 19:01:20,61100,COMPLETE
U250419-00636,20170,2025-04-19 15:05:17,27200,COMPLETE
U251116-00637,20170,2025-11-16 21:33:53,159900,CANCELED
U240831-00638,20170,2024-08-31 19:37:51,554900,COMPLETE
U250124-00639,20170,2025-01-24 11:27:53,153000,COMPLETE
U250411-00640,20171,2025-04-11 21:28:12,20600,COMPLETE
U260820-00641,20172,2026-08-20 20:11:47,133600,COMPLETE
U260318-00642,20172,2026-03-18 00:05:10,552300,COMPLETE
U260825-00643,20172,2026-08-25 17:48:58,199000,COMPLETE
U260303-00644,20172,2026-03-03 21:10:47,97800,COMPLETE
U260829-00645,20172,2026-08-29 20:41:58,179500,CANCELED
U260318-00646,20172,2026-03-18 09:15:08,365800,COMPLETE
U260808-00647,20172,2026-08-08 19:12:49,535000,COMPLETE
U260823-00648,20172,2026-08-23 19:39:04,852100,COMPLETE
U260423-00649,20172,2026-04-23 18:52:44,44300,COMPLETE
U260713-00650,20172,2026-07-13 12:46:50,171300,COMPLETE
U260531-00651,20172,2026-05-31 14:00:06,433500,COMPLETE
U260130-00652,20172,2026-01-30 18:44:59,85700,COMPLETE
U260228-00653,20173,2026-02-28 19:57:35,258200,COMPLETE
U260831-00654,20174,2026-08-31 12:31:10,145700,COMPLETE
U260603-00655,20174,2026-06-03 22:14:03,59000,COMPLETE
U260625-00656,20174,2026-06-25 19:28:36,358300,RETURNED
U260705-00657,20174,2026-07-05 22:34:49,167300,COMPLETE
U260731-00658,20174,2026-07-31 14:34:30,61800,CANCELED
U260718-00659,20174,2026-07-18 22:20:21,46400,COMPLETE
U260726-00660,20174,2026-07-26 16:02:23,149000,COMPLETE
U260612-00661,20174,2026-06-12 09:27:26,66100,COMPLETE
U260614-00662,20174,2026-06-14 14:41:53,364900,CANCELED
U260706-00663,20174,2026-07-06 19:02:20,23400,COMPLETE
U260716-00664,20174,2026-07-16 13:19:25,22900,COMPLETE
U260817-00665,20174,2026-08-17 11:41:10,265100,COMPLETE
U260718-00666,20174,2026-07-18 11:11:47,64300,COMPLETE
U260629-00667,20174,2026-06-29 10:53:11,53100,COMPLETE
U260610-00668,20175,2026-06-10 20:20:11,125800,COMPLETE
U260419-00669,20175,2026-04-19 21:02:44,135500,COMPLETE
U250127-00670,20175,2025-01-27 00:10:01,104900,COMPLETE
U260709-00671,20176,2026-07-09 12:21:58,772700,COMPLETE
U260525-00672,20176,2026-05-25 19:53:41,44600,COMPLETE
U260827-00673,20177,2026-08-27 21:58:54,467300,CANCELED
U260828-00674,20177,2026-08-28 11:09:05,165600,COMPLETE
U260828-00675,20177,2026-08-28 18:33:34,77800,COMPLETE
U260828-00676,20177,2026-08-28 21:18:39,276400,CANCELED
U260814-00677,20177,2026-08-14 17:17:42,347400,COMPLETE
U260822-00678,20177,2026-08-22 00:30:25,623800,COMPLETE
U260812-00679,20177,2026-08-12 12:01:07,823600,COMPLETE
U260819-00680,20177,2026-08-19 23:23:43,87100,COMPLETE
U260823-00681,20177,2026-08-23 22:19:24,50400,COMPLETE
U260827-00682,20177,2026-08-27 20:30:05,142200,COMPLETE
U260826-00683,20177,2026-08-26 10:06:27,100700,COMPLETE
U260810-00684,20177,2026-08-10 11:44:27,463500,COMPLETE
U260814-00685,20177,2026-08-14 19:32:33,116300,COMPLETE
U260901-00686,20177,2026-09-01 00:41:45,166300,COMPLETE
U260825-00687,20177,2026-08-25 21:37:02,13800,COMPLETE
U260813-00688,20177,2026-08-13 12:36:06,28900,COMPLETE
U260823-00689,20177,2026-08-23 19:46:13,152000,COMPLETE
U260903-00690,20177,2026-09-03 14:39:10,42200,COMPLETE
U260901-00691,20177,2026-09-01 12:04:20,75800,COMPLETE
U260822-00692,20177,2026-08-22 19:56:07,208000,COMPLETE
U260413-00693,20178,2026-04-13 11:49:19,579900,COMPLETE
U260418-00694,20178,2026-04-18 13:02:07,136900,COMPLETE
U260810-00695,20179,2026-08-10 14:10:03,224100,COMPLETE
U260815-00696,20179,2026-08-15 09:41:09,106000,COMPLETE
U260730-00697,20179,2026-07-30 12:01:04,101700,COMPLETE
U240919-00698,20180,2024-09-19 22:14:13,40900,COMPLETE
U240904-00699,20180,2024-09-04 23:59:20,46400,COMPLETE
U260511-00700,20181,2026-05-11 23:16:55,56200,COMPLETE
U260630-00701,20181,2026-06-30 15:41:10,144100,COMPLETE
U250929-00702,20181,2025-09-29 21:59:01,165700,COMPLETE
U250731-00703,20181,2025-07-31 20:12:09,162800,COMPLETE
U260727-00704,20182,2026-07-27 16:11:30,418300,COMPLETE
U260616-00705,20182,2026-06-16 21:42:50,275700,COMPLETE
U260804-00706,20182,2026-08-04 11:42:34,114900,COMPLETE
U260609-00707,20182,2026-06-09 12:11:56,84700,COMPLETE
U260611-00708,20182,2026-06-11 14:21:03,255000,COMPLETE
U260720-00709,20182,2026-07-20 17:44:19,209600,RETURNED
U260729-00710,20182,2026-07-29 20:54:36,155800,COMPLETE
U260827-00711,20182,2026-08-27 21:41:27,61400,COMPLETE
U260617-00712,20182,2026-06-17 11:38:09,218100,COMPLETE
U260828-00713,20182,2026-08-28 20:32:34,126500,COMPLETE
U260628-00714,20182,2026-06-28 00:54:34,55100,COMPLETE
U260515-00715,20182,2026-05-15 11:47:09,65400,COMPLETE
U260704-00716,20182,2026-07-04 11:27:48,29100,COMPLETE
U260808-00717,20182,2026-08-08 20:05:37,132600,COMPLETE
U260820-00718,20182,2026-08-20 09:28:21,75200,COMPLETE
U260531-00719,20182,2026-05-31 22:51:35,339900,COMPLETE
U260319-00720,20183,2026-03-19 13:37:48,207000,COMPLETE
U260713-00721,20183,2026-07-13 14:48:36,179700,COMPLETE
U250412-00722,20183,2025-04-12 23:50:51,100600,COMPLETE
U260522-00723,20183,2026-05-22 21:19:34,47200,COMPLETE
U260614-00724,20183,2026-06-14 21:39:27,165500,COMPLETE
U250925-00725,20183,2025-09-25 15:58:46,60900,COMPLETE
U251107-00726,20185,2025-11-07 22:26:41,105100,COMPLETE
U260705-00727,20186,2026-07-05 21:18:20,200900,COMPLETE
U260620-00728,20186,2026-06-20 21:34:38,219000,COMPLETE
U260826-00729,20186,2026-08-26 10:36:25,128500,CANCELED
U260807-00730,20186,2026-08-07 21:27:35,14800,COMPLETE
U251015-00731,20186,2025-10-15 23:50:24,43300,COMPLETE
U260819-00732,20187,2026-08-19 14:33:21,127000,COMPLETE
U250410-00733,20188,2025-04-10 11:52:16,233200,COMPLETE
U240625-00734,20189,2024-06-25 08:45:13,277100,COMPLETE
U260416-00735,20189,2026-04-16 10:19:28,149300,CANCELED
U250802-00736,20189,2025-08-02 22:27:40,308100,COMPLETE
U260814-00737,20190,2026-08-14 15:14:25,40100,COMPLETE
U260722-00738,20190,2026-07-22 22:43:27,41700,COMPLETE
U260221-00739,20191,2026-02-21 12:57:48,214100,COMPLETE
U260726-00740,20192,2026-07-26 10:26:16,315000,COMPLETE
U260715-00741,20192,2026-07-15 15:35:16,72300,COMPLETE
U260425-00742,20192,2026-04-25 15:42:31,321600,COMPLETE
U260801-00743,20192,2026-08-01 15:57:12,101000,COMPLETE
U260722-00744,20192,2026-07-22 23:19:59,468500,COMPLETE
U251108-00745,20193,2025-11-08 12:05:31,332000,COMPLETE
U260525-00746,20194,2026-05-25 22:50:18,80900,COMPLETE
U250809-00747,20194,2025-08-09 20:03:17,148700,COMPLETE
U260819-00748,20195,2026-08-19 20:30:34,340700,COMPLETE
U260901-00749,20195,2026-09-01 20:55:03,76700,COMPLETE
U260902-00750,20195,2026-09-02 14:28:41,284000,COMPLETE
U260830-00751,20195,2026-08-30 16:25:07,317700,COMPLETE
U251117-00752,20196,2025-11-17 16:26:20,42100,COMPLETE
U260319-00753,20197,2026-03-19 10:31:26,141900,RETURNED
U260722-00754,20198,2026-07-22 19:46:35,58300,COMPLETE
U260826-00755,20198,2026-08-26 17:50:35,207600,COMPLETE
U260624-00756,20198,2026-06-24 18:58:34,219100,COMPLETE
U260831-00757,20198,2026-08-31 20:52:08,123900,RETURNED
U260830-00758,20199,2026-08-30 15:13:33,23800,CANCELED
U260712-00759,20199,2026-07-12 14:52:55,180700,COMPLETE
U260902-00760,20199,2026-09-02 19:32:14,22400,COMPLETE
U260730-00761,20199,2026-07-30 10:56:26,96100,COMPLETE
U260814-00762,20199,2026-08-14 15:17:18,129200,COMPLETE
U260813-00763,20199,2026-08-13 19:20:17,332800,COMPLETE
U260809-00764,20199,2026-08-09 08:48:15,312400,COMPLETE
U260821-00765,20199,2026-08-21 16:32:31,233800,COMPLETE
U260805-00766,20199,2026-08-05 18:57:06,145300,RETURNED
U260808-00767,20199,2026-08-08 23:24:39,131800,COMPLETE
U260404-00768,20200,2026-04-04 12:30:01,275600,CANCELED
U260508-00769,20200,2026-05-08 19:00:55,514900,COMPLETE
U260508-00770,20200,2026-05-08 21:38:28,338700,COMPLETE
U260126-00771,20200,2026-01-26 19:51:59,96800,CANCELED
U260725-00772,20200,2026-07-25 12:53:53,118800,COMPLETE
U251118-00773,20201,2025-11-18 11:41:33,186900,COMPLETE
U260304-00774,20201,2026-03-04 21:43:28,36600,COMPLETE
U241126-00775,20201,2024-11-26 10:31:56,266800,COMPLETE
U260317-00776,20201,2026-03-17 23:19:30,221700,COMPLETE
U231130-00777,20202,2023-11-30 13:09:40,659900,COMPLETE
U241023-00778,20202,2024-10-23 22:25:43,160200,COMPLETE
U260805-00779,20202,2026-08-05 22:17:39,321100,RETURNED
U251118-00780,20202,2025-11-18 20:03:45,719100,COMPLETE
U260221-00781,20202,2026-02-21 14:02:30,77900,COMPLETE
U250713-00782,20202,2025-07-13 09:42:08,618500,COMPLETE
U250430-00783,20202,2025-04-30 13:38:32,487200,COMPLETE
U251018-00784,20202,2025-10-18 16:18:12,582100,COMPLETE
U250830-00785,20203,2025-08-30 22:26:16,168900,CANCELED
U250701-00786,20203,2025-07-01 20:10:55,64900,COMPLETE
U250308-00787,20203,2025-03-08 18:37:14,237800,COMPLETE
U260512-00788,20203,2026-05-12 23:00:21,428300,COMPLETE
U260329-00789,20203,2026-03-29 23:20:08,135200,COMPLETE
U250726-00790,20204,2025-07-26 15:21:03,260000,COMPLETE
U260810-00791,20204,2026-08-10 20:57:39,422200,COMPLETE
U260702-00792,20205,2026-07-02 20:46:41,99400,COMPLETE
U260627-00793,20206,2026-06-27 12:47:03,153100,COMPLETE
U251016-00794,20207,2025-10-16 21:35:09,316700,COMPLETE
U260705-00795,20207,2026-07-05 19:02:48,524000,COMPLETE
U241221-00796,20207,2024-12-21 18:25:10,324400,COMPLETE
U260704-00797,20208,2026-07-04 14:16:43,234200,COMPLETE
U260524-00798,20208,2026-05-24 18:39:14,198000,COMPLETE
U260831-00799,20208,2026-08-31 19:04:36,140100,COMPLETE
U260505-00800,20209,2026-05-05 15:46:00,106900,COMPLETE
U260505-00801,20209,2026-05-05 17:46:33,101400,COMPLETE
U260708-00802,20210,2026-07-08 12:13:38,184400,COMPLETE
U250823-00803,20210,2025-08-23 11:59:28,55900,COMPLETE
U260427-00804,20211,2026-04-27 21:18:30,488000,COMPLETE
U260607-00805,20211,2026-06-07 22:28:32,171000,CANCELED
U251102-00806,20211,2025-11-02 21:43:14,111100,COMPLETE
U251125-00807,20211,2025-11-25 09:50:58,12000,COMPLETE
U260502-00808,20211,2026-05-02 10:58:42,99100,COMPLETE
U260224-00809,20211,2026-02-24 22:06:27,34900,COMPLETE
U251110-00810,20211,2025-11-10 22:33:22,76900,COMPLETE
U260603-00811,20211,2026-06-03 18:26:47,211300,COMPLETE
U250612-00812,20212,2025-06-12 13:11:50,36300,COMPLETE
U240918-00813,20212,2024-09-18 15:38:30,148200,COMPLETE
U240328-00814,20213,2024-03-28 15:47:56,93700,COMPLETE
U240329-00815,20213,2024-03-29 13:55:19,51800,COMPLETE
U260802-00816,20214,2026-08-02 22:40:18,198800,COMPLETE
U260805-00817,20214,2026-08-05 20:01:29,298500,COMPLETE
U260723-00818,20214,2026-07-23 10:51:39,65400,COMPLETE
U260827-00819,20214,2026-08-27 18:50:46,45700,COMPLETE
U260719-00820,20214,2026-07-19 21:51:26,292500,COMPLETE
U260824-00821,20214,2026-08-24 18:16:54,95400,COMPLETE
U260812-00822,20214,2026-08-12 14:56:59,236800,COMPLETE
U260726-00823,20214,2026-07-26 12:39:37,156200,CANCELED
U260828-00824,20214,2026-08-28 20:57:58,31000,COMPLETE
U260801-00825,20214,2026-08-01 16:15:30,142100,COMPLETE
U260708-00826,20214,2026-07-08 14:57:36,170000,CANCELED
U260810-00827,20214,2026-08-10 16:42:31,42000,COMPLETE
U260830-00828,20214,2026-08-30 10:48:06,105600,COMPLETE
U260803-00829,20214,2026-08-03 17:36:46,144900,COMPLETE
U260902-00830,20214,2026-09-02 13:17:26,42500,COMPLETE
U260711-00831,20214,2026-07-11 13:24:19,86800,COMPLETE
U260120-00832,20215,2026-01-20 16:29:54,456200,COMPLETE
U251117-00833,20215,2025-11-17 21:00:32,62900,COMPLETE
U260403-00834,20215,2026-04-03 10:22:17,70200,COMPLETE
U251020-00835,20216,2025-10-20 21:21:04,936000,COMPLETE
U250818-00836,20216,2025-08-18 10:29:32,92100,COMPLETE
U260216-00837,20217,2026-02-16 08:08:37,373700,COMPLETE
U260822-00838,20217,2026-08-22 19:34:11,261500,COMPLETE
U260521-00839,20217,2026-05-21 20:29:54,531100,COMPLETE
U260310-00840,20217,2026-03-10 11:38:57,140100,COMPLETE
U260815-00841,20218,2026-08-15 21:16:10,176500,COMPLETE
U260820-00842,20218,2026-08-20 22:54:48,60900,COMPLETE
U260902-00843,20218,2026-09-02 17:23:34,75000,COMPLETE
U260831-00844,20218,2026-08-31 22:39:42,11400,CANCELED
U250322-00845,20219,2025-03-22 13:32:26,199300,COMPLETE
U251227-00846,20219,2025-12-27 18:39:04,88000,COMPLETE
U260408-00847,20219,2026-04-08 20:02:19,58200,COMPLETE
U250623-00848,20219,2025-06-23 12:43:38,272300,COMPLETE
U260811-00849,20219,2026-08-11 10:13:22,76200,COMPLETE
U251104-00850,20219,2025-11-04 23:48:07,62600,CANCELED
U251227-00851,20219,2025-12-27 09:25:04,48100,COMPLETE
U260813-00852,20219,2026-08-13 15:16:10,764000,COMPLETE
U260630-00853,20219,2026-06-30 18:10:25,30000,CANCELED
U250826-00854,20219,2025-08-26 14:32:11,41200,COMPLETE
U250214-00855,20219,2025-02-14 16:12:58,167100,COMPLETE
U260123-00856,20219,2026-01-23 19:53:44,332600,COMPLETE
U250624-00857,20219,2025-06-24 23:34:36,57800,COMPLETE
U260206-00858,20219,2026-02-06 23:07:49,177000,COMPLETE
U260125-00859,20219,2026-01-25 12:19:16,103100,RETURNED
U251011-00860,20219,2025-10-11 13:40:22,69300,COMPLETE
U240426-00861,20220,2024-04-26 19:42:42,104700,COMPLETE
U260903-00862,20221,2026-09-03 17:04:28,323400,COMPLETE
U240327-00863,20222,2024-03-27 13:09:02,384400,COMPLETE
U250606-00864,20223,2025-06-06 00:18:05,491600,COMPLETE
U260625-00865,20223,2026-06-25 20:25:13,73800,COMPLETE
U251204-00866,20223,2025-12-04 14:44:18,474000,COMPLETE
U250904-00867,20224,2025-09-04 00:56:29,84800,COMPLETE
U260328-00868,20225,2026-03-28 12:19:33,448600,COMPLETE
U260207-00869,20226,2026-02-07 15:33:18,421700,COMPLETE
U250913-00870,20226,2025-09-13 14:09:47,521500,COMPLETE
U231026-00871,20227,2023-10-26 08:44:03,96600,COMPLETE
U231109-00872,20227,2023-11-09 22:13:12,36300,COMPLETE
U250406-00873,20227,2025-04-06 11:52:52,242400,COMPLETE
U240904-00874,20227,2024-09-04 23:46:48,97600,COMPLETE
U251114-00875,20227,2025-11-14 11:59:52,111700,COMPLETE
U260509-00876,20228,2026-05-09 22:24:02,81900,COMPLETE
U260211-00877,20228,2026-02-11 21:06:05,32000,COMPLETE
U260316-00878,20228,2026-03-16 09:29:26,12300,COMPLETE
U260730-00879,20229,2026-07-30 12:57:44,145300,COMPLETE
U250625-00880,20231,2025-06-25 13:35:41,52700,COMPLETE
U260429-00881,20231,2026-04-29 09:38:03,25700,RETURNED
U260729-00882,20231,2026-07-29 19:19:32,83400,COMPLETE
U251127-00883,20231,2025-11-27 12:48:36,22300,COMPLETE
U250930-00884,20231,2025-09-30 22:30:45,47900,COMPLETE
U260513-00885,20231,2026-05-13 08:36:16,120700,CANCELED
U260522-00886,20231,2026-05-22 19:30:03,95400,COMPLETE
U260520-00887,20231,2026-05-20 11:19:22,113500,COMPLETE
U240309-00888,20231,2024-03-09 12:10:45,112300,COMPLETE
U250511-00889,20231,2025-05-11 12:03:33,211200,COMPLETE
U240920-00890,20231,2024-09-20 21:46:32,509700,COMPLETE
U251022-00891,20231,2025-10-22 11:52:57,59100,COMPLETE
U260224-00892,20232,2026-02-24 17:44:30,172400,COMPLETE
U240915-00893,20233,2024-09-15 20:33:20,111200,CANCELED
U230816-00894,20233,2023-08-16 17:18:26,35200,COMPLETE
U230522-00895,20234,2023-05-22 21:11:22,80800,COMPLETE
U230812-00896,20234,2023-08-12 14:21:22,132600,COMPLETE
U231013-00897,20234,2023-10-13 22:55:58,34200,COMPLETE
U260210-00898,20235,2026-02-10 19:03:59,20000,COMPLETE
U260210-00899,20235,2026-02-10 20:56:28,69000,COMPLETE
U260815-00900,20236,2026-08-15 19:19:51,43200,CANCELED
U260214-00901,20236,2026-02-14 12:24:10,391700,COMPLETE
U260814-00902,20236,2026-08-14 12:40:05,109400,COMPLETE
U260510-00903,20236,2026-05-10 19:27:53,75800,COMPLETE
U260812-00904,20236,2026-08-12 14:48:12,328300,RETURNED
U260711-00905,20236,2026-07-11 23:08:08,62300,COMPLETE
U260809-00906,20236,2026-08-09 00:44:03,84100,COMPLETE
U260821-00907,20236,2026-08-21 20:53:19,44100,COMPLETE
U260531-00908,20236,2026-05-31 16:24:04,34200,COMPLETE
U260428-00909,20236,2026-04-28 12:32:23,149700,COMPLETE
U251031-00910,20237,2025-10-31 22:04:17,587100,COMPLETE
U260806-00911,20237,2026-08-06 09:21:29,354900,COMPLETE
U260621-00912,20238,2026-06-21 18:51:20,250100,COMPLETE
U260816-00913,20238,2026-08-16 21:34:41,114700,COMPLETE
U260704-00914,20238,2026-07-04 22:46:20,188900,COMPLETE
U260827-00915,20238,2026-08-27 19:56:06,645300,COMPLETE
U260718-00916,20238,2026-07-18 09:45:11,212600,CANCELED
U260618-00917,20238,2026-06-18 15:01:14,120300,COMPLETE
U260806-00918,20238,2026-08-06 21:08:13,133200,COMPLETE
U260626-00919,20238,2026-06-26 11:36:48,135300,COMPLETE
U260814-00920,20238,2026-08-14 20:33:53,425800,COMPLETE
U260610-00921,20238,2026-06-10 15:14:19,185800,CANCELED
U260812-00922,20238,2026-08-12 09:25:15,39000,COMPLETE
U260518-00923,20238,2026-05-18 21:44:18,90400,CANCELED
U260803-00924,20238,2026-08-03 20:17:38,122600,COMPLETE
U260624-00925,20238,2026-06-24 15:47:07,266600,COMPLETE
U260525-00926,20238,2026-05-25 10:11:52,150300,COMPLETE
U260811-00927,20238,2026-08-11 21:11:52,719300,COMPLETE
U260820-00928,20239,2026-08-20 16:29:32,23200,COMPLETE
U240728-00929,20239,2024-07-28 13:01:49,186000,COMPLETE
U250803-00930,20239,2025-08-03 20:11:15,180600,COMPLETE
U260118-00931,20239,2026-01-18 11:11:42,158300,COMPLETE
U260626-00932,20239,2026-06-26 13:08:58,88700,COMPLETE
U260607-00933,20239,2026-06-07 19:01:14,41700,COMPLETE
U260218-00934,20240,2026-02-18 21:06:37,125200,COMPLETE
U251111-00935,20240,2025-11-11 17:28:05,374600,COMPLETE
U260813-00936,20240,2026-08-13 20:23:17,692900,COMPLETE
U260426-00937,20240,2026-04-26 15:03:09,31900,COMPLETE
U260611-00938,20240,2026-06-11 19:42:27,180500,COMPLETE
U250430-00939,20240,2025-04-30 11:07:30,153500,COMPLETE
U260623-00940,20240,2026-06-23 19:07:25,387500,COMPLETE
U250802-00941,20240,2025-08-02 23:04:27,75000,COMPLETE
U260902-00942,20241,2026-09-02 15:24:49,22100,COMPLETE
U260827-00943,20241,2026-08-27 11:17:16,12400,COMPLETE
U260805-00944,20241,2026-08-05 08:21:57,336200,COMPLETE
U260815-00945,20241,2026-08-15 14:19:11,43200,CANCELED
U260821-00946,20242,2026-08-21 15:21:24,83500,COMPLETE
U260514-00947,20242,2026-05-14 22:43:33,48200,COMPLETE
U251117-00948,20242,2025-11-17 18:41:50,177300,COMPLETE
U260227-00949,20242,2026-02-27 15:03:45,215800,COMPLETE
U250211-00950,20242,2025-02-11 14:19:48,357100,COMPLETE
U250921-00951,20242,2025-09-21 18:35:19,42000,COMPLETE
U251021-00952,20242,2025-10-21 21:10:29,33800,COMPLETE
U250822-00953,20242,2025-08-22 20:35:57,159300,COMPLETE
U251021-00954,20242,2025-10-21 19:42:32,165000,COMPLETE
U251123-00955,20242,2025-11-23 20:04:27,95100,COMPLETE
U251203-00956,20242,2025-12-03 18:25:07,264400,COMPLETE
U260703-00957,20242,2026-07-03 21:54:14,48500,COMPLETE
U260328-00958,20242,2026-03-28 13:48:41,41900,COMPLETE
U250927-00959,20242,2025-09-27 13:23:05,572100,COMPLETE
U250508-00960,20242,2025-05-08 00:32:50,56300,COMPLETE
U260214-00961,20242,2026-02-14 22:32:37,130100,COMPLETE
U250612-00962,20243,2025-06-12 21:45:16,358100,COMPLETE
U260307-00963,20243,2026-03-07 10:22:03,80800,COMPLETE
U241205-00964,20243,2024-12-05 12:18:46,507000,COMPLETE
U260428-00965,20243,2026-04-28 17:41:54,177200,CANCELED
U260325-00966,20243,2026-03-25 15:17:50,140900,COMPLETE
U250819-00967,20243,2025-08-19 14:06:36,16900,COMPLETE
U240628-00968,20243,2024-06-28 15:59:54,18000,COMPLETE
U260217-00969,20243,2026-02-17 14:09:10,167800,COMPLETE
U231024-00970,20244,2023-10-24 10:07:06,642200,COMPLETE
U240603-00971,20244,2024-06-03 20:21:38,147200,COMPLETE
U260716-00972,20245,2026-07-16 20:55:54,280800,COMPLETE
U260504-00973,20245,2026-05-04 16:25:00,253700,COMPLETE
U260520-00974,20246,2026-05-20 12:43:10,76700,COMPLETE
U251117-00975,20246,2025-11-17 19:39:17,73100,COMPLETE
U250708-00976,20246,2025-07-08 21:42:03,34100,RETURNED
U240426-00977,20249,2024-04-26 19:47:13,302400,COMPLETE
U251003-00978,20250,2025-10-03 12:08:30,134200,COMPLETE
U260210-00979,20250,2026-02-10 20:59:02,123900,RETURNED
U250506-00980,20250,2025-05-06 16:49:10,66400,COMPLETE
U250212-00981,20251,2025-02-12 16:54:05,75900,CANCELED
U260703-00982,20252,2026-07-03 22:44:21,18000,COMPLETE
U260704-00983,20252,2026-07-04 20:17:12,43100,RETURNED
U260712-00984,20252,2026-07-12 12:24:04,56800,COMPLETE
U260717-00985,20252,2026-07-17 12:26:16,161500,COMPLETE
U260627-00986,20252,2026-06-27 16:06:51,62700,COMPLETE
U260826-00987,20252,2026-08-26 09:54:56,291600,COMPLETE
U260820-00988,20252,2026-08-20 16:37:28,65000,COMPLETE
U260808-00989,20252,2026-08-08 16:58:29,188600,COMPLETE
U260821-00990,20252,2026-08-21 18:02:17,246800,COMPLETE
U260903-00991,20252,2026-09-03 12:57:58,288400,COMPLETE
U260823-00992,20252,2026-08-23 16:50:56,243800,COMPLETE
U260702-00993,20252,2026-07-02 12:47:54,67400,RETURNED
U260804-00994,20252,2026-08-04 13:17:53,201700,COMPLETE
U260530-00995,20252,2026-05-30 10:34:38,58400,COMPLETE
U251129-00996,20253,2025-11-29 23:50:59,64500,CANCELED
U260216-00997,20253,2026-02-16 13:49:53,175500,RETURNED
U260106-00998,20254,2026-01-06 19:24:50,196500,COMPLETE
U251021-00999,20254,2025-10-21 21:25:06,310100,COMPLETE
U241127-01000,20254,2024-11-27 20:06:11,276200,COMPLETE
U260405-01001,20254,2026-04-05 15:37:12,1198300,COMPLETE
U250321-01002,20254,2025-03-21 18:41:28,390400,COMPLETE
U260302-01003,20255,2026-03-02 20:50:27,146100,COMPLETE
U260716-01004,20255,2026-07-16 00:56:11,198200,COMPLETE
U250811-01005,20255,2025-08-11 18:48:07,735800,COMPLETE
U250920-01006,20255,2025-09-20 11:40:12,53500,COMPLETE
U260816-01007,20256,2026-08-16 22:44:40,173500,COMPLETE
U260711-01008,20256,2026-07-11 21:05:02,254000,COMPLETE
U241029-01009,20257,2024-10-29 22:16:40,386500,RETURNED
U260818-01010,20258,2026-08-18 19:58:46,253500,RETURNED
U260628-01011,20258,2026-06-28 00:16:30,678700,COMPLETE
U260823-01012,20258,2026-08-23 16:32:25,39500,RETURNED
U260317-01013,20258,2026-03-17 00:28:41,78800,COMPLETE
U260220-01014,20259,2026-02-20 19:46:35,191500,COMPLETE
U260507-01015,20259,2026-05-07 18:33:27,42000,COMPLETE
U260518-01016,20259,2026-05-18 21:26:54,154100,COMPLETE
U260218-01017,20259,2026-02-18 16:56:47,118600,COMPLETE
U260814-01018,20259,2026-08-14 11:45:26,315500,COMPLETE
U251217-01019,20259,2025-12-17 15:56:14,80600,COMPLETE
U260613-01020,20259,2026-06-13 22:25:34,268200,RETURNED
U260401-01021,20259,2026-04-01 19:17:03,47200,COMPLETE
U260808-01022,20259,2026-08-08 17:21:06,227300,COMPLETE
U251009-01023,20259,2025-10-09 23:25:59,147200,RETURNED
U240303-01024,20260,2024-03-03 15:26:02,123700,COMPLETE
U260830-01025,20261,2026-08-30 13:19:26,228800,COMPLETE
U260701-01026,20262,2026-07-01 21:02:31,235700,COMPLETE
U260630-01027,20262,2026-06-30 20:07:03,26500,COMPLETE
U240708-01028,20263,2024-07-08 22:22:15,498800,COMPLETE
U240710-01029,20263,2024-07-10 16:45:41,192600,COMPLETE
U240710-01030,20263,2024-07-10 13:17:53,219800,COMPLETE
U231003-01031,20264,2023-10-03 20:46:35,966100,COMPLETE
U230621-01032,20264,2023-06-21 20:43:44,161800,COMPLETE
U260807-01033,20264,2026-08-07 17:35:36,408300,COMPLETE
U260828-01034,20265,2026-08-28 08:14:12,61700,COMPLETE
U260718-01035,20265,2026-07-18 16:45:37,55800,COMPLETE
U260728-01036,20265,2026-07-28 21:27:58,67800,COMPLETE
U260722-01037,20265,2026-07-22 13:48:06,148000,COMPLETE
U260725-01038,20265,2026-07-25 11:44:24,180300,COMPLETE
U260821-01039,20265,2026-08-21 11:00:19,207700,COMPLETE
U260425-01040,20266,2026-04-25 20:08:25,56000,COMPLETE
U260903-01041,20267,2026-09-03 13:32:21,313200,COMPLETE
U240703-01042,20268,2024-07-03 19:24:46,218400,COMPLETE
U231212-01043,20268,2023-12-12 18:02:40,33800,COMPLETE
U260404-01044,20268,2026-04-04 10:33:11,355500,COMPLETE
U260710-01045,20269,2026-07-10 17:25:32,200300,COMPLETE
U260411-01046,20269,2026-04-11 21:11:48,29300,RETURNED
U260629-01047,20269,2026-06-29 23:11:07,63400,COMPLETE
U250927-01048,20270,2025-09-27 10:33:08,270700,COMPLETE
U260705-01049,20270,2026-07-05 16:15:42,227300,COMPLETE
U260415-01050,20270,2026-04-15 22:13:29,216000,RETURNED
U260723-01051,20270,2026-07-23 13:27:11,116600,COMPLETE
U260624-01052,20271,2026-06-24 20:08:08,407000,COMPLETE
U260611-01053,20271,2026-06-11 16:06:29,354900,COMPLETE
U260406-01054,20271,2026-04-06 18:38:09,32000,COMPLETE
U260726-01055,20271,2026-07-26 20:18:17,39800,COMPLETE
U260813-01056,20272,2026-08-13 19:35:42,125100,CANCELED
U260619-01057,20273,2026-06-19 14:18:01,113200,COMPLETE
U260409-01058,20275,2026-04-09 20:00:42,82800,CANCELED
U260607-01059,20275,2026-06-07 19:20:53,56200,COMPLETE
U260508-01060,20275,2026-05-08 15:07:34,44200,CANCELED
U260518-01061,20275,2026-05-18 23:27:29,483200,COMPLETE
U260207-01062,20275,2026-02-07 18:51:16,52800,COMPLETE
U231020-01063,20276,2023-10-20 10:43:13,169300,CANCELED
U250819-01064,20278,2025-08-19 09:29:32,18100,COMPLETE
U250126-01065,20278,2025-01-26 20:53:00,34600,COMPLETE
U250615-01066,20278,2025-06-15 20:00:56,120100,RETURNED
U260118-01067,20278,2026-01-18 19:33:18,29200,COMPLETE
U260807-01068,20278,2026-08-07 16:40:44,261900,COMPLETE
U250414-01069,20278,2025-04-14 18:26:33,96100,COMPLETE
U241218-01070,20278,2024-12-18 12:08:58,175400,CANCELED
U260803-01071,20278,2026-08-03 22:22:35,224600,COMPLETE
U260512-01072,20278,2026-05-12 20:43:49,283200,COMPLETE
U260822-01073,20278,2026-08-22 13:41:00,450700,COMPLETE
U260827-01074,20278,2026-08-27 10:00:25,42700,COMPLETE
U260125-01075,20278,2026-01-25 11:40:26,332500,COMPLETE
U250731-01076,20278,2025-07-31 16:02:56,912900,COMPLETE
U260306-01077,20278,2026-03-06 13:32:48,195900,COMPLETE
U260823-01078,20279,2026-08-23 11:19:12,159900,COMPLETE
U260722-01079,20279,2026-07-22 10:30:00,96300,COMPLETE
U251029-01080,20279,2025-10-29 22:48:45,140700,COMPLETE
U260731-01081,20280,2026-07-31 12:52:36,58200,CANCELED
U240606-01082,20281,2024-06-06 12:09:51,47800,COMPLETE
U260316-01083,20281,2026-03-16 20:45:28,158400,COMPLETE
U241031-01084,20281,2024-10-31 09:12:16,199000,CANCELED
U260427-01085,20281,2026-04-27 12:09:53,70100,COMPLETE
U260329-01086,20282,2026-03-29 09:46:50,435100,COMPLETE
U260707-01087,20282,2026-07-07 21:55:33,120600,COMPLETE
U260807-01088,20282,2026-08-07 18:57:20,176000,COMPLETE
U260605-01089,20282,2026-06-05 11:37:08,147200,COMPLETE
U230815-01090,20284,2023-08-15 22:44:17,287400,COMPLETE
U240303-01091,20284,2024-03-03 21:59:41,164900,COMPLETE
U230402-01092,20284,2023-04-02 20:14:03,24800,COMPLETE
U260817-01093,20285,2026-08-17 13:09:06,596100,COMPLETE
U260829-01094,20285,2026-08-29 18:34:22,619600,COMPLETE
U260902-01095,20285,2026-09-02 13:39:37,157200,COMPLETE
U260815-01096,20285,2026-08-15 22:40:15,296600,COMPLETE
U260831-01097,20285,2026-08-31 00:13:59,98600,COMPLETE
U260823-01098,20285,2026-08-23 09:26:01,269700,COMPLETE
U260827-01099,20285,2026-08-27 21:36:18,82400,COMPLETE
U260901-01100,20285,2026-09-01 12:36:14,216500,COMPLETE
U260902-01101,20285,2026-09-02 12:40:29,95900,CANCELED
U260826-01102,20285,2026-08-26 23:13:13,396000,COMPLETE
U260826-01103,20285,2026-08-26 21:35:11,21200,COMPLETE
U260829-01104,20285,2026-08-29 00:37:11,34700,COMPLETE
U260828-01105,20285,2026-08-28 11:32:08,246500,CANCELED
U260829-01106,20285,2026-08-29 11:11:20,68800,COMPLETE
U260826-01107,20285,2026-08-26 10:00:29,589800,RETURNED
U260824-01108,20285,2026-08-24 21:24:19,74400,COMPLETE
U241012-01109,20286,2024-10-12 23:05:53,45000,CANCELED
U251014-01110,20287,2025-10-14 23:49:50,135200,COMPLETE
U260227-01111,20287,2026-02-27 21:17:26,94300,CANCELED
U260327-01112,20287,2026-03-27 00:42:05,341600,COMPLETE
U250806-01113,20288,2025-08-06 20:19:03,223300,COMPLETE
U260103-01114,20289,2026-01-03 22:04:29,36700,COMPLETE
U260715-01115,20289,2026-07-15 17:50:01,198500,COMPLETE
U260606-01116,20289,2026-06-06 22:09:09,799500,COMPLETE
U260103-01117,20289,2026-01-03 09:27:40,45800,COMPLETE
U250802-01118,20290,2025-08-02 16:41:58,34500,COMPLETE
U250804-01119,20290,2025-08-04 14:09:14,118200,COMPLETE
U250802-01120,20290,2025-08-02 12:49:23,50800,COMPLETE
U260425-01121,20291,2026-04-25 12:12:48,45300,COMPLETE
U260724-01122,20292,2026-07-24 10:12:17,136400,COMPLETE
U250221-01123,20293,2025-02-21 11:04:23,227500,COMPLETE
U260120-01124,20294,2026-01-20 00:50:25,151800,COMPLETE
U260807-01125,20295,2026-08-07 22:43:48,160200,RETURNED
U260708-01126,20295,2026-07-08 21:03:26,416000,COMPLETE
U260829-01127,20295,2026-08-29 18:52:13,258300,COMPLETE
U260605-01128,20295,2026-06-05 22:03:55,199600,RETURNED
U260703-01129,20295,2026-07-03 20:32:24,50900,COMPLETE
U260629-01130,20295,2026-06-29 11:17:31,45600,COMPLETE
U260627-01131,20295,2026-06-27 14:27:39,130900,COMPLETE
U260606-01132,20295,2026-06-06 17:50:27,205100,COMPLETE
U260718-01133,20295,2026-07-18 00:57:21,346500,COMPLETE
U260620-01134,20295,2026-06-20 21:44:28,52600,COMPLETE
U260618-01135,20295,2026-06-18 11:05:41,79200,COMPLETE
U260615-01136,20295,2026-06-15 19:07:06,203100,RETURNED
U240120-01137,20296,2024-01-20 21:09:58,25000,COMPLETE
U240118-01138,20296,2024-01-18 18:51:47,63000,COMPLETE
U250809-01139,20297,2025-08-09 22:13:23,110600,COMPLETE
U260831-01140,20298,2026-08-31 16:38:16,55700,COMPLETE
U260811-01141,20298,2026-08-11 21:27:57,53200,COMPLETE
U260902-01142,20299,2026-09-02 20:37:20,519500,COMPLETE
U260807-01143,20299,2026-08-07 22:56:14,22800,COMPLETE
U260902-01144,20299,2026-09-02 17:06:44,133900,COMPLETE
U260723-01145,20299,2026-07-23 11:31:53,114000,COMPLETE
U260120-01146,20300,2026-01-20 22:22:22,110800,COMPLETE
U260122-01147,20300,2026-01-22 11:22:13,147100,COMPLETE
U260121-01148,20300,2026-01-21 18:19:14,110800,COMPLETE
U260830-01149,20302,2026-08-30 22:38:27,31500,COMPLETE
U250213-01150,20303,2025-02-13 12:19:07,10400,COMPLETE
U250215-01151,20303,2025-02-15 08:47:01,84300,COMPLETE
U240814-01152,20304,2024-08-14 17:25:59,521200,COMPLETE
U260821-01153,20305,2026-08-21 22:24:13,79700,COMPLETE
U260723-01154,20305,2026-07-23 19:34:02,182900,COMPLETE
U260826-01155,20305,2026-08-26 20:23:25,235500,COMPLETE
U260731-01156,20305,2026-07-31 12:32:46,327500,COMPLETE
U260730-01157,20305,2026-07-30 15:59:42,199600,COMPLETE
U260813-01158,20305,2026-08-13 21:52:54,56400,COMPLETE
U260821-01159,20305,2026-08-21 19:15:22,47800,COMPLETE
U260816-01160,20305,2026-08-16 19:54:14,35000,COMPLETE
U260811-01161,20305,2026-08-11 10:17:30,231100,COMPLETE
U260804-01162,20305,2026-08-04 13:08:27,150400,COMPLETE
U260826-01163,20305,2026-08-26 19:35:42,22200,COMPLETE
U260730-01164,20305,2026-07-30 12:17:24,70800,COMPLETE
U251208-01165,20306,2025-12-08 21:15:18,135800,COMPLETE
U260827-01166,20306,2026-08-27 23:37:15,46700,COMPLETE
U260419-01167,20306,2026-04-19 12:01:46,307400,COMPLETE
U250101-01168,20307,2025-01-01 10:07:35,304600,COMPLETE
U251225-01169,20307,2025-12-25 17:31:43,120400,COMPLETE
U260813-01170,20308,2026-08-13 12:19:50,244200,COMPLETE
U260830-01171,20308,2026-08-30 19:04:30,254600,COMPLETE
U260831-01172,20308,2026-08-31 13:21:03,153400,COMPLETE
U260805-01173,20308,2026-08-05 17:02:53,93100,COMPLETE
U260802-01174,20308,2026-08-02 21:57:21,114500,RETURNED
U260722-01175,20308,2026-07-22 20:12:15,256000,COMPLETE
U260805-01176,20308,2026-08-05 19:22:40,621700,COMPLETE
U260812-01177,20308,2026-08-12 16:39:38,814400,COMPLETE
U240401-01178,20309,2024-04-01 10:18:57,188500,COMPLETE
U250930-01179,20309,2025-09-30 23:05:08,47400,COMPLETE
U250615-01180,20310,2025-06-15 20:17:47,144700,COMPLETE
U250511-01181,20311,2025-05-11 23:16:50,41900,CANCELED
U260425-01182,20311,2026-04-25 14:19:32,126900,COMPLETE
U250125-01183,20311,2025-01-25 19:16:40,386900,COMPLETE
U260311-01184,20311,2026-03-11 20:52:42,199200,COMPLETE
U260409-01185,20312,2026-04-09 16:05:20,56800,COMPLETE
U260110-01186,20312,2026-01-10 16:45:08,330500,COMPLETE
U260129-01187,20312,2026-01-29 13:05:23,69800,COMPLETE
U260605-01188,20313,2026-06-05 22:16:02,227000,COMPLETE
U250725-01189,20313,2025-07-25 15:15:45,35500,COMPLETE
U250828-01190,20313,2025-08-28 18:12:49,317900,COMPLETE
U250717-01191,20313,2025-07-17 11:47:27,174200,COMPLETE
U260510-01192,20314,2026-05-10 16:17:49,73200,COMPLETE
U240821-01193,20314,2024-08-21 22:54:18,83000,COMPLETE
U241127-01194,20314,2024-11-27 11:10:30,104800,COMPLETE
U241029-01195,20315,2024-10-29 21:32:55,353800,COMPLETE
U241029-01196,20315,2024-10-29 14:24:34,99400,COMPLETE
U241028-01197,20315,2024-10-28 19:34:18,552200,COMPLETE
U260828-01198,20316,2026-08-28 14:36:35,150300,RETURNED
U260613-01199,20316,2026-06-13 17:59:33,102000,RETURNED
U260605-01200,20316,2026-06-05 20:34:26,165000,COMPLETE
U260517-01201,20316,2026-05-17 15:03:42,223700,COMPLETE
U260728-01202,20317,2026-07-28 23:07:16,199000,COMPLETE
U260509-01203,20317,2026-05-09 10:03:44,677100,COMPLETE
U260531-01204,20317,2026-05-31 19:50:55,81800,COMPLETE
U260319-01205,20318,2026-03-19 21:48:07,637000,COMPLETE
U260515-01206,20318,2026-05-15 09:09:51,238500,COMPLETE
U260824-01207,20318,2026-08-24 21:12:18,64900,CANCELED
U260621-01208,20319,2026-06-21 10:01:27,141500,COMPLETE
U260719-01209,20319,2026-07-19 18:10:15,173600,COMPLETE
U260726-01210,20320,2026-07-26 19:32:29,105100,COMPLETE
U260623-01211,20320,2026-06-23 18:00:53,69600,COMPLETE
U260822-01212,20320,2026-08-22 20:42:36,340000,COMPLETE
U260901-01213,20320,2026-09-01 10:23:50,250600,COMPLETE
U260314-01214,20321,2026-03-14 12:03:42,50800,RETURNED
U241024-01215,20321,2024-10-24 22:58:39,57800,COMPLETE
U230428-01216,20322,2023-04-28 11:40:15,273800,COMPLETE
U250916-01217,20323,2025-09-16 23:34:28,507500,COMPLETE
U260724-01218,20324,2026-07-24 19:34:25,203600,COMPLETE
U231201-01219,20324,2023-12-01 15:55:36,335700,RETURNED
U260101-01220,20324,2026-01-01 16:58:12,19600,CANCELED
U260511-01221,20324,2026-05-11 22:57:21,81500,COMPLETE
U260805-01222,20325,2026-08-05 17:46:34,629100,RETURNED
U260220-01223,20325,2026-02-20 20:35:26,593000,COMPLETE
U260709-01224,20325,2026-07-09 11:36:26,437800,COMPLETE
U260202-01225,20325,2026-02-02 18:19:51,405500,COMPLETE
U260207-01226,20325,2026-02-07 20:54:30,133300,COMPLETE
U250707-01227,20325,2025-07-07 21:47:55,77100,COMPLETE
U251207-01228,20325,2025-12-07 15:49:22,300200,COMPLETE
U260519-01229,20325,2026-05-19 18:02:03,205300,COMPLETE
U260609-01230,20325,2026-06-09 21:24:42,17300,COMPLETE
U260730-01231,20325,2026-07-30 09:10:05,298200,COMPLETE
U260504-01232,20325,2026-05-04 16:42:53,192900,COMPLETE
U260224-01233,20325,2026-02-24 09:59:26,118600,COMPLETE
U260430-01234,20326,2026-04-30 22:51:36,200000,COMPLETE
U260531-01235,20326,2026-05-31 16:17:41,86900,COMPLETE
U260601-01236,20326,2026-06-01 22:26:12,159900,COMPLETE
U251116-01237,20327,2025-11-16 00:26:47,1538300,COMPLETE
U260127-01238,20328,2026-01-27 16:06:07,233400,COMPLETE
U260809-01239,20329,2026-08-09 14:26:50,71200,COMPLETE
U260228-01240,20329,2026-02-28 22:04:16,268700,COMPLETE
U260210-01241,20329,2026-02-10 13:07:39,83100,COMPLETE
U250705-01242,20330,2025-07-05 09:48:54,448400,COMPLETE
U260420-01243,20330,2026-04-20 12:01:28,24000,COMPLETE
U250705-01244,20330,2025-07-05 20:46:20,99200,COMPLETE
U260319-01245,20330,2026-03-19 11:42:00,70700,COMPLETE
U260227-01246,20331,2026-02-27 10:28:37,566400,COMPLETE
U260601-01247,20332,2026-06-01 12:04:44,25200,COMPLETE
U260401-01248,20332,2026-04-01 13:57:43,48500,COMPLETE
U250521-01249,20332,2025-05-21 17:50:31,284800,COMPLETE
U260406-01250,20332,2026-04-06 20:58:03,346700,COMPLETE
U260126-01251,20333,2026-01-26 23:55:05,13700,COMPLETE
U260516-01252,20333,2026-05-16 19:46:54,144500,COMPLETE
U260226-01253,20333,2026-02-26 16:01:39,218900,COMPLETE
U250118-01254,20333,2025-01-18 11:11:03,37100,COMPLETE
U240926-01255,20333,2024-09-26 17:36:52,255900,COMPLETE
U260213-01256,20333,2026-02-13 13:33:48,147000,COMPLETE
U260609-01257,20333,2026-06-09 09:28:57,67000,COMPLETE
U260304-01258,20333,2026-03-04 23:28:52,143600,COMPLETE
U260813-01259,20334,2026-08-13 23:39:53,766900,COMPLETE
U260813-01260,20334,2026-08-13 00:59:02,183400,COMPLETE
U260902-01261,20335,2026-09-02 21:07:32,169800,COMPLETE
U240602-01262,20336,2024-06-02 21:57:56,95900,COMPLETE
U230525-01263,20336,2023-05-25 11:39:58,39100,COMPLETE
U260529-01264,20336,2026-05-29 22:21:00,167900,CANCELED
U260509-01265,20337,2026-05-09 14:40:07,113200,COMPLETE
U260502-01266,20337,2026-05-02 18:39:23,385200,COMPLETE
U250617-01267,20337,2025-06-17 21:26:01,128100,COMPLETE
U260830-01268,20337,2026-08-30 17:52:27,194700,COMPLETE
U260211-01269,20337,2026-02-11 13:06:23,44200,COMPLETE
U260214-01270,20337,2026-02-14 14:54:32,46500,COMPLETE
U260225-01271,20337,2026-02-25 11:49:46,63000,COMPLETE
U260824-01272,20337,2026-08-24 16:37:59,52400,COMPLETE
U260213-01273,20337,2026-02-13 18:58:32,366000,COMPLETE
U260719-01274,20337,2026-07-19 14:17:40,92500,COMPLETE
U260208-01275,20337,2026-02-08 14:20:53,86500,COMPLETE
U250722-01276,20337,2025-07-22 16:01:14,55400,COMPLETE
U260725-01277,20338,2026-07-25 13:11:55,139000,COMPLETE
U260804-01278,20338,2026-08-04 20:07:24,380800,CANCELED
U260709-01279,20338,2026-07-09 09:58:23,163600,COMPLETE
U260821-01280,20338,2026-08-21 14:10:54,93300,COMPLETE
U250626-01281,20341,2025-06-26 16:11:33,111400,CANCELED
U251109-01282,20341,2025-11-09 20:18:29,99200,COMPLETE
U250619-01283,20341,2025-06-19 22:03:28,432000,COMPLETE
U260821-01284,20341,2026-08-21 18:45:39,65300,COMPLETE
U260411-01285,20341,2026-04-11 22:29:17,27000,COMPLETE
U250817-01286,20341,2025-08-17 22:58:37,276100,COMPLETE
U260601-01287,20341,2026-06-01 16:57:20,573700,RETURNED
U250414-01288,20341,2025-04-14 23:03:08,136600,COMPLETE
U260114-01289,20341,2026-01-14 20:46:44,279300,COMPLETE
U251222-01290,20341,2025-12-22 17:59:35,170600,COMPLETE
U250303-01291,20341,2025-03-03 22:49:15,756400,COMPLETE
U260615-01292,20341,2026-06-15 15:03:43,248900,RETURNED
U260105-01293,20341,2026-01-05 16:02:49,77200,COMPLETE
U260902-01294,20341,2026-09-02 22:13:02,423200,COMPLETE
U250224-01295,20342,2025-02-24 12:21:30,342900,COMPLETE
U260427-01296,20343,2026-04-27 23:48:11,99400,COMPLETE
U260206-01297,20343,2026-02-06 12:32:09,78600,COMPLETE
U260626-01298,20343,2026-06-26 17:07:57,155500,COMPLETE
U260804-01299,20343,2026-08-04 16:47:02,128400,COMPLETE
U260406-01300,20343,2026-04-06 18:02:46,183200,CANCELED
U260806-01301,20343,2026-08-06 14:58:28,182100,COMPLETE
U260611-01302,20343,2026-06-11 10:02:14,42300,COMPLETE
U260809-01303,20344,2026-08-09 18:25:06,216800,COMPLETE
U251018-01304,20345,2025-10-18 15:10:33,130700,COMPLETE
U240715-01305,20345,2024-07-15 00:50:22,238200,COMPLETE
U260812-01306,20345,2026-08-12 09:23:04,77100,COMPLETE
U250424-01307,20345,2025-04-24 21:19:31,225600,COMPLETE
U240916-01308,20345,2024-09-16 23:04:25,407300,COMPLETE
U260505-01309,20348,2026-05-05 14:55:53,49500,RETURNED
U260807-01310,20349,2026-08-07 23:20:29,256300,CANCELED
U260902-01311,20349,2026-09-02 18:44:37,546400,COMPLETE
U260810-01312,20349,2026-08-10 19:30:28,162000,COMPLETE
U260809-01313,20350,2026-08-09 13:13:25,175300,COMPLETE
U260402-01314,20350,2026-04-02 22:57:33,85700,COMPLETE
U260702-01315,20350,2026-07-02 15:39:36,103900,RETURNED
U260221-01316,20350,2026-02-21 23:19:24,384400,COMPLETE
U260516-01317,20350,2026-05-16 08:30:15,299800,COMPLETE
U260417-01318,20350,2026-04-17 22:05:51,209800,COMPLETE
U260504-01319,20350,2026-05-04 00:05:36,347200,COMPLETE
U251028-01320,20350,2025-10-28 15:33:00,393700,COMPLETE
U250225-01321,20351,2025-02-25 18:24:19,183000,COMPLETE
U260701-01322,20352,2026-07-01 12:43:38,148600,COMPLETE
U260619-01323,20352,2026-06-19 14:39:33,490600,COMPLETE
U260805-01324,20352,2026-08-05 21:49:50,75500,COMPLETE
U260709-01325,20353,2026-07-09 11:18:41,110200,COMPLETE
U260812-01326,20353,2026-08-12 22:27:30,474800,COMPLETE
U251212-01327,20354,2025-12-12 22:14:18,120900,COMPLETE
U260821-01328,20354,2026-08-21 17:55:21,144300,COMPLETE
U260102-01329,20354,2026-01-02 18:56:43,52400,COMPLETE
U260828-01330,20354,2026-08-28 23:24:19,130800,COMPLETE
U240527-01331,20355,2024-05-27 13:12:09,192800,COMPLETE
U230929-01332,20355,2023-09-29 16:15:20,124600,COMPLETE
U260423-01333,20356,2026-04-23 21:58:38,293200,COMPLETE
U260722-01334,20356,2026-07-22 12:01:10,406200,COMPLETE
U260522-01335,20356,2026-05-22 23:37:42,197500,CANCELED
U260719-01336,20356,2026-07-19 17:33:48,52000,COMPLETE
U251207-01337,20357,2025-12-07 16:13:04,94900,COMPLETE
U240904-01338,20357,2024-09-04 12:19:29,80600,COMPLETE
U260820-01339,20357,2026-08-20 19:55:32,76400,COMPLETE
U250831-01340,20357,2025-08-31 12:40:09,25100,COMPLETE
U260714-01341,20358,2026-07-14 20:17:16,352900,COMPLETE
U260714-01342,20358,2026-07-14 18:22:48,162200,COMPLETE
U260727-01343,20358,2026-07-27 19:58:52,560500,COMPLETE
U260427-01344,20358,2026-04-27 18:31:34,101500,COMPLETE
U240824-01345,20359,2024-08-24 20:36:32,75300,COMPLETE
U260810-01346,20359,2026-08-10 19:53:07,755600,COMPLETE
U250428-01347,20359,2025-04-28 22:28:53,38400,COMPLETE
U250707-01348,20359,2025-07-07 22:53:51,199700,COMPLETE
U260712-01349,20359,2026-07-12 11:23:26,59800,COMPLETE
U240812-01350,20359,2024-08-12 19:56:40,393200,COMPLETE
U260103-01351,20360,2026-01-03 16:14:47,172000,COMPLETE
U260812-01352,20362,2026-08-12 17:48:49,56500,COMPLETE
U260710-01353,20362,2026-07-10 22:07:45,352700,COMPLETE
U260808-01354,20362,2026-08-08 11:32:04,790000,COMPLETE
U260731-01355,20362,2026-07-31 16:50:48,86300,COMPLETE
U251122-01356,20363,2025-11-22 14:26:28,221400,COMPLETE
U260710-01357,20363,2026-07-10 22:48:39,24100,RETURNED
U250911-01358,20363,2025-09-11 12:05:08,224500,COMPLETE
U240526-01359,20364,2024-05-26 12:33:34,307200,COMPLETE
U251201-01360,20364,2025-12-01 16:28:46,202000,COMPLETE
U250920-01361,20365,2025-09-20 21:27:10,51100,CANCELED
U260415-01362,20365,2026-04-15 21:51:33,325800,COMPLETE
U250808-01363,20366,2025-08-08 12:57:56,310100,COMPLETE
U250817-01364,20367,2025-08-17 14:20:15,439800,RETURNED
U250819-01365,20367,2025-08-19 22:55:55,112700,COMPLETE
U250818-01366,20367,2025-08-18 18:34:51,157300,COMPLETE
U260410-01367,20368,2026-04-10 12:04:01,295300,COMPLETE
U250606-01368,20368,2025-06-06 11:13:44,145800,COMPLETE
U251209-01369,20368,2025-12-09 11:11:10,116000,COMPLETE
U260315-01370,20368,2026-03-15 17:44:18,680000,COMPLETE
U251108-01371,20368,2025-11-08 22:56:04,163400,COMPLETE
U260618-01372,20368,2026-06-18 20:53:27,114300,COMPLETE
U251019-01373,20369,2025-10-19 19:19:37,949400,CANCELED
U260817-01374,20369,2026-08-17 21:48:21,42400,COMPLETE
U250316-01375,20369,2025-03-16 10:43:02,394900,COMPLETE
U260902-01376,20370,2026-09-02 22:51:30,275300,COMPLETE
U260903-01377,20370,2026-09-03 21:13:15,135200,CANCELED
U250314-01378,20371,2025-03-14 16:42:25,32900,COMPLETE
U260528-01379,20372,2026-05-28 16:40:31,359100,COMPLETE
U251022-01380,20373,2025-10-22 22:40:52,56000,COMPLETE
U260814-01381,20374,2026-08-14 11:18:25,169200,COMPLETE
U260816-01382,20374,2026-08-16 21:09:00,50100,COMPLETE
U251218-01383,20374,2025-12-18 21:55:43,84900,COMPLETE
U260716-01384,20374,2026-07-16 19:34:10,41100,COMPLETE
U260811-01385,20374,2026-08-11 23:47:33,436000,COMPLETE
U260705-01386,20375,2026-07-05 09:01:50,41900,COMPLETE
U260409-01387,20375,2026-04-09 20:23:12,137800,COMPLETE
U260605-01388,20375,2026-06-05 10:38:11,189200,COMPLETE
U260630-01389,20376,2026-06-30 18:03:36,40700,COMPLETE
U260410-01390,20376,2026-04-10 16:50:36,36000,COMPLETE
U250610-01391,20376,2025-06-10 08:37:38,159600,COMPLETE
U260821-01392,20376,2026-08-21 14:35:45,101300,COMPLETE
U260201-01393,20376,2026-02-01 09:25:51,621200,COMPLETE
U260623-01394,20377,2026-06-23 22:50:34,28800,COMPLETE
U260726-01395,20377,2026-07-26 15:36:46,383200,COMPLETE
U260830-01396,20377,2026-08-30 15:55:21,268200,COMPLETE
U260813-01397,20377,2026-08-13 23:16:46,162500,RETURNED
U260523-01398,20378,2026-05-23 17:22:05,99900,COMPLETE
U260728-01399,20378,2026-07-28 22:19:04,112600,COMPLETE
U260809-01400,20378,2026-08-09 23:26:41,82100,COMPLETE
U260603-01401,20378,2026-06-03 16:11:06,194300,COMPLETE
U260616-01402,20378,2026-06-16 22:39:10,43800,COMPLETE
U260720-01403,20378,2026-07-20 22:32:36,288900,COMPLETE
U260708-01404,20378,2026-07-08 19:22:39,331500,COMPLETE
U260811-01405,20378,2026-08-11 17:18:08,435300,COMPLETE
U260714-01406,20378,2026-07-14 20:51:03,227100,COMPLETE
U260728-01407,20378,2026-07-28 00:51:55,231400,COMPLETE
U260524-01408,20378,2026-05-24 21:12:03,125100,COMPLETE
U260117-01409,20378,2026-01-17 16:57:00,70800,COMPLETE
U260626-01410,20378,2026-06-26 16:47:47,88800,RETURNED
U251106-01411,20378,2025-11-06 22:36:13,71800,COMPLETE
U260806-01412,20379,2026-08-06 12:45:42,81500,COMPLETE
U251210-01413,20379,2025-12-10 11:15:27,196200,COMPLETE
U250921-01414,20379,2025-09-21 23:18:43,149200,CANCELED
U260718-01415,20379,2026-07-18 13:19:23,181900,COMPLETE
U260105-01416,20379,2026-01-05 23:57:20,69400,COMPLETE
U250704-01417,20380,2025-07-04 13:28:58,724500,COMPLETE
U230614-01418,20381,2023-06-14 19:05:49,97200,CANCELED
U250506-01419,20382,2025-05-06 21:42:15,172400,COMPLETE
U250803-01420,20382,2025-08-03 15:55:53,313600,COMPLETE
U260122-01421,20382,2026-01-22 21:41:42,76600,COMPLETE
U240508-01422,20382,2024-05-08 16:54:52,149500,CANCELED
U250108-01423,20382,2025-01-08 12:58:22,283200,COMPLETE
U260606-01424,20382,2026-06-06 16:55:41,984800,COMPLETE
U260606-01425,20383,2026-06-06 20:55:38,46300,COMPLETE
U260129-01426,20383,2026-01-29 09:13:02,44500,COMPLETE
U240827-01427,20383,2024-08-27 20:03:52,297600,COMPLETE
U260626-01428,20383,2026-06-26 00:43:48,497600,COMPLETE
U240417-01429,20383,2024-04-17 21:42:53,217800,COMPLETE
U260309-01430,20383,2026-03-09 23:23:44,48700,COMPLETE
U250615-01431,20384,2025-06-15 21:02:18,266500,COMPLETE
U260830-01432,20385,2026-08-30 16:07:48,67700,COMPLETE
U260823-01433,20385,2026-08-23 00:05:43,230000,COMPLETE
U260831-01434,20385,2026-08-31 12:55:49,129700,COMPLETE
U260829-01435,20385,2026-08-29 00:30:14,150400,COMPLETE
U260826-01436,20385,2026-08-26 22:39:09,41400,COMPLETE
U260831-01437,20385,2026-08-31 12:47:03,322200,RETURNED
U260327-01438,20386,2026-03-27 17:54:25,177600,COMPLETE
U260320-01439,20386,2026-03-20 11:11:55,61200,CANCELED
U260123-01440,20386,2026-01-23 10:02:27,292400,COMPLETE
U250817-01441,20386,2025-08-17 11:24:20,48600,COMPLETE
U260705-01442,20387,2026-07-05 20:56:15,61500,COMPLETE
U260829-01443,20387,2026-08-29 10:45:28,195100,COMPLETE
U260829-01444,20387,2026-08-29 21:05:23,914100,COMPLETE
U260831-01445,20387,2026-08-31 16:34:52,72900,COMPLETE
U260714-01446,20387,2026-07-14 12:26:20,54300,RETURNED
U260805-01447,20387,2026-08-05 12:47:23,53100,COMPLETE
U260805-01448,20387,2026-08-05 10:09:03,189400,COMPLETE
U260706-01449,20387,2026-07-06 23:17:39,85400,RETURNED
U260630-01450,20387,2026-06-30 13:10:37,102700,COMPLETE
U260804-01451,20387,2026-08-04 08:16:24,11200,CANCELED
U260614-01452,20388,2026-06-14 22:15:00,37000,COMPLETE
U260520-01453,20388,2026-05-20 16:59:31,42600,COMPLETE
U260227-01454,20389,2026-02-27 08:22:27,63200,COMPLETE
U260826-01455,20390,2026-08-26 20:53:03,93200,COMPLETE
U260731-01456,20390,2026-07-31 20:15:18,296000,COMPLETE
U260630-01457,20390,2026-06-30 11:40:14,103200,COMPLETE
U260822-01458,20390,2026-08-22 11:39:12,59400,COMPLETE
U260603-01459,20391,2026-06-03 15:25:31,121700,COMPLETE
U250402-01460,20391,2025-04-02 11:21:24,132300,COMPLETE
U251121-01461,20391,2025-11-21 12:06:59,62500,COMPLETE
U250802-01462,20391,2025-08-02 10:21:19,193800,COMPLETE
U251209-01463,20391,2025-12-09 23:11:42,89000,RETURNED
U260302-01464,20391,2026-03-02 11:11:15,35000,CANCELED
U260331-01465,20391,2026-03-31 22:45:47,212900,CANCELED
U260109-01466,20391,2026-01-09 21:27:33,118200,COMPLETE
U250526-01467,20391,2025-05-26 09:30:22,114700,COMPLETE
U250523-01468,20391,2025-05-23 22:40:06,63700,COMPLETE
U251108-01469,20391,2025-11-08 08:43:59,484400,COMPLETE
U250423-01470,20391,2025-04-23 21:22:19,212100,COMPLETE
U250420-01471,20391,2025-04-20 10:51:47,138300,COMPLETE
U241003-01472,20391,2024-10-03 22:11:38,52900,COMPLETE
U260709-01473,20391,2026-07-09 23:21:56,144600,COMPLETE
U260125-01474,20391,2026-01-25 14:11:29,247700,COMPLETE
U260516-01475,20392,2026-05-16 14:44:45,45000,CANCELED
U260722-01476,20392,2026-07-22 21:37:56,222300,COMPLETE
U240723-01477,20393,2024-07-23 08:16:07,84400,COMPLETE
U260126-01478,20394,2026-01-26 15:47:45,212700,COMPLETE
U250704-01479,20395,2025-07-04 15:03:27,87900,COMPLETE
U250702-01480,20395,2025-07-02 20:30:13,146500,COMPLETE
U250701-01481,20395,2025-07-01 21:17:17,47700,COMPLETE
U260809-01482,20396,2026-08-09 23:31:03,36500,COMPLETE
U260818-01483,20396,2026-08-18 20:06:07,421700,COMPLETE
U260716-01484,20396,2026-07-16 21:36:37,32600,COMPLETE
U260829-01485,20396,2026-08-29 20:04:40,88900,COMPLETE
U260726-01486,20397,2026-07-26 21:34:11,317900,COMPLETE
U260716-01487,20398,2026-07-16 17:37:10,300700,COMPLETE
U251209-01488,20398,2025-12-09 13:29:12,110100,COMPLETE
U260716-01489,20398,2026-07-16 15:43:15,16200,COMPLETE
U260715-01490,20400,2026-07-15 15:55:59,45900,CANCELED
U250922-01491,20401,2025-09-22 18:40:44,47600,RETURNED
U260716-01492,20401,2026-07-16 10:45:24,77500,COMPLETE
U260815-01493,20401,2026-08-15 20:08:01,95400,COMPLETE
U251121-01494,20401,2025-11-21 22:20:33,370500,COMPLETE
U250320-01495,20401,2025-03-20 21:11:57,211200,COMPLETE
U260617-01496,20402,2026-06-17 20:22:15,94800,COMPLETE
U240424-01497,20403,2024-04-24 18:57:43,470400,COMPLETE
U260810-01498,20403,2026-08-10 13:31:40,78500,COMPLETE
U240823-01499,20403,2024-08-23 11:43:35,275400,COMPLETE
U251105-01500,20403,2025-11-05 15:54:01,50400,CANCELED
U231231-01501,20403,2023-12-31 14:34:18,69000,COMPLETE
U240329-01502,20403,2024-03-29 09:39:58,152800,COMPLETE
U250223-01503,20403,2025-02-23 12:45:03,34500,COMPLETE
U250509-01504,20403,2025-05-09 20:06:52,50200,COMPLETE
U260725-01505,20403,2026-07-25 18:53:31,88400,COMPLETE
U240405-01506,20403,2024-04-05 14:46:53,192600,COMPLETE
U260902-01507,20404,2026-09-02 10:13:59,75800,RETURNED
U250512-01508,20405,2025-05-12 00:16:55,185800,COMPLETE
U260730-01509,20405,2026-07-30 19:40:57,344600,RETURNED
U251129-01510,20407,2025-11-29 20:20:57,65600,COMPLETE
U251120-01511,20407,2025-11-20 21:53:09,194600,COMPLETE
U260608-01512,20407,2026-06-08 18:47:49,728800,COMPLETE
U260717-01513,20408,2026-07-17 18:58:34,429700,COMPLETE
U251227-01514,20408,2025-12-27 23:05:01,39700,CANCELED
U260813-01515,20408,2026-08-13 21:00:34,272500,COMPLETE
U260605-01516,20410,2026-06-05 13:16:32,171700,COMPLETE
U260607-01517,20410,2026-06-07 19:22:37,217900,CANCELED
U260823-01518,20410,2026-08-23 12:24:25,85700,COMPLETE
U260613-01519,20411,2026-06-13 23:41:34,157200,RETURNED
U260428-01520,20411,2026-04-28 22:42:30,76700,COMPLETE
U260628-01521,20411,2026-06-28 20:38:32,95900,COMPLETE
U260529-01522,20411,2026-05-29 16:07:02,288300,CANCELED
U251128-01523,20411,2025-11-28 17:42:01,234200,COMPLETE
U260715-01524,20411,2026-07-15 23:37:10,80800,COMPLETE
U260719-01525,20412,2026-07-19 21:36:33,96600,COMPLETE
U260723-01526,20412,2026-07-23 20:02:55,173700,COMPLETE
U260822-01527,20412,2026-08-22 20:23:24,56600,CANCELED
U260304-01528,20412,2026-03-04 13:08:48,286100,COMPLETE
U260902-01529,20413,2026-09-02 17:44:02,160000,COMPLETE
U260410-01530,20413,2026-04-10 10:41:58,91800,COMPLETE
U260609-01531,20413,2026-06-09 22:16:49,559200,COMPLETE
U250928-01532,20413,2025-09-28 14:12:32,476300,COMPLETE
U251211-01533,20414,2025-12-11 18:44:48,130300,COMPLETE
U260731-01534,20414,2026-07-31 19:18:06,110600,COMPLETE
U260711-01535,20414,2026-07-11 15:59:07,102800,COMPLETE
U250628-01536,20415,2025-06-28 19:27:08,35900,COMPLETE
U251127-01537,20415,2025-11-27 11:39:39,54900,COMPLETE
U260214-01538,20415,2026-02-14 20:40:58,9700,RETURNED
U240720-01539,20415,2024-07-20 17:31:12,22100,COMPLETE
U240630-01540,20415,2024-06-30 10:48:18,466400,COMPLETE
U241202-01541,20416,2024-12-02 15:02:17,208500,COMPLETE
U240906-01542,20416,2024-09-06 23:58:39,308600,COMPLETE
U260718-01543,20416,2026-07-18 13:39:39,122200,COMPLETE
U260421-01544,20416,2026-04-21 09:20:03,112200,COMPLETE
U260122-01545,20416,2026-01-22 15:55:29,40400,COMPLETE
U250702-01546,20416,2025-07-02 21:49:19,45900,COMPLETE
U240130-01547,20417,2024-01-30 19:19:50,228600,COMPLETE
U240130-01548,20417,2024-01-30 08:18:42,142500,COMPLETE
U240128-01549,20417,2024-01-28 16:07:31,109000,COMPLETE
U260901-01550,20418,2026-09-01 14:05:21,205700,COMPLETE
U260829-01551,20418,2026-08-29 21:43:39,137000,COMPLETE
U260902-01552,20418,2026-09-02 15:06:44,13500,COMPLETE
U260831-01553,20418,2026-08-31 23:07:27,82300,COMPLETE
U260404-01554,20419,2026-04-04 21:59:58,44700,COMPLETE
U260401-01555,20419,2026-04-01 18:13:39,28500,COMPLETE
U260629-01556,20419,2026-06-29 15:59:51,180700,COMPLETE
U260815-01557,20420,2026-08-15 19:40:20,98100,COMPLETE
U260901-01558,20421,2026-09-01 13:16:54,42300,COMPLETE
U260801-01559,20421,2026-08-01 21:34:50,120900,CANCELED
U260712-01560,20421,2026-07-12 10:55:10,477000,COMPLETE
U260824-01561,20421,2026-08-24 20:04:53,61600,COMPLETE
U260801-01562,20421,2026-08-01 21:27:12,69900,COMPLETE
U260725-01563,20421,2026-07-25 19:36:13,72300,COMPLETE
U260820-01564,20421,2026-08-20 10:44:49,92900,COMPLETE
U231226-01565,20422,2023-12-26 00:33:05,198200,CANCELED
U230205-01566,20422,2023-02-05 23:45:16,87300,CANCELED
U250113-01567,20422,2025-01-13 19:40:04,139400,COMPLETE
U251229-01568,20422,2025-12-29 20:05:28,122600,COMPLETE
U251215-01569,20422,2025-12-15 20:18:40,290300,COMPLETE
U250723-01570,20422,2025-07-23 18:01:35,69900,CANCELED
U240326-01571,20422,2024-03-26 10:56:20,629500,COMPLETE
U260815-01572,20423,2026-08-15 19:51:18,290600,COMPLETE
U260514-01573,20424,2026-05-14 22:44:18,195400,CANCELED
U260605-01574,20424,2026-06-05 22:47:58,59800,COMPLETE
U251224-01575,20424,2025-12-24 22:57:45,47200,COMPLETE
U251023-01576,20424,2025-10-23 08:33:34,113200,COMPLETE
U260709-01577,20424,2026-07-09 09:22:19,139200,COMPLETE
U260701-01578,20424,2026-07-01 13:20:50,130500,COMPLETE
U250826-01579,20424,2025-08-26 19:27:15,88100,COMPLETE
U260815-01580,20425,2026-08-15 16:32:56,226700,COMPLETE
U260819-01581,20425,2026-08-19 21:12:16,646600,COMPLETE
U260709-01582,20425,2026-07-09 11:33:58,20800,COMPLETE
U260710-01583,20425,2026-07-10 19:06:19,26600,COMPLETE
U260611-01584,20425,2026-06-11 23:16:32,222600,COMPLETE
U260723-01585,20425,2026-07-23 21:26:42,279600,COMPLETE
U260801-01586,20425,2026-08-01 19:29:10,153800,COMPLETE
U260805-01587,20425,2026-08-05 19:48:09,131600,COMPLETE
U260222-01588,20426,2026-02-22 11:17:47,250100,COMPLETE
U260701-01589,20426,2026-07-01 20:56:59,601700,COMPLETE
U260315-01590,20427,2026-03-15 21:24:32,166100,COMPLETE
U260708-01591,20428,2026-07-08 20:42:17,35900,COMPLETE
U260710-01592,20428,2026-07-10 19:51:15,644600,COMPLETE
U260710-01593,20428,2026-07-10 12:38:50,299900,COMPLETE
U260903-01594,20429,2026-09-03 17:13:42,38700,COMPLETE
U260811-01595,20429,2026-08-11 09:34:24,185800,COMPLETE
U260813-01596,20429,2026-08-13 10:46:06,38400,COMPLETE
U251215-01597,20430,2025-12-15 09:11:54,303100,CANCELED
U250522-01598,20430,2025-05-22 13:13:52,80100,COMPLETE
U250518-01599,20430,2025-05-18 22:39:29,79700,COMPLETE
U250525-01600,20430,2025-05-25 15:11:08,13200,COMPLETE
U240917-01601,20430,2024-09-17 11:04:54,194700,COMPLETE
U250324-01602,20430,2025-03-24 14:00:22,78700,COMPLETE
U250316-01603,20430,2025-03-16 11:06:01,63000,COMPLETE
U240810-01604,20430,2024-08-10 00:21:19,366500,COMPLETE
U231009-01605,20431,2023-10-09 18:24:17,460100,COMPLETE
U230909-01606,20431,2023-09-09 21:11:38,135700,COMPLETE
U260430-01607,20432,2026-04-30 12:59:37,277600,COMPLETE
U260628-01608,20432,2026-06-28 19:46:09,45400,COMPLETE
U260206-01609,20432,2026-02-06 10:57:29,74800,COMPLETE
U250317-01610,20432,2025-03-17 11:25:00,405500,COMPLETE
U251216-01611,20433,2025-12-16 14:24:41,410300,COMPLETE
U250313-01612,20433,2025-03-13 23:58:06,183500,COMPLETE
U260629-01613,20433,2026-06-29 09:45:41,258800,COMPLETE
U260812-01614,20433,2026-08-12 09:45:54,123600,COMPLETE
U251107-01615,20434,2025-11-07 00:52:18,32500,COMPLETE
U250918-01616,20434,2025-09-18 20:52:50,188600,COMPLETE
U260613-01617,20434,2026-06-13 16:47:06,212000,COMPLETE
U250321-01618,20435,2025-03-21 23:14:11,276400,COMPLETE
U251021-01619,20435,2025-10-21 20:49:13,253300,COMPLETE
U250908-01620,20435,2025-09-08 23:37:48,84500,COMPLETE
U250725-01621,20435,2025-07-25 18:55:51,157200,COMPLETE
U260703-01622,20435,2026-07-03 20:56:19,338600,COMPLETE
U250309-01623,20436,2025-03-09 08:03:58,384500,COMPLETE
U251010-01624,20437,2025-10-10 16:34:12,270800,CANCELED
U251001-01625,20438,2025-10-01 18:18:49,193800,COMPLETE
U251212-01626,20438,2025-12-12 22:30:42,234200,COMPLETE
U251103-01627,20438,2025-11-03 15:32:35,361900,COMPLETE
U250307-01628,20438,2025-03-07 15:17:56,211000,COMPLETE
U250804-01629,20439,2025-08-04 14:00:30,102200,COMPLETE
U260311-01630,20440,2026-03-11 11:00:59,125700,COMPLETE
U260419-01631,20440,2026-04-19 20:35:05,117800,COMPLETE
U260214-01632,20440,2026-02-14 00:23:26,51000,COMPLETE
U260617-01633,20440,2026-06-17 12:36:06,458700,COMPLETE
U260715-01634,20440,2026-07-15 18:03:11,69900,COMPLETE
U260302-01635,20440,2026-03-02 12:14:41,50100,COMPLETE
U260518-01636,20441,2026-05-18 22:23:02,140400,CANCELED
U260221-01637,20441,2026-02-21 21:34:08,176000,COMPLETE
U260606-01638,20441,2026-06-06 15:10:07,328300,RETURNED
U260409-01639,20441,2026-04-09 21:19:49,142100,COMPLETE
U260826-01640,20441,2026-08-26 20:18:43,63900,COMPLETE
U260818-01641,20441,2026-08-18 15:10:12,40900,COMPLETE
U260803-01642,20442,2026-08-03 10:01:50,27300,COMPLETE
U251126-01643,20443,2025-11-26 20:09:24,120600,COMPLETE
U241019-01644,20443,2024-10-19 12:04:52,81800,COMPLETE
U250224-01645,20443,2025-02-24 11:16:31,42300,COMPLETE
U230923-01646,20443,2023-09-23 22:32:26,162900,COMPLETE
U241029-01647,20443,2024-10-29 19:01:42,25600,COMPLETE
U250815-01648,20443,2025-08-15 10:16:13,591000,COMPLETE
U240715-01649,20443,2024-07-15 21:23:03,460700,COMPLETE
U260814-01650,20444,2026-08-14 11:34:30,227900,COMPLETE
U260626-01651,20444,2026-06-26 17:49:07,601200,COMPLETE
U260726-01652,20444,2026-07-26 17:53:51,71700,COMPLETE
U260806-01653,20444,2026-08-06 21:52:35,109000,COMPLETE
U260825-01654,20444,2026-08-25 14:43:57,160800,COMPLETE
U260804-01655,20444,2026-08-04 12:34:14,52400,COMPLETE
U260412-01656,20444,2026-04-12 15:25:15,107500,COMPLETE
U260831-01657,20444,2026-08-31 22:46:06,40800,COMPLETE
U260614-01658,20444,2026-06-14 22:04:20,30400,CANCELED
U260704-01659,20444,2026-07-04 21:11:08,15000,COMPLETE
U260902-01660,20444,2026-09-02 11:45:04,18800,COMPLETE
U260811-01661,20444,2026-08-11 19:29:02,289700,COMPLETE
U260726-01662,20444,2026-07-26 23:00:54,63300,COMPLETE
U260821-01663,20444,2026-08-21 19:56:03,844200,COMPLETE
U250503-01664,20445,2025-05-03 15:26:37,76600,COMPLETE
U241031-01665,20445,2024-10-31 21:46:47,211200,COMPLETE
U240721-01666,20445,2024-07-21 11:15:16,77400,COMPLETE
U260717-01667,20446,2026-07-17 08:04:42,331400,COMPLETE
U260824-01668,20446,2026-08-24 21:17:01,149500,COMPLETE
U260701-01669,20446,2026-07-01 17:54:49,254600,COMPLETE
U251219-01670,20446,2025-12-19 17:22:12,78800,COMPLETE
U260422-01671,20446,2026-04-22 15:20:57,47300,COMPLETE
U260506-01672,20446,2026-05-06 21:34:34,131400,COMPLETE
U260502-01673,20446,2026-05-02 16:21:28,153100,COMPLETE
U260715-01674,20447,2026-07-15 22:46:01,82300,COMPLETE
U260708-01675,20448,2026-07-08 10:19:02,593900,COMPLETE
U250615-01676,20448,2025-06-15 16:18:09,397600,COMPLETE
U250223-01677,20448,2025-02-23 12:43:31,100800,COMPLETE
U260624-01678,20448,2026-06-24 15:31:03,104000,COMPLETE
U260815-01679,20449,2026-08-15 18:43:05,431800,COMPLETE
U260203-01680,20449,2026-02-03 13:34:06,283100,COMPLETE
U260223-01681,20449,2026-02-23 18:01:38,39700,COMPLETE
U260402-01682,20449,2026-04-02 19:12:49,108100,CANCELED
U260408-01683,20449,2026-04-08 21:14:53,83100,COMPLETE
U250717-01684,20449,2025-07-17 17:52:57,96600,CANCELED
U260817-01685,20449,2026-08-17 22:46:56,86700,COMPLETE
U260402-01686,20449,2026-04-02 18:15:38,138900,COMPLETE
U250307-01687,20449,2025-03-07 16:17:25,282100,COMPLETE
U260130-01688,20449,2026-01-30 21:58:21,110000,COMPLETE
U220620-01689,20450,2022-06-20 14:16:52,75300,CANCELED
U231005-01690,20450,2023-10-05 17:14:19,87900,COMPLETE
U230317-01691,20450,2023-03-17 10:15:25,77000,COMPLETE
U251230-01692,20452,2025-12-30 21:55:47,296700,RETURNED
U241109-01693,20454,2024-11-09 22:29:01,339700,COMPLETE
U250702-01694,20454,2025-07-02 10:35:44,466300,CANCELED
U240809-01695,20454,2024-08-09 22:33:35,194700,CANCELED
U260811-01696,20455,2026-08-11 20:18:09,94400,COMPLETE
U260816-01697,20455,2026-08-16 19:40:28,19500,COMPLETE
U260110-01698,20455,2026-01-10 11:11:56,112200,COMPLETE
U260625-01699,20456,2026-06-25 16:12:55,97300,COMPLETE
U260823-01700,20457,2026-08-23 16:07:53,36000,CANCELED
U260814-01701,20457,2026-08-14 22:44:05,630300,COMPLETE
U260829-01702,20457,2026-08-29 11:30:54,222100,COMPLETE
U260902-01703,20457,2026-09-02 15:29:00,152500,COMPLETE
U260812-01704,20457,2026-08-12 18:47:29,117900,COMPLETE
U260729-01705,20457,2026-07-29 21:31:29,57500,COMPLETE
U260818-01706,20457,2026-08-18 21:02:32,174700,COMPLETE
U260730-01707,20457,2026-07-30 21:52:35,26100,COMPLETE
U260721-01708,20457,2026-07-21 14:33:43,134600,COMPLETE
U260727-01709,20457,2026-07-27 23:53:45,66600,CANCELED
U260816-01710,20457,2026-08-16 21:38:48,144400,COMPLETE
U260804-01711,20457,2026-08-04 16:16:42,56100,COMPLETE
U260223-01712,20458,2026-02-23 20:31:53,141700,COMPLETE
U250331-01713,20459,2025-03-31 10:04:25,190600,COMPLETE
U240927-01714,20459,2024-09-27 16:03:34,113100,COMPLETE
U240429-01715,20459,2024-04-29 21:30:56,52400,COMPLETE
U260701-01716,20460,2026-07-01 20:08:41,27400,COMPLETE
U260713-01717,20460,2026-07-13 15:29:34,99100,COMPLETE
U260428-01718,20460,2026-04-28 20:07:21,145500,COMPLETE
U260715-01719,20460,2026-07-15 23:23:16,347600,COMPLETE
U260604-01720,20460,2026-06-04 14:32:55,89400,COMPLETE
U260310-01721,20460,2026-03-10 17:05:06,90600,COMPLETE
U260511-01722,20460,2026-05-11 19:12:54,67900,COMPLETE
U260425-01723,20460,2026-04-25 15:17:10,52800,COMPLETE
U260521-01724,20460,2026-05-21 21:17:09,126500,COMPLETE
U260220-01725,20460,2026-02-20 22:58:08,47100,COMPLETE
U260110-01726,20460,2026-01-10 13:59:45,60500,COMPLETE
U260521-01727,20460,2026-05-21 11:22:59,81200,COMPLETE
U260822-01728,20460,2026-08-22 13:04:04,50100,COMPLETE
U260210-01729,20460,2026-02-10 21:42:20,106600,COMPLETE
U240912-01730,20461,2024-09-12 23:47:12,254400,COMPLETE
U251013-01731,20462,2025-10-13 19:52:10,162400,COMPLETE
U241214-01732,20462,2024-12-14 21:21:06,116600,COMPLETE
U260426-01733,20462,2026-04-26 12:35:01,88900,COMPLETE
U260730-01734,20463,2026-07-30 16:50:01,51200,COMPLETE
U260727-01735,20463,2026-07-27 13:27:56,368100,COMPLETE
U260821-01736,20463,2026-08-21 14:08:46,20000,COMPLETE
U260802-01737,20463,2026-08-02 21:09:08,202700,COMPLETE
U260706-01738,20463,2026-07-06 19:43:56,393900,COMPLETE
U260704-01739,20463,2026-07-04 19:15:00,79600,COMPLETE
U260831-01740,20463,2026-08-31 11:10:11,265700,COMPLETE
U240127-01741,20464,2024-01-27 22:41:31,485900,COMPLETE
U260513-01742,20464,2026-05-13 23:19:48,106300,COMPLETE
U260430-01743,20464,2026-04-30 11:18:32,177100,COMPLETE
U250121-01744,20464,2025-01-21 11:55:03,48500,COMPLETE
U251012-01745,20464,2025-10-12 15:04:27,92900,COMPLETE
U260901-01746,20464,2026-09-01 19:30:03,126700,COMPLETE
U230428-01747,20464,2023-04-28 18:53:27,299800,COMPLETE
U241119-01748,20464,2024-11-19 10:54:47,179600,COMPLETE
U251031-01749,20464,2025-10-31 19:40:41,112500,COMPLETE
U241119-01750,20464,2024-11-19 13:21:44,114600,COMPLETE
U250325-01751,20465,2025-03-25 17:42:08,198900,COMPLETE
U260408-01752,20465,2026-04-08 21:20:26,42200,COMPLETE
U260331-01753,20465,2026-03-31 09:43:58,99100,COMPLETE
U260508-01754,20466,2026-05-08 11:45:46,168000,COMPLETE
U260415-01755,20466,2026-04-15 23:27:08,115900,COMPLETE
U260727-01756,20466,2026-07-27 19:06:07,49900,COMPLETE
U260624-01757,20466,2026-06-24 16:49:09,114400,COMPLETE
U260629-01758,20467,2026-06-29 12:52:31,83400,COMPLETE
U260419-01759,20467,2026-04-19 20:02:10,162700,COMPLETE
U260315-01760,20467,2026-03-15 12:38:28,207400,COMPLETE
U260308-01761,20467,2026-03-08 22:18:49,92000,COMPLETE
U260319-01762,20467,2026-03-19 11:57:12,101500,RETURNED
U260113-01763,20467,2026-01-13 15:02:45,59000,COMPLETE
U260729-01764,20467,2026-07-29 13:32:26,385100,COMPLETE
U260306-01765,20467,2026-03-06 19:17:44,289900,COMPLETE
U251207-01766,20467,2025-12-07 10:58:04,764300,COMPLETE
U260717-01767,20467,2026-07-17 19:40:36,24500,COMPLETE
U260804-01768,20467,2026-08-04 21:08:29,25900,COMPLETE
U260318-01769,20467,2026-03-18 20:55:13,52300,COMPLETE
U260416-01770,20467,2026-04-16 19:32:26,648000,COMPLETE
U260304-01771,20467,2026-03-04 17:39:17,92300,COMPLETE
U251230-01772,20467,2025-12-30 19:19:51,132800,COMPLETE
U260711-01773,20467,2026-07-11 21:24:35,283700,COMPLETE
U251008-01774,20468,2025-10-08 11:23:39,46700,COMPLETE
U260825-01775,20468,2026-08-25 17:30:20,33800,COMPLETE
U260331-01776,20470,2026-03-31 23:19:03,256300,COMPLETE
U240828-01777,20470,2024-08-28 16:43:22,47300,COMPLETE
U251126-01778,20471,2025-11-26 13:24:23,87100,COMPLETE
U260314-01779,20473,2026-03-14 23:38:59,21400,COMPLETE
U250913-01780,20473,2025-09-13 19:19:07,464800,COMPLETE
U250922-01781,20473,2025-09-22 23:51:28,365500,COMPLETE
U250801-01782,20474,2025-08-01 19:42:35,53500,COMPLETE
U260817-01783,20474,2026-08-17 13:51:46,275100,COMPLETE
U231121-01784,20474,2023-11-21 13:38:02,142900,CANCELED
U250603-01785,20474,2025-06-03 20:28:04,52900,COMPLETE
U260807-01786,20475,2026-08-07 22:54:44,321200,CANCELED
U260428-01787,20475,2026-04-28 12:17:07,99500,RETURNED
U260405-01788,20476,2026-04-05 18:02:41,55500,CANCELED
U251021-01789,20476,2025-10-21 21:04:14,221100,COMPLETE
U250808-01790,20476,2025-08-08 16:28:05,96000,COMPLETE
U260519-01791,20477,2026-05-19 21:26:22,28800,COMPLETE
U260902-01792,20478,2026-09-02 16:45:50,81500,COMPLETE
U260712-01793,20478,2026-07-12 12:18:15,190100,COMPLETE
U260514-01794,20480,2026-05-14 23:10:55,162600,COMPLETE
U250824-01795,20480,2025-08-24 12:14:03,60000,RETURNED
U260222-01796,20480,2026-02-22 22:08:00,92300,COMPLETE
U260526-01797,20480,2026-05-26 00:19:33,135300,CANCELED
U260129-01798,20480,2026-01-29 22:39:28,71900,COMPLETE
U251027-01799,20480,2025-10-27 21:40:10,455200,CANCELED
U260803-01800,20480,2026-08-03 14:11:24,260900,COMPLETE
U260222-01801,20481,2026-02-22 14:20:09,112500,COMPLETE
U260625-01802,20481,2026-06-25 15:00:17,25200,COMPLETE
U251217-01803,20481,2025-12-17 22:28:06,172700,COMPLETE
U260721-01804,20481,2026-07-21 15:29:31,46700,COMPLETE
U260517-01805,20482,2026-05-17 20:32:22,145900,COMPLETE
U260313-01806,20482,2026-03-13 11:18:34,22700,COMPLETE
U260902-01807,20482,2026-09-02 19:48:13,103200,RETURNED
U260617-01808,20483,2026-06-17 19:19:40,12000,COMPLETE
U260114-01809,20483,2026-01-14 16:43:51,168700,COMPLETE
U260626-01810,20483,2026-06-26 17:26:42,983100,COMPLETE
U250831-01811,20483,2025-08-31 00:06:43,496800,COMPLETE
U260708-01812,20483,2026-07-08 11:02:50,111500,COMPLETE
U260903-01813,20483,2026-09-03 15:02:14,23900,CANCELED
U260707-01814,20484,2026-07-07 19:57:02,106300,COMPLETE
U260707-01815,20484,2026-07-07 10:56:34,28500,COMPLETE
U260705-01816,20484,2026-07-05 19:34:46,309900,COMPLETE
U250705-01817,20485,2025-07-05 14:55:19,312100,COMPLETE
U250225-01818,20485,2025-02-25 16:43:04,103300,COMPLETE
U250629-01819,20486,2025-06-29 00:50:57,377100,COMPLETE
U250815-01820,20486,2025-08-15 20:37:43,144000,COMPLETE
U260514-01821,20486,2026-05-14 21:00:29,112200,RETURNED
U260526-01822,20486,2026-05-26 12:45:00,111900,COMPLETE
U251014-01823,20486,2025-10-14 23:33:37,126600,COMPLETE
U260208-01824,20486,2026-02-08 21:22:31,59600,COMPLETE
U260524-01825,20487,2026-05-24 00:47:18,646800,COMPLETE
U251213-01826,20488,2025-12-13 10:26:55,1224300,CANCELED
U260420-01827,20489,2026-04-20 19:29:29,41800,COMPLETE
U251124-01828,20489,2025-11-24 19:45:41,430100,COMPLETE
U260808-01829,20489,2026-08-08 10:16:02,445000,COMPLETE
U260810-01830,20489,2026-08-10 13:53:52,231200,COMPLETE
U260724-01831,20489,2026-07-24 20:49:33,270300,COMPLETE
U260202-01832,20489,2026-02-02 20:50:37,64500,COMPLETE
U260120-01833,20489,2026-01-20 16:37:41,97300,COMPLETE
U250524-01834,20493,2025-05-24 12:22:14,177700,COMPLETE
U260714-01835,20493,2026-07-14 22:41:04,147100,COMPLETE
U251216-01836,20493,2025-12-16 17:16:14,155900,RETURNED
U250521-01837,20493,2025-05-21 10:49:03,50100,COMPLETE
U251219-01838,20495,2025-12-19 18:30:18,567000,COMPLETE
U260520-01839,20495,2026-05-20 09:31:04,102300,COMPLETE
U260220-01840,20495,2026-02-20 17:23:55,670200,COMPLETE
U260528-01841,20495,2026-05-28 11:04:41,188400,COMPLETE
U260303-01842,20495,2026-03-03 12:37:34,52500,COMPLETE
U250218-01843,20495,2025-02-18 19:49:47,76500,COMPLETE
U240405-01844,20496,2024-04-05 15:23:44,89200,COMPLETE
U260903-01845,20497,2026-09-03 21:37:23,64500,COMPLETE
U260830-01846,20497,2026-08-30 21:43:45,166000,COMPLETE
U260826-01847,20497,2026-08-26 16:04:41,45500,COMPLETE
U260818-01848,20497,2026-08-18 17:54:56,252900,COMPLETE
U230901-01849,20498,2023-09-01 21:33:51,73100,COMPLETE
U260627-01850,20498,2026-06-27 12:47:47,49300,COMPLETE
U260110-01851,20498,2026-01-10 08:38:13,247700,COMPLETE
U260207-01852,20498,2026-02-07 22:04:24,123000,COMPLETE
U250425-01853,20498,2025-04-25 23:45:22,63500,COMPLETE
U260509-01854,20498,2026-05-09 15:25:35,28600,COMPLETE
U250109-01855,20498,2025-01-09 14:14:34,222600,COMPLETE
U251229-01856,20498,2025-12-29 12:06:12,166200,COMPLETE
U260331-01857,20499,2026-03-31 11:55:43,590000,COMPLETE
U251230-01858,20500,2025-12-30 11:03:16,197800,COMPLETE
U260708-01859,20500,2026-07-08 13:19:23,368900,COMPLETE
U251207-01860,20500,2025-12-07 11:17:18,18600,COMPLETE
U250920-01861,20500,2025-09-20 11:21:39,52000,COMPLETE
U251124-01862,20500,2025-11-24 21:13:57,12100,COMPLETE
U260204-01863,20501,2026-02-04 16:59:51,15900,COMPLETE
U250104-01864,20501,2025-01-04 22:55:23,59100,COMPLETE
U240705-01865,20501,2024-07-05 09:07:50,324900,COMPLETE
U260401-01866,20501,2026-04-01 10:59:06,372000,COMPLETE
U241018-01867,20501,2024-10-18 12:54:55,51700,COMPLETE
U260608-01868,20502,2026-06-08 20:28:13,159600,COMPLETE
U260526-01869,20502,2026-05-26 00:32:14,133500,COMPLETE
U260605-01870,20502,2026-06-05 10:04:28,25200,COMPLETE
U260130-01871,20502,2026-01-30 21:37:23,106700,COMPLETE
U260520-01872,20502,2026-05-20 16:56:36,95300,COMPLETE
U260827-01873,20502,2026-08-27 18:23:27,282300,COMPLETE
U240719-01874,20503,2024-07-19 00:52:23,182100,COMPLETE
U250206-01875,20503,2025-02-06 23:27:43,100500,COMPLETE
U240824-01876,20503,2024-08-24 12:16:14,133700,COMPLETE
U260119-01877,20504,2026-01-19 14:08:57,301100,COMPLETE
U251024-01878,20505,2025-10-24 09:37:15,203500,COMPLETE
U260324-01879,20505,2026-03-24 12:51:16,226200,COMPLETE
U250412-01880,20505,2025-04-12 10:43:44,316800,COMPLETE
U260816-01881,20506,2026-08-16 12:02:01,133500,COMPLETE
U260820-01882,20506,2026-08-20 21:05:50,173300,COMPLETE
U260507-01883,20507,2026-05-07 20:18:55,363900,COMPLETE
U260805-01884,20507,2026-08-05 20:07:54,203800,CANCELED
U260605-01885,20507,2026-06-05 20:13:28,197500,RETURNED
U260803-01886,20507,2026-08-03 15:58:20,168700,COMPLETE
U260425-01887,20507,2026-04-25 21:08:04,157300,COMPLETE
U260817-01888,20507,2026-08-17 22:35:53,375200,COMPLETE
U260720-01889,20507,2026-07-20 08:02:36,433600,COMPLETE
U260622-01890,20507,2026-06-22 19:52:08,154000,COMPLETE
U260711-01891,20507,2026-07-11 21:09:43,112700,COMPLETE
U260716-01892,20507,2026-07-16 18:14:09,234400,COMPLETE
U250314-01893,20508,2025-03-14 19:30:29,216900,CANCELED
U250928-01894,20508,2025-09-28 14:32:03,220100,COMPLETE
U250730-01895,20508,2025-07-30 11:20:13,72900,COMPLETE
U260630-01896,20508,2026-06-30 11:53:26,96600,COMPLETE
U260703-01897,20509,2026-07-03 18:35:31,145100,CANCELED
U250427-01898,20509,2025-04-27 20:29:44,204000,COMPLETE
U260730-01899,20510,2026-07-30 22:36:32,179200,COMPLETE
U260206-01900,20510,2026-02-06 17:45:10,102700,COMPLETE
U251108-01901,20510,2025-11-08 11:09:21,1372800,COMPLETE
U251102-01902,20510,2025-11-02 17:08:07,154700,COMPLETE
U251025-01903,20510,2025-10-25 15:29:26,55500,COMPLETE
U250913-01904,20511,2025-09-13 19:02:01,123000,COMPLETE
U260102-01905,20513,2026-01-02 18:31:23,341000,COMPLETE
U260805-01906,20513,2026-08-05 22:38:40,157900,COMPLETE
U260606-01907,20513,2026-06-06 21:44:52,339000,COMPLETE
U260212-01908,20513,2026-02-12 21:06:44,173000,COMPLETE
U260616-01909,20513,2026-06-16 00:34:50,459800,COMPLETE
U260515-01910,20513,2026-05-15 20:42:27,309000,COMPLETE
U260411-01911,20513,2026-04-11 22:20:23,252600,RETURNED
U251204-01912,20513,2025-12-04 09:40:43,310100,COMPLETE
U260710-01913,20513,2026-07-10 13:05:19,210300,COMPLETE
U260806-01914,20513,2026-08-06 21:38:50,48000,COMPLETE
U260518-01915,20514,2026-05-18 17:30:53,304800,RETURNED
U260801-01916,20514,2026-08-01 14:00:10,99500,COMPLETE
U260528-01917,20514,2026-05-28 15:25:10,112400,COMPLETE
U260611-01918,20514,2026-06-11 15:25:19,226000,COMPLETE
U260510-01919,20514,2026-05-10 20:43:58,100300,COMPLETE
U251124-01920,20514,2025-11-24 11:03:09,169100,COMPLETE
U260820-01921,20515,2026-08-20 15:46:06,363400,COMPLETE
U251227-01922,20515,2025-12-27 21:16:55,52400,RETURNED
U260223-01923,20516,2026-02-23 09:30:47,433300,COMPLETE
U250628-01924,20516,2025-06-28 15:07:14,152200,COMPLETE
U251101-01925,20517,2025-11-01 08:35:38,144200,COMPLETE
U251109-01926,20517,2025-11-09 15:39:16,97900,COMPLETE
U260806-01927,20517,2026-08-06 15:13:48,258000,COMPLETE
U260522-01928,20517,2026-05-22 21:28:26,294500,COMPLETE
U250520-01929,20518,2025-05-20 11:19:36,56600,COMPLETE
U240512-01930,20520,2024-05-12 22:29:20,116700,COMPLETE
U240327-01931,20520,2024-03-27 18:28:57,70500,COMPLETE
U260826-01932,20521,2026-08-26 08:23:26,100600,RETURNED
U260828-01933,20522,2026-08-28 12:37:17,13700,COMPLETE
U260809-01934,20522,2026-08-09 20:16:48,277900,COMPLETE
U260829-01935,20522,2026-08-29 21:58:15,148700,COMPLETE
U260615-01936,20523,2026-06-15 18:20:58,211100,COMPLETE
U251129-01937,20523,2025-11-29 09:37:42,33900,COMPLETE
U260428-01938,20523,2026-04-28 22:01:45,64600,COMPLETE
U260526-01939,20523,2026-05-26 08:42:01,269500,COMPLETE
U251025-01940,20523,2025-10-25 13:27:22,634200,COMPLETE
U260205-01941,20523,2026-02-05 20:53:16,59900,COMPLETE
U260327-01942,20523,2026-03-27 15:30:52,307700,COMPLETE
U260415-01943,20523,2026-04-15 18:45:02,611000,COMPLETE
U251221-01944,20523,2025-12-21 18:18:09,41800,COMPLETE
U260731-01945,20523,2026-07-31 12:01:19,207300,COMPLETE
U250714-01946,20524,2025-07-14 22:02:41,155800,COMPLETE
U250313-01947,20524,2025-03-13 14:45:36,433500,COMPLETE
U250422-01948,20524,2025-04-22 20:38:20,555100,CANCELED
U250921-01949,20525,2025-09-21 21:03:09,510600,COMPLETE
U260402-01950,20526,2026-04-02 09:17:59,64700,COMPLETE
U260518-01951,20527,2026-05-18 11:33:04,166000,COMPLETE
U251203-01952,20527,2025-12-03 08:45:32,165200,COMPLETE
U251031-01953,20527,2025-10-31 18:28:10,109800,COMPLETE
U260511-01954,20527,2026-05-11 08:01:18,42500,COMPLETE
U260410-01955,20527,2026-04-10 20:18:25,28800,COMPLETE
U260725-01956,20527,2026-07-25 11:31:23,278500,COMPLETE
U260902-01957,20528,2026-09-02 12:02:28,248900,COMPLETE
U260710-01958,20529,2026-07-10 22:25:15,119200,COMPLETE
U240328-01959,20530,2024-03-28 16:30:21,92600,COMPLETE
U250519-01960,20530,2025-05-19 13:36:29,360800,COMPLETE
U251107-01961,20531,2025-11-07 20:27:43,131300,COMPLETE
U260818-01962,20531,2026-08-18 00:51:07,353900,COMPLETE
U250525-01963,20531,2025-05-25 21:13:05,318800,CANCELED
U260213-01964,20531,2026-02-13 13:35:45,364600,COMPLETE
U250923-01965,20533,2025-09-23 20:29:15,97800,COMPLETE
U260621-01966,20534,2026-06-21 20:28:45,101500,COMPLETE
U251115-01967,20534,2025-11-15 18:31:44,108500,COMPLETE
U251210-01968,20534,2025-12-10 11:11:46,499200,CANCELED
U251110-01969,20534,2025-11-10 21:09:36,285600,COMPLETE
U251211-01970,20536,2025-12-11 08:57:30,203000,CANCELED
U260704-01971,20536,2026-07-04 20:43:52,99000,COMPLETE
U260622-01972,20536,2026-06-22 22:07:31,217700,COMPLETE
U260430-01973,20536,2026-04-30 11:07:47,165500,COMPLETE
U251005-01974,20537,2025-10-05 09:40:36,617900,COMPLETE
U260822-01975,20537,2026-08-22 20:25:52,327100,COMPLETE
U260211-01976,20537,2026-02-11 22:37:02,285700,COMPLETE
U260303-01977,20537,2026-03-03 19:25:08,254000,COMPLETE
U260511-01978,20537,2026-05-11 23:48:23,184900,RETURNED
U260417-01979,20537,2026-04-17 10:58:44,66200,COMPLETE
U250825-01980,20539,2025-08-25 17:50:55,167700,COMPLETE
U260108-01981,20540,2026-01-08 08:18:38,17600,CANCELED
U260803-01982,20540,2026-08-03 14:39:55,156100,COMPLETE
U250724-01983,20540,2025-07-24 21:48:33,302000,COMPLETE
U260305-01984,20540,2026-03-05 14:21:19,300800,COMPLETE
U251201-01985,20540,2025-12-01 16:10:43,65300,RETURNED
U250916-01986,20540,2025-09-16 11:24:55,292800,COMPLETE
U250911-01987,20540,2025-09-11 17:38:30,89200,COMPLETE
U260411-01988,20540,2026-04-11 18:19:27,128600,COMPLETE
U260421-01989,20540,2026-04-21 14:03:22,217500,COMPLETE
U260726-01990,20540,2026-07-26 11:38:54,148600,COMPLETE
U260626-01991,20540,2026-06-26 23:33:06,171100,COMPLETE
U260807-01992,20540,2026-08-07 19:16:11,166300,COMPLETE
U250904-01993,20540,2025-09-04 23:52:22,232000,COMPLETE
U260118-01994,20540,2026-01-18 22:13:00,179500,COMPLETE
U260715-01995,20540,2026-07-15 12:29:12,168900,COMPLETE
U260804-01996,20540,2026-08-04 21:09:32,195000,COMPLETE
U260324-01997,20541,2026-03-24 15:37:20,134600,COMPLETE
U260606-01998,20541,2026-06-06 10:49:49,94700,COMPLETE
U251020-01999,20542,2025-10-20 11:52:28,79400,COMPLETE
U241026-02000,20542,2024-10-26 13:02:37,456400,COMPLETE
U251111-02001,20542,2025-11-11 11:19:58,91700,COMPLETE
U240107-02002,20542,2024-01-07 14:35:41,218000,COMPLETE
U260512-02003,20542,2026-05-12 13:16:00,223800,COMPLETE
U240712-02004,20542,2024-07-12 09:59:37,562700,COMPLETE
U260205-02005,20542,2026-02-05 22:30:40,68600,COMPLETE
U251027-02006,20543,2025-10-27 13:36:28,42200,COMPLETE
U260527-02007,20543,2026-05-27 23:37:01,91000,RETURNED
U260716-02008,20543,2026-07-16 08:03:42,108400,COMPLETE
U250718-02009,20543,2025-07-18 14:30:44,269800,COMPLETE
U241101-02010,20543,2024-11-01 11:54:18,284600,COMPLETE
U250109-02011,20543,2025-01-09 19:21:09,73200,COMPLETE
U251022-02012,20543,2025-10-22 13:41:13,236500,RETURNED
U260820-02013,20544,2026-08-20 12:55:40,40700,COMPLETE
U260816-02014,20544,2026-08-16 10:31:23,202900,COMPLETE
U260826-02015,20544,2026-08-26 20:19:58,335900,COMPLETE
U260826-02016,20544,2026-08-26 21:54:32,357600,COMPLETE
U260817-02017,20544,2026-08-17 15:39:08,253100,COMPLETE
U260830-02018,20544,2026-08-30 22:36:08,173800,COMPLETE
U260814-02019,20544,2026-08-14 12:10:26,86300,COMPLETE
U260811-02020,20544,2026-08-11 17:12:18,41400,COMPLETE
U260828-02021,20544,2026-08-28 00:27:18,205000,COMPLETE
U260828-02022,20544,2026-08-28 12:20:22,132000,CANCELED
U260902-02023,20544,2026-09-02 20:38:47,93800,COMPLETE
U260812-02024,20544,2026-08-12 18:17:31,260400,COMPLETE
U260821-02025,20544,2026-08-21 21:56:14,268200,COMPLETE
U260818-02026,20544,2026-08-18 15:42:40,37500,COMPLETE
U260831-02027,20544,2026-08-31 23:57:34,323400,COMPLETE
U260830-02028,20544,2026-08-30 09:31:25,40000,COMPLETE
U250807-02029,20545,2025-08-07 18:32:46,291800,COMPLETE
U260209-02030,20545,2026-02-09 15:17:03,700000,COMPLETE
U260713-02031,20545,2026-07-13 22:24:01,427100,COMPLETE
U251211-02032,20545,2025-12-11 13:59:35,123400,COMPLETE
U250805-02033,20545,2025-08-05 10:52:50,99600,COMPLETE
U260611-02034,20545,2026-06-11 09:53:19,307400,COMPLETE
U260813-02035,20545,2026-08-13 15:17:28,111400,COMPLETE
U250526-02036,20545,2025-05-26 17:02:32,435700,COMPLETE
U260805-02037,20545,2026-08-05 20:59:18,31600,COMPLETE
U260608-02038,20545,2026-06-08 22:14:50,403800,COMPLETE
U250815-02039,20546,2025-08-15 21:14:11,326300,COMPLETE
U250202-02040,20546,2025-02-02 22:42:41,232600,CANCELED
U260715-02041,20548,2026-07-15 22:25:49,84900,COMPLETE
U260322-02042,20548,2026-03-22 16:04:11,51300,COMPLETE
U241125-02043,20549,2024-11-25 23:13:57,73600,COMPLETE
U250905-02044,20550,2025-09-05 00:27:11,111900,COMPLETE
U251027-02045,20550,2025-10-27 17:40:25,789400,COMPLETE
U240731-02046,20550,2024-07-31 11:15:51,103600,COMPLETE
U251128-02047,20551,2025-11-28 00:00:31,87200,COMPLETE
U250707-02048,20552,2025-07-07 22:57:04,103500,COMPLETE
U260806-02049,20552,2026-08-06 15:27:55,222400,COMPLETE
U260122-02050,20552,2026-01-22 00:16:39,226300,RETURNED
U260706-02051,20552,2026-07-06 21:09:04,150300,COMPLETE
U260701-02052,20552,2026-07-01 21:59:22,75300,CANCELED
U260804-02053,20552,2026-08-04 14:42:08,316100,COMPLETE
U260820-02054,20553,2026-08-20 18:59:42,169900,COMPLETE
U260901-02055,20553,2026-09-01 22:25:58,77600,COMPLETE
U260823-02056,20553,2026-08-23 19:00:48,114800,CANCELED
U260813-02057,20553,2026-08-13 17:14:36,81300,COMPLETE
U260828-02058,20553,2026-08-28 16:34:32,71600,COMPLETE
U260823-02059,20553,2026-08-23 21:14:02,112300,COMPLETE
U260826-02060,20553,2026-08-26 10:42:27,44600,COMPLETE
U260903-02061,20553,2026-09-03 08:53:07,48100,COMPLETE
U260801-02062,20554,2026-08-01 18:11:38,24600,COMPLETE
U260825-02063,20554,2026-08-25 10:39:08,155800,COMPLETE
U260404-02064,20554,2026-04-04 13:26:23,70000,COMPLETE
U260505-02065,20554,2026-05-05 18:52:17,563600,COMPLETE
U260626-02066,20554,2026-06-26 10:25:19,300500,COMPLETE
U241102-02067,20555,2024-11-02 23:33:44,947200,COMPLETE
U241226-02068,20555,2024-12-26 14:35:34,73500,COMPLETE
U260612-02069,20556,2026-06-12 13:07:35,142300,COMPLETE
U260706-02070,20557,2026-07-06 22:58:22,15400,COMPLETE
U260730-02071,20558,2026-07-30 11:38:38,65600,COMPLETE
U260412-02072,20558,2026-04-12 11:11:57,58200,COMPLETE
U250725-02073,20558,2025-07-25 00:01:40,28900,COMPLETE
U260419-02074,20559,2026-04-19 22:34:27,416500,COMPLETE
U260718-02075,20559,2026-07-18 22:23:08,211700,COMPLETE
U251130-02076,20559,2025-11-30 00:25:44,59800,COMPLETE
U260228-02077,20559,2026-02-28 12:03:01,676800,COMPLETE
U260424-02078,20559,2026-04-24 19:31:46,184400,COMPLETE
U260710-02079,20559,2026-07-10 13:58:56,269900,COMPLETE
U260403-02080,20559,2026-04-03 14:57:01,767400,COMPLETE
U260830-02081,20559,2026-08-30 20:11:54,894400,COMPLETE
U260409-02082,20559,2026-04-09 22:43:57,44000,RETURNED
U260123-02083,20559,2026-01-23 16:06:16,68600,CANCELED
U251229-02084,20559,2025-12-29 15:23:32,83700,COMPLETE
U250918-02085,20559,2025-09-18 20:13:29,64000,COMPLETE
U260501-02086,20559,2026-05-01 00:03:37,12100,COMPLETE
U260413-02087,20559,2026-04-13 09:02:06,496600,COMPLETE
U260405-02088,20559,2026-04-05 13:24:19,108300,COMPLETE
U251113-02089,20559,2025-11-13 21:26:18,240800,COMPLETE
U260703-02090,20560,2026-07-03 14:50:24,82200,COMPLETE
U260723-02091,20561,2026-07-23 22:02:54,230400,CANCELED
U250912-02092,20562,2025-09-12 00:19:14,220400,COMPLETE
U260824-02093,20563,2026-08-24 23:53:07,56000,COMPLETE
U260731-02094,20564,2026-07-31 17:09:10,99600,COMPLETE
U260729-02095,20564,2026-07-29 13:03:31,70500,COMPLETE
U251224-02096,20564,2025-12-24 21:25:20,123700,CANCELED
U260510-02097,20565,2026-05-10 20:28:55,413400,COMPLETE
U260731-02098,20565,2026-07-31 22:13:15,73700,COMPLETE
U260711-02099,20565,2026-07-11 20:23:50,167100,COMPLETE
U260120-02100,20565,2026-01-20 21:21:07,16000,COMPLETE
U260312-02101,20565,2026-03-12 22:53:41,307100,COMPLETE
U260428-02102,20565,2026-04-28 15:48:11,60400,COMPLETE
U260730-02103,20565,2026-07-30 13:32:25,113700,COMPLETE
U251205-02104,20565,2025-12-05 08:29:37,81600,CANCELED
U260823-02105,20566,2026-08-23 22:07:37,314900,COMPLETE
U260602-02106,20566,2026-06-02 19:14:28,100800,COMPLETE
U260227-02107,20566,2026-02-27 09:48:03,195600,COMPLETE
U240612-02108,20567,2024-06-12 17:44:58,111300,COMPLETE
U240321-02109,20567,2024-03-21 17:31:33,63100,COMPLETE
U260203-02110,20568,2026-02-03 16:48:33,281700,COMPLETE
U260620-02111,20568,2026-06-20 21:14:41,75400,CANCELED
U260513-02112,20568,2026-05-13 16:39:24,102900,COMPLETE
U260530-02113,20568,2026-05-30 09:55:52,286200,COMPLETE
U260831-02114,20568,2026-08-31 22:30:20,140200,COMPLETE
U260607-02115,20569,2026-06-07 14:35:09,551100,COMPLETE
U260514-02116,20569,2026-05-14 21:38:55,96300,COMPLETE
U260525-02117,20569,2026-05-25 11:48:20,189200,COMPLETE
U251104-02118,20570,2025-11-04 20:51:11,447700,COMPLETE
U260808-02119,20570,2026-08-08 08:52:49,226900,COMPLETE
U251007-02120,20570,2025-10-07 22:29:19,314000,CANCELED
U260421-02121,20571,2026-04-21 13:36:08,140000,COMPLETE
U251105-02122,20571,2025-11-05 00:29:48,274400,COMPLETE
U260723-02123,20571,2026-07-23 20:04:07,170700,COMPLETE
U250927-02124,20571,2025-09-27 20:51:44,225200,COMPLETE
U260528-02125,20571,2026-05-28 20:34:00,65400,COMPLETE
U251228-02126,20571,2025-12-28 20:53:05,317100,COMPLETE
U260630-02127,20571,2026-06-30 19:58:46,45000,COMPLETE
U260204-02128,20571,2026-02-04 19:37:32,43000,COMPLETE
U260306-02129,20571,2026-03-06 13:47:02,41200,COMPLETE
U260820-02130,20571,2026-08-20 22:15:37,524500,COMPLETE
U260309-02131,20571,2026-03-09 15:38:10,379100,COMPLETE
U260329-02132,20571,2026-03-29 23:00:35,183300,COMPLETE
U260903-02133,20571,2026-09-03 23:29:49,55000,RETURNED
U260428-02134,20571,2026-04-28 19:35:09,526400,COMPLETE
U230420-02135,20572,2023-04-20 09:13:33,289200,COMPLETE
U230710-02136,20572,2023-07-10 19:05:27,50600,COMPLETE
U260307-02137,20573,2026-03-07 10:06:37,87600,COMPLETE
U260503-02138,20573,2026-05-03 17:03:49,38400,COMPLETE
U260731-02139,20573,2026-07-31 21:28:33,491600,COMPLETE
U250918-02140,20573,2025-09-18 18:12:28,52600,COMPLETE
U240804-02141,20574,2024-08-04 22:17:20,161400,COMPLETE
U251010-02142,20576,2025-10-10 08:21:44,247700,RETURNED
U250920-02143,20576,2025-09-20 17:26:47,297500,COMPLETE
U250710-02144,20577,2025-07-10 22:25:41,34700,COMPLETE
U260614-02145,20578,2026-06-14 14:49:19,290400,COMPLETE
U230525-02146,20579,2023-05-25 08:00:31,180900,COMPLETE
U240504-02147,20579,2024-05-04 16:00:45,57900,COMPLETE
U230524-02148,20579,2023-05-24 08:15:00,145200,COMPLETE
U260711-02149,20580,2026-07-11 23:11:30,674400,CANCELED
U260714-02150,20580,2026-07-14 19:39:26,255100,RETURNED
U260823-02151,20580,2026-08-23 14:50:40,24900,COMPLETE
U260718-02152,20580,2026-07-18 09:52:58,425200,RETURNED
U260827-02153,20580,2026-08-27 22:58:59,210800,COMPLETE
U260523-02154,20581,2026-05-23 09:54:03,237600,COMPLETE
U250829-02155,20582,2025-08-29 22:38:37,123600,COMPLETE
U260624-02156,20583,2026-06-24 17:02:29,183000,COMPLETE
U260420-02157,20583,2026-04-20 14:18:13,169900,COMPLETE
U260118-02158,20585,2026-01-18 21:17:43,65100,COMPLETE
U260101-02159,20586,2026-01-01 15:16:07,230300,COMPLETE
U250616-02160,20587,2025-06-16 09:54:08,182900,COMPLETE
U250403-02161,20587,2025-04-03 00:32:12,160200,COMPLETE
U260521-02162,20587,2026-05-21 13:08:59,85000,COMPLETE
U260811-02163,20587,2026-08-11 11:59:23,256400,COMPLETE
U250116-02164,20587,2025-01-16 11:25:45,251600,COMPLETE
U250915-02165,20588,2025-09-15 21:58:58,53400,COMPLETE
U260818-02166,20588,2026-08-18 16:45:15,39900,CANCELED
U241214-02167,20588,2024-12-14 22:52:45,98900,COMPLETE
U260212-02168,20588,2026-02-12 09:32:05,93600,COMPLETE
U260312-02169,20588,2026-03-12 09:56:46,237100,COMPLETE
U250202-02170,20588,2025-02-02 19:46:14,209100,COMPLETE
U260323-02171,20588,2026-03-23 13:36:20,172100,COMPLETE
U250218-02172,20588,2025-02-18 11:12:47,191400,COMPLETE
U251127-02173,20588,2025-11-27 21:15:43,136700,COMPLETE
U260407-02174,20588,2026-04-07 21:20:18,88600,COMPLETE
U250517-02175,20588,2025-05-17 21:41:15,225400,COMPLETE
U250620-02176,20588,2025-06-20 19:12:29,56700,COMPLETE
U260801-02177,20589,2026-08-01 10:59:39,237700,COMPLETE
U240827-02178,20590,2024-08-27 21:04:53,77400,COMPLETE
U260319-02179,20590,2026-03-19 20:36:18,1149600,COMPLETE
U240928-02180,20590,2024-09-28 23:58:58,341800,COMPLETE
U260629-02181,20590,2026-06-29 23:11:38,211300,COMPLETE
U250322-02182,20590,2025-03-22 18:30:17,157900,COMPLETE
U260509-02183,20590,2026-05-09 22:42:15,181900,CANCELED
U260515-02184,20590,2026-05-15 21:03:56,394200,COMPLETE
U250224-02185,20590,2025-02-24 14:35:36,150300,CANCELED
U231130-02186,20592,2023-11-30 20:39:59,114100,COMPLETE
U250807-02187,20593,2025-08-07 21:17:20,460300,COMPLETE
U260326-02188,20593,2026-03-26 18:32:14,377700,COMPLETE
U260720-02189,20593,2026-07-20 16:15:02,87700,COMPLETE
U260602-02190,20593,2026-06-02 20:09:44,60300,COMPLETE
U250624-02191,20593,2025-06-24 22:27:40,141700,COMPLETE
U260123-02192,20593,2026-01-23 14:03:24,112100,COMPLETE
U250630-02193,20593,2025-06-30 23:11:06,186300,COMPLETE
U260701-02194,20593,2026-07-01 10:31:49,212100,COMPLETE
U260318-02195,20593,2026-03-18 17:09:20,116100,COMPLETE
U260208-02196,20593,2026-02-08 19:00:04,200700,COMPLETE
U260213-02197,20593,2026-02-13 22:11:09,72700,CANCELED
U260322-02198,20593,2026-03-22 17:29:29,45200,CANCELED
U260503-02199,20594,2026-05-03 22:00:59,36400,COMPLETE
U260830-02200,20594,2026-08-30 21:17:19,146600,COMPLETE
U260903-02201,20594,2026-09-03 20:08:02,14100,COMPLETE
U260324-02202,20594,2026-03-24 20:09:15,48400,COMPLETE
U260615-02203,20594,2026-06-15 12:56:23,189300,COMPLETE
U260322-02204,20594,2026-03-22 18:25:58,176900,COMPLETE
U260810-02205,20595,2026-08-10 19:37:02,174200,COMPLETE
U260827-02206,20595,2026-08-27 16:25:11,183800,COMPLETE
U260813-02207,20595,2026-08-13 16:41:31,42500,COMPLETE
U250804-02208,20596,2025-08-04 22:59:40,237300,COMPLETE
U250523-02209,20596,2025-05-23 10:08:07,165500,COMPLETE
U240711-02210,20596,2024-07-11 10:12:15,12000,COMPLETE
U250906-02211,20596,2025-09-06 10:28:50,26000,COMPLETE
U260805-02212,20597,2026-08-05 11:13:21,254200,COMPLETE
U260801-02213,20597,2026-08-01 19:32:39,355500,COMPLETE
U260808-02214,20597,2026-08-08 18:01:22,89100,COMPLETE
U260227-02215,20598,2026-02-27 09:07:42,41100,COMPLETE
U260809-02216,20598,2026-08-09 23:08:40,176800,COMPLETE
U260427-02217,20599,2026-04-27 17:30:51,145100,COMPLETE
U260609-02218,20599,2026-06-09 20:09:00,44300,COMPLETE
U260511-02219,20599,2026-05-11 15:08:14,84100,COMPLETE
U260312-02220,20599,2026-03-12 10:18:53,27900,COMPLETE
U240922-02221,20600,2024-09-22 11:57:16,94000,COMPLETE
U240921-02222,20600,2024-09-21 20:51:24,388500,COMPLETE
U240919-02223,20600,2024-09-19 18:40:55,234100,COMPLETE
U260901-02224,20601,2026-09-01 22:45:27,110500,CANCELED
U260711-02225,20601,2026-07-11 22:30:27,257000,CANCELED
U260804-02226,20601,2026-08-04 19:03:30,109800,COMPLETE
U260817-02227,20601,2026-08-17 20:34:41,116400,COMPLETE
U260901-02228,20601,2026-09-01 20:45:58,64100,CANCELED
U260816-02229,20601,2026-08-16 19:33:04,69800,COMPLETE
U260723-02230,20601,2026-07-23 21:01:51,57000,COMPLETE
U260829-02231,20601,2026-08-29 15:37:22,204200,COMPLETE
U260808-02232,20601,2026-08-08 16:29:22,516300,COMPLETE
U260815-02233,20601,2026-08-15 14:26:08,69800,COMPLETE
U260828-02234,20601,2026-08-28 14:17:55,165900,COMPLETE
U260708-02235,20601,2026-07-08 23:12:03,112200,COMPLETE
U260130-02236,20602,2026-01-30 17:15:31,29200,COMPLETE
U231026-02237,20602,2023-10-26 22:18:31,30200,COMPLETE
U230519-02238,20602,2023-05-19 10:44:12,65300,COMPLETE
U241015-02239,20602,2024-10-15 10:27:09,369000,COMPLETE
U251123-02240,20602,2025-11-23 17:01:22,127400,COMPLETE
U230802-02241,20602,2023-08-02 16:58:42,109700,COMPLETE
U251109-02242,20602,2025-11-09 21:40:06,231900,COMPLETE
U230530-02243,20604,2023-05-30 19:15:19,608100,COMPLETE
U260714-02244,20605,2026-07-14 23:00:17,71700,COMPLETE
U260605-02245,20605,2026-06-05 23:55:41,114000,COMPLETE
U260705-02246,20605,2026-07-05 20:12:45,50300,COMPLETE
U260512-02247,20605,2026-05-12 09:21:43,199200,COMPLETE
U260804-02248,20605,2026-08-04 10:36:06,159000,RETURNED
U260527-02249,20605,2026-05-27 19:23:51,50600,COMPLETE
U260704-02250,20606,2026-07-04 18:25:50,64400,COMPLETE
U260808-02251,20606,2026-08-08 15:17:49,54700,COMPLETE
U241108-02252,20607,2024-11-08 21:20:22,173400,COMPLETE
U260902-02253,20608,2026-09-02 16:15:27,40800,COMPLETE
U240302-02254,20609,2024-03-02 23:25:43,50900,COMPLETE
U250321-02255,20610,2025-03-21 21:20:48,323200,COMPLETE
U260901-02256,20611,2026-09-01 19:54:09,412700,COMPLETE
U241026-02257,20613,2024-10-26 22:02:11,101700,COMPLETE
U241026-02258,20613,2024-10-26 10:02:56,123000,COMPLETE
U241026-02259,20613,2024-10-26 22:11:01,61600,COMPLETE
U260704-02260,20614,2026-07-04 14:50:44,14000,RETURNED
U250319-02261,20616,2025-03-19 13:36:40,138100,COMPLETE
U241020-02262,20616,2024-10-20 21:34:36,194600,COMPLETE
U251226-02263,20616,2025-12-26 23:46:54,338600,COMPLETE
U250608-02264,20616,2025-06-08 11:37:34,86200,COMPLETE
U231129-02265,20617,2023-11-29 23:45:24,713600,COMPLETE
U251229-02266,20618,2025-12-29 21:21:25,33900,COMPLETE
U250504-02267,20618,2025-05-04 11:29:24,154700,COMPLETE
U260410-02268,20618,2026-04-10 21:22:14,193300,COMPLETE
U250212-02269,20618,2025-02-12 21:37:41,44800,COMPLETE
U250827-02270,20618,2025-08-27 16:03:52,190900,COMPLETE
U251017-02271,20618,2025-10-17 17:10:27,168500,COMPLETE
U240126-02272,20618,2024-01-26 15:03:00,133300,COMPLETE
U260318-02273,20619,2026-03-18 22:33:36,192800,COMPLETE
U231231-02274,20620,2023-12-31 08:43:31,171100,CANCELED
U231231-02275,20620,2023-12-31 18:00:14,126800,COMPLETE
U260625-02276,20621,2026-06-25 18:46:20,162900,COMPLETE
U260121-02277,20621,2026-01-21 17:26:18,435600,COMPLETE
U251229-02278,20621,2025-12-29 23:09:25,29500,COMPLETE
U251215-02279,20621,2025-12-15 15:05:45,479200,COMPLETE
U260818-02280,20621,2026-08-18 21:00:18,464300,COMPLETE
U250429-02281,20623,2025-04-29 21:16:50,112900,COMPLETE
U250430-02282,20623,2025-04-30 20:50:53,96400,COMPLETE
U260830-02283,20624,2026-08-30 15:17:52,113900,COMPLETE
U260810-02284,20624,2026-08-10 17:57:51,146600,COMPLETE
U260902-02285,20624,2026-09-02 15:46:49,74100,COMPLETE
U260830-02286,20624,2026-08-30 15:33:05,810900,COMPLETE
U260823-02287,20624,2026-08-23 18:06:54,64900,COMPLETE
U260829-02288,20624,2026-08-29 16:42:06,322300,COMPLETE
U260816-02289,20624,2026-08-16 18:22:31,86800,COMPLETE
U260822-02290,20624,2026-08-22 20:08:06,225100,COMPLETE
U260812-02291,20624,2026-08-12 18:20:50,165000,COMPLETE
U260824-02292,20624,2026-08-24 20:23:36,125600,COMPLETE
U260614-02293,20625,2026-06-14 08:38:40,242600,COMPLETE
U260601-02294,20625,2026-06-01 21:24:13,38400,COMPLETE
U260212-02295,20625,2026-02-12 22:13:00,22900,COMPLETE
U260111-02296,20625,2026-01-11 16:56:42,221600,COMPLETE
U260829-02297,20625,2026-08-29 20:16:07,351700,COMPLETE
U260512-02298,20625,2026-05-12 17:33:39,338100,COMPLETE
U260813-02299,20625,2026-08-13 21:13:11,294700,COMPLETE
U250825-02300,20625,2025-08-25 21:15:02,159800,COMPLETE
U251126-02301,20625,2025-11-26 13:55:06,271700,COMPLETE
U250730-02302,20625,2025-07-30 21:04:26,216500,COMPLETE
U230610-02303,20626,2023-06-10 13:44:53,77000,COMPLETE
U231217-02304,20626,2023-12-17 12:50:23,354100,COMPLETE
U250605-02305,20627,2025-06-05 17:49:16,40500,COMPLETE
U250605-02306,20627,2025-06-05 08:13:22,33400,COMPLETE
U240801-02307,20628,2024-08-01 21:14:39,38500,COMPLETE
U250703-02308,20628,2025-07-03 21:52:51,49700,COMPLETE
U260428-02309,20629,2026-04-28 21:54:57,84100,COMPLETE
U260219-02310,20629,2026-02-19 21:53:24,56200,COMPLETE
U251124-02311,20629,2025-11-24 22:53:25,349500,COMPLETE
U251219-02312,20629,2025-12-19 10:51:03,12400,COMPLETE
U231216-02313,20630,2023-12-16 14:07:30,41200,CANCELED
U260325-02314,20631,2026-03-25 00:23:39,76900,COMPLETE
U260325-02315,20631,2026-03-25 21:21:06,108000,COMPLETE
U260302-02316,20632,2026-03-02 22:33:39,179400,COMPLETE
U260330-02317,20632,2026-03-30 17:39:10,153400,COMPLETE
U260622-02318,20632,2026-06-22 12:05:08,102000,COMPLETE
U250606-02319,20632,2025-06-06 19:19:35,60100,COMPLETE
U260901-02320,20633,2026-09-01 00:30:43,68300,CANCELED
U260602-02321,20633,2026-06-02 20:25:57,49800,COMPLETE
U260110-02322,20633,2026-01-10 10:50:45,154300,COMPLETE
U260829-02323,20633,2026-08-29 11:12:28,26000,COMPLETE
U260807-02324,20633,2026-08-07 20:29:47,154200,COMPLETE
U251114-02325,20633,2025-11-14 18:59:25,195200,COMPLETE
U260726-02326,20633,2026-07-26 19:04:47,130100,COMPLETE
U251121-02327,20633,2025-11-21 20:59:00,285200,COMPLETE
U260203-02328,20633,2026-02-03 10:19:43,179700,COMPLETE
U251209-02329,20633,2025-12-09 22:58:35,49600,COMPLETE
U260410-02330,20633,2026-04-10 21:52:54,220600,COMPLETE
U260704-02331,20633,2026-07-04 00:30:19,77300,COMPLETE
U260426-02332,20633,2026-04-26 20:28:46,118800,COMPLETE
U250826-02333,20633,2025-08-26 13:00:13,458500,COMPLETE
U260701-02334,20633,2026-07-01 19:24:06,174300,COMPLETE
U260315-02335,20633,2026-03-15 10:39:26,178500,RETURNED
U260610-02336,20634,2026-06-10 20:26:42,31000,COMPLETE
U260820-02337,20635,2026-08-20 11:27:14,199000,COMPLETE
U260825-02338,20635,2026-08-25 11:21:52,75200,COMPLETE
U260515-02339,20637,2026-05-15 21:06:26,170700,COMPLETE
U260428-02340,20637,2026-04-28 15:25:51,53000,COMPLETE
U260719-02341,20637,2026-07-19 22:41:33,389100,COMPLETE
U260706-02342,20637,2026-07-06 21:23:46,132700,COMPLETE
U260730-02343,20637,2026-07-30 21:12:54,42900,COMPLETE
U260515-02344,20637,2026-05-15 00:48:54,181100,COMPLETE
U260811-02345,20637,2026-08-11 17:55:44,541100,COMPLETE
U260810-02346,20637,2026-08-10 23:18:45,90200,COMPLETE
U260417-02347,20637,2026-04-17 19:48:40,30900,COMPLETE
U260724-02348,20637,2026-07-24 15:51:19,268100,CANCELED
U260901-02349,20637,2026-09-01 11:49:45,48400,RETURNED
U260823-02350,20637,2026-08-23 18:16:25,261900,COMPLETE
U260831-02351,20637,2026-08-31 19:56:54,210900,COMPLETE
U260607-02352,20637,2026-06-07 11:00:33,63000,COMPLETE
U260807-02353,20637,2026-08-07 21:45:20,401900,CANCELED
U260829-02354,20637,2026-08-29 23:09:15,72300,COMPLETE
U260428-02355,20637,2026-04-28 14:19:38,181300,CANCELED
U260524-02356,20637,2026-05-24 18:28:41,142200,COMPLETE
U230618-02357,20638,2023-06-18 23:49:59,14500,COMPLETE
U250917-02358,20638,2025-09-17 12:20:46,30300,COMPLETE
U260401-02359,20638,2026-04-01 14:22:04,295400,COMPLETE
U240109-02360,20638,2024-01-09 22:30:22,293500,COMPLETE
U251001-02361,20639,2025-10-01 13:32:23,227000,COMPLETE
U251002-02362,20639,2025-10-02 23:41:32,665000,COMPLETE
U260222-02363,20641,2026-02-22 21:11:38,190600,COMPLETE
U260120-02364,20641,2026-01-20 21:54:38,43200,COMPLETE
U260703-02365,20641,2026-07-03 09:01:01,70900,COMPLETE
U250208-02366,20642,2025-02-08 10:55:58,121400,COMPLETE
U260607-02367,20643,2026-06-07 23:25:39,152700,COMPLETE
U230810-02368,20644,2023-08-10 17:58:32,49700,COMPLETE
U260309-02369,20644,2026-03-09 14:43:12,83100,COMPLETE
U260423-02370,20645,2026-04-23 18:47:25,204100,COMPLETE
U260528-02371,20646,2026-05-28 17:32:49,101100,COMPLETE
U260522-02372,20647,2026-05-22 22:10:27,335800,COMPLETE
U231214-02373,20647,2023-12-14 22:17:56,278800,COMPLETE
U241227-02374,20647,2024-12-27 12:09:31,36500,COMPLETE
U260723-02375,20647,2026-07-23 19:14:13,40800,COMPLETE
U260617-02376,20648,2026-06-17 17:23:56,534200,CANCELED
U260606-02377,20649,2026-06-06 19:47:20,215700,COMPLETE
U260314-02378,20649,2026-03-14 12:25:29,233400,COMPLETE
U260814-02379,20649,2026-08-14 20:50:53,229500,COMPLETE
U250411-02380,20650,2025-04-11 11:54:11,88000,COMPLETE
U250409-02381,20650,2025-04-09 21:21:57,95800,COMPLETE
U250408-02382,20650,2025-04-08 20:15:50,48000,COMPLETE
U260817-02383,20651,2026-08-17 15:45:15,198600,COMPLETE
U260114-02384,20651,2026-01-14 00:50:52,48700,COMPLETE
U250922-02385,20651,2025-09-22 14:38:54,235400,COMPLETE
U260403-02386,20651,2026-04-03 10:46:48,29100,COMPLETE
U260804-02387,20652,2026-08-04 09:33:04,606900,RETURNED
U260805-02388,20652,2026-08-05 21:13:00,85000,COMPLETE
U260315-02389,20653,2026-03-15 21:30:39,140200,COMPLETE
U250602-02390,20653,2025-06-02 21:17:02,133500,COMPLETE
U241216-02391,20653,2024-12-16 10:07:04,38400,COMPLETE
U241119-02392,20654,2024-11-19 18:56:46,213800,COMPLETE
U241210-02393,20654,2024-12-10 17:25:19,72500,COMPLETE
U251219-02394,20655,2025-12-19 16:07:42,265200,COMPLETE
U260809-02395,20655,2026-08-09 22:22:08,142100,COMPLETE
U260723-02396,20655,2026-07-23 09:57:11,55400,COMPLETE
U251204-02397,20655,2025-12-04 10:52:28,324300,COMPLETE
U260122-02398,20655,2026-01-22 21:01:52,136700,COMPLETE
U250509-02399,20657,2025-05-09 20:42:36,79200,RETURNED
U260715-02400,20657,2026-07-15 21:38:12,224000,COMPLETE
U240925-02401,20657,2024-09-25 21:17:47,19500,COMPLETE
U251029-02402,20657,2025-10-29 19:17:39,17600,COMPLETE
U250731-02403,20657,2025-07-31 10:47:36,123900,COMPLETE
U260319-02404,20658,2026-03-19 16:45:05,162500,COMPLETE
U251216-02405,20658,2025-12-16 11:45:54,79000,COMPLETE
U240828-02406,20658,2024-08-28 10:59:13,70100,COMPLETE
U230104-02407,20658,2023-01-04 19:38:15,179500,COMPLETE
U260711-02408,20658,2026-07-11 12:01:22,246200,COMPLETE
U260612-02409,20658,2026-06-12 22:43:40,300200,COMPLETE
U260126-02410,20659,2026-01-26 11:10:24,218700,COMPLETE
U260128-02411,20659,2026-01-28 12:28:29,21100,COMPLETE
U260127-02412,20659,2026-01-27 14:30:11,125700,COMPLETE
U250807-02413,20660,2025-08-07 20:23:40,251100,COMPLETE
U260525-02414,20661,2026-05-25 22:29:11,576600,COMPLETE
U260506-02415,20662,2026-05-06 19:48:22,200700,COMPLETE
U260719-02416,20662,2026-07-19 16:36:27,150800,COMPLETE
U260805-02417,20662,2026-08-05 18:51:19,140400,COMPLETE
U241002-02418,20663,2024-10-02 19:52:37,112800,COMPLETE
U250720-02419,20664,2025-07-20 16:13:55,92100,RETURNED
U260103-02420,20664,2026-01-03 22:49:51,218900,COMPLETE
U250710-02421,20664,2025-07-10 12:18:38,216600,COMPLETE
U251219-02422,20664,2025-12-19 19:15:07,156800,COMPLETE
U260313-02423,20664,2026-03-13 22:55:15,84200,COMPLETE
U251006-02424,20664,2025-10-06 17:10:18,540800,COMPLETE
U251210-02425,20664,2025-12-10 21:49:13,52800,COMPLETE
U250623-02426,20664,2025-06-23 21:47:03,127100,COMPLETE
U260617-02427,20665,2026-06-17 21:06:44,85400,CANCELED
U260714-02428,20666,2026-07-14 10:11:23,76700,COMPLETE
U260701-02429,20666,2026-07-01 20:48:25,393800,CANCELED
U260514-02430,20666,2026-05-14 19:07:11,17500,COMPLETE
U260719-02431,20666,2026-07-19 17:47:22,251000,COMPLETE
U260808-02432,20668,2026-08-08 20:31:40,88500,CANCELED
U260708-02433,20668,2026-07-08 13:27:23,127700,COMPLETE
U260403-02434,20668,2026-04-03 14:09:08,152300,COMPLETE
U260817-02435,20668,2026-08-17 16:46:31,387700,COMPLETE
U251113-02436,20669,2025-11-13 20:24:44,46600,COMPLETE
U260525-02437,20669,2026-05-25 19:09:07,207700,CANCELED
U250727-02438,20669,2025-07-27 09:59:11,236600,COMPLETE
U260704-02439,20669,2026-07-04 20:30:47,443900,COMPLETE
U250804-02440,20669,2025-08-04 12:01:35,618500,RETURNED
U250722-02441,20669,2025-07-22 20:38:36,113700,COMPLETE
U260506-02442,20669,2026-05-06 19:50:28,590500,COMPLETE
U251122-02443,20669,2025-11-22 23:58:39,146800,COMPLETE
U250821-02444,20669,2025-08-21 19:52:20,121500,COMPLETE
U260118-02445,20669,2026-01-18 17:11:40,301500,COMPLETE
U250412-02446,20669,2025-04-12 15:15:57,176300,COMPLETE
U260316-02447,20669,2026-03-16 15:06:14,202800,COMPLETE
U260531-02448,20670,2026-05-31 19:29:39,75600,COMPLETE
U260806-02449,20670,2026-08-06 18:29:50,292700,COMPLETE
U260114-02450,20670,2026-01-14 22:58:28,574900,COMPLETE
U251003-02451,20670,2025-10-03 18:49:01,34100,COMPLETE
U260801-02452,20670,2026-08-01 20:35:00,136800,COMPLETE
U260722-02453,20670,2026-07-22 10:06:23,590000,COMPLETE
U260525-02454,20670,2026-05-25 19:00:06,110900,CANCELED
U260214-02455,20670,2026-02-14 22:14:40,28600,COMPLETE
U260222-02456,20671,2026-02-22 13:45:49,77000,COMPLETE
U250706-02457,20671,2025-07-06 00:21:20,215700,COMPLETE
U260813-02458,20671,2026-08-13 15:53:39,101000,RETURNED
U251229-02459,20671,2025-12-29 22:34:48,210700,COMPLETE
U241023-02460,20672,2024-10-23 14:53:26,154400,COMPLETE
U250112-02461,20672,2025-01-12 17:09:15,83500,COMPLETE
U260608-02462,20673,2026-06-08 15:55:37,262900,COMPLETE
U260809-02463,20673,2026-08-09 14:47:50,192400,COMPLETE
U260628-02464,20673,2026-06-28 10:54:07,422900,COMPLETE
U260122-02465,20674,2026-01-22 17:03:37,591700,COMPLETE
U250924-02466,20674,2025-09-24 18:13:28,382300,COMPLETE
U260408-02467,20675,2026-04-08 11:47:26,345000,COMPLETE
U260811-02468,20676,2026-08-11 20:28:16,160200,CANCELED
U240627-02469,20676,2024-06-27 23:55:45,94000,COMPLETE
U231129-02470,20676,2023-11-29 21:26:21,80400,RETURNED
U260527-02471,20676,2026-05-27 19:32:46,314300,COMPLETE
U260417-02472,20676,2026-04-17 20:33:13,120200,COMPLETE
U260203-02473,20676,2026-02-03 20:41:12,52200,COMPLETE
U260105-02474,20676,2026-01-05 12:14:17,322100,COMPLETE
U260605-02475,20676,2026-06-05 12:58:38,47500,COMPLETE
U250313-02476,20676,2025-03-13 19:02:53,196900,RETURNED
U260506-02477,20676,2026-05-06 22:07:43,108600,COMPLETE
U250907-02478,20676,2025-09-07 12:48:56,293000,COMPLETE
U250720-02479,20676,2025-07-20 11:01:59,63300,COMPLETE
U260430-02480,20676,2026-04-30 14:55:07,181000,COMPLETE
U250515-02481,20676,2025-05-15 17:30:49,75000,COMPLETE
U260427-02482,20677,2026-04-27 23:23:02,205200,COMPLETE
U260831-02483,20678,2026-08-31 22:08:44,257000,COMPLETE
U251124-02484,20679,2025-11-24 12:26:44,74600,COMPLETE
U251124-02485,20679,2025-11-24 20:59:07,184800,CANCELED
U260511-02486,20681,2026-05-11 14:31:56,575600,COMPLETE
U260324-02487,20681,2026-03-24 21:08:26,34800,COMPLETE
U260503-02488,20681,2026-05-03 15:41:26,321100,COMPLETE
U260612-02489,20681,2026-06-12 11:25:58,391400,COMPLETE
U260209-02490,20683,2026-02-09 08:23:55,34100,COMPLETE
U231128-02491,20683,2023-11-28 21:08:47,70500,COMPLETE
U250623-02492,20683,2025-06-23 15:11:21,105700,COMPLETE
U251126-02493,20684,2025-11-26 21:06:53,62800,COMPLETE
U250521-02494,20684,2025-05-21 20:11:06,380200,COMPLETE
U260704-02495,20685,2026-07-04 17:25:22,48100,COMPLETE
U260812-02496,20685,2026-08-12 15:38:58,182100,COMPLETE
U241214-02497,20685,2024-12-14 21:12:52,171900,COMPLETE
U230522-02498,20685,2023-05-22 22:31:03,267100,COMPLETE
U260728-02499,20685,2026-07-28 09:05:23,198100,COMPLETE
U250504-02500,20685,2025-05-04 22:54:52,700700,COMPLETE
U260428-02501,20685,2026-04-28 00:57:42,120500,COMPLETE
U251219-02502,20685,2025-12-19 14:50:12,14200,COMPLETE
U260829-02503,20685,2026-08-29 20:00:16,52600,RETURNED
U260618-02504,20685,2026-06-18 09:06:06,78000,COMPLETE
U241102-02505,20685,2024-11-02 21:25:48,406200,COMPLETE
U260807-02506,20685,2026-08-07 22:43:45,157400,COMPLETE
U241112-02507,20685,2024-11-12 21:31:04,10800,COMPLETE
U260224-02508,20685,2026-02-24 19:48:20,141300,COMPLETE
U240924-02509,20685,2024-09-24 11:34:16,74500,COMPLETE
U240213-02510,20685,2024-02-13 20:00:13,278700,COMPLETE
U240620-02511,20685,2024-06-20 11:46:19,490800,COMPLETE
U250223-02512,20685,2025-02-23 22:47:07,64000,COMPLETE
U260514-02513,20686,2026-05-14 14:09:46,280200,COMPLETE
U260817-02514,20688,2026-08-17 10:43:34,165400,COMPLETE
U241119-02515,20689,2024-11-19 23:47:21,45900,RETURNED
U260819-02516,20690,2026-08-19 09:12:27,113400,COMPLETE
U260823-02517,20691,2026-08-23 16:43:39,34200,COMPLETE
U260210-02518,20691,2026-02-10 23:32:49,24700,RETURNED
U260218-02519,20691,2026-02-18 14:52:21,779300,COMPLETE
U260831-02520,20692,2026-08-31 18:31:19,164300,COMPLETE
U260827-02521,20692,2026-08-27 20:08:53,153700,COMPLETE
U260830-02522,20692,2026-08-30 17:24:57,94000,COMPLETE
U260803-02523,20692,2026-08-03 22:39:45,109000,COMPLETE
U260824-02524,20692,2026-08-24 23:02:54,169200,CANCELED
U260901-02525,20692,2026-09-01 08:15:52,147100,COMPLETE
U260901-02526,20692,2026-09-01 19:59:45,216800,COMPLETE
U260816-02527,20692,2026-08-16 20:01:18,237000,COMPLETE
U260902-02528,20692,2026-09-02 23:34:58,107400,COMPLETE
U260822-02529,20692,2026-08-22 19:27:35,776400,COMPLETE
U260721-02530,20692,2026-07-21 18:50:22,128900,COMPLETE
U260812-02531,20692,2026-08-12 10:22:39,130800,COMPLETE
U260703-02532,20693,2026-07-03 18:19:16,121600,COMPLETE
U260817-02533,20693,2026-08-17 17:10:18,68900,COMPLETE
U260731-02534,20694,2026-07-31 20:05:58,98600,CANCELED
U260503-02535,20694,2026-05-03 15:23:30,80300,COMPLETE
U260512-02536,20694,2026-05-12 21:17:07,259800,COMPLETE
U260613-02537,20694,2026-06-13 14:03:48,166300,COMPLETE
U251127-02538,20695,2025-11-27 13:20:38,382100,COMPLETE
U260720-02539,20695,2026-07-20 21:59:02,35600,COMPLETE
U260309-02540,20695,2026-03-09 14:18:50,21200,COMPLETE
U241014-02541,20696,2024-10-14 12:11:56,120000,COMPLETE
U240328-02542,20696,2024-03-28 20:17:39,118500,COMPLETE
U250227-02543,20696,2025-02-27 20:12:33,18700,COMPLETE
U240803-02544,20696,2024-08-03 16:56:04,62700,COMPLETE
U240430-02545,20697,2024-04-30 12:24:23,34900,COMPLETE
U260716-02546,20698,2026-07-16 16:55:45,35200,COMPLETE
U260324-02547,20698,2026-03-24 14:59:52,168800,COMPLETE
U260204-02548,20698,2026-02-04 22:09:34,45000,COMPLETE
U251209-02549,20699,2025-12-09 16:39:11,177200,COMPLETE
U251117-02550,20699,2025-11-17 22:22:39,91300,COMPLETE
U260807-02551,20699,2026-08-07 22:27:04,205200,COMPLETE
U260702-02552,20700,2026-07-02 08:40:27,869700,COMPLETE
U260808-02553,20700,2026-08-08 22:19:58,285800,COMPLETE
U260901-02554,20700,2026-09-01 12:48:32,40100,RETURNED
U260602-02555,20700,2026-06-02 16:48:32,371500,COMPLETE
U260513-02556,20700,2026-05-13 20:52:03,136200,COMPLETE
U260809-02557,20700,2026-08-09 16:20:47,330700,COMPLETE
U260612-02558,20700,2026-06-12 19:01:31,279200,COMPLETE
U260722-02559,20700,2026-07-22 22:21:51,48400,COMPLETE
U260529-02560,20700,2026-05-29 12:06:11,104200,COMPLETE
U260709-02561,20700,2026-07-09 15:42:23,146500,COMPLETE
U260805-02562,20701,2026-08-05 10:26:43,131600,COMPLETE
U260813-02563,20701,2026-08-13 19:43:16,84600,COMPLETE
U260817-02564,20701,2026-08-17 17:41:32,65600,COMPLETE
U260826-02565,20701,2026-08-26 23:58:06,403400,COMPLETE
U260129-02566,20702,2026-01-29 09:09:30,204200,CANCELED
U251206-02567,20703,2025-12-06 18:36:34,75700,COMPLETE
U260120-02568,20703,2026-01-20 14:29:19,66700,COMPLETE
U250910-02569,20703,2025-09-10 20:14:54,66500,COMPLETE
U260408-02570,20703,2026-04-08 18:19:50,78400,COMPLETE
U260831-02571,20704,2026-08-31 18:02:28,44300,COMPLETE
U260529-02572,20704,2026-05-29 21:52:50,145500,COMPLETE
U260820-02573,20704,2026-08-20 22:24:08,752500,COMPLETE
U240610-02574,20706,2024-06-10 08:38:15,200600,COMPLETE
U250914-02575,20708,2025-09-14 15:01:04,23900,COMPLETE
U260215-02576,20708,2026-02-15 18:05:38,85600,COMPLETE
U250118-02577,20708,2025-01-18 00:02:47,43000,COMPLETE
U250816-02578,20708,2025-08-16 22:43:39,586600,COMPLETE
U260724-02579,20708,2026-07-24 13:14:03,112500,COMPLETE
U250913-02580,20708,2025-09-13 15:24:53,105900,COMPLETE
U260601-02581,20708,2026-06-01 15:33:42,216600,COMPLETE
U260710-02582,20708,2026-07-10 10:48:25,122600,COMPLETE
U260222-02583,20709,2026-02-22 22:20:34,41000,COMPLETE
U260412-02584,20709,2026-04-12 19:29:56,312000,COMPLETE
U260711-02585,20709,2026-07-11 20:59:01,21700,COMPLETE
U250319-02586,20710,2025-03-19 17:03:33,66800,COMPLETE
U250131-02587,20710,2025-01-31 16:35:53,100300,CANCELED
U260705-02588,20711,2026-07-05 18:25:39,175500,COMPLETE
U260803-02589,20711,2026-08-03 20:02:28,196100,COMPLETE
U260821-02590,20711,2026-08-21 21:08:16,176600,CANCELED
U260822-02591,20711,2026-08-22 21:41:50,32200,COMPLETE
U260807-02592,20711,2026-08-07 14:01:01,584500,COMPLETE
U260728-02593,20711,2026-07-28 10:31:23,327100,COMPLETE
U260801-02594,20711,2026-08-01 13:12:33,80200,CANCELED
U260601-02595,20711,2026-06-01 09:25:26,124500,COMPLETE
U260903-02596,20711,2026-09-03 23:16:23,59600,COMPLETE
U260817-02597,20711,2026-08-17 15:08:24,13700,COMPLETE
U260419-02598,20711,2026-04-19 21:41:08,84000,COMPLETE
U260619-02599,20711,2026-06-19 12:37:25,83800,COMPLETE
U260206-02600,20712,2026-02-06 21:10:34,232700,COMPLETE
U241114-02601,20712,2024-11-14 19:47:01,218100,COMPLETE
U260609-02602,20712,2026-06-09 21:11:37,401500,COMPLETE
U260720-02603,20713,2026-07-20 00:10:48,26600,COMPLETE
U260304-02604,20713,2026-03-04 12:11:13,124300,COMPLETE
U251205-02605,20713,2025-12-05 22:19:29,306300,COMPLETE
U260809-02606,20713,2026-08-09 08:36:46,41400,COMPLETE
U260130-02607,20713,2026-01-30 20:44:22,386700,COMPLETE
U260325-02608,20713,2026-03-25 14:51:43,310400,COMPLETE
U260302-02609,20713,2026-03-02 11:00:52,133400,COMPLETE
U260606-02610,20713,2026-06-06 14:00:09,33600,CANCELED
U260702-02611,20713,2026-07-02 13:42:45,317300,COMPLETE
U251205-02612,20713,2025-12-05 10:35:54,244600,COMPLETE
U260403-02613,20714,2026-04-03 12:30:49,256800,COMPLETE
U220612-02614,20715,2022-06-12 21:05:56,134800,COMPLETE
U260119-02615,20716,2026-01-19 08:28:03,65800,COMPLETE
U260121-02616,20716,2026-01-21 16:04:40,200200,COMPLETE
U260121-02617,20716,2026-01-21 14:34:53,20800,COMPLETE
U260714-02618,20717,2026-07-14 20:01:58,511100,COMPLETE
U231118-02619,20718,2023-11-18 15:27:29,191200,COMPLETE
U260624-02620,20719,2026-06-24 14:47:53,74900,COMPLETE
U260822-02621,20719,2026-08-22 13:55:59,148600,COMPLETE
U260418-02622,20720,2026-04-18 15:28:33,73900,COMPLETE
U260312-02623,20720,2026-03-12 20:34:44,27500,CANCELED
U250505-02624,20720,2025-05-05 22:30:20,298700,COMPLETE
U241128-02625,20720,2024-11-28 19:16:31,66000,COMPLETE
U260821-02626,20721,2026-08-21 21:31:20,287200,COMPLETE
U251107-02627,20722,2025-11-07 10:25:43,133200,CANCELED
U260716-02628,20723,2026-07-16 20:39:43,326000,COMPLETE
U260701-02629,20723,2026-07-01 18:38:34,524200,COMPLETE
U251225-02630,20723,2025-12-25 10:01:09,191100,CANCELED
U251125-02631,20724,2025-11-25 10:15:13,64800,COMPLETE
U260322-02632,20724,2026-03-22 14:56:54,486200,COMPLETE
U260515-02633,20726,2026-05-15 14:49:25,228600,COMPLETE
U260623-02634,20726,2026-06-23 11:10:54,224800,COMPLETE
U250430-02635,20727,2025-04-30 20:11:41,39400,COMPLETE
U260526-02636,20727,2026-05-26 13:55:16,42900,COMPLETE
U250614-02637,20727,2025-06-14 23:00:32,45700,COMPLETE
U240801-02638,20727,2024-08-01 13:52:06,66600,COMPLETE
U250805-02639,20727,2025-08-05 18:19:41,346200,RETURNED
U260306-02640,20727,2026-03-06 17:59:25,166500,COMPLETE
U260227-02641,20727,2026-02-27 22:40:26,508000,COMPLETE
U260622-02642,20727,2026-06-22 23:12:25,227600,COMPLETE
U260424-02643,20727,2026-04-24 10:48:11,120900,COMPLETE
U240920-02644,20727,2024-09-20 23:03:46,532500,COMPLETE
U240819-02645,20727,2024-08-19 21:38:25,286500,COMPLETE
U250303-02646,20727,2025-03-03 13:43:45,344900,COMPLETE
U250203-02647,20727,2025-02-03 22:15:03,285200,COMPLETE
U241127-02648,20727,2024-11-27 15:32:28,85000,COMPLETE
U241001-02649,20728,2024-10-01 21:46:24,137700,COMPLETE
U250909-02650,20728,2025-09-09 23:32:42,40000,COMPLETE
U260504-02651,20728,2026-05-04 00:49:01,382600,COMPLETE
U240724-02652,20729,2024-07-24 15:29:43,431900,COMPLETE
U240117-02653,20730,2024-01-17 09:25:48,122200,CANCELED
U240413-02654,20730,2024-04-13 13:18:05,80800,COMPLETE
U240406-02655,20730,2024-04-06 11:48:16,213900,COMPLETE
U260820-02656,20732,2026-08-20 12:10:43,237800,COMPLETE
U260630-02657,20732,2026-06-30 21:39:20,534500,COMPLETE
U260819-02658,20732,2026-08-19 22:33:39,10800,RETURNED
U251126-02659,20733,2025-11-26 18:26:30,137200,COMPLETE
U260806-02660,20734,2026-08-06 18:34:04,66700,COMPLETE
U260831-02661,20734,2026-08-31 22:57:06,77700,COMPLETE
U260726-02662,20735,2026-07-26 19:08:12,55700,COMPLETE
U260604-02663,20736,2026-06-04 15:53:16,36500,COMPLETE
U260629-02664,20736,2026-06-29 22:40:15,36900,COMPLETE
U250823-02665,20736,2025-08-23 13:48:30,244800,COMPLETE
U260703-02666,20737,2026-07-03 23:45:21,502000,COMPLETE
U260802-02667,20737,2026-08-02 12:24:52,456400,COMPLETE
U260902-02668,20737,2026-09-02 14:39:46,830000,COMPLETE
U260807-02669,20737,2026-08-07 22:58:15,227600,COMPLETE
U260710-02670,20737,2026-07-10 10:00:07,121900,COMPLETE
U260809-02671,20737,2026-08-09 13:09:07,46500,COMPLETE
U260630-02672,20737,2026-06-30 10:22:56,186400,COMPLETE
U260829-02673,20737,2026-08-29 15:04:29,160600,COMPLETE
U260731-02674,20737,2026-07-31 21:42:56,64900,COMPLETE
U260822-02675,20737,2026-08-22 12:46:55,318500,COMPLETE
U260615-02676,20737,2026-06-15 21:57:47,272400,COMPLETE
U260701-02677,20737,2026-07-01 20:06:51,339100,COMPLETE
U260313-02678,20738,2026-03-13 16:37:24,261800,COMPLETE
U250519-02679,20739,2025-05-19 22:07:03,374400,COMPLETE
U250523-02680,20740,2025-05-23 14:51:50,116400,COMPLETE
U250802-02681,20740,2025-08-02 20:51:05,25800,COMPLETE
U250624-02682,20741,2025-06-24 10:48:57,211000,CANCELED
U260326-02683,20742,2026-03-26 15:05:31,111900,COMPLETE
U250327-02684,20743,2025-03-27 20:18:45,420200,CANCELED
U260119-02685,20744,2026-01-19 19:32:54,85000,COMPLETE
U260424-02686,20744,2026-04-24 20:28:06,101400,COMPLETE
U260217-02687,20744,2026-02-17 17:56:58,90000,COMPLETE
U260302-02688,20744,2026-03-02 11:43:46,135500,COMPLETE
U260821-02689,20745,2026-08-21 11:27:29,166400,COMPLETE
U260612-02690,20745,2026-06-12 20:11:13,199800,COMPLETE
U260801-02691,20745,2026-08-01 23:17:20,34700,COMPLETE
U260317-02692,20745,2026-03-17 19:30:39,36200,COMPLETE
U260831-02693,20745,2026-08-31 14:38:51,262900,COMPLETE
U260415-02694,20745,2026-04-15 23:17:26,45300,COMPLETE
U260806-02695,20745,2026-08-06 22:12:24,44300,COMPLETE
U251101-02696,20746,2025-11-01 17:54:05,159100,COMPLETE
U260628-02697,20746,2026-06-28 16:56:37,27800,COMPLETE
U260706-02698,20746,2026-07-06 20:30:41,316200,CANCELED
U250805-02699,20746,2025-08-05 21:04:16,214500,CANCELED
U260422-02700,20747,2026-04-22 19:38:51,71200,COMPLETE
U260316-02701,20747,2026-03-16 20:46:05,78700,COMPLETE
U260617-02702,20747,2026-06-17 10:55:00,120200,COMPLETE
U251226-02703,20748,2025-12-26 10:53:28,255500,COMPLETE
U240413-02704,20748,2024-04-13 09:23:04,504900,RETURNED
U251205-02705,20748,2025-12-05 20:03:45,64000,COMPLETE
U250612-02706,20748,2025-06-12 00:01:17,255400,CANCELED
U260524-02707,20749,2026-05-24 22:06:33,50500,COMPLETE
U251226-02708,20749,2025-12-26 13:14:34,101400,COMPLETE
U241008-02709,20750,2024-10-08 14:54:13,287100,COMPLETE
U260902-02710,20751,2026-09-02 18:34:47,90200,COMPLETE
U260903-02711,20751,2026-09-03 15:35:21,123500,COMPLETE
U260902-02712,20751,2026-09-02 08:39:25,78000,RETURNED
U250919-02713,20752,2025-09-19 20:47:28,309300,COMPLETE
U250707-02714,20753,2025-07-07 19:06:36,531900,COMPLETE
U260812-02715,20753,2026-08-12 12:15:43,75400,COMPLETE
U251112-02716,20753,2025-11-12 09:08:01,27500,COMPLETE
U260417-02717,20753,2026-04-17 11:16:23,91600,COMPLETE
U260214-02718,20753,2026-02-14 13:13:51,340800,COMPLETE
U241224-02719,20753,2024-12-24 23:39:00,52800,COMPLETE
U260615-02720,20753,2026-06-15 16:54:53,361500,COMPLETE
U250718-02721,20753,2025-07-18 20:04:14,52300,COMPLETE
U260821-02722,20754,2026-08-21 21:45:36,759700,COMPLETE
U260708-02723,20754,2026-07-08 13:39:37,107800,COMPLETE
U260825-02724,20754,2026-08-25 16:32:15,43700,COMPLETE
U260210-02725,20754,2026-02-10 23:26:29,315000,COMPLETE
U260608-02726,20754,2026-06-08 23:26:55,93700,COMPLETE
U251117-02727,20755,2025-11-17 15:13:49,142000,COMPLETE
U250828-02728,20755,2025-08-28 12:57:30,548000,COMPLETE
U260411-02729,20755,2026-04-11 10:25:16,224500,COMPLETE
U260421-02730,20755,2026-04-21 17:28:10,61600,COMPLETE
U260717-02731,20755,2026-07-17 08:18:29,135400,COMPLETE
U260609-02732,20755,2026-06-09 08:34:15,478300,COMPLETE
U260314-02733,20755,2026-03-14 00:34:30,123300,RETURNED
U260804-02734,20755,2026-08-04 15:02:09,133400,COMPLETE
U260813-02735,20755,2026-08-13 20:55:56,551400,COMPLETE
U260816-02736,20755,2026-08-16 14:29:35,78500,COMPLETE
U260812-02737,20755,2026-08-12 23:43:54,88000,COMPLETE
U260628-02738,20755,2026-06-28 13:58:20,42900,COMPLETE
U260823-02739,20756,2026-08-23 21:56:22,126200,COMPLETE
U260730-02740,20756,2026-07-30 14:43:30,114300,COMPLETE
U260830-02741,20756,2026-08-30 17:48:39,57400,COMPLETE
U260820-02742,20756,2026-08-20 18:20:31,184400,COMPLETE
U260822-02743,20756,2026-08-22 13:35:45,38900,COMPLETE
U260813-02744,20756,2026-08-13 17:48:47,275900,COMPLETE
U260623-02745,20756,2026-06-23 19:09:59,200000,COMPLETE
U260820-02746,20756,2026-08-20 19:37:09,70600,COMPLETE
U250704-02747,20757,2025-07-04 14:43:10,96700,COMPLETE
U260501-02748,20758,2026-05-01 20:05:26,312000,COMPLETE
U260321-02749,20759,2026-03-21 21:18:27,391900,COMPLETE
U260125-02750,20759,2026-01-25 20:22:01,22200,COMPLETE
U260714-02751,20759,2026-07-14 15:33:37,22000,COMPLETE
U260420-02752,20759,2026-04-20 21:20:44,79000,COMPLETE
U260727-02753,20759,2026-07-27 10:42:09,64200,COMPLETE
U260523-02754,20759,2026-05-23 22:44:10,82800,COMPLETE
U260823-02755,20759,2026-08-23 21:47:07,60900,COMPLETE
U260606-02756,20759,2026-06-06 17:56:24,413300,COMPLETE
U241218-02757,20760,2024-12-18 08:49:16,465400,COMPLETE
U260330-02758,20761,2026-03-30 11:29:03,107100,COMPLETE
U251114-02759,20761,2025-11-14 21:14:23,339400,COMPLETE
U240913-02760,20761,2024-09-13 22:01:25,295200,CANCELED
U251211-02761,20761,2025-12-11 18:31:07,122600,COMPLETE
U250905-02762,20761,2025-09-05 20:33:00,234700,COMPLETE
U240717-02763,20761,2024-07-17 22:04:44,42600,COMPLETE
U260829-02764,20762,2026-08-29 12:59:21,158900,COMPLETE
U260801-02765,20762,2026-08-01 21:37:27,74000,COMPLETE
U260721-02766,20762,2026-07-21 20:00:26,202900,COMPLETE
U260831-02767,20762,2026-08-31 16:36:15,151100,COMPLETE
U250616-02768,20763,2025-06-16 13:34:35,43700,COMPLETE
U231213-02769,20763,2023-12-13 22:28:56,157000,COMPLETE
U260205-02770,20763,2026-02-05 17:11:37,128500,COMPLETE
U260429-02771,20763,2026-04-29 14:55:20,96000,COMPLETE
U230701-02772,20763,2023-07-01 14:23:38,46500,COMPLETE
U260406-02773,20763,2026-04-06 11:52:33,341500,COMPLETE
U260524-02774,20763,2026-05-24 22:23:23,240700,COMPLETE
U250829-02775,20763,2025-08-29 10:01:53,217400,COMPLETE
U260718-02776,20763,2026-07-18 13:36:49,88200,COMPLETE
U260420-02777,20763,2026-04-20 19:34:36,34400,COMPLETE
U260729-02778,20764,2026-07-29 20:29:23,122800,COMPLETE
U260305-02779,20766,2026-03-05 14:44:30,232500,COMPLETE
U251225-02780,20766,2025-12-25 15:39:28,17500,COMPLETE
U250615-02781,20766,2025-06-15 20:42:14,324800,COMPLETE
U260417-02782,20766,2026-04-17 23:22:35,91600,COMPLETE
U250403-02783,20766,2025-04-03 19:32:17,79600,COMPLETE
U250816-02784,20766,2025-08-16 18:58:38,24300,COMPLETE
U260701-02785,20767,2026-07-01 22:09:08,165800,CANCELED
U260514-02786,20767,2026-05-14 12:06:42,140500,COMPLETE
U251225-02787,20767,2025-12-25 16:39:47,67200,COMPLETE
U260619-02788,20767,2026-06-19 18:06:55,55500,COMPLETE
U260413-02789,20767,2026-04-13 08:58:23,71300,COMPLETE
U260812-02790,20767,2026-08-12 15:16:31,847000,COMPLETE
U260722-02791,20767,2026-07-22 10:05:01,244600,COMPLETE
U260824-02792,20767,2026-08-24 21:40:43,112600,COMPLETE
U260102-02793,20767,2026-01-02 18:50:35,252600,COMPLETE
U260307-02794,20767,2026-03-07 12:33:08,219300,RETURNED
U250822-02795,20768,2025-08-22 17:41:33,37500,COMPLETE
U250126-02796,20768,2025-01-26 21:08:21,178100,COMPLETE
U251211-02797,20768,2025-12-11 13:42:06,175100,COMPLETE
U250322-02798,20768,2025-03-22 22:28:53,41200,COMPLETE
U250511-02799,20769,2025-05-11 19:49:30,23400,RETURNED
U251221-02800,20769,2025-12-21 14:10:39,189700,COMPLETE
U260523-02801,20769,2026-05-23 14:33:23,83200,COMPLETE
U260829-02802,20769,2026-08-29 19:50:35,200500,COMPLETE
U260122-02803,20769,2026-01-22 23:00:59,233300,COMPLETE
U260831-02804,20770,2026-08-31 20:14:52,298400,CANCELED
U260805-02805,20770,2026-08-05 09:20:04,35800,RETURNED
U251108-02806,20771,2025-11-08 20:30:36,705000,COMPLETE
U260205-02807,20771,2026-02-05 17:35:02,80200,COMPLETE
U260312-02808,20771,2026-03-12 19:32:59,143900,COMPLETE
U251022-02809,20771,2025-10-22 14:31:13,60600,COMPLETE
U260224-02810,20771,2026-02-24 22:55:27,169900,CANCELED
U260123-02811,20771,2026-01-23 11:52:03,76400,COMPLETE
U250323-02812,20771,2025-03-23 13:26:14,48100,COMPLETE
U260818-02813,20771,2026-08-18 15:21:00,54200,COMPLETE
U251210-02814,20771,2025-12-10 18:25:52,234900,COMPLETE
U251212-02815,20771,2025-12-12 22:00:32,65500,COMPLETE
U250711-02816,20771,2025-07-11 21:06:42,97000,COMPLETE
U260602-02817,20771,2026-06-02 21:17:55,57700,RETURNED
U250523-02818,20771,2025-05-23 09:18:43,54000,COMPLETE
U250609-02819,20771,2025-06-09 08:58:34,276400,COMPLETE
U260817-02820,20772,2026-08-17 20:25:24,299700,COMPLETE
U251220-02821,20773,2025-12-20 22:35:52,342000,COMPLETE
U260527-02822,20773,2026-05-27 22:32:58,148100,COMPLETE
U251202-02823,20773,2025-12-02 10:59:41,89000,COMPLETE
U251215-02824,20773,2025-12-15 10:19:32,380400,COMPLETE
U260405-02825,20775,2026-04-05 09:01:34,201500,CANCELED
U260204-02826,20775,2026-02-04 14:52:29,35600,COMPLETE
U260111-02827,20775,2026-01-11 14:18:31,189700,COMPLETE
U260628-02828,20775,2026-06-28 20:10:00,163500,COMPLETE
U240101-02829,20775,2024-01-01 17:14:16,69100,CANCELED
U260805-02830,20776,2026-08-05 20:20:28,229700,CANCELED
U251005-02831,20776,2025-10-05 10:50:29,32000,CANCELED
U251207-02832,20776,2025-12-07 18:33:16,100400,COMPLETE
U250703-02833,20776,2025-07-03 16:25:31,81000,COMPLETE
U241119-02834,20776,2024-11-19 15:05:11,44200,COMPLETE
U250418-02835,20776,2025-04-18 09:06:14,10600,COMPLETE
U260415-02836,20776,2026-04-15 14:27:37,30200,COMPLETE
U251119-02837,20776,2025-11-19 00:26:18,96600,COMPLETE
U241121-02838,20776,2024-11-21 23:32:53,220300,COMPLETE
U260616-02839,20776,2026-06-16 17:38:14,126100,COMPLETE
U250616-02840,20777,2025-06-16 22:05:08,376400,COMPLETE
U250618-02841,20777,2025-06-18 18:59:31,12700,COMPLETE
U260817-02842,20778,2026-08-17 16:46:32,752100,COMPLETE
U260427-02843,20778,2026-04-27 14:44:26,106000,COMPLETE
U260426-02844,20778,2026-04-26 16:24:48,105400,CANCELED
U260409-02845,20778,2026-04-09 09:11:21,211300,COMPLETE
U260812-02846,20778,2026-08-12 21:16:34,28400,COMPLETE
U260709-02847,20778,2026-07-09 17:13:43,63600,COMPLETE
U260825-02848,20779,2026-08-25 12:18:13,183000,COMPLETE
U260828-02849,20779,2026-08-28 22:06:37,39700,COMPLETE
U260902-02850,20779,2026-09-02 21:03:32,36000,COMPLETE
U260830-02851,20779,2026-08-30 23:01:58,122500,COMPLETE
U260901-02852,20779,2026-09-01 20:44:50,25200,COMPLETE
U260902-02853,20779,2026-09-02 09:47:50,14600,COMPLETE
U260901-02854,20779,2026-09-01 15:35:51,235900,COMPLETE
U260830-02855,20779,2026-08-30 13:17:11,148400,RETURNED
U260830-02856,20779,2026-08-30 15:56:11,95300,COMPLETE
U260829-02857,20779,2026-08-29 17:04:04,103500,COMPLETE
U260901-02858,20779,2026-09-01 14:39:14,133500,COMPLETE
U260902-02859,20779,2026-09-02 17:33:08,183500,COMPLETE
U260828-02860,20779,2026-08-28 20:17:52,32300,CANCELED
U260825-02861,20779,2026-08-25 09:39:46,144200,RETURNED
U260825-02862,20779,2026-08-25 18:36:41,297300,COMPLETE
U260901-02863,20779,2026-09-01 17:26:13,18900,COMPLETE
U241102-02864,20780,2024-11-02 20:38:30,121200,COMPLETE
U260825-02865,20781,2026-08-25 21:57:40,163700,COMPLETE
U260807-02866,20781,2026-08-07 20:29:53,117000,COMPLETE
U260806-02867,20782,2026-08-06 19:26:51,318100,COMPLETE
U260629-02868,20782,2026-06-29 21:40:03,114100,COMPLETE
U260628-02869,20782,2026-06-28 14:47:57,64000,COMPLETE
U260601-02870,20782,2026-06-01 21:54:00,42300,COMPLETE
U260611-02871,20782,2026-06-11 17:40:09,59400,COMPLETE
U260705-02872,20782,2026-07-05 09:02:00,173900,COMPLETE
U260731-02873,20782,2026-07-31 19:00:49,38800,COMPLETE
U260521-02874,20782,2026-05-21 09:17:35,137400,COMPLETE
U260517-02875,20782,2026-05-17 00:30:33,96800,COMPLETE
U260719-02876,20782,2026-07-19 12:08:37,103200,COMPLETE
U260902-02877,20782,2026-09-02 20:13:25,32800,COMPLETE
U260812-02878,20782,2026-08-12 10:42:56,38800,COMPLETE
U260713-02879,20783,2026-07-13 23:57:03,150600,COMPLETE
U260412-02880,20783,2026-04-12 08:56:01,288400,COMPLETE
U260801-02881,20783,2026-08-01 09:30:38,96100,COMPLETE
U260726-02882,20783,2026-07-26 19:44:33,257400,COMPLETE
U260706-02883,20783,2026-07-06 10:13:45,285000,COMPLETE
U260326-02884,20783,2026-03-26 21:53:06,153600,COMPLETE
U251228-02885,20784,2025-12-28 21:42:34,133100,CANCELED
U260509-02886,20784,2026-05-09 15:49:02,295700,COMPLETE
U260724-02887,20784,2026-07-24 14:57:00,115000,RETURNED
U260129-02888,20784,2026-01-29 22:54:08,32600,COMPLETE
U260818-02889,20784,2026-08-18 19:38:55,76400,COMPLETE
U260504-02890,20784,2026-05-04 11:19:15,56300,COMPLETE
U260422-02891,20784,2026-04-22 15:24:22,117500,COMPLETE
U260614-02892,20784,2026-06-14 11:15:45,392300,CANCELED
U260211-02893,20785,2026-02-11 15:05:25,292600,CANCELED
U260117-02894,20785,2026-01-17 14:22:08,299000,COMPLETE
U240124-02895,20786,2024-01-24 13:22:53,46900,COMPLETE
U260314-02896,20787,2026-03-14 20:59:35,218400,COMPLETE
U240906-02897,20788,2024-09-06 16:09:04,63000,RETURNED
U240905-02898,20788,2024-09-05 20:53:36,51800,COMPLETE
U241216-02899,20789,2024-12-16 21:56:59,149800,COMPLETE
U251221-02900,20789,2025-12-21 08:12:51,116300,COMPLETE
U240806-02901,20789,2024-08-06 09:53:31,125400,COMPLETE
U250512-02902,20789,2025-05-12 09:26:58,73400,COMPLETE
U260612-02903,20789,2026-06-12 16:07:49,38400,COMPLETE
U260109-02904,20789,2026-01-09 19:28:01,153500,COMPLETE
U251215-02905,20789,2025-12-15 14:52:05,12200,COMPLETE
U241002-02906,20789,2024-10-02 13:29:12,220900,COMPLETE
U250216-02907,20789,2025-02-16 20:56:56,187100,COMPLETE
U250731-02908,20789,2025-07-31 20:19:22,201000,COMPLETE
U260123-02909,20789,2026-01-23 11:02:46,48800,COMPLETE
U250507-02910,20789,2025-05-07 21:19:21,112100,CANCELED
U250719-02911,20789,2025-07-19 13:27:05,52100,COMPLETE
U250615-02912,20789,2025-06-15 18:04:05,133700,COMPLETE
U251008-02913,20789,2025-10-08 16:58:53,123800,COMPLETE
U250327-02914,20789,2025-03-27 11:18:14,81400,COMPLETE
U260819-02915,20790,2026-08-19 00:19:32,682500,COMPLETE
U260714-02916,20790,2026-07-14 23:13:29,58600,COMPLETE
U260808-02917,20790,2026-08-08 23:00:39,72200,COMPLETE
U260831-02918,20790,2026-08-31 10:17:58,78900,RETURNED
U260513-02919,20790,2026-05-13 00:29:37,441400,COMPLETE
U260415-02920,20790,2026-04-15 17:43:46,277600,COMPLETE
U260602-02921,20790,2026-06-02 08:14:12,38700,COMPLETE
U260801-02922,20791,2026-08-01 21:39:15,210500,COMPLETE
U260413-02923,20791,2026-04-13 20:43:54,74000,RETURNED
U260510-02924,20791,2026-05-10 11:54:28,49600,COMPLETE
U260805-02925,20791,2026-08-05 15:09:11,73800,COMPLETE
U260606-02926,20791,2026-06-06 12:09:09,138500,COMPLETE
U251125-02927,20792,2025-11-25 20:44:49,40300,COMPLETE
U260621-02928,20793,2026-06-21 00:38:53,247600,COMPLETE
U260303-02929,20793,2026-03-03 21:41:51,481400,COMPLETE
U260403-02930,20795,2026-04-03 21:14:01,107000,COMPLETE
U260403-02931,20795,2026-04-03 18:59:14,139200,COMPLETE
U260604-02932,20795,2026-06-04 22:03:14,106300,COMPLETE
U260710-02933,20795,2026-07-10 23:34:49,121400,COMPLETE
U260804-02934,20795,2026-08-04 20:57:24,521000,COMPLETE
U250718-02935,20797,2025-07-18 10:24:26,42600,COMPLETE
U251226-02936,20798,2025-12-26 22:16:43,291200,COMPLETE
U250817-02937,20798,2025-08-17 23:02:43,126900,COMPLETE
U251120-02938,20798,2025-11-20 00:33:31,44300,COMPLETE
U250726-02939,20798,2025-07-26 20:41:11,111400,COMPLETE
U260216-02940,20798,2026-02-16 14:18:36,141500,COMPLETE
U241110-02941,20799,2024-11-10 16:22:27,159600,COMPLETE
U251006-02942,20799,2025-10-06 20:12:41,116200,COMPLETE
U260622-02943,20799,2026-06-22 10:56:49,96500,COMPLETE
U241024-02944,20799,2024-10-24 20:36:14,152000,RETURNED
U260712-02945,20799,2026-07-12 20:31:03,318000,COMPLETE
U260317-02946,20799,2026-03-17 16:28:41,103100,COMPLETE
U260417-02947,20799,2026-04-17 13:10:53,353400,COMPLETE
U260828-02948,20800,2026-08-28 16:45:19,133300,COMPLETE
U260831-02949,20800,2026-08-31 18:47:58,60400,COMPLETE
U260812-02950,20800,2026-08-12 22:22:37,140200,CANCELED
U260821-02951,20800,2026-08-21 16:55:18,45000,COMPLETE
U260820-02952,20800,2026-08-20 10:42:32,107200,COMPLETE
U260825-02953,20800,2026-08-25 18:54:58,93600,COMPLETE
U260826-02954,20800,2026-08-26 13:14:01,94900,RETURNED
U260826-02955,20800,2026-08-26 15:11:16,277400,COMPLETE
U260404-02956,20802,2026-04-04 19:22:01,336300,CANCELED
U251031-02957,20802,2025-10-31 21:14:26,90300,COMPLETE
U260822-02958,20802,2026-08-22 09:45:32,206000,CANCELED
U260806-02959,20802,2026-08-06 20:05:04,47100,COMPLETE
U260307-02960,20802,2026-03-07 13:40:01,192400,COMPLETE
U251229-02961,20802,2025-12-29 12:19:34,14800,COMPLETE
U250711-02962,20802,2025-07-11 00:47:09,44900,COMPLETE
U260517-02963,20802,2026-05-17 11:15:07,255800,COMPLETE
U260402-02964,20802,2026-04-02 20:39:51,71200,COMPLETE
U260715-02965,20802,2026-07-15 14:41:47,182400,COMPLETE
U260710-02966,20802,2026-07-10 15:44:45,132100,COMPLETE
U260901-02967,20802,2026-09-01 17:54:06,227100,COMPLETE
U250908-02968,20802,2025-09-08 10:27:31,33100,COMPLETE
U250522-02969,20802,2025-05-22 00:25:32,225300,COMPLETE
U260127-02970,20802,2026-01-27 18:14:52,198100,COMPLETE
U260409-02971,20802,2026-04-09 09:26:28,599600,COMPLETE
U260213-02972,20802,2026-02-13 11:54:48,32000,COMPLETE
U260820-02973,20802,2026-08-20 23:13:33,280100,CANCELED
U250428-02974,20802,2025-04-28 22:15:47,65700,CANCELED
U260302-02975,20802,2026-03-02 21:16:56,76200,COMPLETE
U250507-02976,20803,2025-05-07 12:33:47,109100,COMPLETE
U250416-02977,20803,2025-04-16 20:22:39,66900,COMPLETE
U260315-02978,20804,2026-03-15 13:45:15,229800,COMPLETE
U260628-02979,20805,2026-06-28 21:27:16,63400,COMPLETE
U251103-02980,20806,2025-11-03 18:28:13,306300,COMPLETE
U260712-02981,20806,2026-07-12 20:38:32,183200,COMPLETE
U260614-02982,20806,2026-06-14 15:29:48,348600,COMPLETE
U250914-02983,20807,2025-09-14 12:03:15,88700,COMPLETE
U260607-02984,20807,2026-06-07 23:48:27,43600,COMPLETE
U251204-02985,20807,2025-12-04 20:01:36,1066300,COMPLETE
U260306-02986,20808,2026-03-06 21:58:23,94000,COMPLETE
U260820-02987,20808,2026-08-20 12:21:01,205100,COMPLETE
U260719-02988,20808,2026-07-19 10:15:56,53600,COMPLETE
U260629-02989,20808,2026-06-29 21:55:12,287100,COMPLETE
U251127-02990,20809,2025-11-27 21:25:35,28600,COMPLETE
U250918-02991,20809,2025-09-18 20:20:12,138400,COMPLETE
U240420-02992,20809,2024-04-20 15:04:26,53000,COMPLETE
U231125-02993,20809,2023-11-25 22:33:44,36400,COMPLETE
U260828-02994,20809,2026-08-28 23:36:57,36200,COMPLETE
U240105-02995,20809,2024-01-05 12:05:19,68600,COMPLETE
U250224-02996,20810,2025-02-24 20:34:34,89100,COMPLETE
U260311-02997,20811,2026-03-11 14:24:55,88600,COMPLETE
U250930-02998,20811,2025-09-30 21:30:15,153200,RETURNED
U260210-02999,20812,2026-02-10 20:22:46,427200,COMPLETE
U260705-03000,20812,2026-07-05 21:31:00,124300,COMPLETE
U250612-03001,20812,2025-06-12 19:29:41,44600,COMPLETE
U250929-03002,20812,2025-09-29 19:15:53,100400,COMPLETE
U260717-03003,20812,2026-07-17 00:08:16,241700,COMPLETE
U250822-03004,20812,2025-08-22 21:27:17,172600,COMPLETE
U250325-03005,20812,2025-03-25 21:08:09,339800,COMPLETE
U250328-03006,20812,2025-03-28 09:12:45,108100,COMPLETE
U260102-03007,20812,2026-01-02 10:06:08,295800,COMPLETE
U250430-03008,20812,2025-04-30 00:52:00,66700,COMPLETE
U251223-03009,20812,2025-12-23 23:11:11,252600,COMPLETE
U250418-03010,20812,2025-04-18 13:08:44,639100,COMPLETE
U260608-03011,20813,2026-06-08 19:24:28,137500,COMPLETE
U260414-03012,20813,2026-04-14 19:19:28,297000,COMPLETE
U260731-03013,20813,2026-07-31 21:03:38,180800,COMPLETE
U260428-03014,20813,2026-04-28 21:28:22,303300,COMPLETE
U260808-03015,20813,2026-08-08 11:39:36,494600,COMPLETE
U260829-03016,20813,2026-08-29 15:15:28,62700,COMPLETE
U260713-03017,20813,2026-07-13 20:01:15,41500,COMPLETE
U260506-03018,20813,2026-05-06 12:28:29,135300,COMPLETE
U260608-03019,20813,2026-06-08 19:59:40,21800,COMPLETE
U260830-03020,20813,2026-08-30 13:01:10,349100,COMPLETE
U260818-03021,20813,2026-08-18 20:59:56,333100,COMPLETE
U260804-03022,20813,2026-08-04 14:14:30,463100,COMPLETE
U240710-03023,20814,2024-07-10 10:03:57,83000,COMPLETE
U241230-03024,20814,2024-12-30 11:03:53,292300,COMPLETE
U240322-03025,20814,2024-03-22 21:40:05,50700,CANCELED
U251003-03026,20814,2025-10-03 15:58:50,19200,COMPLETE
U260629-03027,20814,2026-06-29 20:49:29,89000,COMPLETE
U240602-03028,20814,2024-06-02 09:46:00,56000,COMPLETE
U251004-03029,20816,2025-10-04 15:57:52,56900,COMPLETE
U251102-03030,20816,2025-11-02 21:12:10,43300,COMPLETE
U251121-03031,20816,2025-11-21 12:02:51,801100,COMPLETE
U250401-03032,20816,2025-04-01 15:58:25,153300,COMPLETE
U250413-03033,20816,2025-04-13 17:30:31,69800,COMPLETE
U260514-03034,20817,2026-05-14 16:29:32,82400,COMPLETE
U260329-03035,20817,2026-03-29 19:11:07,399200,COMPLETE
U260319-03036,20817,2026-03-19 21:10:03,50200,COMPLETE
U260214-03037,20817,2026-02-14 15:37:41,358200,CANCELED
U260828-03038,20817,2026-08-28 15:39:35,68100,COMPLETE
U260725-03039,20817,2026-07-25 16:40:30,54600,COMPLETE
U260511-03040,20817,2026-05-11 00:32:12,1068500,COMPLETE
U260811-03041,20817,2026-08-11 09:15:18,60900,COMPLETE
U260820-03042,20817,2026-08-20 18:20:17,447700,COMPLETE
U260825-03043,20817,2026-08-25 11:17:36,324200,RETURNED
U260610-03044,20817,2026-06-10 11:39:36,597900,COMPLETE
U260507-03045,20817,2026-05-07 12:05:57,147100,COMPLETE
U260211-03046,20817,2026-02-11 22:20:15,530100,COMPLETE
U260714-03047,20817,2026-07-14 21:10:16,104800,COMPLETE
U260216-03048,20818,2026-02-16 14:50:59,205900,RETURNED
U260715-03049,20819,2026-07-15 21:37:56,263300,COMPLETE
U260721-03050,20819,2026-07-21 21:24:11,273800,COMPLETE
U260714-03051,20819,2026-07-14 22:17:06,38600,COMPLETE
U260602-03052,20820,2026-06-02 18:04:02,290300,COMPLETE
U251102-03053,20820,2025-11-02 18:00:19,44900,COMPLETE
U260430-03054,20820,2026-04-30 20:07:31,45400,COMPLETE
U251227-03055,20820,2025-12-27 23:27:16,181600,COMPLETE
U250929-03056,20820,2025-09-29 00:21:54,381500,COMPLETE
U251220-03057,20820,2025-12-20 19:38:08,163100,COMPLETE
U260606-03058,20820,2026-06-06 18:17:40,398000,COMPLETE
U250519-03059,20820,2025-05-19 15:05:20,399500,COMPLETE
U260423-03060,20820,2026-04-23 10:45:01,252000,COMPLETE
U260603-03061,20820,2026-06-03 13:26:23,102000,COMPLETE
U241005-03062,20821,2024-10-05 21:38:46,84800,RETURNED
U260606-03063,20821,2026-06-06 21:06:06,409200,COMPLETE
U260615-03064,20821,2026-06-15 21:52:18,366300,CANCELED
U250924-03065,20821,2025-09-24 23:12:08,63900,COMPLETE
U250403-03066,20821,2025-04-03 16:19:25,63100,COMPLETE
U260228-03067,20822,2026-02-28 23:06:51,74500,COMPLETE
U260901-03068,20823,2026-09-01 17:51:41,60400,COMPLETE
U260210-03069,20824,2026-02-10 13:12:04,174200,COMPLETE
U260626-03070,20824,2026-06-26 18:34:17,145100,COMPLETE
U260316-03071,20824,2026-03-16 15:38:22,203700,COMPLETE
U260613-03072,20824,2026-06-13 22:28:38,219100,COMPLETE
U260608-03073,20824,2026-06-08 10:07:49,244800,COMPLETE
U260612-03074,20824,2026-06-12 21:14:41,72300,COMPLETE
U240318-03075,20825,2024-03-18 12:47:56,15100,COMPLETE
U260116-03076,20825,2026-01-16 15:00:36,273800,COMPLETE
U260722-03077,20825,2026-07-22 00:36:09,41500,COMPLETE
U240610-03078,20825,2024-06-10 20:50:47,31500,COMPLETE
U240813-03079,20825,2024-08-13 19:25:18,190500,COMPLETE
U260218-03080,20826,2026-02-18 12:04:25,61700,COMPLETE
U260710-03081,20827,2026-07-10 11:32:05,171900,COMPLETE
U260323-03082,20827,2026-03-23 16:56:06,423100,COMPLETE
U260515-03083,20828,2026-05-15 19:54:30,375300,COMPLETE
U250731-03084,20828,2025-07-31 16:05:31,309500,COMPLETE
U260101-03085,20828,2026-01-01 15:42:41,400500,COMPLETE
U260822-03086,20828,2026-08-22 20:13:12,287400,COMPLETE
U260716-03087,20828,2026-07-16 21:28:44,93500,COMPLETE
U260327-03088,20828,2026-03-27 10:04:42,312800,COMPLETE
U250709-03089,20828,2025-07-09 22:50:11,395200,COMPLETE
U250925-03090,20829,2025-09-25 11:50:16,73500,COMPLETE
U250520-03091,20830,2025-05-20 15:04:01,242300,COMPLETE
U251230-03092,20830,2025-12-30 16:07:50,14600,COMPLETE
U230829-03093,20830,2023-08-29 12:57:52,256700,COMPLETE
U240829-03094,20830,2024-08-29 18:58:08,144500,COMPLETE
U250515-03095,20830,2025-05-15 17:37:29,92700,CANCELED
U251023-03096,20830,2025-10-23 18:08:40,118000,COMPLETE
U260903-03097,20831,2026-09-03 08:23:36,75300,COMPLETE
U260825-03098,20831,2026-08-25 11:28:06,274300,COMPLETE
U260831-03099,20831,2026-08-31 00:22:16,99900,COMPLETE
U260823-03100,20831,2026-08-23 23:53:36,186100,COMPLETE
U260826-03101,20831,2026-08-26 14:26:22,70900,COMPLETE
U260811-03102,20831,2026-08-11 17:25:07,590900,COMPLETE
U250228-03103,20832,2025-02-28 12:47:37,30600,COMPLETE
U240513-03104,20832,2024-05-13 15:30:05,278400,COMPLETE
U260702-03105,20832,2026-07-02 18:37:17,42300,COMPLETE
U241021-03106,20832,2024-10-21 16:48:05,126500,COMPLETE
U260420-03107,20833,2026-04-20 20:48:38,310000,COMPLETE
U260423-03108,20833,2026-04-23 22:12:27,122800,COMPLETE
U260314-03109,20833,2026-03-14 09:34:36,257900,COMPLETE
U260612-03110,20833,2026-06-12 18:15:55,375500,COMPLETE
U260601-03111,20833,2026-06-01 21:07:39,58200,RETURNED
U260329-03112,20834,2026-03-29 11:46:47,386100,COMPLETE
U260405-03113,20834,2026-04-05 19:37:19,131800,COMPLETE
U260626-03114,20835,2026-06-26 20:08:57,56900,COMPLETE
U241103-03115,20835,2024-11-03 23:31:39,169300,COMPLETE
U260213-03116,20836,2026-02-13 18:14:32,223900,COMPLETE
U231202-03117,20838,2023-12-02 09:11:58,43400,COMPLETE
U231128-03118,20838,2023-11-28 21:06:17,89000,COMPLETE
U260717-03119,20839,2026-07-17 22:16:20,206700,COMPLETE
U260804-03120,20839,2026-08-04 22:30:30,218800,COMPLETE
U250824-03121,20839,2025-08-24 19:47:40,46500,COMPLETE
U260308-03122,20839,2026-03-08 22:35:59,61800,COMPLETE
U260520-03123,20840,2026-05-20 13:17:14,52300,COMPLETE
U260518-03124,20840,2026-05-18 11:18:03,132500,COMPLETE
U260727-03125,20841,2026-07-27 09:04:55,39500,COMPLETE
U260817-03126,20843,2026-08-17 12:23:22,93100,COMPLETE
U260724-03127,20843,2026-07-24 17:35:17,292200,COMPLETE
U260821-03128,20843,2026-08-21 23:22:01,67600,COMPLETE
U260730-03129,20843,2026-07-30 11:25:33,56000,COMPLETE
U260811-03130,20843,2026-08-11 23:34:14,118200,COMPLETE
U260427-03131,20844,2026-04-27 21:15:26,143900,COMPLETE
U250908-03132,20844,2025-09-08 18:26:29,25400,COMPLETE
U260809-03133,20844,2026-08-09 22:50:32,183700,COMPLETE
U260802-03134,20844,2026-08-02 14:54:01,384600,COMPLETE
U260404-03135,20844,2026-04-04 21:46:56,901200,COMPLETE
U260301-03136,20844,2026-03-01 18:16:31,34000,COMPLETE
U251127-03137,20844,2025-11-27 21:16:19,43900,COMPLETE
U260504-03138,20844,2026-05-04 12:55:09,81000,COMPLETE
U260702-03139,20844,2026-07-02 18:15:20,133700,COMPLETE
U260802-03140,20844,2026-08-02 22:21:46,250100,COMPLETE
U251019-03141,20845,2025-10-19 21:11:45,315900,COMPLETE
U260325-03142,20845,2026-03-25 09:22:07,97300,COMPLETE
U260719-03143,20845,2026-07-19 21:56:12,244500,COMPLETE
U260621-03144,20846,2026-06-21 22:05:51,79300,CANCELED
U251019-03145,20847,2025-10-19 11:04:06,75500,COMPLETE
U250822-03146,20848,2025-08-22 15:45:54,172900,COMPLETE
U260603-03147,20848,2026-06-03 22:45:04,423800,COMPLETE
U250309-03148,20848,2025-03-09 18:30:46,170400,COMPLETE
U260523-03149,20848,2026-05-23 17:31:51,228200,COMPLETE
U250109-03150,20848,2025-01-09 21:30:42,75200,COMPLETE
U260817-03151,20848,2026-08-17 17:43:13,73900,COMPLETE
U260324-03152,20848,2026-03-24 18:40:45,41300,COMPLETE
U260308-03153,20848,2026-03-08 21:10:58,190000,COMPLETE
U260128-03154,20848,2026-01-28 16:00:16,34800,COMPLETE
U251207-03155,20848,2025-12-07 22:43:27,139600,COMPLETE
U260709-03156,20848,2026-07-09 12:12:11,92500,COMPLETE
U240525-03157,20848,2024-05-25 21:43:04,38200,COMPLETE
U250223-03158,20848,2025-02-23 15:12:07,209400,COMPLETE
U250903-03159,20848,2025-09-03 19:18:18,79500,COMPLETE
U260407-03160,20849,2026-04-07 13:50:48,200500,COMPLETE
U260312-03161,20852,2026-03-12 12:14:21,32800,COMPLETE
U260518-03162,20853,2026-05-18 13:14:35,20400,RETURNED
U260404-03163,20854,2026-04-04 21:30:24,132400,CANCELED
U260813-03164,20854,2026-08-13 10:25:25,108100,COMPLETE
U260630-03165,20854,2026-06-30 12:32:51,341000,COMPLETE
U250901-03166,20855,2025-09-01 12:00:32,59200,COMPLETE
U250902-03167,20855,2025-09-02 09:23:27,186900,COMPLETE
U250902-03168,20855,2025-09-02 09:16:44,224000,COMPLETE
U260512-03169,20856,2026-05-12 14:20:53,291900,COMPLETE
U241012-03170,20856,2024-10-12 09:01:13,89000,COMPLETE
U260517-03171,20856,2026-05-17 23:51:22,319400,CANCELED
U260213-03172,20857,2026-02-13 00:36:11,235600,CANCELED
U251226-03173,20857,2025-12-26 17:34:21,43700,COMPLETE
U260418-03174,20857,2026-04-18 17:55:55,40000,COMPLETE
U250513-03175,20858,2025-05-13 15:56:01,139000,COMPLETE
U250812-03176,20859,2025-08-12 21:01:35,139100,COMPLETE
U260520-03177,20860,2026-05-20 14:08:44,268400,COMPLETE
U251205-03178,20860,2025-12-05 20:38:15,287000,COMPLETE
U260507-03179,20861,2026-05-07 09:24:20,114000,COMPLETE
U260507-03180,20862,2026-05-07 10:30:49,111500,COMPLETE
U260802-03181,20863,2026-08-02 11:41:14,30800,COMPLETE
U260312-03182,20864,2026-03-12 00:24:20,281000,COMPLETE
U260330-03183,20864,2026-03-30 19:23:05,233600,COMPLETE
U260131-03184,20864,2026-01-31 23:09:34,292500,COMPLETE
U260425-03185,20864,2026-04-25 22:05:18,215100,COMPLETE
U260316-03186,20864,2026-03-16 11:07:41,243000,COMPLETE
U260409-03187,20864,2026-04-09 20:29:05,313800,COMPLETE
U260414-03188,20864,2026-04-14 00:30:40,97500,COMPLETE
U240520-03189,20865,2024-05-20 18:07:01,67200,COMPLETE
U260221-03190,20865,2026-02-21 17:56:41,209700,COMPLETE
U260819-03191,20866,2026-08-19 20:37:09,253300,COMPLETE
U260201-03192,20866,2026-02-01 20:37:41,134800,COMPLETE
U250515-03193,20866,2025-05-15 15:01:32,25500,COMPLETE
U250831-03194,20867,2025-08-31 13:34:18,262700,COMPLETE
U230606-03195,20867,2023-06-06 21:05:56,36800,COMPLETE
U240521-03196,20867,2024-05-21 12:48:44,153100,RETURNED
U241122-03197,20867,2024-11-22 18:07:30,303500,RETURNED
U260227-03198,20867,2026-02-27 21:47:50,97100,COMPLETE
U260701-03199,20868,2026-07-01 10:19:21,78500,COMPLETE
U251116-03200,20868,2025-11-16 17:01:46,452500,COMPLETE
U260630-03201,20869,2026-06-30 21:52:38,278900,COMPLETE
U260131-03202,20870,2026-01-31 21:39:33,58200,COMPLETE
U260902-03203,20871,2026-09-02 17:27:08,106900,COMPLETE
U260902-03204,20871,2026-09-02 12:54:39,159800,COMPLETE
U260901-03205,20871,2026-09-01 20:40:30,329200,COMPLETE
U251109-03206,20872,2025-11-09 22:46:30,455800,COMPLETE
U260715-03207,20872,2026-07-15 08:52:38,313700,RETURNED
U260401-03208,20872,2026-04-01 20:48:50,44400,COMPLETE
U250810-03209,20872,2025-08-10 12:17:41,280200,COMPLETE
U260429-03210,20872,2026-04-29 14:58:45,76800,COMPLETE
U260618-03211,20872,2026-06-18 17:19:09,384000,CANCELED
U260813-03212,20872,2026-08-13 21:49:28,48400,COMPLETE
U260224-03213,20872,2026-02-24 08:35:32,44200,CANCELED
U260604-03214,20872,2026-06-04 11:48:31,66000,COMPLETE
U250424-03215,20872,2025-04-24 15:18:42,58500,CANCELED
U260725-03216,20873,2026-07-25 15:28:48,118300,COMPLETE
U260726-03217,20873,2026-07-26 17:51:03,255700,COMPLETE
U240512-03218,20874,2024-05-12 10:01:57,192300,COMPLETE
U251227-03219,20875,2025-12-27 18:00:34,197700,COMPLETE
U250828-03220,20875,2025-08-28 18:59:09,194500,COMPLETE
U260218-03221,20875,2026-02-18 13:44:25,120300,CANCELED
U260804-03222,20876,2026-08-04 19:24:13,444500,COMPLETE
U260126-03223,20877,2026-01-26 14:46:36,41000,COMPLETE
U250830-03224,20878,2025-08-30 20:14:34,269400,COMPLETE
U250617-03225,20878,2025-06-17 08:43:04,51400,COMPLETE
U240807-03226,20878,2024-08-07 12:16:48,29400,COMPLETE
U260409-03227,20878,2026-04-09 23:08:33,39400,COMPLETE
U260513-03228,20878,2026-05-13 12:56:55,215700,COMPLETE
U260102-03229,20878,2026-01-02 15:13:03,36800,COMPLETE
U260708-03230,20878,2026-07-08 08:23:33,22400,COMPLETE
U241212-03231,20878,2024-12-12 09:46:48,129200,COMPLETE
U260524-03232,20878,2026-05-24 20:15:42,35100,COMPLETE
U260414-03233,20878,2026-04-14 22:00:09,243400,COMPLETE
U251207-03234,20879,2025-12-07 14:48:08,181400,COMPLETE
U260425-03235,20879,2026-04-25 15:58:53,55500,COMPLETE
U260426-03236,20880,2026-04-26 21:03:06,407700,RETURNED
U260426-03237,20880,2026-04-26 18:02:09,342900,COMPLETE
U241222-03238,20881,2024-12-22 00:00:17,685500,COMPLETE
U241031-03239,20881,2024-10-31 16:42:54,61200,COMPLETE
U260208-03240,20881,2026-02-08 15:58:49,227800,COMPLETE
U260619-03241,20881,2026-06-19 15:34:01,112800,COMPLETE
U260502-03242,20881,2026-05-02 12:07:52,217500,CANCELED
U260621-03243,20882,2026-06-21 12:39:59,232700,COMPLETE
U260817-03244,20882,2026-08-17 20:22:10,437300,COMPLETE
U260826-03245,20882,2026-08-26 08:09:41,52400,CANCELED
U260723-03246,20882,2026-07-23 12:37:55,127900,COMPLETE
U260619-03247,20882,2026-06-19 14:31:39,335200,COMPLETE
U260829-03248,20882,2026-08-29 12:50:34,38400,COMPLETE
U260702-03249,20882,2026-07-02 22:55:32,645500,COMPLETE
U260806-03250,20883,2026-08-06 09:26:37,181500,COMPLETE
U260730-03251,20883,2026-07-30 10:14:32,115300,COMPLETE
U260815-03252,20883,2026-08-15 13:47:27,178100,COMPLETE
U260621-03253,20884,2026-06-21 20:54:04,345800,COMPLETE
U260902-03254,20884,2026-09-02 20:36:35,20100,COMPLETE
U260813-03255,20884,2026-08-13 00:22:51,64400,COMPLETE
U260813-03256,20884,2026-08-13 20:40:11,473300,COMPLETE
U260608-03257,20884,2026-06-08 13:10:30,13600,RETURNED
U260512-03258,20884,2026-05-12 19:16:52,90300,COMPLETE
U260818-03259,20884,2026-08-18 22:53:25,225100,COMPLETE
U260514-03260,20884,2026-05-14 19:02:57,41000,COMPLETE
U260804-03261,20884,2026-08-04 20:22:36,133300,COMPLETE
U260813-03262,20884,2026-08-13 22:05:54,96200,COMPLETE
U240406-03263,20885,2024-04-06 20:58:30,196000,COMPLETE
U260520-03264,20886,2026-05-20 13:18:53,48300,COMPLETE
U260416-03265,20886,2026-04-16 11:25:56,98600,COMPLETE
U260624-03266,20886,2026-06-24 12:24:57,98800,COMPLETE
U260316-03267,20886,2026-03-16 08:23:00,1202900,COMPLETE
U260523-03268,20886,2026-05-23 21:53:08,151000,COMPLETE
U260707-03269,20886,2026-07-07 00:33:05,84700,COMPLETE
U260514-03270,20886,2026-05-14 18:09:23,103200,COMPLETE
U260515-03271,20886,2026-05-15 22:13:20,269300,COMPLETE
U251205-03272,20886,2025-12-05 19:44:30,25000,COMPLETE
U260903-03273,20886,2026-09-03 14:30:27,248100,COMPLETE
U260329-03274,20886,2026-03-29 00:32:37,199500,COMPLETE
U251111-03275,20886,2025-11-11 11:04:42,172200,COMPLETE
U260717-03276,20886,2026-07-17 20:15:19,218000,COMPLETE
U251109-03277,20886,2025-11-09 13:03:55,593800,COMPLETE
U260515-03278,20886,2026-05-15 15:57:34,315600,COMPLETE
U260319-03279,20886,2026-03-19 12:33:19,208600,COMPLETE
U251102-03280,20886,2025-11-02 16:10:42,547800,COMPLETE
U251030-03281,20886,2025-10-30 10:56:49,368000,COMPLETE
U260329-03282,20886,2026-03-29 20:04:22,93200,COMPLETE
U250724-03283,20886,2025-07-24 17:48:52,192300,COMPLETE
U250819-03284,20887,2025-08-19 22:21:30,205000,COMPLETE
U250130-03285,20888,2025-01-30 10:46:35,88800,COMPLETE
U250923-03286,20889,2025-09-23 21:38:45,181100,CANCELED
U250204-03287,20889,2025-02-04 22:46:39,232600,COMPLETE
U250408-03288,20889,2025-04-08 13:11:54,177100,COMPLETE
U260123-03289,20889,2026-01-23 17:12:14,426500,COMPLETE
U260416-03290,20890,2026-04-16 15:22:46,374900,COMPLETE
U251225-03291,20890,2025-12-25 21:00:58,19700,COMPLETE
U260226-03292,20890,2026-02-26 23:17:11,220400,COMPLETE
U260901-03293,20890,2026-09-01 19:10:55,681000,COMPLETE
U260829-03294,20890,2026-08-29 20:34:24,46800,COMPLETE
U260702-03295,20890,2026-07-02 14:47:48,236300,COMPLETE
U260124-03296,20890,2026-01-24 21:41:22,75000,CANCELED
U251121-03297,20890,2025-11-21 17:38:49,239000,COMPLETE
U260607-03298,20890,2026-06-07 19:13:17,156500,COMPLETE
U260212-03299,20890,2026-02-12 12:42:10,41700,RETURNED
U251218-03300,20890,2025-12-18 12:54:10,302200,COMPLETE
U260817-03301,20890,2026-08-17 15:08:47,84200,COMPLETE
U260712-03302,20890,2026-07-12 20:18:32,226900,COMPLETE
U260419-03303,20890,2026-04-19 18:05:13,55800,COMPLETE
U260419-03304,20891,2026-04-19 10:38:42,487800,COMPLETE
U260801-03305,20891,2026-08-01 12:51:07,72300,COMPLETE
U260409-03306,20891,2026-04-09 14:10:42,232900,COMPLETE
U240518-03307,20892,2024-05-18 17:06:40,662000,COMPLETE
U260525-03308,20892,2026-05-25 20:41:49,111100,CANCELED
U250506-03309,20892,2025-05-06 23:45:29,403600,COMPLETE
U260616-03310,20893,2026-06-16 14:35:54,133300,CANCELED
U250211-03311,20893,2025-02-11 10:38:12,361100,COMPLETE
U241106-03312,20893,2024-11-06 19:40:10,42200,COMPLETE
U240509-03313,20894,2024-05-09 23:55:12,97600,COMPLETE
U240106-03314,20894,2024-01-06 22:56:56,357500,COMPLETE
U241108-03315,20894,2024-11-08 15:31:41,161100,CANCELED
U230807-03316,20894,2023-08-07 12:39:17,141300,COMPLETE
U260601-03317,20895,2026-06-01 21:27:57,25600,COMPLETE
U260817-03318,20895,2026-08-17 19:19:34,339300,RETURNED
U260808-03319,20895,2026-08-08 09:57:13,162800,COMPLETE
U260506-03320,20895,2026-05-06 10:07:17,97300,COMPLETE
U260814-03321,20895,2026-08-14 17:22:42,71300,COMPLETE
U260515-03322,20895,2026-05-15 22:20:11,88400,COMPLETE
U260602-03323,20895,2026-06-02 17:03:13,195700,RETURNED
U260702-03324,20895,2026-07-02 13:35:47,36800,COMPLETE
U260826-03325,20895,2026-08-26 12:05:39,165400,COMPLETE
U260226-03326,20895,2026-02-26 21:27:07,41800,COMPLETE
U260221-03327,20895,2026-02-21 10:58:12,82800,COMPLETE
U260621-03328,20895,2026-06-21 09:24:45,739900,COMPLETE
U260511-03329,20895,2026-05-11 11:31:23,315700,COMPLETE
U260829-03330,20895,2026-08-29 19:02:26,512000,COMPLETE
U260323-03331,20895,2026-03-23 20:47:39,13600,COMPLETE
U260622-03332,20895,2026-06-22 23:23:32,305500,COMPLETE
U230905-03333,20896,2023-09-05 19:01:36,176500,COMPLETE
U231220-03334,20896,2023-12-20 12:45:21,110600,COMPLETE
U240305-03335,20896,2024-03-05 11:13:49,115300,COMPLETE
U260404-03336,20897,2026-04-04 19:52:57,145900,COMPLETE
U251127-03337,20898,2025-11-27 12:53:57,57000,CANCELED
U251128-03338,20898,2025-11-28 10:21:08,274700,COMPLETE
U260614-03339,20899,2026-06-14 16:33:00,45100,COMPLETE
U260903-03340,20899,2026-09-03 21:46:18,226300,COMPLETE
U251001-03341,20899,2025-10-01 16:11:40,221500,CANCELED
U250821-03342,20899,2025-08-21 19:22:56,109900,COMPLETE
U240723-03343,20901,2024-07-23 11:42:01,477400,COMPLETE
U260727-03344,20901,2026-07-27 12:46:48,267700,COMPLETE
U260609-03345,20901,2026-06-09 09:43:00,70100,COMPLETE
U231004-03346,20901,2023-10-04 18:27:06,91000,COMPLETE
U260418-03347,20901,2026-04-18 22:41:25,39900,COMPLETE
U260816-03348,20902,2026-08-16 22:32:11,430600,COMPLETE
U260716-03349,20902,2026-07-16 14:04:02,163500,COMPLETE
U260822-03350,20902,2026-08-22 23:56:09,355400,CANCELED
U260822-03351,20902,2026-08-22 23:50:10,74900,COMPLETE
U260430-03352,20903,2026-04-30 20:14:23,154100,COMPLETE
U250922-03353,20903,2025-09-22 13:11:58,92700,COMPLETE
U250427-03354,20903,2025-04-27 20:05:10,52400,COMPLETE
U260116-03355,20903,2026-01-16 00:33:05,492800,COMPLETE
U260219-03356,20903,2026-02-19 17:54:59,96200,COMPLETE
U250124-03357,20903,2025-01-24 21:27:29,259100,COMPLETE
U260605-03358,20903,2026-06-05 12:58:30,121900,COMPLETE
U260402-03359,20903,2026-04-02 10:15:50,300600,COMPLETE
U241222-03360,20904,2024-12-22 08:00:18,191700,COMPLETE
U240706-03361,20905,2024-07-06 18:17:11,614800,COMPLETE
U251202-03362,20905,2025-12-02 12:11:15,65800,COMPLETE
U260825-03363,20905,2026-08-25 19:36:49,157500,COMPLETE
U240710-03364,20907,2024-07-10 19:43:10,117600,COMPLETE
U240712-03365,20907,2024-07-12 21:01:10,164700,COMPLETE
U250225-03366,20908,2025-02-25 23:38:30,95800,COMPLETE
U250227-03367,20908,2025-02-27 20:34:43,296300,COMPLETE
U250228-03368,20908,2025-02-28 17:54:46,309100,COMPLETE
U260321-03369,20909,2026-03-21 14:38:49,56800,COMPLETE
U260604-03370,20910,2026-06-04 21:14:52,490500,COMPLETE
U260812-03371,20912,2026-08-12 19:11:51,153400,COMPLETE
U251013-03372,20912,2025-10-13 22:40:38,490400,COMPLETE
U260713-03373,20914,2026-07-13 19:42:29,113400,COMPLETE
U260813-03374,20914,2026-08-13 22:25:57,727800,COMPLETE
U260820-03375,20914,2026-08-20 14:06:28,232000,COMPLETE
U260814-03376,20914,2026-08-14 22:56:46,66300,COMPLETE
U260719-03377,20914,2026-07-19 09:11:32,44100,COMPLETE
U260901-03378,20914,2026-09-01 12:52:50,208000,COMPLETE
U260830-03379,20914,2026-08-30 22:22:41,556700,CANCELED
U260814-03380,20914,2026-08-14 10:12:11,132600,COMPLETE
U260427-03381,20916,2026-04-27 12:56:54,47600,COMPLETE
U251108-03382,20916,2025-11-08 14:49:12,425300,COMPLETE
U250221-03383,20917,2025-02-21 10:23:37,337000,COMPLETE
U260515-03384,20918,2026-05-15 21:03:15,93700,COMPLETE
U251025-03385,20918,2025-10-25 10:27:59,337100,COMPLETE
U260312-03386,20918,2026-03-12 21:41:51,56300,COMPLETE
U260726-03387,20918,2026-07-26 20:15:04,54100,COMPLETE
U260524-03388,20918,2026-05-24 13:00:46,74400,COMPLETE
U260425-03389,20918,2026-04-25 22:15:47,44100,COMPLETE
U251219-03390,20919,2025-12-19 15:10:38,608100,COMPLETE
U250919-03391,20919,2025-09-19 11:19:56,243200,COMPLETE
U240711-03392,20919,2024-07-11 10:50:49,112100,COMPLETE
U240909-03393,20919,2024-09-09 20:47:01,84500,COMPLETE
U260729-03394,20919,2026-07-29 08:20:36,317200,COMPLETE
U260401-03395,20919,2026-04-01 16:19:28,46700,COMPLETE
U231210-03396,20919,2023-12-10 22:21:55,87300,COMPLETE
U231005-03397,20919,2023-10-05 14:38:04,241700,COMPLETE
U250119-03398,20919,2025-01-19 21:15:01,274100,COMPLETE
U250808-03399,20919,2025-08-08 21:45:40,300200,COMPLETE
U260425-03400,20920,2026-04-25 19:32:27,76600,COMPLETE
U250504-03401,20920,2025-05-04 13:36:57,21600,COMPLETE
U250428-03402,20920,2025-04-28 21:53:40,48300,COMPLETE
U240808-03403,20920,2024-08-08 22:00:24,295800,COMPLETE
U251012-03404,20920,2025-10-12 13:16:42,125900,COMPLETE
U240717-03405,20920,2024-07-17 20:16:38,85000,COMPLETE
U260406-03406,20920,2026-04-06 19:07:28,105800,COMPLETE
U260210-03407,20920,2026-02-10 18:21:35,34600,RETURNED
U260120-03408,20920,2026-01-20 14:59:06,35100,CANCELED
U251117-03409,20920,2025-11-17 09:43:22,51300,COMPLETE
U260902-03410,20920,2026-09-02 20:39:09,202700,COMPLETE
U240803-03411,20920,2024-08-03 12:11:02,523600,COMPLETE
U250724-03412,20921,2025-07-24 17:12:57,53000,COMPLETE
U260224-03413,20921,2026-02-24 22:22:05,80600,COMPLETE
U260718-03414,20921,2026-07-18 14:05:08,112300,COMPLETE
U260814-03415,20921,2026-08-14 20:11:16,132200,COMPLETE
U240829-03416,20922,2024-08-29 12:01:27,409400,COMPLETE
U240829-03417,20922,2024-08-29 20:06:30,83700,COMPLETE
U260421-03418,20923,2026-04-21 15:07:07,100600,RETURNED
U260803-03419,20924,2026-08-03 08:25:14,25200,COMPLETE
U260726-03420,20924,2026-07-26 15:36:26,185800,COMPLETE
U260901-03421,20924,2026-09-01 16:50:12,338800,CANCELED
U260419-03422,20925,2026-04-19 23:39:09,426300,COMPLETE
U260701-03423,20926,2026-07-01 11:52:20,96700,COMPLETE
U260518-03424,20927,2026-05-18 17:31:45,42400,COMPLETE
U260706-03425,20927,2026-07-06 08:50:28,262600,COMPLETE
U250329-03426,20928,2025-03-29 19:50:48,559800,COMPLETE
U260511-03427,20928,2026-05-11 19:11:19,186900,COMPLETE
U251117-03428,20928,2025-11-17 20:30:03,737000,COMPLETE
U250211-03429,20928,2025-02-11 09:51:46,175800,COMPLETE
U251207-03430,20928,2025-12-07 12:42:32,49300,CANCELED
U250817-03431,20928,2025-08-17 21:24:18,308800,COMPLETE
U240417-03432,20929,2024-04-17 14:10:33,53300,COMPLETE
U250420-03433,20929,2025-04-20 17:51:36,515100,RETURNED
U231028-03434,20929,2023-10-28 13:05:40,53100,COMPLETE
U250619-03435,20929,2025-06-19 16:40:16,33100,CANCELED
U260802-03436,20930,2026-08-02 08:35:44,307400,COMPLETE
U260218-03437,20930,2026-02-18 09:47:51,61500,COMPLETE
U260207-03438,20931,2026-02-07 00:31:45,136800,COMPLETE
U260604-03439,20931,2026-06-04 20:37:46,50800,COMPLETE
U260513-03440,20931,2026-05-13 08:41:59,45000,COMPLETE
U260107-03441,20931,2026-01-07 12:01:49,147100,COMPLETE
U260317-03442,20931,2026-03-17 16:00:51,297000,COMPLETE
U250921-03443,20932,2025-09-21 23:56:28,1538700,COMPLETE
U251101-03444,20933,2025-11-01 12:16:07,192600,COMPLETE
U260824-03445,20933,2026-08-24 11:16:00,61800,COMPLETE
U260429-03446,20934,2026-04-29 15:38:57,241700,COMPLETE
U260731-03447,20934,2026-07-31 15:07:38,146000,COMPLETE
U260728-03448,20934,2026-07-28 14:18:35,236200,COMPLETE
U260425-03449,20934,2026-04-25 00:04:56,103700,RETURNED
U260814-03450,20934,2026-08-14 14:00:44,213900,COMPLETE
U250827-03451,20935,2025-08-27 10:25:47,180900,COMPLETE
U251102-03452,20935,2025-11-02 11:05:11,380300,COMPLETE
U250828-03453,20935,2025-08-28 12:36:06,188400,COMPLETE
U260129-03454,20935,2026-01-29 21:12:35,121400,COMPLETE
U260808-03455,20935,2026-08-08 11:28:18,297600,COMPLETE
U250712-03456,20935,2025-07-12 17:39:08,97700,COMPLETE
U260903-03457,20935,2026-09-03 10:27:14,381500,COMPLETE
U251024-03458,20935,2025-10-24 13:03:43,21900,COMPLETE
U260321-03459,20936,2026-03-21 00:48:36,388700,COMPLETE
U241122-03460,20936,2024-11-22 17:35:37,86600,COMPLETE
U251130-03461,20936,2025-11-30 15:23:46,63200,COMPLETE
U260503-03462,20936,2026-05-03 19:11:51,755300,COMPLETE
U260223-03463,20936,2026-02-23 20:23:52,104100,COMPLETE
U240525-03464,20936,2024-05-25 21:50:47,69100,COMPLETE
U250329-03465,20936,2025-03-29 20:37:35,209500,COMPLETE
U250512-03466,20936,2025-05-12 21:09:32,193600,CANCELED
U240911-03467,20936,2024-09-11 16:39:13,243200,COMPLETE
U260102-03468,20936,2026-01-02 20:33:34,81300,COMPLETE
U250125-03469,20936,2025-01-25 17:54:27,68500,COMPLETE
U240915-03470,20936,2024-09-15 17:00:18,102800,COMPLETE
U260625-03471,20937,2026-06-25 19:37:27,12700,COMPLETE
U260712-03472,20937,2026-07-12 21:43:35,104900,COMPLETE
U260603-03473,20937,2026-06-03 12:49:36,143300,COMPLETE
U260819-03474,20937,2026-08-19 13:53:55,92900,COMPLETE
U260620-03475,20937,2026-06-20 11:46:26,58000,COMPLETE
U260902-03476,20937,2026-09-02 20:04:40,128200,CANCELED
U260829-03477,20938,2026-08-29 08:07:51,39100,COMPLETE
U260827-03478,20938,2026-08-27 17:29:52,116800,COMPLETE
U251123-03479,20939,2025-11-23 23:15:54,83300,COMPLETE
U260607-03480,20939,2026-06-07 23:36:11,351700,CANCELED
U240709-03481,20939,2024-07-09 20:16:22,48800,COMPLETE
U250718-03482,20939,2025-07-18 16:51:33,113000,COMPLETE
U250527-03483,20940,2025-05-27 14:40:52,498900,COMPLETE
U230506-03484,20941,2023-05-06 19:12:01,43600,COMPLETE
U260205-03485,20941,2026-02-05 23:43:27,46300,COMPLETE
U260813-03486,20942,2026-08-13 22:56:58,52900,COMPLETE
U260318-03487,20943,2026-03-18 16:26:03,19500,COMPLETE
U260515-03488,20943,2026-05-15 13:46:40,172900,COMPLETE
U250812-03489,20944,2025-08-12 21:52:43,227200,COMPLETE
U260805-03490,20945,2026-08-05 20:41:27,299700,COMPLETE
U250205-03491,20946,2025-02-05 16:36:16,50700,COMPLETE
U250205-03492,20946,2025-02-05 22:00:00,63700,RETURNED
U260402-03493,20947,2026-04-02 20:14:16,135900,COMPLETE
U251130-03494,20947,2025-11-30 13:10:28,262800,COMPLETE
U250608-03495,20947,2025-06-08 21:45:21,63000,COMPLETE
U250818-03496,20947,2025-08-18 23:03:15,11900,RETURNED
U260723-03497,20947,2026-07-23 00:35:31,350800,COMPLETE
U240522-03498,20949,2024-05-22 16:35:29,683900,COMPLETE
U250314-03499,20950,2025-03-14 21:13:07,308800,COMPLETE
U241202-03500,20950,2024-12-02 21:48:57,680800,COMPLETE
U260825-03501,20951,2026-08-25 19:46:00,63200,COMPLETE
U260827-03502,20951,2026-08-27 19:42:30,623400,COMPLETE
U260831-03503,20951,2026-08-31 13:04:11,315100,COMPLETE
U260816-03504,20951,2026-08-16 19:33:28,31800,COMPLETE
U260425-03505,20952,2026-04-25 22:57:58,70400,COMPLETE
U260825-03506,20953,2026-08-25 21:36:25,305300,CANCELED
U260704-03507,20953,2026-07-04 08:58:06,159100,COMPLETE
U260829-03508,20953,2026-08-29 11:55:31,90700,RETURNED
U260712-03509,20953,2026-07-12 09:49:46,33700,COMPLETE
U260716-03510,20953,2026-07-16 21:27:08,48700,COMPLETE
U260716-03511,20953,2026-07-16 14:07:38,65100,COMPLETE
U260817-03512,20954,2026-08-17 19:05:16,616600,RETURNED
U260408-03513,20954,2026-04-08 15:51:42,27900,COMPLETE
U250702-03514,20955,2025-07-02 22:44:52,166000,COMPLETE
U260706-03515,20956,2026-07-06 21:53:58,187800,COMPLETE
U250912-03516,20956,2025-09-12 22:24:00,218900,COMPLETE
U250524-03517,20956,2025-05-24 12:29:54,14800,RETURNED
U260709-03518,20956,2026-07-09 13:23:15,81100,COMPLETE
U260522-03519,20956,2026-05-22 22:20:04,146300,COMPLETE
U260515-03520,20956,2026-05-15 22:01:43,191800,COMPLETE
U260320-03521,20956,2026-03-20 22:36:37,117900,COMPLETE
U240813-03522,20958,2024-08-13 23:39:24,48000,CANCELED
U260524-03523,20959,2026-05-24 11:33:57,516700,COMPLETE
U260418-03524,20959,2026-04-18 15:05:40,23400,COMPLETE
U260630-03525,20959,2026-06-30 11:17:28,266400,CANCELED
U260429-03526,20959,2026-04-29 22:28:25,39400,COMPLETE
U251121-03527,20959,2025-11-21 17:21:24,415900,COMPLETE
U260719-03528,20959,2026-07-19 10:46:02,809100,COMPLETE
U260401-03529,20959,2026-04-01 15:10:30,76900,COMPLETE
U260822-03530,20959,2026-08-22 10:12:42,226000,COMPLETE
U250718-03531,20959,2025-07-18 11:06:23,49400,RETURNED
U251022-03532,20959,2025-10-22 19:33:21,81500,COMPLETE
U250815-03533,20959,2025-08-15 09:59:33,36100,COMPLETE
U250617-03534,20959,2025-06-17 13:38:27,206000,COMPLETE
U251219-03535,20959,2025-12-19 14:26:44,153800,COMPLETE
U250225-03536,20959,2025-02-25 23:45:59,878100,COMPLETE
U260503-03537,20959,2026-05-03 20:06:13,248300,COMPLETE
U251101-03538,20959,2025-11-01 23:56:50,93200,COMPLETE
U251216-03539,20960,2025-12-16 10:10:41,455600,COMPLETE
U260729-03540,20960,2026-07-29 13:21:17,397600,RETURNED
U260511-03541,20960,2026-05-11 16:55:01,49600,COMPLETE
U260616-03542,20960,2026-06-16 10:26:49,681300,COMPLETE
U260521-03543,20960,2026-05-21 21:56:32,232200,COMPLETE
U251031-03544,20960,2025-10-31 09:06:43,91200,CANCELED
U260402-03545,20960,2026-04-02 15:56:44,80400,COMPLETE
U260615-03546,20960,2026-06-15 21:36:42,113100,COMPLETE
U260809-03547,20960,2026-08-09 14:30:44,121400,COMPLETE
U251231-03548,20960,2025-12-31 16:09:52,56000,COMPLETE
U251211-03549,20960,2025-12-11 19:15:52,130400,COMPLETE
U260715-03550,20960,2026-07-15 15:08:05,41000,COMPLETE
U260307-03551,20961,2026-03-07 17:06:53,450100,RETURNED
U260516-03552,20961,2026-05-16 12:57:48,36500,COMPLETE
U250430-03553,20961,2025-04-30 17:02:59,182400,CANCELED
U260730-03554,20961,2026-07-30 15:14:08,77500,RETURNED
U251230-03555,20961,2025-12-30 10:33:01,78400,COMPLETE
U260807-03556,20962,2026-08-07 18:37:26,98400,COMPLETE
U260829-03557,20962,2026-08-29 20:25:32,76300,COMPLETE
U260808-03558,20962,2026-08-08 22:06:01,347900,COMPLETE
U260901-03559,20962,2026-09-01 15:00:02,106800,COMPLETE
U260714-03560,20962,2026-07-14 16:32:39,458600,COMPLETE
U260716-03561,20962,2026-07-16 20:15:59,78900,COMPLETE
U260831-03562,20962,2026-08-31 22:01:57,262200,COMPLETE
U260729-03563,20962,2026-07-29 18:47:58,138900,COMPLETE
U251228-03564,20963,2025-12-28 22:30:13,441900,COMPLETE
U250815-03565,20963,2025-08-15 22:47:14,35900,COMPLETE
U250914-03566,20963,2025-09-14 21:32:45,612700,RETURNED
U250902-03567,20963,2025-09-02 20:07:28,375700,RETURNED
U251126-03568,20963,2025-11-26 12:47:15,172200,COMPLETE
U251209-03569,20963,2025-12-09 18:33:25,93500,COMPLETE
U250310-03570,20963,2025-03-10 19:23:50,87300,COMPLETE
U250526-03571,20963,2025-05-26 20:06:44,167800,COMPLETE
U250415-03572,20963,2025-04-15 19:42:10,207200,COMPLETE
U260218-03573,20963,2026-02-18 19:41:46,126500,COMPLETE
U251123-03574,20964,2025-11-23 13:18:06,98900,COMPLETE
U260521-03575,20964,2026-05-21 13:13:53,561500,COMPLETE
U260415-03576,20964,2026-04-15 21:51:28,70600,COMPLETE
U250826-03577,20964,2025-08-26 13:06:37,95700,COMPLETE
U260107-03578,20965,2026-01-07 13:07:05,128900,CANCELED
U241210-03579,20966,2024-12-10 12:49:15,134400,COMPLETE
U250725-03580,20967,2025-07-25 20:53:17,74500,COMPLETE
U250314-03581,20967,2025-03-14 19:24:48,30600,CANCELED
U251111-03582,20967,2025-11-11 17:09:40,74800,COMPLETE
U260509-03583,20967,2026-05-09 19:46:22,511100,COMPLETE
U260331-03584,20968,2026-03-31 18:32:25,257000,COMPLETE
U250924-03585,20969,2025-09-24 22:08:46,88900,CANCELED
U250823-03586,20969,2025-08-23 10:56:29,116600,COMPLETE
U260520-03587,20969,2026-05-20 20:19:48,148500,COMPLETE
U250921-03588,20969,2025-09-21 15:25:47,80700,COMPLETE
U260412-03589,20969,2026-04-12 20:43:18,50600,COMPLETE
U250709-03590,20969,2025-07-09 21:55:25,171800,COMPLETE
U260214-03591,20969,2026-02-14 11:11:58,95800,COMPLETE
U260211-03592,20969,2026-02-11 22:19:13,89700,COMPLETE
U251010-03593,20969,2025-10-10 09:57:11,89500,COMPLETE
U260617-03594,20969,2026-06-17 00:40:19,222700,COMPLETE
U260526-03595,20969,2026-05-26 12:42:01,288700,COMPLETE
U250717-03596,20969,2025-07-17 16:47:20,178500,COMPLETE
U251127-03597,20969,2025-11-27 10:55:13,38300,COMPLETE
U250709-03598,20969,2025-07-09 08:56:42,198900,COMPLETE
U250801-03599,20969,2025-08-01 22:56:36,83000,CANCELED
U260101-03600,20969,2026-01-01 14:42:23,171800,COMPLETE
U250416-03601,20969,2025-04-16 15:25:52,202800,COMPLETE
U260113-03602,20969,2026-01-13 21:59:54,306800,COMPLETE
U250810-03603,20970,2025-08-10 20:56:47,37200,COMPLETE
U250602-03604,20971,2025-06-02 21:41:39,49000,COMPLETE
U250601-03605,20971,2025-06-01 19:03:53,77000,COMPLETE
U260713-03606,20972,2026-07-13 22:35:09,43200,RETURNED
U260621-03607,20972,2026-06-21 21:09:13,207600,COMPLETE
U260321-03608,20972,2026-03-21 22:53:04,198200,COMPLETE
U260621-03609,20972,2026-06-21 12:48:03,151100,COMPLETE
U241027-03610,20972,2024-10-27 08:55:21,128200,COMPLETE
U260216-03611,20972,2026-02-16 20:46:06,44400,COMPLETE
U260531-03612,20972,2026-05-31 20:54:14,170600,COMPLETE
U260127-03613,20972,2026-01-27 22:59:07,40100,COMPLETE
U251129-03614,20972,2025-11-29 20:20:17,119700,CANCELED
U251121-03615,20972,2025-11-21 20:02:23,115900,COMPLETE
U251127-03616,20972,2025-11-27 17:57:57,301100,COMPLETE
U240820-03617,20972,2024-08-20 19:46:49,203400,COMPLETE
U260311-03618,20972,2026-03-11 16:28:46,54400,COMPLETE
U250401-03619,20972,2025-04-01 22:54:16,184100,COMPLETE
U260711-03620,20973,2026-07-11 10:38:23,359900,COMPLETE
U260409-03621,20974,2026-04-09 11:41:38,214500,COMPLETE
U260605-03622,20975,2026-06-05 21:48:52,188100,COMPLETE
U260723-03623,20975,2026-07-23 21:27:41,90600,COMPLETE
U260831-03624,20975,2026-08-31 21:30:27,24300,COMPLETE
U240908-03625,20976,2024-09-08 18:40:47,194700,COMPLETE
U241117-03626,20976,2024-11-17 21:05:11,115200,COMPLETE
U250413-03627,20976,2025-04-13 19:48:01,84400,COMPLETE
U231219-03628,20977,2023-12-19 23:00:32,312400,CANCELED
U260518-03629,20978,2026-05-18 20:53:25,117300,COMPLETE
U251011-03630,20979,2025-10-11 21:52:52,193700,COMPLETE
U260402-03631,20979,2026-04-02 15:50:57,42000,COMPLETE
U250929-03632,20979,2025-09-29 19:15:40,450100,COMPLETE
U260712-03633,20979,2026-07-12 23:20:16,527300,COMPLETE
U260113-03634,20980,2026-01-13 19:31:45,82600,COMPLETE
U260903-03635,20980,2026-09-03 12:21:58,305200,COMPLETE
U260522-03636,20980,2026-05-22 19:22:52,202600,COMPLETE
U251129-03637,20982,2025-11-29 08:02:36,306600,COMPLETE
U260313-03638,20982,2026-03-13 20:23:46,22900,CANCELED
U260211-03639,20983,2026-02-11 14:33:57,481900,COMPLETE
U260812-03640,20983,2026-08-12 15:59:42,185700,CANCELED
U260901-03641,20983,2026-09-01 10:30:27,355900,RETURNED
U260604-03642,20983,2026-06-04 00:41:19,63700,CANCELED
U260307-03643,20983,2026-03-07 20:44:49,192500,COMPLETE
U251108-03644,20983,2025-11-08 22:54:07,67500,COMPLETE
U260401-03645,20983,2026-04-01 11:28:04,275900,COMPLETE
U260214-03646,20983,2026-02-14 10:04:55,108800,COMPLETE
U260326-03647,20983,2026-03-26 11:07:32,30700,COMPLETE
U260527-03648,20983,2026-05-27 15:54:21,363200,COMPLETE
U260803-03649,20983,2026-08-03 20:25:40,47000,COMPLETE
U260527-03650,20983,2026-05-27 21:11:54,71000,COMPLETE
U260213-03651,20983,2026-02-13 15:29:15,42700,COMPLETE
U260111-03652,20983,2026-01-11 15:46:54,131200,COMPLETE
U250812-03653,20984,2025-08-12 21:11:49,170300,COMPLETE
U250708-03654,20985,2025-07-08 22:14:34,77900,COMPLETE
U260627-03655,20985,2026-06-27 23:50:07,87100,COMPLETE
U260901-03656,20985,2026-09-01 10:09:03,546300,COMPLETE
U250806-03657,20986,2025-08-06 19:56:34,328400,COMPLETE
U260522-03658,20987,2026-05-22 19:17:13,82200,COMPLETE
U250619-03659,20988,2025-06-19 21:07:43,19000,COMPLETE
U250809-03660,20990,2025-08-09 14:39:25,151900,COMPLETE
U250101-03661,20991,2025-01-01 19:21:58,102100,CANCELED
U230928-03662,20992,2023-09-28 22:44:51,362600,COMPLETE
U230918-03663,20992,2023-09-18 15:24:11,264200,COMPLETE
U230921-03664,20992,2023-09-21 11:36:46,351000,COMPLETE
U251112-03665,20994,2025-11-12 23:00:13,64500,COMPLETE
U251108-03666,20994,2025-11-08 09:43:28,279600,COMPLETE
U260629-03667,20994,2026-06-29 22:52:07,517900,COMPLETE
U260713-03668,20995,2026-07-13 09:41:45,133700,COMPLETE
U260820-03669,20995,2026-08-20 21:49:01,146200,COMPLETE
U260508-03670,20995,2026-05-08 21:51:20,419800,COMPLETE
U260806-03671,20995,2026-08-06 12:01:10,123200,COMPLETE
U260703-03672,20995,2026-07-03 20:44:46,191000,COMPLETE
U260706-03673,20996,2026-07-06 18:32:19,216300,COMPLETE
U260829-03674,20996,2026-08-29 00:25:06,295600,COMPLETE
U260826-03675,20996,2026-08-26 14:23:44,100800,COMPLETE
U260502-03676,20997,2026-05-02 19:02:33,171200,COMPLETE
U260805-03677,20998,2026-08-05 12:34:41,247400,CANCELED
U260805-03678,20998,2026-08-05 16:58:30,475600,COMPLETE
U260529-03679,20999,2026-05-29 18:31:21,166500,COMPLETE
U260722-03680,20999,2026-07-22 09:03:07,245600,COMPLETE
U260831-03681,20999,2026-08-31 12:23:41,38700,COMPLETE
U260120-03682,21000,2026-01-20 23:42:00,251300,COMPLETE
U260901-03683,21000,2026-09-01 16:07:20,51500,RETURNED
U260219-03684,21000,2026-02-19 15:00:47,126300,COMPLETE
U251219-03685,21001,2025-12-19 21:10:40,144300,COMPLETE
U260808-03686,21001,2026-08-08 14:46:01,48900,COMPLETE
U260824-03687,21001,2026-08-24 20:00:15,157400,COMPLETE
U251111-03688,21001,2025-11-11 12:17:42,154600,COMPLETE
U250922-03689,21001,2025-09-22 11:27:12,526200,COMPLETE
U260418-03690,21001,2026-04-18 11:21:11,30300,COMPLETE
U250826-03691,21001,2025-08-26 22:34:04,202600,COMPLETE
U241124-03692,21001,2024-11-24 20:43:27,188100,COMPLETE
U250328-03693,21002,2025-03-28 20:17:41,100500,COMPLETE
U251026-03694,21002,2025-10-26 21:08:32,80900,COMPLETE
U251019-03695,21002,2025-10-19 17:33:41,236300,COMPLETE
U260217-03696,21002,2026-02-17 13:49:48,317100,COMPLETE
U260703-03697,21002,2026-07-03 09:11:19,275000,COMPLETE
U250520-03698,21002,2025-05-20 19:32:00,71100,COMPLETE
U260205-03699,21002,2026-02-05 22:42:37,430600,COMPLETE
U250205-03700,21002,2025-02-05 18:07:49,26800,COMPLETE
U251120-03701,21002,2025-11-20 16:04:32,317400,COMPLETE
U260113-03702,21002,2026-01-13 12:07:35,183700,COMPLETE
U250715-03703,21002,2025-07-15 00:55:18,49600,COMPLETE
U260702-03704,21002,2026-07-02 10:05:02,55200,COMPLETE
U260504-03705,21002,2026-05-04 17:03:59,278100,COMPLETE
U251121-03706,21002,2025-11-21 19:01:11,100700,COMPLETE
U251020-03707,21002,2025-10-20 13:31:19,330200,COMPLETE
U260801-03708,21002,2026-08-01 21:51:39,248300,RETURNED
U260213-03709,21004,2026-02-13 08:47:33,1092800,COMPLETE
U250828-03710,21004,2025-08-28 17:27:08,444100,COMPLETE
U260713-03711,21004,2026-07-13 17:21:09,294900,COMPLETE
U251021-03712,21004,2025-10-21 22:50:01,380400,CANCELED
U260320-03713,21004,2026-03-20 22:35:22,538900,COMPLETE
U260322-03714,21004,2026-03-22 12:00:13,68900,COMPLETE
U260511-03715,21004,2026-05-11 10:17:32,59100,COMPLETE
U260121-03716,21005,2026-01-21 21:06:58,71000,COMPLETE
U241030-03717,21006,2024-10-30 19:29:18,258100,COMPLETE
U260722-03718,21006,2026-07-22 20:52:19,103500,COMPLETE
U251208-03719,21006,2025-12-08 19:56:45,49500,COMPLETE
U260402-03720,21006,2026-04-02 10:29:08,70900,COMPLETE
U260518-03721,21006,2026-05-18 14:42:09,55300,CANCELED
U250802-03722,21006,2025-08-02 23:31:14,163800,COMPLETE
U250604-03723,21006,2025-06-04 20:41:59,168500,COMPLETE
U260610-03724,21006,2026-06-10 08:43:01,16400,COMPLETE
U260708-03725,21006,2026-07-08 16:48:38,188400,COMPLETE
U250225-03726,21006,2025-02-25 21:58:32,161400,COMPLETE
U240607-03727,21006,2024-06-07 20:34:29,121200,COMPLETE
U260413-03728,21006,2026-04-13 21:55:30,47900,COMPLETE
U260504-03729,21007,2026-05-04 14:06:54,280700,COMPLETE
U260731-03730,21007,2026-07-31 18:02:43,88600,COMPLETE
U260601-03731,21007,2026-06-01 17:59:52,119000,COMPLETE
U260704-03732,21007,2026-07-04 15:59:51,155200,COMPLETE
U260828-03733,21008,2026-08-28 19:29:38,42400,RETURNED
U231127-03734,21009,2023-11-27 16:01:40,156000,COMPLETE
U250731-03735,21010,2025-07-31 12:04:23,88000,COMPLETE
U250801-03736,21010,2025-08-01 17:03:11,95400,COMPLETE
U260512-03737,21011,2026-05-12 20:39:17,319000,COMPLETE
U260205-03738,21011,2026-02-05 11:00:32,338500,COMPLETE
U240725-03739,21011,2024-07-25 00:24:00,33000,COMPLETE
U260509-03740,21011,2026-05-09 18:19:48,124200,COMPLETE
U251010-03741,21011,2025-10-10 11:33:07,103400,COMPLETE
U260308-03742,21011,2026-03-08 21:33:26,66600,COMPLETE
U231204-03743,21011,2023-12-04 11:48:39,138400,COMPLETE
U260818-03744,21012,2026-08-18 13:20:03,165000,RETURNED
U241016-03745,21012,2024-10-16 00:15:40,36700,COMPLETE
U260404-03746,21012,2026-04-04 13:22:59,355300,RETURNED
U230902-03747,21012,2023-09-02 10:05:53,71600,COMPLETE
U250321-03748,21012,2025-03-21 13:54:49,36400,COMPLETE
U260105-03749,21012,2026-01-05 13:27:52,100500,COMPLETE
U260812-03750,21012,2026-08-12 12:06:26,259700,COMPLETE
U231008-03751,21012,2023-10-08 22:49:02,134900,COMPLETE
U260815-03752,21013,2026-08-15 19:30:31,549900,COMPLETE
U260524-03753,21014,2026-05-24 23:39:01,116400,COMPLETE
U260825-03754,21015,2026-08-25 20:06:20,94200,COMPLETE
U260711-03755,21016,2026-07-11 13:43:28,111600,COMPLETE
U260528-03756,21018,2026-05-28 22:43:52,98500,COMPLETE
U260708-03757,21018,2026-07-08 22:06:35,72500,COMPLETE
U260704-03758,21018,2026-07-04 21:35:05,483600,RETURNED
U260723-03759,21018,2026-07-23 19:51:26,299600,COMPLETE
U260804-03760,21019,2026-08-04 10:41:55,280400,COMPLETE
U250728-03761,21019,2025-07-28 14:35:50,396300,COMPLETE
U260816-03762,21020,2026-08-16 14:28:37,47000,COMPLETE
U250405-03763,21021,2025-04-05 22:13:12,132400,COMPLETE
U260109-03764,21021,2026-01-09 11:50:00,13000,COMPLETE
U260209-03765,21021,2026-02-09 15:16:52,98700,COMPLETE
U251020-03766,21021,2025-10-20 20:26:48,39800,COMPLETE
U260416-03767,21021,2026-04-16 00:24:25,25900,COMPLETE
U260821-03768,21022,2026-08-21 22:34:51,75800,COMPLETE
U260322-03769,21022,2026-03-22 21:10:42,13400,COMPLETE
U251120-03770,21022,2025-11-20 12:51:05,162700,COMPLETE
U250315-03771,21023,2025-03-15 21:47:56,99300,COMPLETE
U260507-03772,21023,2026-05-07 16:08:02,265900,COMPLETE
U260711-03773,21023,2026-07-11 17:35:08,170600,RETURNED
U250616-03774,21023,2025-06-16 16:22:32,175800,COMPLETE
U260220-03775,21023,2026-02-20 23:47:36,71600,COMPLETE
U260624-03776,21024,2026-06-24 19:34:28,38000,COMPLETE
U240816-03777,21024,2024-08-16 14:50:13,85200,COMPLETE
U260222-03778,21024,2026-02-22 15:28:35,37500,COMPLETE
U241213-03779,21025,2024-12-13 20:10:46,196800,CANCELED
U241211-03780,21025,2024-12-11 12:18:16,43800,COMPLETE
U250417-03781,21026,2025-04-17 14:25:00,285200,COMPLETE
U260421-03782,21026,2026-04-21 20:53:27,53400,CANCELED
U260828-03783,21026,2026-08-28 20:54:31,326700,COMPLETE
U240717-03784,21027,2024-07-17 16:18:50,54500,COMPLETE
U240919-03785,21027,2024-09-19 14:27:31,81100,COMPLETE
U240609-03786,21028,2024-06-09 17:52:02,243500,COMPLETE
U240425-03787,21028,2024-04-25 19:47:11,64900,COMPLETE
U250923-03788,21029,2025-09-23 16:54:49,27000,CANCELED
U260413-03789,21029,2026-04-13 08:17:41,405900,CANCELED
U260411-03790,21029,2026-04-11 13:45:15,66300,COMPLETE
U250506-03791,21029,2025-05-06 21:04:06,87800,COMPLETE
U260621-03792,21029,2026-06-21 13:12:09,295700,COMPLETE
U250904-03793,21029,2025-09-04 19:54:06,171600,COMPLETE
U260326-03794,21030,2026-03-26 22:08:28,386700,COMPLETE
U240714-03795,21030,2024-07-14 20:51:38,627200,COMPLETE
U250709-03796,21030,2025-07-09 10:54:52,222100,COMPLETE
U260326-03797,21030,2026-03-26 20:19:38,113300,COMPLETE
U251005-03798,21031,2025-10-05 14:02:33,199600,COMPLETE
U250901-03799,21031,2025-09-01 09:36:19,72400,CANCELED
U250725-03800,21031,2025-07-25 20:23:09,145300,COMPLETE
U260521-03801,21031,2026-05-21 21:01:32,564100,COMPLETE
U260523-03802,21031,2026-05-23 20:07:45,340200,COMPLETE
U260406-03803,21031,2026-04-06 16:56:44,148000,COMPLETE
U260811-03804,21031,2026-08-11 21:51:31,198200,COMPLETE
U260523-03805,21032,2026-05-23 10:27:54,398100,COMPLETE
U260305-03806,21032,2026-03-05 17:31:16,320500,COMPLETE
U251228-03807,21032,2025-12-28 14:49:08,265100,COMPLETE
U260219-03808,21032,2026-02-19 20:00:41,226200,COMPLETE
U260701-03809,21033,2026-07-01 15:20:29,91300,COMPLETE
U260604-03810,21033,2026-06-04 20:43:49,67600,COMPLETE
U250805-03811,21034,2025-08-05 18:57:38,73900,COMPLETE
U260508-03812,21034,2026-05-08 21:40:24,110400,COMPLETE
U260123-03813,21034,2026-01-23 20:57:30,155700,COMPLETE
U260609-03814,21034,2026-06-09 15:19:20,77900,COMPLETE
U260519-03815,21034,2026-05-19 11:53:52,330500,COMPLETE
U260615-03816,21034,2026-06-15 15:19:25,172200,RETURNED
U260806-03817,21034,2026-08-06 11:19:01,68900,COMPLETE
U260726-03818,21034,2026-07-26 00:53:04,138100,COMPLETE
U230926-03819,21035,2023-09-26 23:01:33,49400,COMPLETE
U231016-03820,21035,2023-10-16 11:38:27,73800,COMPLETE
U251031-03821,21036,2025-10-31 16:35:31,28700,COMPLETE
U260704-03822,21036,2026-07-04 13:19:08,73600,COMPLETE
U260407-03823,21036,2026-04-07 22:07:14,644300,COMPLETE
U260301-03824,21036,2026-03-01 22:44:53,76600,COMPLETE
U260604-03825,21036,2026-06-04 13:01:33,439800,COMPLETE
U260514-03826,21036,2026-05-14 20:53:05,268600,COMPLETE
U251229-03827,21036,2025-12-29 08:41:55,49100,COMPLETE
U250430-03828,21036,2025-04-30 22:47:38,60200,COMPLETE
U251212-03829,21036,2025-12-12 15:35:47,201600,CANCELED
U250326-03830,21036,2025-03-26 00:19:43,50400,COMPLETE
U250905-03831,21036,2025-09-05 21:36:37,270800,COMPLETE
U250623-03832,21036,2025-06-23 11:33:12,206400,COMPLETE
U260519-03833,21036,2026-05-19 20:05:32,529600,CANCELED
U260630-03834,21036,2026-06-30 14:52:56,357300,COMPLETE
U250404-03835,21036,2025-04-04 22:28:31,256800,CANCELED
U260624-03836,21036,2026-06-24 16:12:44,71300,COMPLETE
U260203-03837,21037,2026-02-03 19:02:42,53600,COMPLETE
U260725-03838,21037,2026-07-25 14:46:09,964900,COMPLETE
U260226-03839,21037,2026-02-26 20:42:10,271200,COMPLETE
U251104-03840,21038,2025-11-04 21:09:55,98500,COMPLETE
U260714-03841,21039,2026-07-14 20:07:09,207000,COMPLETE
U260818-03842,21039,2026-08-18 19:44:08,95300,COMPLETE
U260727-03843,21039,2026-07-27 20:59:23,237800,COMPLETE
U260805-03844,21039,2026-08-05 13:21:29,57700,COMPLETE
U260727-03845,21039,2026-07-27 23:16:21,168200,COMPLETE
U260305-03846,21040,2026-03-05 15:33:11,218100,COMPLETE
U260802-03847,21040,2026-08-02 08:09:20,182300,COMPLETE
U250729-03848,21040,2025-07-29 14:36:09,74200,COMPLETE
U250823-03849,21040,2025-08-23 20:40:16,184900,CANCELED
U250711-03850,21041,2025-07-11 11:32:31,96400,COMPLETE
U260825-03851,21041,2026-08-25 14:16:38,37700,COMPLETE
U250811-03852,21041,2025-08-11 16:25:58,10600,COMPLETE
U260716-03853,21041,2026-07-16 14:19:45,100700,CANCELED
U251029-03854,21041,2025-10-29 16:13:21,126900,COMPLETE
U260526-03855,21041,2026-05-26 17:28:00,61700,COMPLETE
U260804-03856,21041,2026-08-04 16:03:56,422500,COMPLETE
U260721-03857,21041,2026-07-21 21:28:59,300800,COMPLETE
U260512-03858,21043,2026-05-12 19:48:07,122000,COMPLETE
U260903-03859,21044,2026-09-03 11:17:11,60900,COMPLETE
U250616-03860,21045,2025-06-16 18:42:31,181500,COMPLETE
U251004-03861,21045,2025-10-04 12:03:10,440900,COMPLETE
U241020-03862,21045,2024-10-20 15:54:23,181500,COMPLETE
U251111-03863,21045,2025-11-11 16:24:50,52900,RETURNED
U260410-03864,21046,2026-04-10 09:34:10,120900,COMPLETE
U260407-03865,21047,2026-04-07 20:40:59,254300,COMPLETE
U260702-03866,21047,2026-07-02 21:50:01,274600,COMPLETE
U250811-03867,21048,2025-08-11 08:04:48,88400,COMPLETE
U230514-03868,21048,2023-05-14 20:29:16,124000,CANCELED
U260811-03869,21048,2026-08-11 22:02:23,95800,COMPLETE
U260602-03870,21048,2026-06-02 22:13:15,48700,COMPLETE
U260201-03871,21048,2026-02-01 08:59:06,209700,COMPLETE
U250224-03872,21048,2025-02-24 20:39:24,271400,COMPLETE
U250320-03873,21048,2025-03-20 19:23:39,169200,COMPLETE
U260115-03874,21048,2026-01-15 18:43:17,308500,COMPLETE
U260703-03875,21049,2026-07-03 23:04:53,248500,COMPLETE
U260629-03876,21049,2026-06-29 12:17:01,61600,COMPLETE
U251215-03877,21049,2025-12-15 23:28:54,104300,COMPLETE
U260619-03878,21049,2026-06-19 13:25:31,85900,COMPLETE
U260530-03879,21049,2026-05-30 19:28:57,123700,COMPLETE
U251123-03880,21049,2025-11-23 23:41:12,98400,COMPLETE
U260116-03881,21049,2026-01-16 22:27:03,284900,COMPLETE
U260524-03882,21049,2026-05-24 15:47:33,119700,CANCELED
U260828-03883,21049,2026-08-28 08:18:08,30700,COMPLETE
U251229-03884,21049,2025-12-29 23:04:15,42200,COMPLETE
U251112-03885,21051,2025-11-12 17:55:48,42100,COMPLETE
U260801-03886,21053,2026-08-01 14:06:51,117800,RETURNED
U260630-03887,21053,2026-06-30 20:38:42,825900,RETURNED
U260619-03888,21053,2026-06-19 21:11:34,120600,COMPLETE
U260609-03889,21053,2026-06-09 00:20:05,47700,COMPLETE
U260830-03890,21053,2026-08-30 11:17:20,256100,COMPLETE
U260706-03891,21053,2026-07-06 22:26:43,26700,COMPLETE
U260601-03892,21053,2026-06-01 23:03:04,163200,CANCELED
U260803-03893,21053,2026-08-03 00:23:08,240000,COMPLETE
U250927-03894,21054,2025-09-27 10:05:50,349200,CANCELED
U260812-03895,21054,2026-08-12 20:00:43,61500,COMPLETE
U260521-03896,21054,2026-05-21 16:32:13,94800,RETURNED
U250820-03897,21054,2025-08-20 13:36:20,159800,COMPLETE
U260710-03898,21054,2026-07-10 15:37:40,122000,COMPLETE
U260127-03899,21054,2026-01-27 18:15:39,31300,COMPLETE
U250606-03900,21054,2025-06-06 16:35:57,21700,COMPLETE
U260304-03901,21054,2026-03-04 19:00:47,98300,COMPLETE
U250828-03902,21056,2025-08-28 19:30:23,71400,COMPLETE
U250828-03903,21056,2025-08-28 12:01:18,397800,COMPLETE
U260626-03904,21057,2026-06-26 11:21:02,192800,COMPLETE
U260807-03905,21057,2026-08-07 20:12:58,273600,COMPLETE
U260617-03906,21058,2026-06-17 21:58:41,48200,COMPLETE
U260623-03907,21058,2026-06-23 21:06:47,11900,COMPLETE
U260715-03908,21058,2026-07-15 00:26:03,25600,COMPLETE
U260711-03909,21058,2026-07-11 19:55:33,202400,COMPLETE
U260622-03910,21058,2026-06-22 21:12:58,142900,COMPLETE
U260524-03911,21058,2026-05-24 10:46:31,167300,CANCELED
U260731-03912,21058,2026-07-31 12:33:21,245900,COMPLETE
U260719-03913,21058,2026-07-19 19:25:27,91700,RETURNED
U260717-03914,21058,2026-07-17 20:53:52,385900,COMPLETE
U260122-03915,21058,2026-01-22 20:18:09,65100,COMPLETE
U260902-03916,21059,2026-09-02 19:51:39,84500,COMPLETE
U231016-03917,21060,2023-10-16 10:22:20,83900,RETURNED
U230123-03918,21060,2023-01-23 20:03:53,388700,COMPLETE
U260606-03919,21061,2026-06-06 14:30:20,72200,COMPLETE
U260610-03920,21061,2026-06-10 20:35:55,31500,COMPLETE
U260416-03921,21061,2026-04-16 21:38:56,114500,COMPLETE
U260811-03922,21061,2026-08-11 10:55:02,67900,COMPLETE
U260702-03923,21061,2026-07-02 12:30:26,634600,COMPLETE
U260627-03924,21061,2026-06-27 19:55:46,266600,COMPLETE
U230828-03925,21062,2023-08-28 10:05:39,34600,COMPLETE
U240522-03926,21062,2024-05-22 09:12:49,93200,COMPLETE
U241109-03927,21062,2024-11-09 22:01:36,112000,COMPLETE
U260830-03928,21063,2026-08-30 12:38:01,47500,COMPLETE
U251116-03929,21064,2025-11-16 21:03:23,41100,COMPLETE
U260709-03930,21066,2026-07-09 13:57:29,183100,COMPLETE
U260827-03931,21066,2026-08-27 20:00:01,415500,CANCELED
U260728-03932,21066,2026-07-28 16:45:30,308100,COMPLETE
U260719-03933,21066,2026-07-19 19:09:16,85900,COMPLETE
U260823-03934,21066,2026-08-23 18:07:35,141700,COMPLETE
U260719-03935,21066,2026-07-19 21:39:07,331800,COMPLETE
U260812-03936,21066,2026-08-12 19:11:56,66100,COMPLETE
U260819-03937,21066,2026-08-19 11:27:00,48600,CANCELED
U260812-03938,21066,2026-08-12 13:56:46,382100,COMPLETE
U260809-03939,21066,2026-08-09 22:07:13,168200,COMPLETE
U260824-03940,21066,2026-08-24 14:23:12,161500,COMPLETE
U260728-03941,21066,2026-07-28 13:01:40,172900,COMPLETE
U260715-03942,21066,2026-07-15 23:15:24,358300,COMPLETE
U260816-03943,21066,2026-08-16 21:53:43,70900,COMPLETE
U260824-03944,21066,2026-08-24 19:02:25,149600,COMPLETE
U260826-03945,21066,2026-08-26 19:12:22,89600,COMPLETE
U260809-03946,21066,2026-08-09 15:27:51,62400,COMPLETE
U260816-03947,21066,2026-08-16 12:59:54,92300,COMPLETE
U260624-03948,21068,2026-06-24 22:54:59,99000,COMPLETE
U260830-03949,21068,2026-08-30 10:13:52,76000,COMPLETE
U260518-03950,21068,2026-05-18 22:25:48,243300,COMPLETE
U240412-03951,21068,2024-04-12 23:30:06,200100,CANCELED
U251017-03952,21068,2025-10-17 10:49:58,87400,COMPLETE
U240921-03953,21068,2024-09-21 22:51:52,70100,COMPLETE
U260701-03954,21068,2026-07-01 12:26:35,328500,COMPLETE
U260802-03955,21068,2026-08-02 16:38:08,258700,COMPLETE
U260817-03956,21069,2026-08-17 12:13:53,94400,COMPLETE
U251015-03957,21069,2025-10-15 00:11:12,49000,COMPLETE
U260405-03958,21069,2026-04-05 12:46:36,259300,COMPLETE
U231022-03959,21070,2023-10-22 17:33:10,34700,COMPLETE
U260628-03960,21071,2026-06-28 13:01:18,114000,COMPLETE
U260715-03961,21072,2026-07-15 17:17:34,86800,COMPLETE
U260726-03962,21072,2026-07-26 21:50:25,111700,COMPLETE
U250614-03963,21072,2025-06-14 20:01:42,58500,COMPLETE
U260711-03964,21072,2026-07-11 22:51:02,183700,COMPLETE
U260814-03965,21072,2026-08-14 10:37:32,387400,RETURNED
U250402-03966,21072,2025-04-02 19:24:53,183300,COMPLETE
U250807-03967,21072,2025-08-07 21:38:45,29800,COMPLETE
U260122-03968,21072,2026-01-22 22:41:12,43000,COMPLETE
U260618-03969,21072,2026-06-18 15:42:11,187300,COMPLETE
U251126-03970,21072,2025-11-26 16:55:53,77100,COMPLETE
U260724-03971,21072,2026-07-24 13:12:38,136700,COMPLETE
U260115-03972,21072,2026-01-15 18:57:05,245100,COMPLETE
U260417-03973,21074,2026-04-17 16:09:59,56800,CANCELED
U260722-03974,21074,2026-07-22 20:55:03,433000,COMPLETE
U260820-03975,21074,2026-08-20 20:23:11,183700,COMPLETE
U250905-03976,21075,2025-09-05 13:16:39,304600,COMPLETE
U230401-03977,21075,2023-04-01 16:30:52,31200,RETURNED
U230727-03978,21075,2023-07-27 14:55:52,76900,COMPLETE
U260418-03979,21075,2026-04-18 22:48:05,51500,COMPLETE
U240924-03980,21075,2024-09-24 21:11:57,281800,COMPLETE
U231001-03981,21075,2023-10-01 15:57:00,95700,COMPLETE
U250624-03982,21077,2025-06-24 21:46:20,57100,RETURNED
U260509-03983,21078,2026-05-09 20:22:19,108900,COMPLETE
U260828-03984,21078,2026-08-28 21:06:50,63300,CANCELED
U260610-03985,21078,2026-06-10 19:18:37,430700,COMPLETE
U230911-03986,21079,2023-09-11 19:42:51,219000,COMPLETE
U230909-03987,21079,2023-09-09 14:56:19,322700,COMPLETE
U250304-03988,21080,2025-03-04 15:26:03,47900,COMPLETE
U250130-03989,21081,2025-01-30 20:33:04,258200,COMPLETE
U260215-03990,21081,2026-02-15 11:14:01,65900,COMPLETE
U260418-03991,21081,2026-04-18 21:53:34,74200,COMPLETE
U260827-03992,21082,2026-08-27 21:14:21,233700,COMPLETE
U260827-03993,21082,2026-08-27 08:56:10,119200,COMPLETE
U260814-03994,21082,2026-08-14 19:09:04,191200,COMPLETE
U260829-03995,21082,2026-08-29 11:26:19,297500,COMPLETE
U260903-03996,21082,2026-09-03 08:59:26,89500,RETURNED
U260729-03997,21083,2026-07-29 22:25:06,67300,COMPLETE
U250424-03998,21084,2025-04-24 22:58:54,386500,COMPLETE
U230920-03999,21085,2023-09-20 15:02:28,61400,COMPLETE
U260727-04000,21086,2026-07-27 19:11:34,364000,COMPLETE
U260709-04001,21086,2026-07-09 19:00:39,37900,COMPLETE
U260415-04002,21087,2026-04-15 18:16:49,398600,COMPLETE
U250101-04003,21087,2025-01-01 19:57:33,165900,COMPLETE
U250721-04004,21087,2025-07-21 16:28:34,16200,COMPLETE
U251206-04005,21087,2025-12-06 23:03:14,69600,COMPLETE
U260803-04006,21088,2026-08-03 14:07:00,124000,COMPLETE
U250907-04007,21089,2025-09-07 10:39:05,165900,COMPLETE
U250719-04008,21089,2025-07-19 10:05:24,93800,COMPLETE
U260901-04009,21090,2026-09-01 18:31:35,43400,COMPLETE
U260807-04010,21090,2026-08-07 11:56:00,71000,COMPLETE
U260601-04011,21090,2026-06-01 16:27:59,279700,COMPLETE
U260828-04012,21090,2026-08-28 17:16:10,213200,COMPLETE
U260503-04013,21090,2026-05-03 21:53:08,218100,COMPLETE
U260716-04014,21090,2026-07-16 14:31:21,174300,COMPLETE
U260822-04015,21090,2026-08-22 22:57:14,27600,COMPLETE
U260818-04016,21090,2026-08-18 16:16:09,36000,COMPLETE
U260820-04017,21090,2026-08-20 11:54:17,22500,COMPLETE
U260804-04018,21090,2026-08-04 20:18:46,258300,COMPLETE
U260825-04019,21090,2026-08-25 19:32:27,391600,COMPLETE
U260722-04020,21090,2026-07-22 23:37:48,519500,COMPLETE
U260709-04021,21091,2026-07-09 11:19:05,123400,COMPLETE
U260610-04022,21091,2026-06-10 16:00:33,83500,COMPLETE
U260615-04023,21091,2026-06-15 19:32:46,127200,COMPLETE
U250112-04024,21092,2025-01-12 21:15:41,727400,COMPLETE
U221104-04025,21093,2022-11-04 15:46:10,122500,COMPLETE
U260117-04026,21094,2026-01-17 20:55:00,278000,COMPLETE
U260526-04027,21094,2026-05-26 21:21:14,90000,COMPLETE
U260721-04028,21094,2026-07-21 22:40:14,73900,CANCELED
U260802-04029,21095,2026-08-02 08:07:36,121200,COMPLETE
U260831-04030,21095,2026-08-31 15:30:34,280600,COMPLETE
U260202-04031,21095,2026-02-02 10:35:59,114700,CANCELED
U260806-04032,21095,2026-08-06 12:08:47,115000,COMPLETE
U251201-04033,21095,2025-12-01 18:30:47,138900,COMPLETE
U260221-04034,21095,2026-02-21 21:32:35,220500,COMPLETE
U260626-04035,21095,2026-06-26 09:16:48,67000,CANCELED
U260729-04036,21095,2026-07-29 21:39:43,240300,COMPLETE
U260706-04037,21096,2026-07-06 10:20:08,80400,COMPLETE
U250828-04038,21097,2025-08-28 22:17:19,83700,COMPLETE
U250830-04039,21097,2025-08-30 20:36:04,357700,COMPLETE
U260722-04040,21098,2026-07-22 19:53:03,248100,COMPLETE
U250821-04041,21099,2025-08-21 21:04:00,70600,COMPLETE
U250601-04042,21099,2025-06-01 19:56:30,137400,COMPLETE
U260105-04043,21099,2026-01-05 20:25:12,473200,COMPLETE
U260103-04044,21099,2026-01-03 20:42:02,303000,COMPLETE
U260203-04045,21099,2026-02-03 12:16:21,184700,COMPLETE
U251217-04046,21099,2025-12-17 13:09:01,537600,COMPLETE
U260728-04047,21099,2026-07-28 22:17:59,95000,COMPLETE
U241121-04048,21099,2024-11-21 20:39:58,47200,COMPLETE
U250421-04049,21099,2025-04-21 19:38:48,133100,COMPLETE
U260320-04050,21099,2026-03-20 15:53:15,63200,COMPLETE
U260214-04051,21099,2026-02-14 19:45:36,415800,COMPLETE
U260203-04052,21099,2026-02-03 10:55:13,128900,COMPLETE
U260213-04053,21099,2026-02-13 18:04:14,69900,COMPLETE
U260107-04054,21099,2026-01-07 22:11:17,97100,COMPLETE
U250414-04055,21099,2025-04-14 18:39:10,47600,COMPLETE
U241220-04056,21099,2024-12-20 21:41:13,156900,COMPLETE
U250210-04057,21100,2025-02-10 19:38:05,79500,COMPLETE
U260101-04058,21100,2026-01-01 20:08:41,70200,COMPLETE
U250907-04059,21100,2025-09-07 18:13:56,65600,COMPLETE
U260829-04060,21102,2026-08-29 22:34:22,140900,COMPLETE
U250911-04061,21102,2025-09-11 23:24:48,116700,COMPLETE
U260419-04062,21102,2026-04-19 22:53:32,147300,CANCELED
U260713-04063,21102,2026-07-13 19:59:07,125800,COMPLETE
U251105-04064,21102,2025-11-05 09:00:47,48500,COMPLETE
U260115-04065,21102,2026-01-15 17:34:06,61500,COMPLETE
U251120-04066,21102,2025-11-20 22:29:04,711500,COMPLETE
U260219-04067,21102,2026-02-19 12:49:37,70800,COMPLETE
U260419-04068,21102,2026-04-19 17:45:40,142500,COMPLETE
U250918-04069,21102,2025-09-18 17:21:42,612600,CANCELED
U260819-04070,21103,2026-08-19 16:57:46,44800,COMPLETE
U260425-04071,21103,2026-04-25 19:49:05,141200,COMPLETE
U260817-04072,21103,2026-08-17 23:17:44,151700,CANCELED
U260821-04073,21103,2026-08-21 22:49:08,244500,COMPLETE
U260725-04074,21103,2026-07-25 11:29:39,13300,COMPLETE
U260703-04075,21103,2026-07-03 19:04:44,179300,COMPLETE
U260825-04076,21103,2026-08-25 21:02:44,95000,CANCELED
U260802-04077,21103,2026-08-02 11:11:17,301800,COMPLETE
U260722-04078,21103,2026-07-22 17:24:21,24500,RETURNED
U260816-04079,21103,2026-08-16 21:04:08,492800,COMPLETE
U260615-04080,21103,2026-06-15 08:56:55,339900,COMPLETE
U260820-04081,21103,2026-08-20 22:27:50,485200,CANCELED
U250912-04082,21104,2025-09-12 16:42:06,428200,COMPLETE
U250331-04083,21104,2025-03-31 14:08:21,123200,COMPLETE
U250323-04084,21105,2025-03-23 14:46:30,430100,CANCELED
U251015-04085,21105,2025-10-15 00:27:56,354500,COMPLETE
U241116-04086,21105,2024-11-16 09:07:17,41700,COMPLETE
U240817-04087,21105,2024-08-17 09:53:52,136100,COMPLETE
U250422-04088,21105,2025-04-22 13:02:40,125200,COMPLETE
U260819-04089,21106,2026-08-19 20:41:31,211700,COMPLETE
U260413-04090,21107,2026-04-13 18:38:12,208800,COMPLETE
U250123-04091,21108,2025-01-23 12:24:07,266800,RETURNED
U260818-04092,21109,2026-08-18 15:51:23,26500,COMPLETE
U260902-04093,21109,2026-09-02 12:39:55,90400,RETURNED
U251018-04094,21110,2025-10-18 21:32:03,106200,CANCELED
U260216-04095,21110,2026-02-16 12:50:28,23600,COMPLETE
U250225-04096,21110,2025-02-25 15:32:58,138300,COMPLETE
U260303-04097,21111,2026-03-03 19:40:52,282200,COMPLETE
U251028-04098,21111,2025-10-28 17:27:43,252300,COMPLETE
U260614-04099,21111,2026-06-14 10:05:32,81000,COMPLETE
U260305-04100,21111,2026-03-05 18:00:47,171300,COMPLETE
U260825-04101,21112,2026-08-25 12:08:11,51200,COMPLETE
U260728-04102,21112,2026-07-28 15:24:23,199900,COMPLETE
U260730-04103,21112,2026-07-30 19:35:45,31600,COMPLETE
U260812-04104,21112,2026-08-12 23:49:00,405400,COMPLETE
U260829-04105,21112,2026-08-29 19:36:00,418500,COMPLETE
U260903-04106,21112,2026-09-03 20:28:11,228600,COMPLETE
U260804-04107,21112,2026-08-04 20:26:11,99800,COMPLETE
U260816-04108,21112,2026-08-16 18:19:55,77100,CANCELED
U251119-04109,21114,2025-11-19 21:43:50,61100,COMPLETE
U260731-04110,21116,2026-07-31 11:46:33,198200,COMPLETE
U240725-04111,21117,2024-07-25 08:20:03,104000,CANCELED
U260818-04112,21117,2026-08-18 00:29:34,279300,CANCELED
U250423-04113,21117,2025-04-23 09:00:15,215000,COMPLETE
U260814-04114,21117,2026-08-14 11:31:24,215000,COMPLETE
U260516-04115,21117,2026-05-16 20:43:00,294600,COMPLETE
U260425-04116,21118,2026-04-25 22:21:34,108500,COMPLETE
U260502-04117,21118,2026-05-02 13:08:19,75600,CANCELED
U260110-04118,21118,2026-01-10 20:58:40,168700,COMPLETE
U260319-04119,21118,2026-03-19 14:24:22,377400,COMPLETE
U260813-04120,21118,2026-08-13 21:10:58,461200,COMPLETE
U260515-04121,21119,2026-05-15 13:29:37,157100,COMPLETE
U260827-04122,21119,2026-08-27 14:44:19,291000,COMPLETE
U260313-04123,21119,2026-03-13 21:45:46,108100,CANCELED
U240203-04124,21120,2024-02-03 11:13:56,60500,COMPLETE
U260518-04125,21121,2026-05-18 17:51:50,288500,COMPLETE
U260714-04126,21121,2026-07-14 00:45:19,35700,CANCELED
U260617-04127,21121,2026-06-17 15:55:47,176300,COMPLETE
U260814-04128,21121,2026-08-14 09:36:56,458500,COMPLETE
U260611-04129,21121,2026-06-11 10:41:28,497700,COMPLETE
U260621-04130,21121,2026-06-21 12:38:02,97200,CANCELED
U240914-04131,21122,2024-09-14 22:53:04,88200,COMPLETE
U241027-04132,21122,2024-10-27 21:58:22,81100,COMPLETE
U250810-04133,21122,2025-08-10 15:51:56,71100,COMPLETE
U260815-04134,21123,2026-08-15 23:14:09,59900,RETURNED
U260122-04135,21123,2026-01-22 18:10:09,180400,COMPLETE
U260405-04136,21123,2026-04-05 00:07:44,48500,COMPLETE
U260814-04137,21123,2026-08-14 20:55:39,153100,COMPLETE
U260429-04138,21123,2026-04-29 20:51:11,225000,COMPLETE
U260507-04139,21124,2026-05-07 23:32:05,352500,COMPLETE
U260807-04140,21124,2026-08-07 13:41:25,230700,COMPLETE
U260601-04141,21124,2026-06-01 16:25:48,51700,COMPLETE
U241024-04142,21125,2024-10-24 10:16:54,111500,COMPLETE
U260327-04143,21125,2026-03-27 23:15:39,210100,COMPLETE
U260219-04144,21126,2026-02-19 13:24:37,21500,CANCELED
U230829-04145,21127,2023-08-29 09:57:56,572000,COMPLETE
U230526-04146,21127,2023-05-26 09:49:54,195900,COMPLETE
U240526-04147,21128,2024-05-26 19:22:24,94300,COMPLETE
U251023-04148,21129,2025-10-23 20:36:26,89300,COMPLETE
U260617-04149,21130,2026-06-17 16:18:58,171100,COMPLETE
U260616-04150,21130,2026-06-16 19:47:55,165300,COMPLETE
U260310-04151,21131,2026-03-10 14:24:01,170900,COMPLETE
U260413-04152,21131,2026-04-13 16:36:04,891600,COMPLETE
U260510-04153,21131,2026-05-10 14:41:13,32300,COMPLETE
U260427-04154,21131,2026-04-27 21:37:12,89700,COMPLETE
U260427-04155,21131,2026-04-27 15:29:37,65400,COMPLETE
U260830-04156,21131,2026-08-30 18:01:57,213500,COMPLETE
U260424-04157,21131,2026-04-24 12:56:12,189300,RETURNED
U260317-04158,21131,2026-03-17 10:55:41,45900,COMPLETE
U260307-04159,21131,2026-03-07 17:27:48,143500,COMPLETE
U260827-04160,21131,2026-08-27 21:41:45,173600,RETURNED
U251229-04161,21132,2025-12-29 19:59:26,99400,COMPLETE
U260223-04162,21132,2026-02-23 22:55:31,380300,COMPLETE
U260226-04163,21132,2026-02-26 09:23:50,95000,COMPLETE
U260530-04164,21132,2026-05-30 09:51:36,79700,COMPLETE
U260729-04165,21132,2026-07-29 19:37:14,131900,COMPLETE
U260517-04166,21132,2026-05-17 21:25:33,49600,RETURNED
U260831-04167,21132,2026-08-31 22:39:38,1117100,COMPLETE
U260307-04168,21132,2026-03-07 21:08:02,74200,COMPLETE
U260305-04169,21133,2026-03-05 15:36:19,79600,COMPLETE
U260729-04170,21133,2026-07-29 23:02:17,155400,COMPLETE
U260731-04171,21133,2026-07-31 12:27:30,315100,COMPLETE
U260210-04172,21133,2026-02-10 17:46:04,79800,COMPLETE
U250827-04173,21133,2025-08-27 15:55:22,193400,COMPLETE
U260806-04174,21133,2026-08-06 23:49:37,139400,COMPLETE
U260612-04175,21133,2026-06-12 14:26:53,68600,COMPLETE
U260419-04176,21133,2026-04-19 13:38:45,261600,COMPLETE
U251023-04177,21133,2025-10-23 14:14:22,61700,COMPLETE
U260420-04178,21133,2026-04-20 22:57:35,329300,COMPLETE
U260726-04179,21133,2026-07-26 12:11:53,78300,COMPLETE
U250824-04180,21133,2025-08-24 00:13:57,148400,COMPLETE
U251226-04181,21133,2025-12-26 11:59:57,151800,COMPLETE
U260406-04182,21133,2026-04-06 11:34:08,256600,CANCELED
U260208-04183,21133,2026-02-08 10:49:05,38900,COMPLETE
U260809-04184,21133,2026-08-09 08:32:50,29500,COMPLETE
U260801-04185,21134,2026-08-01 08:24:01,57900,COMPLETE
U260619-04186,21134,2026-06-19 11:23:43,124500,COMPLETE
U260808-04187,21134,2026-08-08 14:37:37,84600,CANCELED
U260721-04188,21134,2026-07-21 17:43:34,69600,COMPLETE
U260826-04189,21134,2026-08-26 22:18:25,68900,COMPLETE
U260331-04190,21134,2026-03-31 12:56:37,251600,COMPLETE
U260618-04191,21134,2026-06-18 16:15:29,132500,RETURNED
U260520-04192,21134,2026-05-20 20:05:05,108100,COMPLETE
U241105-04193,21135,2024-11-05 21:57:35,105300,COMPLETE
U231115-04194,21136,2023-11-15 15:36:11,17600,COMPLETE
U231231-04195,21136,2023-12-31 21:25:13,332700,COMPLETE
U231213-04196,21136,2023-12-13 15:07:14,323900,COMPLETE
U241015-04197,21137,2024-10-15 21:31:37,63500,COMPLETE
U251109-04198,21137,2025-11-09 19:37:58,302700,COMPLETE
U250416-04199,21138,2025-04-16 13:15:52,112900,COMPLETE
U260110-04200,21139,2026-01-10 10:49:35,66100,COMPLETE
U260728-04201,21139,2026-07-28 22:43:16,94000,COMPLETE
U260325-04202,21139,2026-03-25 12:18:33,293500,COMPLETE
U260108-04203,21139,2026-01-08 20:52:37,145800,COMPLETE
U260204-04204,21139,2026-02-04 23:10:19,502800,COMPLETE
U260606-04205,21139,2026-06-06 23:34:22,287300,COMPLETE
U241027-04206,21140,2024-10-27 22:25:19,295900,COMPLETE
U241030-04207,21140,2024-10-30 12:40:51,93500,COMPLETE
U251214-04208,21141,2025-12-14 08:18:20,88200,COMPLETE
U260110-04209,21141,2026-01-10 20:49:07,431000,COMPLETE
U260524-04210,21141,2026-05-24 12:22:43,103500,COMPLETE
U260102-04211,21141,2026-01-02 15:28:24,64500,COMPLETE
U260421-04212,21141,2026-04-21 11:04:52,43900,COMPLETE
U251207-04213,21141,2025-12-07 21:58:49,227200,COMPLETE
U260306-04214,21142,2026-03-06 12:28:27,289100,COMPLETE
U250206-04215,21142,2025-02-06 13:58:21,97300,COMPLETE
U260119-04216,21143,2026-01-19 20:15:06,177800,COMPLETE
U260820-04217,21144,2026-08-20 14:05:47,108700,COMPLETE
U260620-04218,21144,2026-06-20 21:28:04,237100,COMPLETE
U260225-04219,21144,2026-02-25 22:38:07,189300,COMPLETE
U260514-04220,21144,2026-05-14 14:21:09,70100,COMPLETE
U260219-04221,21144,2026-02-19 11:00:07,43800,COMPLETE
U260122-04222,21144,2026-01-22 14:18:07,12900,COMPLETE
U260407-04223,21144,2026-04-07 20:37:37,37300,COMPLETE
U260827-04224,21144,2026-08-27 15:14:17,74200,COMPLETE
U260731-04225,21144,2026-07-31 22:34:14,60500,COMPLETE
U260130-04226,21144,2026-01-30 20:45:01,145000,COMPLETE
U260123-04227,21145,2026-01-23 19:08:45,31800,COMPLETE
U251030-04228,21145,2025-10-30 15:54:48,59700,COMPLETE
U260111-04229,21145,2026-01-11 19:04:28,65700,COMPLETE
U241001-04230,21145,2024-10-01 16:12:41,166900,COMPLETE
U250418-04231,21145,2025-04-18 00:43:42,426900,COMPLETE
U260903-04232,21145,2026-09-03 14:39:49,159900,COMPLETE
U260510-04233,21145,2026-05-10 11:48:49,295100,COMPLETE
U241230-04234,21145,2024-12-30 18:09:56,144900,COMPLETE
U260616-04235,21146,2026-06-16 16:15:51,138300,COMPLETE
U260829-04236,21146,2026-08-29 16:09:31,43700,COMPLETE
U260604-04237,21146,2026-06-04 13:13:14,215100,COMPLETE
U260901-04238,21147,2026-09-01 08:47:51,59900,RETURNED
U251220-04239,21147,2025-12-20 00:14:32,234300,CANCELED
U260507-04240,21147,2026-05-07 21:16:06,139000,COMPLETE
U260615-04241,21148,2026-06-15 11:12:26,180400,COMPLETE
U260804-04242,21148,2026-08-04 14:23:05,158600,COMPLETE
U260627-04243,21148,2026-06-27 12:53:43,47700,CANCELED
U251126-04244,21148,2025-11-26 10:51:59,130800,COMPLETE
U251019-04245,21148,2025-10-19 14:26:13,82200,COMPLETE
U231111-04246,21148,2023-11-11 23:14:06,63400,CANCELED
U251019-04247,21148,2025-10-19 18:29:27,216000,COMPLETE
U251203-04248,21148,2025-12-03 09:17:33,79000,COMPLETE
U251021-04249,21149,2025-10-21 20:17:54,136000,COMPLETE
U250429-04250,21149,2025-04-29 14:23:07,469400,COMPLETE
U250816-04251,21149,2025-08-16 21:20:05,20600,COMPLETE
U260420-04252,21149,2026-04-20 11:04:15,190400,COMPLETE
U251120-04253,21149,2025-11-20 12:04:13,53000,COMPLETE
U260415-04254,21149,2026-04-15 20:15:16,214800,CANCELED
U260616-04255,21149,2026-06-16 11:25:20,172200,COMPLETE
U250716-04256,21149,2025-07-16 20:42:05,72200,COMPLETE
U260522-04257,21149,2026-05-22 11:53:59,323700,COMPLETE
U250927-04258,21149,2025-09-27 20:27:59,22000,COMPLETE
U260831-04259,21150,2026-08-31 09:33:59,397500,COMPLETE
U250803-04260,21151,2025-08-03 22:53:33,246000,COMPLETE
U250429-04261,21151,2025-04-29 16:41:09,195600,COMPLETE
U260316-04262,21151,2026-03-16 20:46:00,246500,COMPLETE
U260706-04263,21151,2026-07-06 17:29:44,14300,COMPLETE
U240412-04264,21151,2024-04-12 15:21:17,220300,COMPLETE
U260713-04265,21151,2026-07-13 13:03:19,293900,COMPLETE
U250920-04266,21151,2025-09-20 16:24:58,308400,COMPLETE
U251010-04267,21152,2025-10-10 22:25:43,274000,COMPLETE
U260415-04268,21152,2026-04-15 11:10:52,43300,COMPLETE
U260802-04269,21152,2026-08-02 22:23:25,24700,COMPLETE
U251223-04270,21153,2025-12-23 17:50:38,36700,COMPLETE
U251217-04271,21153,2025-12-17 20:45:36,176400,COMPLETE
U250912-04272,21153,2025-09-12 21:28:40,93200,COMPLETE
U260626-04273,21154,2026-06-26 20:36:24,205800,COMPLETE
U260120-04274,21155,2026-01-20 11:33:02,141600,COMPLETE
U240205-04275,21155,2024-02-05 18:02:34,71000,COMPLETE
U260818-04276,21155,2026-08-18 00:49:42,172300,COMPLETE
U260815-04277,21156,2026-08-15 13:40:08,237300,COMPLETE
U260807-04278,21156,2026-08-07 22:27:12,181100,COMPLETE
U260809-04279,21156,2026-08-09 18:14:26,56500,COMPLETE
U260813-04280,21156,2026-08-13 20:49:36,257100,COMPLETE
U260723-04281,21156,2026-07-23 20:40:33,73500,CANCELED
U260412-04282,21156,2026-04-12 14:25:05,23000,COMPLETE
U260801-04283,21156,2026-08-01 16:24:25,51100,COMPLETE
U251209-04284,21156,2025-12-09 17:55:31,154700,COMPLETE
U260717-04285,21156,2026-07-17 21:14:12,469000,COMPLETE
U260715-04286,21156,2026-07-15 21:02:48,116200,COMPLETE
U260710-04287,21156,2026-07-10 17:36:53,57200,COMPLETE
U260406-04288,21156,2026-04-06 09:22:20,195600,COMPLETE
U260205-04289,21156,2026-02-05 09:13:51,53900,COMPLETE
U260613-04290,21156,2026-06-13 00:21:56,47600,COMPLETE
U260416-04291,21156,2026-04-16 23:16:46,372000,COMPLETE
U260701-04292,21156,2026-07-01 13:04:56,122100,CANCELED
U260324-04293,21156,2026-03-24 08:29:57,46400,COMPLETE
U260717-04294,21156,2026-07-17 20:33:37,131300,COMPLETE
U260423-04295,21156,2026-04-23 18:05:04,79700,COMPLETE
U260108-04296,21156,2026-01-08 20:53:32,806000,COMPLETE
U240907-04297,21157,2024-09-07 14:53:42,146700,COMPLETE
U250331-04298,21158,2025-03-31 20:29:22,120600,COMPLETE
U260828-04299,21159,2026-08-28 11:00:17,65700,COMPLETE
U260816-04300,21159,2026-08-16 23:46:43,109700,COMPLETE
U260809-04301,21159,2026-08-09 16:29:36,695400,COMPLETE
U260823-04302,21159,2026-08-23 22:30:57,46500,RETURNED
U260118-04303,21160,2026-01-18 15:39:43,240200,CANCELED
U251122-04304,21160,2025-11-22 23:22:38,74100,COMPLETE
U260802-04305,21160,2026-08-02 12:14:53,281900,COMPLETE
U250707-04306,21160,2025-07-07 20:52:34,218900,COMPLETE
U250422-04307,21160,2025-04-22 18:10:46,36700,COMPLETE
U250610-04308,21160,2025-06-10 08:15:04,325900,COMPLETE
U241108-04309,21160,2024-11-08 14:27:59,150000,COMPLETE
U260114-04310,21160,2026-01-14 21:50:21,190900,COMPLETE
U260822-04311,21160,2026-08-22 11:15:49,142200,COMPLETE
U260113-04312,21160,2026-01-13 11:16:02,209500,COMPLETE
U260115-04313,21160,2026-01-15 21:33:19,135700,COMPLETE
U251008-04314,21160,2025-10-08 11:53:52,952600,COMPLETE
U260416-04315,21160,2026-04-16 16:23:32,245000,COMPLETE
U250325-04316,21160,2025-03-25 19:52:13,212700,COMPLETE
U250913-04317,21160,2025-09-13 09:05:33,95500,COMPLETE
U260421-04318,21160,2026-04-21 22:34:07,164000,COMPLETE
U260707-04319,21161,2026-07-07 23:10:50,438500,COMPLETE
U250315-04320,21161,2025-03-15 00:24:17,368900,COMPLETE
U260603-04321,21162,2026-06-03 21:33:15,537500,COMPLETE
U260226-04322,21162,2026-02-26 15:58:15,193900,COMPLETE
U260720-04323,21162,2026-07-20 22:26:44,313500,COMPLETE
U250914-04324,21162,2025-09-14 15:46:22,309600,COMPLETE
U260704-04325,21162,2026-07-04 22:07:55,84400,COMPLETE
U260716-04326,21162,2026-07-16 22:47:17,390600,COMPLETE
U250529-04327,21162,2025-05-29 20:34:29,134000,COMPLETE
U250327-04328,21162,2025-03-27 20:33:05,77900,COMPLETE
U260228-04329,21162,2026-02-28 13:36:20,139500,COMPLETE
U250625-04330,21162,2025-06-25 11:43:44,78100,COMPLETE
U260208-04331,21162,2026-02-08 22:45:40,359400,COMPLETE
U250908-04332,21162,2025-09-08 19:44:51,56900,COMPLETE
U250831-04333,21162,2025-08-31 20:20:53,48700,COMPLETE
U250817-04334,21162,2025-08-17 23:46:18,157100,COMPLETE
U260228-04335,21162,2026-02-28 11:39:08,184900,COMPLETE
U251103-04336,21162,2025-11-03 17:51:05,79800,COMPLETE
U260306-04337,21163,2026-03-06 10:22:09,201100,COMPLETE
U260305-04338,21163,2026-03-05 20:13:41,1054700,COMPLETE
U260621-04339,21165,2026-06-21 16:00:05,730400,CANCELED
U260410-04340,21166,2026-04-10 23:06:44,20800,COMPLETE
U241004-04341,21167,2024-10-04 14:38:54,175000,COMPLETE
U250711-04342,21167,2025-07-11 17:15:37,51600,COMPLETE
U251223-04343,21168,2025-12-23 21:48:14,255800,COMPLETE
U250423-04344,21168,2025-04-23 16:41:14,86700,COMPLETE
U250605-04345,21168,2025-06-05 17:43:44,189300,COMPLETE
U260413-04346,21168,2026-04-13 21:41:37,68100,CANCELED
U251210-04347,21168,2025-12-10 20:04:43,49800,COMPLETE
U251009-04348,21168,2025-10-09 14:22:10,356800,COMPLETE
U260306-04349,21168,2026-03-06 08:03:33,148400,COMPLETE
U250801-04350,21168,2025-08-01 13:29:50,120400,COMPLETE
U260329-04351,21168,2026-03-29 11:00:20,490800,COMPLETE
U260516-04352,21168,2026-05-16 16:35:18,141400,COMPLETE
U260809-04353,21168,2026-08-09 19:14:52,116700,COMPLETE
U260813-04354,21168,2026-08-13 17:49:05,190400,COMPLETE
U260321-04355,21168,2026-03-21 13:51:24,27000,COMPLETE
U260707-04356,21168,2026-07-07 21:50:49,71600,COMPLETE
U260108-04357,21169,2026-01-08 21:24:53,222700,RETURNED
U260715-04358,21169,2026-07-15 08:39:20,712900,COMPLETE
U220926-04359,21170,2022-09-26 13:26:05,113500,COMPLETE
U260721-04360,21171,2026-07-21 14:51:16,134900,CANCELED
U251214-04361,21172,2025-12-14 16:12:26,189800,COMPLETE
U250911-04362,21172,2025-09-11 15:51:32,64500,COMPLETE
U250921-04363,21172,2025-09-21 12:25:56,357200,COMPLETE
U260521-04364,21172,2026-05-21 20:45:30,85600,COMPLETE
U241231-04365,21172,2024-12-31 21:56:35,65700,COMPLETE
U260417-04366,21173,2026-04-17 21:41:36,356900,COMPLETE
U240819-04367,21174,2024-08-19 22:48:06,298800,COMPLETE
U231028-04368,21175,2023-10-28 11:10:09,16100,COMPLETE
U260516-04369,21176,2026-05-16 10:35:40,37800,CANCELED
U260803-04370,21176,2026-08-03 13:26:01,59500,COMPLETE
U260824-04371,21176,2026-08-24 00:53:50,251800,COMPLETE
U260119-04372,21177,2026-01-19 10:38:16,294500,COMPLETE
U250927-04373,21178,2025-09-27 12:19:54,71800,COMPLETE
U251226-04374,21179,2025-12-26 13:57:12,37000,COMPLETE
U240614-04375,21179,2024-06-14 00:51:54,36500,COMPLETE
U260410-04376,21179,2026-04-10 10:11:10,858100,COMPLETE
U260601-04377,21179,2026-06-01 23:04:27,138700,COMPLETE
U221128-04378,21179,2022-11-28 23:36:25,20100,COMPLETE
U230228-04379,21179,2023-02-28 22:03:03,138500,COMPLETE
U251227-04380,21179,2025-12-27 21:25:47,192800,COMPLETE
U250716-04381,21180,2025-07-16 14:25:19,375200,COMPLETE
U260531-04382,21180,2026-05-31 18:57:18,212100,COMPLETE
U260311-04383,21180,2026-03-11 18:57:29,155000,RETURNED
U260405-04384,21180,2026-04-05 09:40:00,160400,COMPLETE
U251210-04385,21180,2025-12-10 16:39:20,129200,COMPLETE
U260808-04386,21181,2026-08-08 18:15:59,345000,COMPLETE
U260720-04387,21182,2026-07-20 18:37:35,38200,COMPLETE
U260115-04388,21182,2026-01-15 21:13:36,247000,COMPLETE
U260315-04389,21182,2026-03-15 21:46:32,203600,COMPLETE
U260809-04390,21183,2026-08-09 17:09:27,47500,COMPLETE
U260121-04391,21183,2026-01-21 12:29:28,83000,COMPLETE
U240929-04392,21183,2024-09-29 12:28:56,605900,COMPLETE
U240826-04393,21183,2024-08-26 20:45:49,105900,RETURNED
U251206-04394,21183,2025-12-06 17:00:56,711200,COMPLETE
U250420-04395,21183,2025-04-20 18:44:51,208200,COMPLETE
U250405-04396,21183,2025-04-05 21:42:19,40400,COMPLETE
U251126-04397,21184,2025-11-26 18:13:54,159500,CANCELED
U241023-04398,21184,2024-10-23 15:25:52,36800,COMPLETE
U250406-04399,21184,2025-04-06 09:30:47,132800,COMPLETE
U250203-04400,21184,2025-02-03 14:01:30,570800,COMPLETE
U260623-04401,21184,2026-06-23 23:44:31,90100,RETURNED
U250203-04402,21184,2025-02-03 21:14:57,36200,COMPLETE
U260804-04403,21184,2026-08-04 18:35:34,104200,COMPLETE
U250629-04404,21184,2025-06-29 20:07:43,90500,COMPLETE
U260727-04405,21185,2026-07-27 22:05:33,70400,COMPLETE
U260812-04406,21186,2026-08-12 19:03:32,530700,COMPLETE
U260718-04407,21187,2026-07-18 21:17:15,566300,COMPLETE
U260712-04408,21187,2026-07-12 11:17:58,170200,COMPLETE
U260729-04409,21187,2026-07-29 19:15:48,429500,COMPLETE
U260819-04410,21187,2026-08-19 20:36:09,545200,COMPLETE
U260712-04411,21187,2026-07-12 18:37:23,665000,COMPLETE
U260826-04412,21187,2026-08-26 12:27:57,160900,COMPLETE
U260809-04413,21187,2026-08-09 18:29:54,63100,COMPLETE
U260902-04414,21187,2026-09-02 22:51:56,131700,COMPLETE
U260723-04415,21187,2026-07-23 19:51:21,18500,COMPLETE
U260723-04416,21187,2026-07-23 21:56:56,64300,COMPLETE
U260826-04417,21188,2026-08-26 00:19:33,320100,COMPLETE
U260616-04418,21189,2026-06-16 15:10:28,12100,COMPLETE
U250721-04419,21190,2025-07-21 22:57:47,132100,COMPLETE
U260808-04420,21190,2026-08-08 17:07:04,395600,COMPLETE
U250430-04421,21190,2025-04-30 23:39:59,153800,COMPLETE
U251015-04422,21190,2025-10-15 11:18:09,443800,COMPLETE
U260204-04423,21190,2026-02-04 22:10:01,54100,COMPLETE
U250626-04424,21190,2025-06-26 10:00:26,624500,COMPLETE
U250621-04425,21190,2025-06-21 13:49:38,326200,RETURNED
U250130-04426,21190,2025-01-30 20:47:57,61500,COMPLETE
U231119-04427,21190,2023-11-19 10:25:23,184700,COMPLETE
U240121-04428,21190,2024-01-21 18:38:00,209900,CANCELED
U260504-04429,21190,2026-05-04 21:21:42,110600,COMPLETE
U260526-04430,21190,2026-05-26 21:10:50,211700,COMPLETE
U240105-04431,21190,2024-01-05 14:35:23,42100,COMPLETE
U250806-04432,21190,2025-08-06 10:24:55,360700,COMPLETE
U260712-04433,21190,2026-07-12 14:42:36,171200,COMPLETE
U231225-04434,21190,2023-12-25 10:22:45,241700,COMPLETE
U251031-04435,21190,2025-10-31 12:18:09,180000,CANCELED
U260517-04436,21190,2026-05-17 11:32:24,34300,COMPLETE
U251220-04437,21190,2025-12-20 18:48:26,130200,CANCELED
U241125-04438,21190,2024-11-25 17:58:12,222400,COMPLETE
U260608-04439,21191,2026-06-08 20:08:16,199200,COMPLETE
U250428-04440,21192,2025-04-28 20:35:16,403200,COMPLETE
U260617-04441,21193,2026-06-17 16:53:29,167800,COMPLETE
U260622-04442,21194,2026-06-22 12:41:12,414100,CANCELED
U260717-04443,21194,2026-07-17 15:35:06,132300,COMPLETE
U260527-04444,21194,2026-05-27 22:20:23,50600,COMPLETE
U260826-04445,21194,2026-08-26 18:33:08,117800,COMPLETE
U260826-04446,21194,2026-08-26 21:35:29,214600,COMPLETE
U260311-04447,21195,2026-03-11 13:43:16,14200,COMPLETE
U260507-04448,21196,2026-05-07 22:02:44,231400,COMPLETE
U240626-04449,21197,2024-06-26 00:46:28,52700,RETURNED
U250403-04450,21197,2025-04-03 20:57:15,37700,COMPLETE
U250107-04451,21197,2025-01-07 21:59:53,556400,COMPLETE
U260506-04452,21197,2026-05-06 21:30:45,37800,COMPLETE
U250702-04453,21197,2025-07-02 20:39:36,31400,COMPLETE
U250917-04454,21197,2025-09-17 18:56:18,133800,COMPLETE
U231219-04455,21197,2023-12-19 22:15:17,23300,COMPLETE
U250919-04456,21197,2025-09-19 20:15:07,14700,CANCELED
U260729-04457,21198,2026-07-29 20:42:01,64100,COMPLETE
U260212-04458,21198,2026-02-12 15:59:59,124200,COMPLETE
U260526-04459,21198,2026-05-26 00:10:48,67100,COMPLETE
U260728-04460,21198,2026-07-28 23:02:26,34600,COMPLETE
U260829-04461,21200,2026-08-29 00:12:19,125000,COMPLETE
U260717-04462,21200,2026-07-17 20:10:03,77100,COMPLETE
U260709-04463,21200,2026-07-09 23:14:45,161200,COMPLETE
U260822-04464,21200,2026-08-22 12:27:13,46000,COMPLETE
U260315-04465,21201,2026-03-15 08:52:08,703200,COMPLETE
U260113-04466,21202,2026-01-13 22:15:16,277100,COMPLETE
U260805-04467,21202,2026-08-05 21:43:00,116000,CANCELED
U260821-04468,21202,2026-08-21 21:53:40,303100,COMPLETE
U260526-04469,21203,2026-05-26 00:01:49,169500,COMPLETE
U250623-04470,21205,2025-06-23 18:34:28,285300,COMPLETE
U260207-04471,21206,2026-02-07 11:30:47,47000,COMPLETE
U241030-04472,21206,2024-10-30 21:53:06,14700,COMPLETE
U221205-04473,21206,2022-12-05 21:09:43,32800,COMPLETE
U260819-04474,21207,2026-08-19 11:58:09,107500,COMPLETE
U260827-04475,21208,2026-08-27 11:25:00,133000,COMPLETE
U260822-04476,21208,2026-08-22 12:51:29,82600,COMPLETE
U260830-04477,21208,2026-08-30 22:09:56,65500,COMPLETE
U260828-04478,21209,2026-08-28 22:44:01,108600,COMPLETE
U260630-04479,21210,2026-06-30 18:32:07,119300,COMPLETE
U251206-04480,21210,2025-12-06 19:01:14,119700,COMPLETE
U260224-04481,21210,2026-02-24 08:42:07,42000,COMPLETE
U260423-04482,21210,2026-04-23 18:28:17,123000,COMPLETE
U260614-04483,21210,2026-06-14 18:01:55,17800,COMPLETE
U251026-04484,21210,2025-10-26 00:02:59,74200,COMPLETE
U260716-04485,21210,2026-07-16 00:36:22,121400,COMPLETE
U260111-04486,21211,2026-01-11 18:09:56,14300,COMPLETE
U260721-04487,21211,2026-07-21 12:20:56,295800,COMPLETE
U260401-04488,21211,2026-04-01 22:46:44,237800,COMPLETE
U260522-04489,21211,2026-05-22 15:35:19,59000,COMPLETE
U260430-04490,21211,2026-04-30 11:30:38,99700,COMPLETE
U260609-04491,21211,2026-06-09 21:43:19,283100,COMPLETE
U260201-04492,21211,2026-02-01 09:51:20,154300,CANCELED
U260323-04493,21211,2026-03-23 23:31:07,196200,COMPLETE
U260826-04494,21211,2026-08-26 14:57:52,86200,COMPLETE
U260828-04495,21211,2026-08-28 17:50:37,78700,COMPLETE
U260822-04496,21212,2026-08-22 22:39:36,37200,COMPLETE
U260820-04497,21212,2026-08-20 23:55:17,13600,COMPLETE
U260827-04498,21212,2026-08-27 19:18:12,205900,COMPLETE
U260829-04499,21212,2026-08-29 17:54:37,113000,COMPLETE
U260823-04500,21212,2026-08-23 21:08:13,67400,RETURNED
U250903-04501,21213,2025-09-03 20:14:32,262900,COMPLETE
U250903-04502,21213,2025-09-03 19:57:34,69100,COMPLETE
U251220-04503,21214,2025-12-20 11:41:59,216400,COMPLETE
U250714-04504,21214,2025-07-14 22:20:05,227000,COMPLETE
U260301-04505,21214,2026-03-01 16:03:43,149300,COMPLETE
U240804-04506,21214,2024-08-04 15:02:37,93700,COMPLETE
U241210-04507,21214,2024-12-10 20:18:14,102400,COMPLETE
U260210-04508,21214,2026-02-10 19:37:39,122000,COMPLETE
U260315-04509,21214,2026-03-15 17:08:06,58900,COMPLETE
U260724-04510,21214,2026-07-24 21:11:23,73100,COMPLETE
U260210-04511,21214,2026-02-10 20:26:06,206600,COMPLETE
U260203-04512,21214,2026-02-03 22:29:57,527400,COMPLETE
U260824-04513,21215,2026-08-24 09:06:02,144400,COMPLETE
U260517-04514,21216,2026-05-17 19:11:40,88100,COMPLETE
U260615-04515,21216,2026-06-15 19:00:09,56200,COMPLETE
U251019-04516,21216,2025-10-19 21:49:05,96100,COMPLETE
U260105-04517,21216,2026-01-05 18:13:35,395000,CANCELED
U260104-04518,21217,2026-01-04 19:00:26,78900,RETURNED
U260111-04519,21217,2026-01-11 15:57:41,345900,COMPLETE
U260902-04520,21217,2026-09-02 19:20:40,13300,COMPLETE
U260609-04521,21218,2026-06-09 19:13:32,221900,COMPLETE
U260611-04522,21218,2026-06-11 15:31:53,137000,COMPLETE
U260618-04523,21219,2026-06-18 21:51:46,301700,COMPLETE
U260427-04524,21219,2026-04-27 22:37:11,70300,RETURNED
U260430-04525,21219,2026-04-30 21:01:23,120800,COMPLETE
U260118-04526,21219,2026-01-18 19:40:43,537600,COMPLETE
U240707-04527,21220,2024-07-07 18:06:49,322100,COMPLETE
U260728-04528,21221,2026-07-28 16:36:39,77200,COMPLETE
U260811-04529,21221,2026-08-11 19:18:00,345500,COMPLETE
U250826-04530,21222,2025-08-26 22:42:05,279600,RETURNED
U260901-04531,21223,2026-09-01 17:27:39,359200,RETURNED
U260830-04532,21223,2026-08-30 16:51:34,114900,COMPLETE
U260831-04533,21223,2026-08-31 16:53:31,244500,COMPLETE
U260902-04534,21223,2026-09-02 12:08:48,383100,COMPLETE
U260830-04535,21223,2026-08-30 19:05:02,68600,COMPLETE
U260903-04536,21223,2026-09-03 18:13:16,51200,COMPLETE
U260828-04537,21223,2026-08-28 19:17:13,167500,COMPLETE
U260902-04538,21223,2026-09-02 14:50:01,218700,COMPLETE
U260902-04539,21223,2026-09-02 13:56:39,424100,COMPLETE
U260829-04540,21223,2026-08-29 09:26:37,65400,COMPLETE
U260902-04541,21223,2026-09-02 10:25:46,365200,COMPLETE
U260902-04542,21223,2026-09-02 15:21:03,245700,CANCELED
U260729-04543,21224,2026-07-29 22:13:50,207800,COMPLETE
U241226-04544,21225,2024-12-26 17:53:07,88000,COMPLETE
U231227-04545,21225,2023-12-27 12:50:15,80200,COMPLETE
U250916-04546,21225,2025-09-16 20:18:13,282200,COMPLETE
U260727-04547,21225,2026-07-27 16:36:19,101400,COMPLETE
U240726-04548,21225,2024-07-26 17:52:17,396600,COMPLETE
U260504-04549,21226,2026-05-04 21:53:45,35100,COMPLETE
U260603-04550,21227,2026-06-03 08:37:02,114200,COMPLETE
U260824-04551,21227,2026-08-24 08:58:02,62500,RETURNED
U260425-04552,21228,2026-04-25 21:01:36,100800,COMPLETE
U260527-04553,21228,2026-05-27 13:03:08,226000,COMPLETE
U251001-04554,21228,2025-10-01 20:33:15,16800,COMPLETE
U260308-04555,21228,2026-03-08 14:03:12,105500,COMPLETE
U260731-04556,21229,2026-07-31 14:57:31,219300,COMPLETE
U260705-04557,21229,2026-07-05 14:39:42,180300,COMPLETE
U260729-04558,21229,2026-07-29 12:33:41,250800,COMPLETE
U260814-04559,21229,2026-08-14 10:21:35,99500,CANCELED
U260816-04560,21229,2026-08-16 21:55:08,134000,COMPLETE
U260817-04561,21229,2026-08-17 20:51:13,51000,COMPLETE
U250515-04562,21230,2025-05-15 09:12:05,433400,COMPLETE
U240822-04563,21230,2024-08-22 17:38:41,76100,COMPLETE
U250111-04564,21230,2025-01-11 18:20:30,132000,COMPLETE
U250713-04565,21230,2025-07-13 23:50:31,54300,COMPLETE
U260806-04566,21230,2026-08-06 08:33:28,432200,COMPLETE
U260731-04567,21230,2026-07-31 20:42:03,726300,COMPLETE
U260605-04568,21230,2026-06-05 21:47:56,133000,COMPLETE
U241025-04569,21231,2024-10-25 18:34:08,101200,COMPLETE
U230501-04570,21232,2023-05-01 20:45:23,186400,COMPLETE
U251004-04571,21233,2025-10-04 21:35:53,140900,COMPLETE
U260402-04572,21233,2026-04-02 17:54:41,58400,COMPLETE
U250729-04573,21234,2025-07-29 19:08:31,135200,COMPLETE
U250730-04574,21234,2025-07-30 19:06:46,148800,COMPLETE
U241209-04575,21235,2024-12-09 20:51:02,134500,COMPLETE
U241215-04576,21235,2024-12-15 13:11:10,307400,COMPLETE
U241206-04577,21235,2024-12-06 10:26:53,204800,COMPLETE
U240131-04578,21239,2024-01-31 21:25:43,522300,COMPLETE
U240706-04579,21239,2024-07-06 21:52:28,750200,COMPLETE
U260622-04580,21240,2026-06-22 15:49:36,122800,RETURNED
U260609-04581,21240,2026-06-09 11:01:18,64700,COMPLETE
U260608-04582,21240,2026-06-08 10:23:20,439500,CANCELED
U251026-04583,21242,2025-10-26 14:39:07,528700,COMPLETE
U251107-04584,21242,2025-11-07 13:57:28,260500,COMPLETE
U260618-04585,21243,2026-06-18 15:20:27,74600,COMPLETE
U260406-04586,21243,2026-04-06 08:54:23,125100,COMPLETE
U260302-04587,21243,2026-03-02 11:41:59,75100,COMPLETE
U260513-04588,21243,2026-05-13 09:56:22,339900,COMPLETE
U251007-04589,21243,2025-10-07 19:59:13,130900,COMPLETE
U260308-04590,21243,2026-03-08 14:45:11,152300,COMPLETE
U260412-04591,21243,2026-04-12 19:18:09,325600,COMPLETE
U260506-04592,21243,2026-05-06 13:06:30,145800,COMPLETE
U260730-04593,21244,2026-07-30 15:39:03,62500,RETURNED
U260616-04594,21244,2026-06-16 21:10:41,137800,COMPLETE
U260707-04595,21244,2026-07-07 12:49:17,52000,COMPLETE
U260610-04596,21245,2026-06-10 11:51:42,110500,COMPLETE
U260801-04597,21245,2026-08-01 23:40:41,423300,COMPLETE
U240821-04598,21245,2024-08-21 14:52:36,105200,COMPLETE
U250129-04599,21245,2025-01-29 21:53:06,166000,COMPLETE
U241224-04600,21245,2024-12-24 10:24:33,525600,RETURNED
U250405-04601,21245,2025-04-05 13:39:34,129400,COMPLETE
U260524-04602,21245,2026-05-24 17:39:14,390700,COMPLETE
U260401-04603,21245,2026-04-01 19:12:20,482500,COMPLETE
U260817-04604,21245,2026-08-17 19:49:55,167300,COMPLETE
U260605-04605,21245,2026-06-05 14:15:11,726900,COMPLETE
U251119-04606,21245,2025-11-19 19:22:13,154700,COMPLETE
U250108-04607,21245,2025-01-08 15:50:00,219100,COMPLETE
U250626-04608,21245,2025-06-26 16:46:45,373800,COMPLETE
U260710-04609,21245,2026-07-10 12:43:52,59100,COMPLETE
U260131-04610,21245,2026-01-31 19:50:16,727800,COMPLETE
U260720-04611,21245,2026-07-20 00:21:45,247200,COMPLETE
U260627-04612,21245,2026-06-27 22:16:04,113300,COMPLETE
U260604-04613,21245,2026-06-04 13:08:21,148900,COMPLETE
U251123-04614,21245,2025-11-23 16:54:29,56000,COMPLETE
U260818-04615,21245,2026-08-18 09:33:05,12900,COMPLETE
U260721-04616,21246,2026-07-21 08:03:00,51600,COMPLETE
U260724-04617,21246,2026-07-24 22:54:46,54400,COMPLETE
U260902-04618,21246,2026-09-02 22:58:35,97300,COMPLETE
U260824-04619,21246,2026-08-24 18:55:45,127500,RETURNED
U260803-04620,21246,2026-08-03 17:02:04,251300,COMPLETE
U260729-04621,21246,2026-07-29 22:39:55,233300,COMPLETE
U260820-04622,21246,2026-08-20 18:07:21,346900,COMPLETE
U260715-04623,21246,2026-07-15 11:31:46,97600,RETURNED
U260814-04624,21246,2026-08-14 19:44:50,97600,COMPLETE
U260901-04625,21246,2026-09-01 21:45:05,508100,COMPLETE
U250825-04626,21247,2025-08-25 21:46:40,64400,COMPLETE
U250119-04627,21248,2025-01-19 22:33:51,123000,COMPLETE
U231015-04628,21249,2023-10-15 09:12:50,55600,COMPLETE
U260728-04629,21250,2026-07-28 09:35:21,76100,COMPLETE
U260729-04630,21250,2026-07-29 11:25:04,401600,COMPLETE
U260131-04631,21251,2026-01-31 14:19:11,145900,CANCELED
U260212-04632,21251,2026-02-12 14:48:03,80900,COMPLETE
U260424-04633,21251,2026-04-24 19:54:19,357700,COMPLETE
U260820-04634,21251,2026-08-20 17:09:02,73000,COMPLETE
U250718-04635,21251,2025-07-18 11:22:27,310100,COMPLETE
U251210-04636,21251,2025-12-10 15:39:04,58000,COMPLETE
U251110-04637,21251,2025-11-10 15:49:49,31000,COMPLETE
U260716-04638,21251,2026-07-16 20:19:55,408700,RETURNED
U260815-04639,21251,2026-08-15 23:36:00,32700,COMPLETE
U260412-04640,21251,2026-04-12 15:37:46,460900,COMPLETE
U250630-04641,21252,2025-06-30 13:17:34,772700,COMPLETE
U260810-04642,21252,2026-08-10 21:51:18,217700,COMPLETE
U260218-04643,21252,2026-02-18 00:43:37,98000,COMPLETE
U250529-04644,21252,2025-05-29 21:22:35,19600,COMPLETE
U241015-04645,21253,2024-10-15 21:25:07,203300,COMPLETE
U260318-04646,21254,2026-03-18 19:20:26,243600,COMPLETE
U260813-04647,21254,2026-08-13 15:05:43,397400,COMPLETE
U240527-04648,21255,2024-05-27 09:16:46,48700,RETURNED
U260827-04649,21256,2026-08-27 12:31:22,197600,COMPLETE
U260518-04650,21256,2026-05-18 17:06:01,842600,COMPLETE
U260827-04651,21256,2026-08-27 09:57:01,172300,COMPLETE
U260826-04652,21256,2026-08-26 13:58:23,113500,COMPLETE
U260829-04653,21256,2026-08-29 13:26:27,100400,COMPLETE
U260703-04654,21256,2026-07-03 10:03:16,170100,COMPLETE
U260809-04655,21256,2026-08-09 17:59:53,64100,COMPLETE
U260819-04656,21256,2026-08-19 11:01:19,232100,COMPLETE
U260424-04657,21256,2026-04-24 17:17:16,41400,COMPLETE
U260817-04658,21256,2026-08-17 23:03:58,51900,COMPLETE
U260514-04659,21256,2026-05-14 00:15:47,32900,COMPLETE
U260313-04660,21256,2026-03-13 18:17:07,153900,COMPLETE
U260520-04661,21256,2026-05-20 20:46:12,72600,COMPLETE
U260719-04662,21256,2026-07-19 21:57:05,92900,COMPLETE
U260821-04663,21256,2026-08-21 22:13:04,324600,CANCELED
U260903-04664,21256,2026-09-03 08:22:13,53500,COMPLETE
U250429-04665,21257,2025-04-29 21:08:22,52800,COMPLETE
U260118-04666,21257,2026-01-18 12:11:44,212900,COMPLETE
U260708-04667,21257,2026-07-08 12:05:54,600800,COMPLETE
U240826-04668,21258,2024-08-26 15:04:56,46000,CANCELED
U260207-04669,21260,2026-02-07 23:32:50,39000,COMPLETE
U260519-04670,21260,2026-05-19 21:16:03,678900,COMPLETE
U260411-04671,21260,2026-04-11 23:05:05,179200,COMPLETE
U260628-04672,21260,2026-06-28 20:06:50,385600,COMPLETE
U260623-04673,21260,2026-06-23 19:09:28,125800,COMPLETE
U250628-04674,21260,2025-06-28 00:16:05,261800,CANCELED
U250718-04675,21261,2025-07-18 10:25:18,194400,COMPLETE
U251014-04676,21261,2025-10-14 22:23:16,73900,COMPLETE
U250630-04677,21262,2025-06-30 18:07:20,346700,COMPLETE
U260531-04678,21263,2026-05-31 14:34:01,215000,COMPLETE
U260720-04679,21263,2026-07-20 23:59:58,157900,COMPLETE
U260320-04680,21263,2026-03-20 15:24:58,405100,COMPLETE
U260216-04681,21263,2026-02-16 21:01:32,453100,COMPLETE
U251214-04682,21263,2025-12-14 12:26:49,63900,COMPLETE
U260223-04683,21263,2026-02-23 00:41:59,51300,COMPLETE
U260702-04684,21263,2026-07-02 10:25:50,48100,COMPLETE
U250822-04685,21263,2025-08-22 23:31:15,218600,CANCELED
U260520-04686,21263,2026-05-20 21:56:42,46500,COMPLETE
U260527-04687,21263,2026-05-27 08:01:32,357600,COMPLETE
U260309-04688,21263,2026-03-09 14:19:24,89100,RETURNED
U251005-04689,21263,2025-10-05 22:19:26,377800,COMPLETE
U260902-04690,21264,2026-09-02 19:19:28,513300,COMPLETE
U250629-04691,21265,2025-06-29 14:54:16,43500,COMPLETE
U250509-04692,21266,2025-05-09 20:24:46,27300,COMPLETE
U260823-04693,21267,2026-08-23 14:01:12,198800,COMPLETE
U251216-04694,21267,2025-12-16 15:43:36,550000,COMPLETE
U241112-04695,21269,2024-11-12 00:43:09,297800,COMPLETE
U241116-04696,21269,2024-11-16 21:20:54,67900,COMPLETE
U260502-04697,21269,2026-05-02 12:57:55,106700,COMPLETE
U240522-04698,21269,2024-05-22 00:23:43,329200,COMPLETE
U240329-04699,21269,2024-03-29 19:39:47,74200,RETURNED
U260729-04700,21269,2026-07-29 09:36:20,203300,COMPLETE
U260311-04701,21269,2026-03-11 20:34:49,36000,COMPLETE
U251019-04702,21269,2025-10-19 12:54:48,404700,COMPLETE
U250526-04703,21269,2025-05-26 12:54:48,198200,COMPLETE
U250621-04704,21269,2025-06-21 10:22:43,121900,COMPLETE
U250212-04705,21269,2025-02-12 13:48:44,464500,COMPLETE
U251116-04706,21269,2025-11-16 14:15:05,194200,COMPLETE
U241220-04707,21269,2024-12-20 09:42:34,274600,COMPLETE
U260812-04708,21269,2026-08-12 12:51:04,45000,COMPLETE
U260410-04709,21269,2026-04-10 20:55:39,269300,COMPLETE
U260303-04710,21269,2026-03-03 20:11:23,70700,COMPLETE
U250228-04711,21270,2025-02-28 11:28:46,285300,COMPLETE
U260614-04712,21271,2026-06-14 14:14:43,343200,COMPLETE
U260205-04713,21271,2026-02-05 15:48:32,128100,COMPLETE
U260717-04714,21271,2026-07-17 19:06:46,23600,COMPLETE
U250112-04715,21271,2025-01-12 18:48:32,130300,COMPLETE
U250403-04716,21271,2025-04-03 21:10:35,308500,COMPLETE
U251028-04717,21271,2025-10-28 21:20:17,87700,COMPLETE
U240721-04718,21271,2024-07-21 22:32:08,380000,CANCELED
U260411-04719,21271,2026-04-11 15:04:22,651700,COMPLETE
U260623-04720,21272,2026-06-23 21:09:26,170900,COMPLETE
U260815-04721,21272,2026-08-15 20:39:39,38200,COMPLETE
U260213-04722,21272,2026-02-13 00:59:59,41600,COMPLETE
U251118-04723,21272,2025-11-18 20:46:50,61600,COMPLETE
U240111-04724,21272,2024-01-11 20:18:57,43000,COMPLETE
U260713-04725,21272,2026-07-13 18:33:42,134800,COMPLETE
U240215-04726,21272,2024-02-15 22:57:07,330900,CANCELED
U260625-04727,21272,2026-06-25 00:32:33,75200,COMPLETE
U250710-04728,21273,2025-07-10 20:42:57,141500,COMPLETE
U260630-04729,21273,2026-06-30 22:40:46,140700,COMPLETE
U260416-04730,21273,2026-04-16 00:38:52,48600,RETURNED
U241129-04731,21274,2024-11-29 19:18:23,388700,COMPLETE
U260821-04732,21275,2026-08-21 23:48:49,191700,COMPLETE
U250628-04733,21276,2025-06-28 21:09:22,118100,COMPLETE
U260901-04734,21277,2026-09-01 10:03:11,151500,COMPLETE
U250127-04735,21277,2025-01-27 14:33:20,337600,COMPLETE
U260221-04736,21277,2026-02-21 12:19:33,76600,COMPLETE
U250521-04737,21277,2025-05-21 16:46:10,97200,COMPLETE
U241201-04738,21277,2024-12-01 20:59:34,131700,COMPLETE
U260410-04739,21277,2026-04-10 21:03:32,294100,COMPLETE
U250421-04740,21277,2025-04-21 21:22:41,49600,COMPLETE
U250426-04741,21277,2025-04-26 15:52:36,68300,COMPLETE
U251222-04742,21277,2025-12-22 20:54:57,181300,COMPLETE
U250525-04743,21277,2025-05-25 13:53:17,41200,COMPLETE
U260612-04744,21277,2026-06-12 16:08:20,46900,COMPLETE
U250531-04745,21277,2025-05-31 11:34:49,297800,COMPLETE
U260718-04746,21277,2026-07-18 16:15:11,116900,COMPLETE
U250902-04747,21277,2025-09-02 14:53:16,108700,COMPLETE
U260605-04748,21278,2026-06-05 13:14:17,76500,COMPLETE
U260802-04749,21278,2026-08-02 22:31:17,134500,COMPLETE
U260828-04750,21279,2026-08-28 21:13:23,179900,COMPLETE
U260621-04751,21280,2026-06-21 20:07:50,244400,COMPLETE
U240724-04752,21280,2024-07-24 14:39:50,61300,COMPLETE
U231230-04753,21280,2023-12-30 20:29:19,51400,CANCELED
U260819-04754,21282,2026-08-19 20:32:20,62200,COMPLETE
U250718-04755,21283,2025-07-18 23:14:01,119200,COMPLETE
U260707-04756,21285,2026-07-07 17:16:51,153700,RETURNED
U260508-04757,21285,2026-05-08 14:06:50,35700,COMPLETE
U260108-04758,21285,2026-01-08 16:10:19,75000,COMPLETE
U260605-04759,21285,2026-06-05 11:45:51,127700,COMPLETE
U260101-04760,21285,2026-01-01 00:54:02,120300,COMPLETE
U260508-04761,21285,2026-05-08 00:52:23,207700,COMPLETE
U260716-04762,21285,2026-07-16 19:37:47,89500,COMPLETE
U260116-04763,21285,2026-01-16 20:20:54,67800,COMPLETE
U260308-04764,21286,2026-03-08 10:41:49,52000,COMPLETE
U251101-04765,21286,2025-11-01 18:47:53,267100,COMPLETE
U260827-04766,21286,2026-08-27 20:52:34,38500,CANCELED
U250902-04767,21286,2025-09-02 12:18:11,90800,COMPLETE
U260707-04768,21286,2026-07-07 09:20:57,895800,CANCELED
U251112-04769,21286,2025-11-12 16:32:43,38300,COMPLETE
U260824-04770,21287,2026-08-24 09:09:34,71600,CANCELED
U260824-04771,21288,2026-08-24 17:07:24,62800,COMPLETE
U260728-04772,21288,2026-07-28 13:57:43,182100,COMPLETE
U260812-04773,21288,2026-08-12 12:37:17,164800,COMPLETE
U260717-04774,21288,2026-07-17 19:05:28,103300,COMPLETE
U260706-04775,21288,2026-07-06 18:07:54,48700,COMPLETE
U260823-04776,21288,2026-08-23 21:13:47,139800,COMPLETE
U250921-04777,21289,2025-09-21 23:37:46,101900,COMPLETE
U250514-04778,21289,2025-05-14 14:32:48,68400,COMPLETE
U260618-04779,21289,2026-06-18 11:55:04,176600,COMPLETE
U241209-04780,21289,2024-12-09 14:27:24,73600,COMPLETE
U251227-04781,21289,2025-12-27 12:20:10,243200,COMPLETE
U251229-04782,21289,2025-12-29 15:01:50,75400,COMPLETE
U260523-04783,21289,2026-05-23 20:35:45,34700,COMPLETE
U251223-04784,21289,2025-12-23 19:05:49,178900,COMPLETE
U260821-04785,21290,2026-08-21 11:41:10,159800,COMPLETE
U260830-04786,21291,2026-08-30 18:37:08,130800,COMPLETE
U260824-04787,21291,2026-08-24 21:41:01,145600,COMPLETE
U260822-04788,21293,2026-08-22 09:44:22,41600,COMPLETE
U260813-04789,21293,2026-08-13 10:32:41,54000,CANCELED
U260805-04790,21293,2026-08-05 10:09:27,64500,COMPLETE
U260828-04791,21293,2026-08-28 13:29:35,16900,COMPLETE
U260821-04792,21293,2026-08-21 19:30:58,74800,COMPLETE
U260824-04793,21293,2026-08-24 23:42:19,383400,COMPLETE
U260804-04794,21293,2026-08-04 19:00:10,346400,COMPLETE
U260814-04795,21293,2026-08-14 18:11:27,118700,COMPLETE
U260901-04796,21293,2026-09-01 20:57:47,312700,COMPLETE
U260817-04797,21293,2026-08-17 08:19:25,154500,COMPLETE
U241004-04798,21294,2024-10-04 14:14:55,38400,COMPLETE
U260821-04799,21294,2026-08-21 21:24:25,73400,COMPLETE
U260312-04800,21294,2026-03-12 20:48:46,68600,COMPLETE
U221203-04801,21294,2022-12-03 21:53:25,340100,COMPLETE
U260513-04802,21294,2026-05-13 16:35:58,196600,RETURNED
U250208-04803,21294,2025-02-08 17:49:36,348900,COMPLETE
U251025-04804,21295,2025-10-25 10:48:56,265100,COMPLETE
U260530-04805,21295,2026-05-30 22:10:24,110200,RETURNED
U250828-04806,21295,2025-08-28 12:21:30,83300,COMPLETE
U250722-04807,21295,2025-07-22 08:10:28,158400,COMPLETE
U260421-04808,21296,2026-04-21 18:16:01,46500,COMPLETE
U221003-04809,21297,2022-10-03 19:36:53,54500,COMPLETE
U251102-04810,21298,2025-11-02 14:56:57,117400,COMPLETE
U260220-04811,21298,2026-02-20 10:09:17,116400,COMPLETE
U251229-04812,21298,2025-12-29 23:38:36,80600,COMPLETE
U250726-04813,21299,2025-07-26 14:48:20,112400,COMPLETE
U251013-04814,21299,2025-10-13 22:36:13,48900,COMPLETE
U260821-04815,21299,2026-08-21 13:19:38,69100,COMPLETE
U260902-04816,21299,2026-09-02 10:59:45,57800,COMPLETE
U260516-04817,21299,2026-05-16 16:51:13,386200,COMPLETE
U260628-04818,21299,2026-06-28 16:09:49,35900,COMPLETE
U260601-04819,21299,2026-06-01 21:42:37,95300,COMPLETE
U260803-04820,21299,2026-08-03 18:21:21,23400,CANCELED
U260812-04821,21299,2026-08-12 14:59:17,27000,COMPLETE
U260729-04822,21299,2026-07-29 20:32:56,116800,COMPLETE
U260828-04823,21299,2026-08-28 21:45:41,537900,COMPLETE
U250830-04824,21299,2025-08-30 10:09:09,313200,RETURNED
U251213-04825,21299,2025-12-13 21:03:41,94300,COMPLETE
U251011-04826,21299,2025-10-11 19:38:18,1136200,COMPLETE
U260902-04827,21300,2026-09-02 17:47:30,444800,COMPLETE
U250709-04828,21301,2025-07-09 19:30:11,271900,COMPLETE
U260707-04829,21302,2026-07-07 00:56:23,189800,COMPLETE
U260708-04830,21303,2026-07-08 14:34:45,449300,COMPLETE
U251112-04831,21303,2025-11-12 11:35:11,33600,COMPLETE
U260227-04832,21303,2026-02-27 11:45:32,61900,COMPLETE
U260521-04833,21303,2026-05-21 14:08:29,49000,COMPLETE
U260420-04834,21303,2026-04-20 18:52:34,211200,COMPLETE
U250211-04835,21304,2025-02-11 08:02:25,498700,COMPLETE
U250509-04836,21304,2025-05-09 20:37:11,92800,COMPLETE
U250310-04837,21304,2025-03-10 16:51:26,631800,COMPLETE
U250627-04838,21305,2025-06-27 20:19:09,57200,CANCELED
U251123-04839,21305,2025-11-23 11:31:54,401400,COMPLETE
U260731-04840,21305,2026-07-31 12:18:41,38200,COMPLETE
U260519-04841,21305,2026-05-19 18:48:58,112300,COMPLETE
U251206-04842,21305,2025-12-06 15:39:17,108300,COMPLETE
U251117-04843,21305,2025-11-17 23:46:03,261600,COMPLETE
U251019-04844,21305,2025-10-19 16:30:31,275200,COMPLETE
U260122-04845,21305,2026-01-22 19:26:35,10800,COMPLETE
U251207-04846,21305,2025-12-07 14:05:03,75500,COMPLETE
U260513-04847,21305,2026-05-13 15:55:34,49100,COMPLETE
U250625-04848,21305,2025-06-25 23:32:15,309800,COMPLETE
U250418-04849,21305,2025-04-18 14:07:04,62900,COMPLETE
U250718-04850,21305,2025-07-18 14:58:47,289400,COMPLETE
U250622-04851,21305,2025-06-22 15:20:47,149800,COMPLETE
U260831-04852,21306,2026-08-31 14:12:38,39700,COMPLETE
U260306-04853,21306,2026-03-06 20:49:57,272700,COMPLETE
U260227-04854,21307,2026-02-27 11:22:04,31300,COMPLETE
U260825-04855,21308,2026-08-25 13:46:10,59300,COMPLETE
U260712-04856,21309,2026-07-12 21:24:45,44300,RETURNED
U260528-04857,21310,2026-05-28 22:40:44,61100,COMPLETE
U260613-04858,21310,2026-06-13 22:16:44,226000,COMPLETE
U260520-04859,21310,2026-05-20 20:03:16,283400,COMPLETE
U260816-04860,21310,2026-08-16 17:00:46,109300,RETURNED
U260604-04861,21310,2026-06-04 20:09:23,156600,RETURNED
U260726-04862,21310,2026-07-26 16:40:31,450500,COMPLETE
U260508-04863,21310,2026-05-08 15:17:06,37500,COMPLETE
U260811-04864,21310,2026-08-11 08:27:23,60600,COMPLETE
U260807-04865,21311,2026-08-07 12:45:12,228500,CANCELED
U260825-04866,21312,2026-08-25 12:18:27,355500,COMPLETE
U260903-04867,21312,2026-09-03 11:24:25,455400,RETURNED
U260830-04868,21312,2026-08-30 19:36:19,369500,COMPLETE
U260504-04869,21313,2026-05-04 20:44:09,46600,COMPLETE
U260522-04870,21313,2026-05-22 22:19:34,719900,COMPLETE
U260810-04871,21313,2026-08-10 22:56:22,133600,COMPLETE
U260821-04872,21313,2026-08-21 22:57:03,751100,COMPLETE
U260609-04873,21313,2026-06-09 14:02:42,256600,COMPLETE
U260504-04874,21313,2026-05-04 17:34:22,49600,COMPLETE
U260323-04875,21313,2026-03-23 19:39:03,57900,COMPLETE
U260728-04876,21314,2026-07-28 23:53:42,143800,COMPLETE
U260726-04877,21314,2026-07-26 14:29:10,213500,COMPLETE
U260618-04878,21314,2026-06-18 18:35:10,93700,COMPLETE
U260802-04879,21314,2026-08-02 21:35:13,107600,COMPLETE
U260823-04880,21314,2026-08-23 12:44:21,180700,COMPLETE
U260828-04881,21314,2026-08-28 16:11:05,371000,COMPLETE
U260529-04882,21314,2026-05-29 18:37:28,242700,COMPLETE
U260808-04883,21314,2026-08-08 20:15:48,10900,COMPLETE
U260515-04884,21314,2026-05-15 13:08:18,191500,COMPLETE
U260810-04885,21314,2026-08-10 12:32:58,120600,COMPLETE
U260715-04886,21315,2026-07-15 15:42:19,262800,COMPLETE
U260717-04887,21315,2026-07-17 21:11:55,119100,COMPLETE
U260511-04888,21316,2026-05-11 19:43:36,135900,COMPLETE
U260718-04889,21316,2026-07-18 10:51:32,53200,COMPLETE
U260615-04890,21316,2026-06-15 22:59:57,108400,COMPLETE
U230929-04891,21318,2023-09-29 21:20:33,354800,COMPLETE
U260114-04892,21319,2026-01-14 21:21:20,276300,COMPLETE
U260305-04893,21319,2026-03-05 23:00:11,138600,COMPLETE
U250603-04894,21319,2025-06-03 17:25:57,115700,COMPLETE
U251108-04895,21319,2025-11-08 18:15:13,35600,COMPLETE
U240916-04896,21319,2024-09-16 10:33:58,45600,COMPLETE
U260522-04897,21320,2026-05-22 12:11:31,417400,COMPLETE
U251120-04898,21320,2025-11-20 11:57:04,59800,COMPLETE
U260328-04899,21320,2026-03-28 19:22:02,74100,COMPLETE
U260817-04900,21321,2026-08-17 23:23:49,164000,COMPLETE
U260531-04901,21321,2026-05-31 20:42:43,78000,COMPLETE
U260421-04902,21321,2026-04-21 17:57:03,17000,COMPLETE
U250319-04903,21322,2025-03-19 10:19:34,290200,CANCELED
U250704-04904,21322,2025-07-04 14:50:38,254000,COMPLETE
U241108-04905,21322,2024-11-08 15:27:15,88100,COMPLETE
U240615-04906,21322,2024-06-15 21:42:33,153900,COMPLETE
U260708-04907,21323,2026-07-08 20:12:44,45900,COMPLETE
U251009-04908,21323,2025-10-09 20:40:54,77800,COMPLETE
U250727-04909,21323,2025-07-27 20:06:23,441200,COMPLETE
U260421-04910,21323,2026-04-21 22:19:48,276200,COMPLETE
U260901-04911,21324,2026-09-01 21:10:50,51200,COMPLETE
U260902-04912,21324,2026-09-02 18:08:39,21600,COMPLETE
U260821-04913,21324,2026-08-21 15:12:55,46200,COMPLETE
U260831-04914,21324,2026-08-31 08:47:59,163600,COMPLETE
U260825-04915,21325,2026-08-25 23:06:09,222400,COMPLETE
U260623-04916,21325,2026-06-23 20:54:06,77300,COMPLETE
U260823-04917,21325,2026-08-23 16:27:59,438400,COMPLETE
U260528-04918,21325,2026-05-28 21:17:08,40400,COMPLETE
U260525-04919,21325,2026-05-25 00:03:58,183300,COMPLETE
U260812-04920,21325,2026-08-12 23:51:08,58700,COMPLETE
U260816-04921,21325,2026-08-16 15:26:20,83100,COMPLETE
U260617-04922,21325,2026-06-17 15:47:27,41400,COMPLETE
U260627-04923,21325,2026-06-27 16:41:48,663200,COMPLETE
U260803-04924,21325,2026-08-03 22:30:48,43500,COMPLETE
U240724-04925,21326,2024-07-24 11:27:18,14900,CANCELED
U230531-04926,21327,2023-05-31 16:24:39,843400,RETURNED
U260630-04927,21327,2026-06-30 11:12:34,102700,COMPLETE
U260409-04928,21328,2026-04-09 10:02:58,258200,COMPLETE
U260317-04929,21329,2026-03-17 21:35:12,48800,COMPLETE
U250524-04930,21329,2025-05-24 19:10:52,71400,COMPLETE
U250701-04931,21329,2025-07-01 00:11:16,130100,COMPLETE
U260402-04932,21330,2026-04-02 19:10:38,251300,COMPLETE
U260510-04933,21330,2026-05-10 13:03:45,140100,COMPLETE
U251223-04934,21331,2025-12-23 21:40:01,141500,COMPLETE
U250315-04935,21332,2025-03-15 10:25:14,100800,COMPLETE
U260410-04936,21332,2026-04-10 12:09:56,384900,COMPLETE
U251004-04937,21332,2025-10-04 08:16:38,477900,COMPLETE
U260408-04938,21332,2026-04-08 21:21:52,30600,COMPLETE
U260726-04939,21332,2026-07-26 11:10:52,17600,COMPLETE
U260227-04940,21332,2026-02-27 16:57:22,47100,COMPLETE
U260401-04941,21332,2026-04-01 09:41:26,385000,COMPLETE
U260124-04942,21332,2026-01-24 18:20:02,45800,COMPLETE
U251102-04943,21332,2025-11-02 19:25:16,309800,COMPLETE
U251128-04944,21332,2025-11-28 12:27:43,48400,COMPLETE
U251229-04945,21332,2025-12-29 21:56:40,360100,COMPLETE
U241123-04946,21332,2024-11-23 21:56:46,219200,COMPLETE
U260621-04947,21332,2026-06-21 20:16:25,29500,COMPLETE
U260421-04948,21332,2026-04-21 20:46:56,712800,COMPLETE
U250827-04949,21332,2025-08-27 11:38:02,739400,COMPLETE
U250618-04950,21332,2025-06-18 16:20:47,259100,COMPLETE
U251227-04951,21332,2025-12-27 19:05:50,64400,CANCELED
U240622-04952,21332,2024-06-22 18:20:03,118800,COMPLETE
U260603-04953,21333,2026-06-03 14:54:05,292100,COMPLETE
U260626-04954,21333,2026-06-26 13:22:06,130600,COMPLETE
U260326-04955,21333,2026-03-26 11:48:22,725500,COMPLETE
U260806-04956,21333,2026-08-06 09:37:48,62400,COMPLETE
U260829-04957,21333,2026-08-29 23:36:22,130300,COMPLETE
U260615-04958,21334,2026-06-15 20:42:27,246400,CANCELED
U260627-04959,21334,2026-06-27 20:42:49,85600,COMPLETE
U260728-04960,21334,2026-07-28 13:58:52,53400,COMPLETE
U260701-04961,21334,2026-07-01 14:04:10,49900,COMPLETE
U260713-04962,21334,2026-07-13 19:08:56,49300,COMPLETE
U260810-04963,21335,2026-08-10 23:22:22,72300,COMPLETE
U260818-04964,21335,2026-08-18 15:09:57,178200,COMPLETE
U260727-04965,21335,2026-07-27 15:05:19,137900,COMPLETE
U260825-04966,21335,2026-08-25 13:12:18,405200,COMPLETE
U260802-04967,21335,2026-08-02 09:50:12,214000,COMPLETE
U260816-04968,21335,2026-08-16 13:45:08,98900,COMPLETE
U260725-04969,21335,2026-07-25 00:24:34,134100,COMPLETE
U260729-04970,21335,2026-07-29 22:45:03,79100,COMPLETE
U260818-04971,21335,2026-08-18 21:27:49,167000,COMPLETE
U260805-04972,21335,2026-08-05 23:02:43,475500,COMPLETE
U260804-04973,21335,2026-08-04 18:06:42,133600,COMPLETE
U260824-04974,21335,2026-08-24 18:54:00,215100,COMPLETE
U260726-04975,21335,2026-07-26 13:48:33,558000,COMPLETE
U260902-04976,21335,2026-09-02 21:52:27,71500,COMPLETE
U241119-04977,21337,2024-11-19 21:07:29,234100,COMPLETE
U250220-04978,21337,2025-02-20 17:58:54,189100,COMPLETE
U260903-04979,21337,2026-09-03 19:11:07,159700,COMPLETE
U260520-04980,21337,2026-05-20 18:36:51,129200,COMPLETE
U241224-04981,21337,2024-12-24 09:06:13,81300,COMPLETE
U240409-04982,21337,2024-04-09 15:09:04,113000,COMPLETE
U260805-04983,21337,2026-08-05 23:40:06,86500,RETURNED
U260316-04984,21337,2026-03-16 10:30:48,153600,CANCELED
U241012-04985,21337,2024-10-12 20:54:11,82100,COMPLETE
U250203-04986,21337,2025-02-03 13:03:00,88800,COMPLETE
U251202-04987,21337,2025-12-02 13:54:53,614900,CANCELED
U260814-04988,21337,2026-08-14 11:34:55,524300,COMPLETE
U250318-04989,21337,2025-03-18 21:37:32,237500,COMPLETE
U260514-04990,21337,2026-05-14 13:36:31,292900,COMPLETE
U260115-04991,21337,2026-01-15 20:31:28,375100,RETURNED
U260205-04992,21337,2026-02-05 10:01:05,200800,COMPLETE
U260422-04993,21337,2026-04-22 23:56:37,210100,COMPLETE
U241218-04994,21337,2024-12-18 22:09:48,20900,COMPLETE
U260825-04995,21338,2026-08-25 13:25:16,58800,COMPLETE
U260821-04996,21338,2026-08-21 09:53:00,92200,COMPLETE
U260828-04997,21338,2026-08-28 20:16:47,240700,COMPLETE
U260902-04998,21338,2026-09-02 20:53:50,43500,COMPLETE
U260815-04999,21338,2026-08-15 15:22:20,24600,COMPLETE
U260824-05000,21338,2026-08-24 21:54:22,130400,COMPLETE
U260831-05001,21338,2026-08-31 21:46:54,110300,COMPLETE
U260828-05002,21338,2026-08-28 17:19:53,23800,RETURNED
U260902-05003,21338,2026-09-02 15:36:30,314700,RETURNED
U260828-05004,21338,2026-08-28 22:24:13,47300,COMPLETE
U260822-05005,21338,2026-08-22 13:27:31,176700,COMPLETE
U260828-05006,21338,2026-08-28 19:11:14,161400,CANCELED
U240914-05007,21339,2024-09-14 20:47:31,256700,COMPLETE
U260213-05008,21339,2026-02-13 14:41:10,635600,COMPLETE
U251112-05009,21339,2025-11-12 12:18:03,46100,COMPLETE
U260705-05010,21340,2026-07-05 20:13:34,126300,COMPLETE
U260723-05011,21341,2026-07-23 09:05:28,397600,COMPLETE
U260715-05012,21342,2026-07-15 23:02:33,143500,COMPLETE
U260802-05013,21342,2026-08-02 16:00:40,510100,COMPLETE
U260808-05014,21343,2026-08-08 08:42:45,88500,COMPLETE
U260728-05015,21343,2026-07-28 16:09:21,63600,COMPLETE
U260815-05016,21343,2026-08-15 10:42:49,76600,COMPLETE
U260809-05017,21343,2026-08-09 17:24:47,69300,COMPLETE
U260813-05018,21344,2026-08-13 20:23:44,111200,COMPLETE
U250419-05019,21345,2025-04-19 23:46:02,272200,COMPLETE
U250707-05020,21345,2025-07-07 23:59:23,84800,COMPLETE
U250720-05021,21345,2025-07-20 19:46:41,187500,COMPLETE
U250821-05022,21345,2025-08-21 13:58:20,525100,COMPLETE
U250506-05023,21345,2025-05-06 18:31:40,59400,COMPLETE
U251219-05024,21345,2025-12-19 19:28:51,266000,COMPLETE
U260824-05025,21345,2026-08-24 21:17:30,30900,COMPLETE
U240212-05026,21345,2024-02-12 12:13:59,93900,COMPLETE
U240228-05027,21345,2024-02-28 23:50:52,24400,COMPLETE
U250918-05028,21345,2025-09-18 13:09:32,171000,COMPLETE
U250703-05029,21346,2025-07-03 21:54:26,528200,COMPLETE
U260826-05030,21346,2026-08-26 16:14:47,199600,COMPLETE
U260405-05031,21346,2026-04-05 20:56:30,191400,COMPLETE
U250624-05032,21346,2025-06-24 19:57:48,212900,COMPLETE
U251228-05033,21346,2025-12-28 19:32:29,71100,COMPLETE
U260526-05034,21346,2026-05-26 16:58:20,37000,COMPLETE
U260807-05035,21346,2026-08-07 21:46:52,183900,COMPLETE
U260514-05036,21346,2026-05-14 13:09:48,45300,COMPLETE
U250916-05037,21346,2025-09-16 22:06:05,176900,COMPLETE
U260305-05038,21346,2026-03-05 08:13:54,144200,CANCELED
U260821-05039,21346,2026-08-21 17:17:54,422800,COMPLETE
U260414-05040,21346,2026-04-14 12:56:25,60600,COMPLETE
U251130-05041,21347,2025-11-30 09:49:05,96200,COMPLETE
U241003-05042,21349,2024-10-03 20:07:50,53300,COMPLETE
U260713-05043,21350,2026-07-13 21:34:26,21600,COMPLETE
U260519-05044,21350,2026-05-19 15:50:17,264700,COMPLETE
U260624-05045,21350,2026-06-24 14:34:09,344100,COMPLETE
U260821-05046,21350,2026-08-21 19:15:54,20100,COMPLETE
U260901-05047,21351,2026-09-01 12:54:08,505500,COMPLETE
U260821-05048,21351,2026-08-21 23:59:38,250100,RETURNED
U260609-05049,21352,2026-06-09 21:39:51,412200,COMPLETE
U250406-05050,21353,2025-04-06 17:57:07,90200,COMPLETE
U251108-05051,21353,2025-11-08 18:29:45,57400,RETURNED
U260809-05052,21353,2026-08-09 23:38:57,162100,COMPLETE
U260411-05053,21353,2026-04-11 00:39:00,173100,COMPLETE
U251113-05054,21353,2025-11-13 14:16:51,70500,COMPLETE
U260710-05055,21353,2026-07-10 11:44:25,197700,COMPLETE
U250516-05056,21354,2025-05-16 16:28:20,86800,COMPLETE
U250515-05057,21354,2025-05-15 00:51:15,428900,COMPLETE
U260607-05058,21355,2026-06-07 12:31:22,166100,COMPLETE
U251229-05059,21355,2025-12-29 00:40:05,104900,COMPLETE
U260202-05060,21355,2026-02-02 21:03:39,77300,COMPLETE
U250704-05061,21356,2025-07-04 16:28:24,90200,COMPLETE
U260723-05062,21357,2026-07-23 16:07:43,53300,COMPLETE
U260804-05063,21358,2026-08-04 17:49:50,383800,COMPLETE
U251205-05064,21359,2025-12-05 13:32:58,276500,COMPLETE
U251016-05065,21359,2025-10-16 16:31:22,837500,COMPLETE
U260601-05066,21361,2026-06-01 13:55:33,172700,COMPLETE
U251109-05067,21362,2025-11-09 21:24:05,109000,COMPLETE
U250813-05068,21362,2025-08-13 19:34:19,293700,COMPLETE
U251115-05069,21362,2025-11-15 19:13:31,58200,COMPLETE
U250323-05070,21362,2025-03-23 16:54:59,288800,COMPLETE
U260820-05071,21363,2026-08-20 19:15:30,403200,COMPLETE
U260413-05072,21363,2026-04-13 21:49:56,68100,COMPLETE
U260407-05073,21363,2026-04-07 13:04:43,335600,COMPLETE
U260813-05074,21363,2026-08-13 21:14:49,204100,COMPLETE
U251002-05075,21364,2025-10-02 15:51:47,118300,COMPLETE
U251001-05076,21364,2025-10-01 22:39:54,152700,COMPLETE
U251004-05077,21364,2025-10-04 09:45:08,130100,COMPLETE
U260721-05078,21365,2026-07-21 19:14:34,42300,COMPLETE
U260903-05079,21365,2026-09-03 23:17:11,52900,COMPLETE
U260606-05080,21365,2026-06-06 12:41:23,130500,COMPLETE
U250624-05081,21365,2025-06-24 14:50:13,426100,COMPLETE
U260426-05082,21365,2026-04-26 14:44:03,173300,COMPLETE
U251001-05083,21365,2025-10-01 13:49:16,128000,COMPLETE
U260219-05084,21365,2026-02-19 09:23:22,670700,COMPLETE
U260718-05085,21366,2026-07-18 18:46:50,179800,COMPLETE
U251223-05086,21366,2025-12-23 21:47:37,61000,COMPLETE
U260623-05087,21366,2026-06-23 17:10:24,371000,CANCELED
U260209-05088,21367,2026-02-09 21:03:26,81200,COMPLETE
U260819-05089,21367,2026-08-19 16:47:15,937200,COMPLETE
U250811-05090,21368,2025-08-11 19:01:41,91400,COMPLETE
U260529-05091,21368,2026-05-29 21:27:59,492400,COMPLETE
U241201-05092,21368,2024-12-01 22:58:23,426200,COMPLETE
U251014-05093,21368,2025-10-14 21:05:38,211600,COMPLETE
U260817-05094,21368,2026-08-17 20:37:24,84800,COMPLETE
U251114-05095,21368,2025-11-14 22:15:15,461300,RETURNED
U260518-05096,21368,2026-05-18 21:29:13,91700,CANCELED
U241231-05097,21368,2024-12-31 22:10:01,35500,COMPLETE
U250505-05098,21368,2025-05-05 19:35:23,634500,CANCELED
U250126-05099,21368,2025-01-26 23:47:44,11200,COMPLETE
U260727-05100,21369,2026-07-27 11:48:43,451700,COMPLETE
U260304-05101,21369,2026-03-04 15:34:36,36600,COMPLETE
U260820-05102,21371,2026-08-20 08:48:55,436500,COMPLETE
U260406-05103,21371,2026-04-06 20:07:07,53300,COMPLETE
U250425-05104,21371,2025-04-25 13:32:22,180300,COMPLETE
U260824-05105,21371,2026-08-24 20:57:22,413900,COMPLETE
U260818-05106,21371,2026-08-18 09:46:55,53900,COMPLETE
U260125-05107,21371,2026-01-25 21:09:38,327000,COMPLETE
U250902-05108,21371,2025-09-02 18:44:22,363900,COMPLETE
U260107-05109,21371,2026-01-07 18:39:30,71100,RETURNED
U260701-05110,21371,2026-07-01 21:40:17,434700,COMPLETE
U260703-05111,21371,2026-07-03 19:19:49,135200,COMPLETE
U260618-05112,21371,2026-06-18 12:56:32,680100,COMPLETE
U260304-05113,21371,2026-03-04 19:15:25,53600,COMPLETE
U250726-05114,21371,2025-07-26 18:26:59,57000,COMPLETE
U250628-05115,21371,2025-06-28 22:41:04,259500,COMPLETE
U260510-05116,21371,2026-05-10 13:37:59,438900,RETURNED
U251024-05117,21371,2025-10-24 19:51:07,96400,COMPLETE
U260502-05118,21371,2026-05-02 16:14:01,183600,COMPLETE
U260308-05119,21371,2026-03-08 08:16:24,144900,RETURNED
U251120-05120,21372,2025-11-20 17:17:42,318100,COMPLETE
U260827-05121,21373,2026-08-27 21:37:36,362900,COMPLETE
U260127-05122,21373,2026-01-27 20:17:25,719800,COMPLETE
U260401-05123,21373,2026-04-01 21:45:57,439400,COMPLETE
U251123-05124,21373,2025-11-23 20:14:53,47300,COMPLETE
U260519-05125,21373,2026-05-19 18:40:16,377300,COMPLETE
U250722-05126,21374,2025-07-22 12:17:06,42400,COMPLETE
U260128-05127,21376,2026-01-28 18:48:04,76500,COMPLETE
U250921-05128,21376,2025-09-21 22:41:05,154800,COMPLETE
U260321-05129,21376,2026-03-21 21:55:48,104600,COMPLETE
U251113-05130,21376,2025-11-13 22:49:25,97600,COMPLETE
U260321-05131,21376,2026-03-21 13:07:58,108200,COMPLETE
U241226-05132,21376,2024-12-26 20:02:14,435400,COMPLETE
U260711-05133,21377,2026-07-11 20:09:43,47100,COMPLETE
U260830-05134,21377,2026-08-30 16:05:28,103100,RETURNED
U260709-05135,21377,2026-07-09 21:24:52,101500,RETURNED
U260730-05136,21377,2026-07-30 08:56:53,113400,COMPLETE
U260721-05137,21377,2026-07-21 20:27:52,125500,COMPLETE
U250503-05138,21378,2025-05-03 22:06:42,174400,COMPLETE
U230908-05139,21378,2023-09-08 19:40:05,263100,COMPLETE
U240612-05140,21378,2024-06-12 19:37:52,448200,COMPLETE
U251215-05141,21378,2025-12-15 12:29:11,342900,CANCELED
U240815-05142,21378,2024-08-15 15:21:23,433400,COMPLETE
U240112-05143,21378,2024-01-12 10:21:52,190700,COMPLETE
U250829-05144,21378,2025-08-29 15:19:05,119200,CANCELED
U250608-05145,21378,2025-06-08 19:45:03,37300,COMPLETE
U260220-05146,21378,2026-02-20 11:27:34,44900,CANCELED
U250719-05147,21378,2025-07-19 20:27:28,77400,COMPLETE
U260522-05148,21379,2026-05-22 11:29:39,937800,COMPLETE
U251011-05149,21379,2025-10-11 14:47:34,399400,COMPLETE
U260709-05150,21379,2026-07-09 16:49:44,253200,COMPLETE
U260829-05151,21379,2026-08-29 20:13:34,85000,COMPLETE
U260406-05152,21379,2026-04-06 23:36:01,663800,COMPLETE
U260426-05153,21379,2026-04-26 18:59:42,392300,COMPLETE
U260712-05154,21379,2026-07-12 17:25:17,251800,COMPLETE
U250409-05155,21379,2025-04-09 10:12:02,25600,COMPLETE
U250815-05156,21379,2025-08-15 14:17:47,763200,COMPLETE
U260417-05157,21379,2026-04-17 09:10:22,103500,COMPLETE
U250620-05158,21379,2025-06-20 22:06:11,178500,COMPLETE
U260209-05159,21379,2026-02-09 12:05:48,621200,RETURNED
U260815-05160,21380,2026-08-15 12:42:09,211700,COMPLETE
U260705-05161,21380,2026-07-05 23:32:33,221800,COMPLETE
U260712-05162,21380,2026-07-12 15:09:55,210500,COMPLETE
U260826-05163,21381,2026-08-26 21:59:17,172900,COMPLETE
U260801-05164,21381,2026-08-01 16:25:16,338600,COMPLETE
U260826-05165,21381,2026-08-26 21:10:48,52800,COMPLETE
U260817-05166,21381,2026-08-17 09:55:28,66900,COMPLETE
U260629-05167,21382,2026-06-29 12:15:43,137300,COMPLETE
U260826-05168,21383,2026-08-26 09:27:55,260100,COMPLETE
U260818-05169,21383,2026-08-18 11:09:26,236300,COMPLETE
U260816-05170,21383,2026-08-16 18:29:16,97700,COMPLETE
U260825-05171,21383,2026-08-25 20:31:48,44800,COMPLETE
U260901-05172,21383,2026-09-01 23:44:46,341900,COMPLETE
U260104-05173,21384,2026-01-04 16:23:34,64700,CANCELED
U260408-05174,21384,2026-04-08 19:23:43,492800,COMPLETE
U260430-05175,21384,2026-04-30 12:35:08,280200,COMPLETE
U251130-05176,21384,2025-11-30 11:05:56,76600,COMPLETE
U251212-05177,21384,2025-12-12 16:40:29,80600,RETURNED
U260729-05178,21384,2026-07-29 21:10:41,696700,COMPLETE
U251201-05179,21385,2025-12-01 21:50:06,45600,COMPLETE
U260714-05180,21386,2026-07-14 16:40:56,50200,COMPLETE
U240905-05181,21387,2024-09-05 15:31:59,229700,COMPLETE
U250114-05182,21387,2025-01-14 19:16:00,305800,COMPLETE
U250711-05183,21387,2025-07-11 10:17:55,113400,COMPLETE
U260526-05184,21388,2026-05-26 12:32:04,211300,RETURNED
U260807-05185,21389,2026-08-07 18:26:00,396100,COMPLETE
U260829-05186,21389,2026-08-29 14:26:37,89000,COMPLETE
U260813-05187,21389,2026-08-13 10:50:10,101200,COMPLETE
U260828-05188,21389,2026-08-28 16:55:35,253000,COMPLETE
U260828-05189,21389,2026-08-28 13:04:59,59000,COMPLETE
U260310-05190,21390,2026-03-10 12:29:31,277200,COMPLETE
U260330-05191,21390,2026-03-30 11:54:00,97000,COMPLETE
U260705-05192,21390,2026-07-05 18:40:28,177200,RETURNED
U260116-05193,21390,2026-01-16 21:41:07,481000,COMPLETE
U251229-05194,21390,2025-12-29 08:40:48,29900,COMPLETE
U260519-05195,21390,2026-05-19 19:38:42,242100,COMPLETE
U260530-05196,21390,2026-05-30 19:58:40,64200,COMPLETE
U250720-05197,21390,2025-07-20 23:48:58,38300,COMPLETE
U260615-05198,21392,2026-06-15 11:52:13,310400,COMPLETE
U260615-05199,21392,2026-06-15 17:30:40,60900,COMPLETE
U260314-05200,21393,2026-03-14 16:48:42,142200,COMPLETE
U260610-05201,21393,2026-06-10 20:03:00,53800,COMPLETE
U260810-05202,21393,2026-08-10 22:33:26,187400,CANCELED
U260310-05203,21393,2026-03-10 20:13:32,270300,RETURNED
U260525-05204,21393,2026-05-25 21:43:33,276600,COMPLETE
U250610-05205,21393,2025-06-10 11:31:44,75900,COMPLETE
U260427-05206,21393,2026-04-27 20:54:41,65100,CANCELED
U251102-05207,21393,2025-11-02 12:44:59,105100,COMPLETE
U241111-05208,21394,2024-11-11 14:44:04,46600,COMPLETE
U251031-05209,21394,2025-10-31 13:41:56,88100,COMPLETE
U260619-05210,21394,2026-06-19 20:15:04,159900,COMPLETE
U260217-05211,21394,2026-02-17 22:36:30,542600,COMPLETE
U250109-05212,21395,2025-01-09 23:49:42,43900,COMPLETE
U250428-05213,21395,2025-04-28 17:05:40,40500,COMPLETE
U260714-05214,21396,2026-07-14 13:57:14,49000,COMPLETE
U260707-05215,21396,2026-07-07 20:31:00,251700,COMPLETE
U260419-05216,21396,2026-04-19 19:28:24,214200,COMPLETE
U260823-05217,21396,2026-08-23 10:54:54,67400,COMPLETE
U260616-05218,21396,2026-06-16 14:04:14,488400,COMPLETE
U260824-05219,21396,2026-08-24 20:22:41,83200,COMPLETE
U260725-05220,21396,2026-07-25 22:36:55,79500,COMPLETE
U260815-05221,21396,2026-08-15 18:07:19,339300,COMPLETE
U260615-05222,21396,2026-06-15 21:17:18,377600,COMPLETE
U260826-05223,21396,2026-08-26 19:49:53,12400,COMPLETE
U260513-05224,21396,2026-05-13 08:36:27,82600,COMPLETE
U260523-05225,21396,2026-05-23 15:20:36,53200,COMPLETE
U260717-05226,21396,2026-07-17 13:30:54,253200,COMPLETE
U260809-05227,21396,2026-08-09 15:30:00,250300,COMPLETE
U260629-05228,21397,2026-06-29 20:56:24,791600,COMPLETE
U250717-05229,21398,2025-07-17 20:10:40,72800,RETURNED
U250718-05230,21398,2025-07-18 00:58:33,259600,COMPLETE
U260304-05231,21399,2026-03-04 20:49:30,71900,COMPLETE
U260824-05232,21399,2026-08-24 22:05:01,212700,COMPLETE
U260409-05233,21399,2026-04-09 21:34:10,288000,COMPLETE
U251020-05234,21399,2025-10-20 17:11:57,47300,RETURNED
U260428-05235,21399,2026-04-28 23:34:42,257700,COMPLETE
U260209-05236,21399,2026-02-09 11:13:44,192700,COMPLETE
U260109-05237,21399,2026-01-09 10:39:27,102800,COMPLETE
U260104-05238,21399,2026-01-04 09:11:31,23200,COMPLETE
U250904-05239,21399,2025-09-04 17:18:56,270900,COMPLETE
U260621-05240,21399,2026-06-21 22:50:07,217200,COMPLETE
U260625-05241,21400,2026-06-25 23:22:27,184900,COMPLETE
U260101-05242,21400,2026-01-01 23:49:27,257500,COMPLETE
U260811-05243,21400,2026-08-11 21:42:31,293900,COMPLETE
U260705-05244,21400,2026-07-05 12:54:31,71100,COMPLETE
U260117-05245,21400,2026-01-17 22:52:27,129600,COMPLETE
U260305-05246,21400,2026-03-05 20:52:50,336100,COMPLETE
U260429-05247,21400,2026-04-29 15:28:07,57500,COMPLETE
U260802-05248,21400,2026-08-02 21:23:20,204800,COMPLETE
U260312-05249,21401,2026-03-12 11:20:22,9700,COMPLETE
U260822-05250,21401,2026-08-22 18:45:29,317500,COMPLETE
U260103-05251,21402,2026-01-03 22:36:13,124000,RETURNED
U260222-05252,21402,2026-02-22 13:48:26,44200,COMPLETE
U260613-05253,21402,2026-06-13 21:07:35,98100,COMPLETE
U260701-05254,21403,2026-07-01 11:08:27,67300,COMPLETE
U250816-05255,21403,2025-08-16 17:28:08,507200,COMPLETE
U260321-05256,21403,2026-03-21 10:19:14,37300,COMPLETE
U250822-05257,21403,2025-08-22 15:09:09,125900,COMPLETE
U260813-05258,21403,2026-08-13 22:07:40,55000,COMPLETE
U260828-05259,21403,2026-08-28 21:05:12,51800,COMPLETE
U260729-05260,21403,2026-07-29 13:19:15,22600,COMPLETE
U260516-05261,21403,2026-05-16 10:45:59,623000,COMPLETE
U260408-05262,21403,2026-04-08 14:19:22,101200,COMPLETE
U260503-05263,21403,2026-05-03 16:48:38,46600,COMPLETE
U260220-05264,21403,2026-02-20 19:42:12,41100,COMPLETE
U250807-05265,21403,2025-08-07 17:07:17,54000,COMPLETE
U260705-05266,21404,2026-07-05 22:06:54,459200,COMPLETE
U240406-05267,21405,2024-04-06 21:10:59,836900,COMPLETE
U240408-05268,21405,2024-04-08 13:04:27,198700,COMPLETE
U251229-05269,21407,2025-12-29 18:18:43,274000,COMPLETE
U260203-05270,21407,2026-02-03 22:54:02,164400,COMPLETE
U260302-05271,21407,2026-03-02 16:04:37,238700,COMPLETE
U260414-05272,21408,2026-04-14 19:53:34,71400,COMPLETE
U260412-05273,21408,2026-04-12 18:57:35,310100,COMPLETE
U260429-05274,21408,2026-04-29 08:13:41,22000,COMPLETE
U260213-05275,21408,2026-02-13 15:51:17,37600,COMPLETE
U250826-05276,21408,2025-08-26 09:02:41,147500,COMPLETE
U241202-05277,21408,2024-12-02 20:03:04,144900,COMPLETE
U251125-05278,21408,2025-11-25 17:05:55,169800,CANCELED
U260221-05279,21408,2026-02-21 19:59:48,180500,COMPLETE
U260114-05280,21409,2026-01-14 11:02:16,44100,COMPLETE
U260212-05281,21410,2026-02-12 15:04:53,375300,COMPLETE
U260716-05282,21410,2026-07-16 15:36:03,501100,COMPLETE
U260120-05283,21411,2026-01-20 18:20:52,852900,COMPLETE
U251225-05284,21411,2025-12-25 20:17:08,371000,COMPLETE
U260519-05285,21411,2026-05-19 21:02:17,204400,COMPLETE
U260513-05286,21411,2026-05-13 19:30:32,77700,COMPLETE
U260728-05287,21411,2026-07-28 21:57:51,421300,COMPLETE
U251024-05288,21414,2025-10-24 18:52:36,35200,COMPLETE
U260328-05289,21416,2026-03-28 18:21:10,134800,COMPLETE
U260814-05290,21416,2026-08-14 20:45:31,369200,COMPLETE
U260629-05291,21416,2026-06-29 21:11:39,123600,COMPLETE
U260215-05292,21416,2026-02-15 15:00:34,37900,COMPLETE
U260209-05293,21416,2026-02-09 00:27:56,406600,COMPLETE
U260720-05294,21416,2026-07-20 19:55:00,209000,COMPLETE
U260327-05295,21416,2026-03-27 20:33:25,47700,COMPLETE
U260426-05296,21416,2026-04-26 18:06:12,217400,CANCELED
U260408-05297,21416,2026-04-08 20:00:44,150100,CANCELED
U260725-05298,21416,2026-07-25 22:28:47,231900,COMPLETE
U260228-05299,21417,2026-02-28 21:44:26,320700,COMPLETE
U260424-05300,21418,2026-04-24 10:44:07,286100,COMPLETE
U260421-05301,21418,2026-04-21 22:43:45,195400,COMPLETE
U260121-05302,21418,2026-01-21 10:16:41,136300,COMPLETE
U230728-05303,21419,2023-07-28 15:42:35,107300,COMPLETE
U230504-05304,21419,2023-05-04 19:56:43,139300,COMPLETE
U231005-05305,21419,2023-10-05 10:05:42,367500,COMPLETE
U260826-05306,21420,2026-08-26 15:07:31,75600,COMPLETE
U260825-05307,21420,2026-08-25 15:25:19,719200,COMPLETE
U260830-05308,21420,2026-08-30 08:24:27,36300,COMPLETE
U260830-05309,21420,2026-08-30 23:33:11,97700,COMPLETE
U260618-05310,21422,2026-06-18 10:44:02,27600,COMPLETE
U260315-05311,21423,2026-03-15 11:59:26,50600,COMPLETE
U260305-05312,21423,2026-03-05 10:41:24,347300,COMPLETE
U250601-05313,21423,2025-06-01 23:59:03,429000,COMPLETE
U260808-05314,21424,2026-08-08 09:05:16,87000,COMPLETE
U260817-05315,21424,2026-08-17 23:17:04,47600,COMPLETE
U260309-05316,21424,2026-03-09 12:15:15,1024100,CANCELED
U260219-05317,21424,2026-02-19 22:21:02,112900,CANCELED
U251021-05318,21424,2025-10-21 20:08:21,35900,COMPLETE
U260204-05319,21424,2026-02-04 20:51:46,37300,COMPLETE
U250707-05320,21424,2025-07-07 17:56:43,364800,COMPLETE
U260706-05321,21424,2026-07-06 09:22:18,243600,COMPLETE
U240114-05322,21425,2024-01-14 11:58:24,102400,COMPLETE
U240415-05323,21425,2024-04-15 23:59:00,224000,COMPLETE
U250214-05324,21426,2025-02-14 08:40:39,223700,COMPLETE
U260711-05325,21426,2026-07-11 22:28:18,422300,COMPLETE
U260319-05326,21427,2026-03-19 12:34:04,327600,COMPLETE
U250309-05327,21428,2025-03-09 15:23:38,270300,COMPLETE
U260711-05328,21429,2026-07-11 22:59:15,74200,COMPLETE
U251101-05329,21429,2025-11-01 22:00:37,119800,COMPLETE
U250217-05330,21429,2025-02-17 18:10:00,50300,COMPLETE
U260731-05331,21429,2026-07-31 12:13:19,67000,COMPLETE
U250708-05332,21429,2025-07-08 11:56:43,31800,COMPLETE
U231108-05333,21429,2023-11-08 22:37:10,66300,CANCELED
U250321-05334,21429,2025-03-21 23:39:22,342600,CANCELED
U240304-05335,21429,2024-03-04 21:55:01,120300,COMPLETE
U260811-05336,21430,2026-08-11 14:45:53,244400,COMPLETE
U260605-05337,21430,2026-06-05 20:25:25,126900,COMPLETE
U260608-05338,21430,2026-06-08 16:33:51,97700,CANCELED
U260903-05339,21431,2026-09-03 19:19:33,172300,COMPLETE
U260903-05340,21431,2026-09-03 18:08:20,234500,COMPLETE
U260902-05341,21431,2026-09-02 15:00:01,105100,COMPLETE
U260829-05342,21432,2026-08-29 22:21:31,103100,COMPLETE
U260806-05343,21432,2026-08-06 23:05:28,132200,COMPLETE
U260811-05344,21432,2026-08-11 22:05:48,52500,COMPLETE
U260618-05345,21433,2026-06-18 10:57:08,100800,COMPLETE
U260526-05346,21433,2026-05-26 12:40:45,194400,COMPLETE
U260804-05347,21433,2026-08-04 14:33:48,62800,COMPLETE
U260809-05348,21433,2026-08-09 17:02:58,327400,COMPLETE
U260601-05349,21433,2026-06-01 14:20:25,261200,COMPLETE
U260810-05350,21433,2026-08-10 08:39:10,97000,COMPLETE
U260623-05351,21433,2026-06-23 18:18:36,79100,COMPLETE
U260820-05352,21433,2026-08-20 19:11:48,133400,COMPLETE
U260812-05353,21433,2026-08-12 14:26:21,458500,COMPLETE
U260710-05354,21433,2026-07-10 09:01:11,47600,COMPLETE
U260812-05355,21433,2026-08-12 10:30:35,238300,COMPLETE
U260601-05356,21433,2026-06-01 12:24:45,336000,COMPLETE
U260901-05357,21433,2026-09-01 10:56:07,218100,COMPLETE
U260805-05358,21433,2026-08-05 21:40:32,69800,COMPLETE
U260620-05359,21434,2026-06-20 17:51:47,53500,COMPLETE
U260705-05360,21435,2026-07-05 14:14:03,488700,CANCELED
U260412-05361,21435,2026-04-12 12:50:28,245300,CANCELED
U260701-05362,21435,2026-07-01 22:51:01,597300,COMPLETE
U260529-05363,21435,2026-05-29 18:39:01,254700,COMPLETE
U260416-05364,21435,2026-04-16 17:03:50,193800,COMPLETE
U260809-05365,21435,2026-08-09 20:11:09,82400,COMPLETE
U260320-05366,21435,2026-03-20 18:19:21,108000,COMPLETE
U260425-05367,21435,2026-04-25 18:27:57,427900,RETURNED
U260819-05368,21435,2026-08-19 21:46:33,220400,COMPLETE
U260521-05369,21435,2026-05-21 20:45:23,44400,COMPLETE
U260818-05370,21435,2026-08-18 18:32:25,57400,COMPLETE
U260511-05371,21435,2026-05-11 17:01:19,105300,COMPLETE
U260815-05372,21435,2026-08-15 14:01:21,104200,COMPLETE
U260419-05373,21435,2026-04-19 22:02:45,159000,COMPLETE
U260302-05374,21436,2026-03-02 11:51:42,61500,COMPLETE
U260405-05375,21436,2026-04-05 18:44:57,101100,COMPLETE
U260620-05376,21436,2026-06-20 23:43:32,404500,COMPLETE
U260107-05377,21436,2026-01-07 18:05:22,22700,COMPLETE
U260106-05378,21436,2026-01-06 17:52:56,582600,COMPLETE
U241019-05379,21436,2024-10-19 12:37:45,21200,COMPLETE
U251121-05380,21436,2025-11-21 23:01:31,991200,COMPLETE
U250209-05381,21436,2025-02-09 17:22:22,279900,COMPLETE
U260618-05382,21437,2026-06-18 10:54:12,201800,CANCELED
U260723-05383,21437,2026-07-23 21:00:49,53000,COMPLETE
U260828-05384,21438,2026-08-28 21:48:26,41100,COMPLETE
U260901-05385,21438,2026-09-01 13:10:27,62500,COMPLETE
U260822-05386,21438,2026-08-22 10:28:54,251700,COMPLETE
U260804-05387,21439,2026-08-04 20:14:41,55500,COMPLETE
U260629-05388,21439,2026-06-29 13:13:53,58500,COMPLETE
U251023-05389,21439,2025-10-23 18:10:06,57700,COMPLETE
U260413-05390,21439,2026-04-13 16:55:23,75300,COMPLETE
U260109-05391,21439,2026-01-09 16:19:20,90900,COMPLETE
U250720-05392,21439,2025-07-20 22:32:58,262000,COMPLETE
U241003-05393,21439,2024-10-03 14:50:56,120500,COMPLETE
U250127-05394,21439,2025-01-27 20:54:02,237100,COMPLETE
U230523-05395,21440,2023-05-23 12:06:56,44900,COMPLETE
U250125-05396,21441,2025-01-25 14:41:11,145600,COMPLETE
U260902-05397,21442,2026-09-02 11:38:30,385000,COMPLETE
U260516-05398,21443,2026-05-16 21:58:25,11000,COMPLETE
U251211-05399,21443,2025-12-11 15:36:15,392900,COMPLETE
U260704-05400,21443,2026-07-04 08:33:40,201400,COMPLETE
U260108-05401,21444,2026-01-08 22:16:51,425000,CANCELED
U260108-05402,21444,2026-01-08 21:20:18,230100,COMPLETE
U260307-05403,21444,2026-03-07 11:25:51,87300,COMPLETE
U260118-05404,21444,2026-01-18 11:06:51,140800,COMPLETE
U260601-05405,21444,2026-06-01 19:39:37,176100,COMPLETE
U251129-05406,21444,2025-11-29 23:15:33,75200,COMPLETE
U241024-05407,21445,2024-10-24 15:30:25,157300,COMPLETE
U260710-05408,21446,2026-07-10 23:39:45,328900,COMPLETE
U260515-05409,21446,2026-05-15 21:27:20,44600,COMPLETE
U260406-05410,21446,2026-04-06 14:06:28,231200,COMPLETE
U260724-05411,21447,2026-07-24 14:00:53,142700,CANCELED
U260814-05412,21447,2026-08-14 21:37:14,364600,COMPLETE
U260611-05413,21448,2026-06-11 14:44:20,144500,CANCELED
U260621-05414,21448,2026-06-21 20:05:59,368100,COMPLETE
U231114-05415,21449,2023-11-14 14:51:10,62900,COMPLETE
U231224-05416,21449,2023-12-24 20:00:27,988700,COMPLETE
U240102-05417,21449,2024-01-02 18:18:31,216700,COMPLETE
U260507-05418,21450,2026-05-07 14:38:03,95100,COMPLETE
U260105-05419,21450,2026-01-05 14:14:49,382400,COMPLETE
U260820-05420,21450,2026-08-20 20:43:27,143300,COMPLETE
U260102-05421,21450,2026-01-02 21:48:54,247600,COMPLETE
U250318-05422,21450,2025-03-18 17:53:56,303000,COMPLETE
U260803-05423,21451,2026-08-03 14:42:17,25900,COMPLETE
U260515-05424,21451,2026-05-15 19:47:23,279500,COMPLETE
U260518-05425,21451,2026-05-18 23:13:13,80800,COMPLETE
U260518-05426,21451,2026-05-18 14:22:47,314700,COMPLETE
U260119-05427,21451,2026-01-19 22:40:20,83400,COMPLETE
U260729-05428,21451,2026-07-29 23:02:43,45400,COMPLETE
U260202-05429,21451,2026-02-02 21:37:58,57000,COMPLETE
U260117-05430,21451,2026-01-17 16:16:54,106100,COMPLETE
U260323-05431,21451,2026-03-23 23:40:38,56000,COMPLETE
U260725-05432,21451,2026-07-25 21:22:56,13000,CANCELED
U260616-05433,21451,2026-06-16 18:04:24,202100,COMPLETE
U260706-05434,21451,2026-07-06 15:57:54,187700,CANCELED
U260421-05435,21451,2026-04-21 18:51:20,469300,RETURNED
U260726-05436,21451,2026-07-26 12:33:11,53500,COMPLETE
U251211-05437,21451,2025-12-11 20:43:58,28800,COMPLETE
U260903-05438,21451,2026-09-03 13:07:56,136800,COMPLETE
U251203-05439,21451,2025-12-03 17:10:06,40700,COMPLETE
U260103-05440,21451,2026-01-03 13:17:45,275900,COMPLETE
U260127-05441,21451,2026-01-27 10:35:38,24800,COMPLETE
U260602-05442,21451,2026-06-02 20:56:45,53600,COMPLETE
U230712-05443,21452,2023-07-12 17:39:39,269800,CANCELED
U251101-05444,21453,2025-11-01 21:32:38,27800,CANCELED
U250802-05445,21453,2025-08-02 14:35:38,254200,COMPLETE
U260608-05446,21454,2026-06-08 18:47:33,336800,COMPLETE
U260830-05447,21455,2026-08-30 15:22:44,257800,COMPLETE
U260113-05448,21456,2026-01-13 09:15:28,160600,COMPLETE
U260528-05449,21456,2026-05-28 14:51:32,110100,COMPLETE
U260715-05450,21456,2026-07-15 09:05:24,136100,COMPLETE
U260714-05451,21456,2026-07-14 11:39:34,620100,CANCELED
U260408-05452,21458,2026-04-08 21:20:03,113900,COMPLETE
U260227-05453,21458,2026-02-27 15:19:11,176300,COMPLETE
U260509-05454,21458,2026-05-09 22:52:19,362500,COMPLETE
U260103-05455,21458,2026-01-03 19:57:33,536900,COMPLETE
U251020-05456,21458,2025-10-20 12:45:50,345300,COMPLETE
U260125-05457,21458,2026-01-25 12:46:23,70400,COMPLETE
U250716-05458,21458,2025-07-16 09:25:16,166300,COMPLETE
U250619-05459,21458,2025-06-19 00:58:11,70100,COMPLETE
U260715-05460,21459,2026-07-15 00:46:36,284800,COMPLETE
U250214-05461,21460,2025-02-14 08:38:12,58500,COMPLETE
U250203-05462,21460,2025-02-03 10:37:09,52500,COMPLETE
U260621-05463,21460,2026-06-21 22:51:42,163100,COMPLETE
U240918-05464,21460,2024-09-18 15:09:22,339500,COMPLETE
U260122-05465,21461,2026-01-22 16:33:28,49100,RETURNED
U260807-05466,21461,2026-08-07 14:56:31,107600,COMPLETE
U260624-05467,21463,2026-06-24 19:40:11,238200,COMPLETE
U260822-05468,21463,2026-08-22 22:49:15,30700,COMPLETE
U251211-05469,21463,2025-12-11 16:58:02,340400,RETURNED
U251227-05470,21464,2025-12-27 20:57:56,125100,COMPLETE
U250926-05471,21464,2025-09-26 13:05:25,295100,COMPLETE
U251121-05472,21464,2025-11-21 14:17:15,97000,COMPLETE
U240314-05473,21465,2024-03-14 11:42:42,127900,COMPLETE
U240508-05474,21465,2024-05-08 16:22:21,124200,COMPLETE
U260206-05475,21466,2026-02-06 21:16:53,102500,COMPLETE
U260601-05476,21467,2026-06-01 23:31:17,152700,COMPLETE
U260725-05477,21467,2026-07-25 16:25:31,77300,COMPLETE
U260524-05478,21467,2026-05-24 11:57:43,283200,CANCELED
U260820-05479,21467,2026-08-20 21:44:06,338600,COMPLETE
U260825-05480,21467,2026-08-25 00:59:52,33200,COMPLETE
U260512-05481,21467,2026-05-12 09:41:22,113800,COMPLETE
U260623-05482,21467,2026-06-23 16:36:26,34100,COMPLETE
U260829-05483,21467,2026-08-29 00:44:14,37400,COMPLETE
U260818-05484,21467,2026-08-18 16:49:08,295000,COMPLETE
U260729-05485,21467,2026-07-29 12:38:42,192800,COMPLETE
U260708-05486,21467,2026-07-08 22:22:09,200500,COMPLETE
U260803-05487,21467,2026-08-03 16:23:31,56500,COMPLETE
U260520-05488,21467,2026-05-20 21:30:02,21900,COMPLETE
U260821-05489,21467,2026-08-21 19:06:32,330000,COMPLETE
U260813-05490,21467,2026-08-13 00:08:44,213800,COMPLETE
U260813-05491,21467,2026-08-13 17:04:35,86100,COMPLETE
U260827-05492,21468,2026-08-27 23:47:28,15800,COMPLETE
U240628-05493,21468,2024-06-28 12:11:29,34300,COMPLETE
U250616-05494,21468,2025-06-16 08:47:10,92000,COMPLETE
U250319-05495,21468,2025-03-19 15:55:14,433000,COMPLETE
U260226-05496,21468,2026-02-26 10:51:26,157000,COMPLETE
U251229-05497,21469,2025-12-29 13:17:38,654800,COMPLETE
U260606-05498,21469,2026-06-06 18:06:45,106400,COMPLETE
U250802-05499,21469,2025-08-02 22:47:35,931100,COMPLETE
U260324-05500,21469,2026-03-24 09:38:29,228700,COMPLETE
U260411-05501,21469,2026-04-11 14:18:18,75700,COMPLETE
U260610-05502,21469,2026-06-10 11:35:27,234100,COMPLETE
U260803-05503,21469,2026-08-03 11:50:33,167400,COMPLETE
U251215-05504,21469,2025-12-15 23:29:55,320400,COMPLETE
U250913-05505,21469,2025-09-13 09:33:06,57900,COMPLETE
U260720-05506,21469,2026-07-20 18:44:50,668200,RETURNED
U260526-05507,21469,2026-05-26 15:12:26,58600,COMPLETE
U260729-05508,21469,2026-07-29 20:00:42,88000,COMPLETE
U260717-05509,21470,2026-07-17 20:47:15,197400,COMPLETE
U260630-05510,21470,2026-06-30 23:13:26,50400,COMPLETE
U260529-05511,21470,2026-05-29 13:58:57,80600,COMPLETE
U260830-05512,21470,2026-08-30 21:39:57,198400,COMPLETE
U260628-05513,21470,2026-06-28 17:53:05,57500,COMPLETE
U251007-05514,21472,2025-10-07 23:42:37,155100,COMPLETE
U251009-05515,21472,2025-10-09 13:08:56,140400,COMPLETE
U260822-05516,21473,2026-08-22 20:36:50,56200,COMPLETE
U260601-05517,21474,2026-06-01 20:47:11,158300,COMPLETE
U250803-05518,21474,2025-08-03 19:01:46,56800,COMPLETE
U260106-05519,21474,2026-01-06 22:08:50,42500,RETURNED
U250216-05520,21474,2025-02-16 21:15:20,172600,COMPLETE
U260107-05521,21475,2026-01-07 14:46:08,44300,COMPLETE
U260105-05522,21475,2026-01-05 17:40:05,147300,CANCELED
U260423-05523,21476,2026-04-23 13:21:05,119100,COMPLETE
U260531-05524,21476,2026-05-31 19:21:08,314700,COMPLETE
U260826-05525,21476,2026-08-26 21:05:20,160800,COMPLETE
U260625-05526,21476,2026-06-25 08:29:18,114200,COMPLETE
U260619-05527,21476,2026-06-19 11:07:23,120200,COMPLETE
U260812-05528,21476,2026-08-12 20:47:45,273700,COMPLETE
U260706-05529,21476,2026-07-06 14:20:42,59800,COMPLETE
U260104-05530,21476,2026-01-04 09:09:05,350700,COMPLETE
U260517-05531,21476,2026-05-17 17:39:01,59100,COMPLETE
U260404-05532,21476,2026-04-04 17:20:10,601700,COMPLETE
U260719-05533,21476,2026-07-19 17:48:15,174800,COMPLETE
U260704-05534,21476,2026-07-04 20:11:34,136700,COMPLETE
U250810-05535,21477,2025-08-10 16:28:06,477900,COMPLETE
U260721-05536,21477,2026-07-21 11:28:05,66000,COMPLETE
U260716-05537,21477,2026-07-16 13:21:34,75500,COMPLETE
U260727-05538,21478,2026-07-27 10:28:16,934400,RETURNED
U260727-05539,21478,2026-07-27 22:23:35,43900,COMPLETE
U260821-05540,21478,2026-08-21 22:44:04,99000,COMPLETE
U260705-05541,21478,2026-07-05 20:12:12,190400,CANCELED
U250219-05542,21479,2025-02-19 11:38:28,53100,COMPLETE
U230810-05543,21479,2023-08-10 13:50:58,172300,COMPLETE
U240101-05544,21479,2024-01-01 13:07:24,156100,COMPLETE
U241126-05545,21479,2024-11-26 11:05:09,149800,COMPLETE
U260610-05546,21479,2026-06-10 17:49:27,201000,COMPLETE
U260331-05547,21479,2026-03-31 20:55:19,898800,COMPLETE
U240624-05548,21479,2024-06-24 19:22:48,42300,COMPLETE
U260406-05549,21479,2026-04-06 12:27:01,710000,COMPLETE
U260824-05550,21481,2026-08-24 15:34:39,31400,COMPLETE
U260719-05551,21481,2026-07-19 21:33:28,195000,CANCELED
U240913-05552,21482,2024-09-13 15:41:36,333200,COMPLETE
U241012-05553,21482,2024-10-12 16:36:24,462600,COMPLETE
U260811-05554,21483,2026-08-11 20:26:20,50700,COMPLETE
U260817-05555,21483,2026-08-17 21:34:26,86700,RETURNED
U260820-05556,21483,2026-08-20 17:11:18,65800,COMPLETE
U260705-05557,21483,2026-07-05 11:47:06,186000,COMPLETE
U260720-05558,21483,2026-07-20 22:51:53,361100,COMPLETE
U260902-05559,21483,2026-09-02 23:09:10,60300,COMPLETE
U260830-05560,21483,2026-08-30 09:06:57,114700,COMPLETE
U260725-05561,21483,2026-07-25 22:50:57,137700,COMPLETE
U260519-05562,21484,2026-05-19 19:25:35,71200,COMPLETE
U250212-05563,21485,2025-02-12 21:47:10,113200,COMPLETE
U260401-05564,21485,2026-04-01 14:01:27,98300,COMPLETE
U250604-05565,21485,2025-06-04 21:08:34,616900,COMPLETE
U251117-05566,21485,2025-11-17 10:31:38,156300,COMPLETE
U260318-05567,21485,2026-03-18 21:50:47,283200,COMPLETE
U260610-05568,21486,2026-06-10 21:37:16,213100,COMPLETE
U250823-05569,21486,2025-08-23 20:15:55,97500,COMPLETE
U260618-05570,21486,2026-06-18 23:52:57,289500,COMPLETE
U260719-05571,21486,2026-07-19 20:51:38,115500,COMPLETE
U260516-05572,21486,2026-05-16 11:09:08,72800,COMPLETE
U260211-05573,21486,2026-02-11 14:06:10,220500,COMPLETE
U250309-05574,21486,2025-03-09 20:26:24,271000,RETURNED
U260417-05575,21486,2026-04-17 14:38:31,44900,COMPLETE
U260801-05576,21486,2026-08-01 21:02:27,522600,COMPLETE
U260321-05577,21486,2026-03-21 22:35:53,166000,COMPLETE
U251225-05578,21486,2025-12-25 16:23:31,265500,COMPLETE
U250817-05579,21486,2025-08-17 23:17:27,289100,RETURNED
U260409-05580,21487,2026-04-09 00:49:20,96200,COMPLETE
U260826-05581,21487,2026-08-26 13:16:27,170700,CANCELED
U260817-05582,21487,2026-08-17 21:21:35,218400,COMPLETE
U260710-05583,21487,2026-07-10 19:06:07,243200,COMPLETE
U260524-05584,21487,2026-05-24 16:02:37,457400,COMPLETE
U260702-05585,21488,2026-07-02 22:50:47,68200,CANCELED
U260702-05586,21488,2026-07-02 20:42:26,72200,COMPLETE
U251212-05587,21489,2025-12-12 18:34:58,39300,COMPLETE
U260415-05588,21489,2026-04-15 20:38:07,48500,COMPLETE
U260311-05589,21489,2026-03-11 14:38:51,529500,COMPLETE
U260510-05590,21489,2026-05-10 11:27:00,46600,COMPLETE
U251212-05591,21489,2025-12-12 18:55:07,81500,COMPLETE
U260628-05592,21490,2026-06-28 10:11:37,156600,COMPLETE
U260810-05593,21490,2026-08-10 18:45:30,114200,COMPLETE
U260730-05594,21491,2026-07-30 20:13:19,118900,COMPLETE
U260820-05595,21492,2026-08-20 20:01:47,231600,COMPLETE
U260813-05596,21492,2026-08-13 21:51:57,76200,COMPLETE
U260818-05597,21492,2026-08-18 10:56:31,71500,COMPLETE
U260822-05598,21493,2026-08-22 22:28:13,85000,RETURNED
U260826-05599,21493,2026-08-26 23:25:51,392800,COMPLETE
U260805-05600,21493,2026-08-05 15:37:25,443300,COMPLETE
U260623-05601,21493,2026-06-23 13:14:53,15800,RETURNED
U260725-05602,21493,2026-07-25 13:58:14,72600,COMPLETE
U260901-05603,21493,2026-09-01 22:40:49,258600,COMPLETE
U260525-05604,21493,2026-05-25 18:47:02,61500,COMPLETE
U260613-05605,21493,2026-06-13 21:44:57,196100,RETURNED
U251010-05606,21494,2025-10-10 16:29:48,188000,COMPLETE
U260815-05607,21495,2026-08-15 21:05:05,69400,COMPLETE
U260514-05608,21495,2026-05-14 19:59:29,15700,COMPLETE
U260409-05609,21495,2026-04-09 22:00:32,183200,COMPLETE
U260902-05610,21495,2026-09-02 21:10:10,92800,COMPLETE
U260815-05611,21496,2026-08-15 14:30:26,599800,COMPLETE
U260328-05612,21496,2026-03-28 16:31:58,254400,COMPLETE
U260609-05613,21497,2026-06-09 22:48:45,52400,COMPLETE
U260827-05614,21499,2026-08-27 17:19:44,57400,COMPLETE
U251107-05615,21500,2025-11-07 14:04:53,223100,COMPLETE
U251129-05616,21500,2025-11-29 09:07:18,43200,COMPLETE
U260422-05617,21500,2026-04-22 14:27:03,211200,COMPLETE
U260706-05618,21500,2026-07-06 20:11:16,245900,COMPLETE
U260424-05619,21500,2026-04-24 11:04:25,84500,COMPLETE
U260121-05620,21500,2026-01-21 12:08:18,56000,COMPLETE
U250722-05621,21502,2025-07-22 16:04:49,68800,COMPLETE
U250324-05622,21502,2025-03-24 17:37:54,285600,COMPLETE
U250628-05623,21502,2025-06-28 08:02:36,302400,COMPLETE
U260307-05624,21502,2026-03-07 11:17:53,62600,COMPLETE
U260123-05625,21502,2026-01-23 21:02:34,127500,COMPLETE
U250914-05626,21503,2025-09-14 20:52:09,604200,COMPLETE
U250129-05627,21504,2025-01-29 11:08:25,173300,COMPLETE
U250702-05628,21504,2025-07-02 19:14:30,248000,COMPLETE
U260208-05629,21504,2026-02-08 17:14:58,207800,COMPLETE
U260829-05630,21505,2026-08-29 11:08:10,59900,RETURNED
U260609-05631,21505,2026-06-09 20:08:18,41600,COMPLETE
U260121-05632,21505,2026-01-21 13:38:26,122700,COMPLETE
U250716-05633,21506,2025-07-16 20:11:22,51200,COMPLETE
U250906-05634,21506,2025-09-06 16:41:54,45400,COMPLETE
U250408-05635,21506,2025-04-08 23:25:02,32500,COMPLETE
U231224-05636,21506,2023-12-24 12:01:14,63100,COMPLETE
U250926-05637,21506,2025-09-26 09:06:41,242700,COMPLETE
U260424-05638,21507,2026-04-24 20:41:44,266200,COMPLETE
U260628-05639,21507,2026-06-28 21:30:08,262400,CANCELED
U260707-05640,21508,2026-07-07 21:30:57,58100,COMPLETE
U250622-05641,21508,2025-06-22 13:45:35,194400,COMPLETE
U260309-05642,21508,2026-03-09 13:28:38,57500,COMPLETE
U260618-05643,21508,2026-06-18 14:05:11,342600,COMPLETE
U250722-05644,21508,2025-07-22 13:28:40,14900,COMPLETE
U250716-05645,21509,2025-07-16 00:15:29,238500,RETURNED
U260301-05646,21509,2026-03-01 23:28:31,31200,COMPLETE
U260620-05647,21509,2026-06-20 12:45:32,131300,CANCELED
U260608-05648,21511,2026-06-08 15:33:42,212700,CANCELED
U260424-05649,21511,2026-04-24 19:18:47,44700,COMPLETE
U260731-05650,21511,2026-07-31 19:48:12,172600,RETURNED
U260328-05651,21511,2026-03-28 22:41:15,172600,COMPLETE
U260508-05652,21511,2026-05-08 11:27:23,314300,COMPLETE
U260325-05653,21511,2026-03-25 19:48:13,15700,COMPLETE
U251213-05654,21512,2025-12-13 22:26:13,143600,COMPLETE
U260307-05655,21512,2026-03-07 13:10:18,63000,COMPLETE
U250515-05656,21512,2025-05-15 20:51:56,328600,COMPLETE
U260125-05657,21512,2026-01-25 15:57:14,16500,COMPLETE
U260717-05658,21512,2026-07-17 17:47:01,186400,COMPLETE
U260314-05659,21512,2026-03-14 17:51:34,112300,COMPLETE
U260721-05660,21512,2026-07-21 19:46:26,222700,COMPLETE
U260306-05661,21512,2026-03-06 22:03:06,201100,COMPLETE
U260215-05662,21512,2026-02-15 20:12:14,181100,COMPLETE
U250614-05663,21512,2025-06-14 00:52:52,46600,COMPLETE
U251203-05664,21512,2025-12-03 17:58:39,164900,COMPLETE
U250718-05665,21512,2025-07-18 15:46:09,179700,COMPLETE
U260124-05666,21512,2026-01-24 23:59:26,299600,COMPLETE
U250511-05667,21512,2025-05-11 20:45:05,98200,COMPLETE
U250708-05668,21512,2025-07-08 12:48:10,350600,COMPLETE
U260713-05669,21512,2026-07-13 21:32:05,174800,COMPLETE
U260702-05670,21512,2026-07-02 10:13:42,165900,COMPLETE
U260509-05671,21512,2026-05-09 20:19:22,162500,CANCELED
U251128-05672,21513,2025-11-28 11:52:47,110000,CANCELED
U251103-05673,21513,2025-11-03 16:18:24,94800,COMPLETE
U260330-05674,21513,2026-03-30 00:04:46,220400,COMPLETE
U241021-05675,21513,2024-10-21 11:37:51,68800,COMPLETE
U260508-05676,21513,2026-05-08 17:52:34,52600,COMPLETE
U241029-05677,21513,2024-10-29 09:00:35,71500,COMPLETE
U231206-05678,21513,2023-12-06 19:33:09,899200,COMPLETE
U250721-05679,21514,2025-07-21 20:40:54,122000,COMPLETE
U260727-05680,21515,2026-07-27 22:26:42,83000,COMPLETE
U260813-05681,21515,2026-08-13 21:59:09,307400,COMPLETE
U260714-05682,21515,2026-07-14 21:36:54,134700,COMPLETE
U260726-05683,21515,2026-07-26 12:52:16,189400,COMPLETE
U250828-05684,21516,2025-08-28 18:54:31,116200,COMPLETE
U250830-05685,21516,2025-08-30 23:16:38,59800,COMPLETE
U260614-05686,21517,2026-06-14 21:35:26,135500,COMPLETE
U260805-05687,21517,2026-08-05 14:24:00,197900,COMPLETE
U260426-05688,21517,2026-04-26 19:46:52,89900,COMPLETE
U260712-05689,21517,2026-07-12 21:56:40,74100,COMPLETE
U260813-05690,21517,2026-08-13 21:55:44,258000,COMPLETE
U260312-05691,21517,2026-03-12 17:32:48,25300,COMPLETE
U260825-05692,21518,2026-08-25 10:09:57,165800,COMPLETE
U260716-05693,21518,2026-07-16 18:29:16,338900,COMPLETE
U260313-05694,21518,2026-03-13 21:41:59,25700,COMPLETE
U260619-05695,21518,2026-06-19 21:47:41,164700,RETURNED
U260501-05696,21518,2026-05-01 22:57:09,225400,COMPLETE
U260805-05697,21518,2026-08-05 16:57:30,73100,COMPLETE
U260426-05698,21518,2026-04-26 20:21:28,235900,COMPLETE
U260815-05699,21518,2026-08-15 23:53:38,471200,COMPLETE
U260902-05700,21518,2026-09-02 13:28:13,215400,COMPLETE
U260502-05701,21518,2026-05-02 15:15:52,598000,COMPLETE
U260426-05702,21518,2026-04-26 20:46:54,45400,COMPLETE
U260208-05703,21518,2026-02-08 11:37:56,211600,COMPLETE
U260601-05704,21518,2026-06-01 18:05:55,69400,COMPLETE
U260430-05705,21518,2026-04-30 22:54:32,467400,COMPLETE
U260115-05706,21518,2026-01-15 14:05:17,118900,COMPLETE
U260719-05707,21518,2026-07-19 22:33:31,418200,COMPLETE
U251024-05708,21519,2025-10-24 19:45:32,62000,COMPLETE
U260207-05709,21519,2026-02-07 16:54:55,69200,COMPLETE
U251026-05710,21519,2025-10-26 12:29:40,147300,COMPLETE
U250921-05711,21519,2025-09-21 13:29:23,289800,COMPLETE
U250915-05712,21520,2025-09-15 12:42:31,103300,COMPLETE
U251028-05713,21520,2025-10-28 11:56:11,95600,COMPLETE
U260414-05714,21520,2026-04-14 13:56:05,80500,COMPLETE
U250419-05715,21520,2025-04-19 23:36:10,312400,COMPLETE
U260418-05716,21520,2026-04-18 14:30:29,18700,COMPLETE
U260120-05717,21520,2026-01-20 21:08:44,220900,COMPLETE
U260828-05718,21521,2026-08-28 12:13:49,163800,COMPLETE
U260831-05719,21521,2026-08-31 21:03:25,161900,COMPLETE
U260826-05720,21521,2026-08-26 16:58:45,214100,COMPLETE
U260829-05721,21521,2026-08-29 18:10:14,135400,COMPLETE
U260825-05722,21521,2026-08-25 22:44:35,44400,CANCELED
U260901-05723,21521,2026-09-01 20:52:58,336400,COMPLETE
U260826-05724,21521,2026-08-26 16:48:07,175600,COMPLETE
U260824-05725,21521,2026-08-24 15:17:26,60700,COMPLETE
U260824-05726,21521,2026-08-24 17:34:19,253000,COMPLETE
U260826-05727,21521,2026-08-26 00:09:30,139300,COMPLETE
U260828-05728,21521,2026-08-28 21:17:22,100700,COMPLETE
U260831-05729,21521,2026-08-31 21:39:21,17900,COMPLETE
U251215-05730,21522,2025-12-15 10:05:30,213000,COMPLETE
U260826-05731,21522,2026-08-26 10:33:30,61300,COMPLETE
U260520-05732,21522,2026-05-20 11:38:55,111700,COMPLETE
U260617-05733,21522,2026-06-17 20:18:11,117600,COMPLETE
U250829-05734,21523,2025-08-29 14:40:27,72000,COMPLETE
U251105-05735,21523,2025-11-05 00:32:13,77700,COMPLETE
U230708-05736,21524,2023-07-08 19:40:58,150900,CANCELED
U260829-05737,21524,2026-08-29 22:04:27,265700,COMPLETE
U260710-05738,21525,2026-07-10 19:31:05,351000,CANCELED
U260902-05739,21525,2026-09-02 21:45:11,371600,RETURNED
U260809-05740,21525,2026-08-09 21:52:19,137200,RETURNED
U260809-05741,21525,2026-08-09 20:03:23,144900,COMPLETE
U260629-05742,21525,2026-06-29 17:06:08,28000,COMPLETE
U260719-05743,21525,2026-07-19 10:25:22,86700,COMPLETE
U260825-05744,21525,2026-08-25 10:16:18,631900,COMPLETE
U260321-05745,21527,2026-03-21 13:49:45,185300,COMPLETE
U250805-05746,21527,2025-08-05 12:11:13,588900,CANCELED
U260806-05747,21528,2026-08-06 20:20:00,36000,COMPLETE
U260403-05748,21529,2026-04-03 22:28:44,197600,COMPLETE
U251009-05749,21529,2025-10-09 21:55:14,175400,COMPLETE
U260511-05750,21529,2026-05-11 20:56:53,59800,COMPLETE
U250326-05751,21529,2025-03-26 08:32:33,181500,COMPLETE
U260723-05752,21530,2026-07-23 10:56:30,262200,COMPLETE
U260817-05753,21530,2026-08-17 17:24:41,441500,COMPLETE
U260902-05754,21530,2026-09-02 21:20:51,239400,CANCELED
U260827-05755,21532,2026-08-27 21:44:48,712600,COMPLETE
U231004-05756,21532,2023-10-04 09:49:58,51100,COMPLETE
U251018-05757,21532,2025-10-18 15:25:59,58300,COMPLETE
U241207-05758,21532,2024-12-07 22:18:50,100600,COMPLETE
U241029-05759,21532,2024-10-29 15:43:36,395900,COMPLETE
U240902-05760,21532,2024-09-02 14:24:56,59300,COMPLETE
U240805-05761,21532,2024-08-05 14:58:44,62000,COMPLETE
U260818-05762,21532,2026-08-18 22:56:17,138200,COMPLETE
U250514-05763,21532,2025-05-14 15:26:32,46200,COMPLETE
U251226-05764,21532,2025-12-26 11:21:21,177400,COMPLETE
U260301-05765,21532,2026-03-01 20:44:42,19600,COMPLETE
U260319-05766,21532,2026-03-19 21:54:25,38800,COMPLETE
U260823-05767,21534,2026-08-23 15:57:22,17800,COMPLETE
U260628-05768,21535,2026-06-28 16:04:11,25800,COMPLETE
U260508-05769,21535,2026-05-08 21:43:29,92300,CANCELED
U260115-05770,21535,2026-01-15 19:39:35,337600,COMPLETE
U250612-05771,21535,2025-06-12 15:56:25,56300,CANCELED
U250213-05772,21536,2025-02-13 20:06:00,681400,COMPLETE
U250210-05773,21536,2025-02-10 18:29:07,150900,COMPLETE
U250211-05774,21536,2025-02-11 12:30:22,223900,COMPLETE
U260407-05775,21537,2026-04-07 20:53:36,192400,COMPLETE
U260823-05776,21537,2026-08-23 12:06:47,185800,COMPLETE
U260507-05777,21537,2026-05-07 15:11:27,14200,COMPLETE
U260830-05778,21537,2026-08-30 20:41:46,163800,COMPLETE
U260703-05779,21538,2026-07-03 22:03:29,185400,COMPLETE
U240314-05780,21539,2024-03-14 12:31:48,129600,COMPLETE
U230112-05781,21539,2023-01-12 00:05:56,132200,COMPLETE
U240126-05782,21539,2024-01-26 13:22:59,246400,COMPLETE
U260813-05783,21540,2026-08-13 22:53:28,185100,RETURNED
U250920-05784,21540,2025-09-20 17:40:53,184400,COMPLETE
U260324-05785,21540,2026-03-24 15:03:27,182200,COMPLETE
U251123-05786,21540,2025-11-23 22:23:22,176400,COMPLETE
U250722-05787,21540,2025-07-22 09:35:23,405400,COMPLETE
U241225-05788,21540,2024-12-25 17:41:20,118000,COMPLETE
U260618-05789,21540,2026-06-18 08:24:55,167500,COMPLETE
U250706-05790,21540,2025-07-06 19:18:06,66000,COMPLETE
U260306-05791,21540,2026-03-06 22:29:12,39600,COMPLETE
U250702-05792,21540,2025-07-02 12:11:53,310700,RETURNED
U250307-05793,21540,2025-03-07 19:44:22,358800,COMPLETE
U260612-05794,21540,2026-06-12 18:01:26,298800,COMPLETE
U250320-05795,21541,2025-03-20 13:22:03,141400,RETURNED
U250405-05796,21541,2025-04-05 11:01:22,756600,COMPLETE
U250419-05797,21541,2025-04-19 21:10:29,77700,COMPLETE
U260424-05798,21542,2026-04-24 11:57:37,365900,COMPLETE
U250227-05799,21542,2025-02-27 16:53:43,290000,COMPLETE
U251211-05800,21543,2025-12-11 19:50:10,197000,RETURNED
U240911-05801,21544,2024-09-11 13:30:34,64100,RETURNED
U260808-05802,21544,2026-08-08 10:56:08,477900,COMPLETE
U240510-05803,21544,2024-05-10 13:57:33,41200,COMPLETE
U250920-05804,21544,2025-09-20 09:38:12,161700,COMPLETE
U250317-05805,21544,2025-03-17 13:53:46,171900,COMPLETE
U260703-05806,21544,2026-07-03 15:59:56,169700,COMPLETE
U250415-05807,21544,2025-04-15 11:57:58,112500,COMPLETE
U250115-05808,21544,2025-01-15 14:44:30,62400,COMPLETE
U260214-05809,21544,2026-02-14 13:02:07,151600,COMPLETE
U260409-05810,21544,2026-04-09 11:46:49,62600,COMPLETE
U250915-05811,21544,2025-09-15 19:00:57,105300,COMPLETE
U260604-05812,21544,2026-06-04 00:33:41,194700,COMPLETE
U260604-05813,21544,2026-06-04 17:22:58,534700,COMPLETE
U250927-05814,21544,2025-09-27 14:54:32,65700,COMPLETE
U250907-05815,21544,2025-09-07 21:34:14,199700,CANCELED
U260103-05816,21544,2026-01-03 16:22:21,71800,COMPLETE
U250406-05817,21544,2025-04-06 08:58:02,336000,COMPLETE
U250613-05818,21544,2025-06-13 13:32:54,781400,COMPLETE
U240507-05819,21545,2024-05-07 21:39:20,53800,COMPLETE
U240831-05820,21546,2024-08-31 15:42:19,50400,COMPLETE
U241231-05821,21546,2024-12-31 21:15:02,210300,COMPLETE
U240524-05822,21546,2024-05-24 12:47:31,37900,COMPLETE
U250609-05823,21547,2025-06-09 10:44:16,105100,COMPLETE
U241030-05824,21548,2024-10-30 20:49:06,66700,COMPLETE
U241031-05825,21548,2024-10-31 22:24:49,88200,COMPLETE
U260615-05826,21549,2026-06-15 19:16:49,19500,COMPLETE
U260711-05827,21549,2026-07-11 13:38:42,175100,COMPLETE
U260830-05828,21549,2026-08-30 16:54:47,153600,CANCELED
U251230-05829,21549,2025-12-30 11:26:48,121500,COMPLETE
U260429-05830,21549,2026-04-29 21:00:04,200000,COMPLETE
U260514-05831,21549,2026-05-14 22:05:14,65700,COMPLETE
U260112-05832,21549,2026-01-12 22:50:23,133700,COMPLETE
U260901-05833,21549,2026-09-01 15:40:08,225200,COMPLETE
U251028-05834,21550,2025-10-28 20:19:44,88600,COMPLETE
U240809-05835,21550,2024-08-09 10:10:37,75000,COMPLETE
U250531-05836,21550,2025-05-31 22:12:44,188800,COMPLETE
U250701-05837,21550,2025-07-01 21:36:58,431400,COMPLETE
U260820-05838,21551,2026-08-20 21:24:03,108500,COMPLETE
U260811-05839,21551,2026-08-11 22:05:44,618300,COMPLETE
U241212-05840,21552,2024-12-12 11:13:55,162000,COMPLETE
U260318-05841,21552,2026-03-18 14:21:24,67400,COMPLETE
U250129-05842,21552,2025-01-29 20:34:08,146500,COMPLETE
U260620-05843,21552,2026-06-20 22:39:37,431400,COMPLETE
U260612-05844,21553,2026-06-12 23:26:36,92600,COMPLETE
U260104-05845,21553,2026-01-04 10:44:45,127000,COMPLETE
U250312-05846,21554,2025-03-12 20:22:04,302500,COMPLETE
U250311-05847,21554,2025-03-11 23:52:42,35700,COMPLETE
U260422-05848,21555,2026-04-22 20:55:48,270000,COMPLETE
U250821-05849,21556,2025-08-21 19:50:18,91200,COMPLETE
U250421-05850,21557,2025-04-21 19:44:09,159000,COMPLETE
U260407-05851,21558,2026-04-07 00:05:33,18800,COMPLETE
U260707-05852,21558,2026-07-07 23:02:44,168700,COMPLETE
U260601-05853,21558,2026-06-01 12:19:17,14300,CANCELED
U260730-05854,21558,2026-07-30 18:13:18,88800,COMPLETE
U260902-05855,21558,2026-09-02 12:16:14,119200,COMPLETE
U260723-05856,21558,2026-07-23 15:14:09,267400,COMPLETE
U260612-05857,21558,2026-06-12 15:22:18,168600,COMPLETE
U260520-05858,21558,2026-05-20 21:53:24,91400,COMPLETE
U260731-05859,21558,2026-07-31 17:12:53,60000,COMPLETE
U260406-05860,21558,2026-04-06 21:32:46,346200,COMPLETE
U260609-05861,21558,2026-06-09 09:33:07,63900,COMPLETE
U260702-05862,21558,2026-07-02 09:29:59,274000,COMPLETE
U260821-05863,21558,2026-08-21 21:12:44,58900,COMPLETE
U260509-05864,21558,2026-05-09 22:15:41,28800,COMPLETE
U260807-05865,21561,2026-08-07 00:44:08,143800,COMPLETE
U260604-05866,21561,2026-06-04 15:19:37,18600,COMPLETE
U260802-05867,21561,2026-08-02 17:20:32,411000,COMPLETE
U251008-05868,21562,2025-10-08 18:41:39,49900,COMPLETE
U250624-05869,21562,2025-06-24 18:28:51,110000,COMPLETE
U260502-05870,21562,2026-05-02 11:11:16,338000,COMPLETE
U260228-05871,21563,2026-02-28 21:15:59,164000,CANCELED
U260709-05872,21563,2026-07-09 13:47:55,37900,COMPLETE
U250112-05873,21563,2025-01-12 18:53:00,56500,COMPLETE
U260601-05874,21563,2026-06-01 23:14:58,83600,COMPLETE
U251222-05875,21563,2025-12-22 18:52:34,41700,COMPLETE
U251027-05876,21566,2025-10-27 09:13:21,103400,COMPLETE
U260115-05877,21566,2026-01-15 16:24:35,56900,COMPLETE
U260319-05878,21566,2026-03-19 21:38:21,30300,COMPLETE
U260130-05879,21566,2026-01-30 08:50:35,40500,RETURNED
U260523-05880,21566,2026-05-23 20:15:31,264700,COMPLETE
U260629-05881,21566,2026-06-29 11:22:15,74400,COMPLETE
U250718-05882,21566,2025-07-18 11:25:13,45000,COMPLETE
U240910-05883,21567,2024-09-10 19:07:37,37500,COMPLETE
U240912-05884,21567,2024-09-12 20:05:19,80200,RETURNED
U240912-05885,21567,2024-09-12 18:53:54,225100,COMPLETE
U260831-05886,21568,2026-08-31 15:12:11,99800,COMPLETE
U260901-05887,21568,2026-09-01 20:13:10,23300,COMPLETE
U260902-05888,21568,2026-09-02 21:12:47,143100,COMPLETE
U260722-05889,21570,2026-07-22 18:00:52,105400,COMPLETE
U260823-05890,21570,2026-08-23 16:17:38,137100,RETURNED
U260516-05891,21570,2026-05-16 18:39:00,202700,COMPLETE
U260827-05892,21570,2026-08-27 10:54:22,63200,COMPLETE
U260513-05893,21570,2026-05-13 23:11:01,326900,COMPLETE
U260606-05894,21570,2026-06-06 20:37:09,26000,RETURNED
U260826-05895,21570,2026-08-26 21:14:30,40600,COMPLETE
U260901-05896,21570,2026-09-01 00:19:55,94800,COMPLETE
U260819-05897,21570,2026-08-19 09:53:02,524200,COMPLETE
U260809-05898,21570,2026-08-09 15:03:50,292700,COMPLETE
U260811-05899,21570,2026-08-11 21:26:23,121800,COMPLETE
U260729-05900,21570,2026-07-29 15:00:04,61200,COMPLETE
U260709-05901,21570,2026-07-09 22:31:31,145800,COMPLETE
U260526-05902,21570,2026-05-26 12:19:00,466000,COMPLETE
U260830-05903,21570,2026-08-30 15:24:05,368900,COMPLETE
U260814-05904,21570,2026-08-14 19:03:18,396400,COMPLETE
U260727-05905,21570,2026-07-27 13:35:10,534000,COMPLETE
U260629-05906,21570,2026-06-29 21:52:42,245200,COMPLETE
U260819-05907,21570,2026-08-19 16:56:50,1012400,COMPLETE
U260818-05908,21570,2026-08-18 17:46:29,83200,COMPLETE
U241012-05909,21571,2024-10-12 12:40:06,149700,COMPLETE
U260319-05910,21572,2026-03-19 11:25:58,21200,RETURNED
U260303-05911,21573,2026-03-03 16:38:32,793700,COMPLETE
U260228-05912,21573,2026-02-28 21:09:07,259400,RETURNED
U260301-05913,21574,2026-03-01 11:55:20,23400,COMPLETE
U260228-05914,21575,2026-02-28 20:51:21,145100,COMPLETE
U250701-05915,21575,2025-07-01 11:13:27,111400,COMPLETE
U251011-05916,21575,2025-10-11 12:35:42,263600,COMPLETE
U260504-05917,21575,2026-05-04 18:54:03,160100,COMPLETE
U260318-05918,21575,2026-03-18 23:13:25,111400,COMPLETE
U260209-05919,21575,2026-02-09 21:04:15,201500,COMPLETE
U251127-05920,21575,2025-11-27 20:57:41,90100,COMPLETE
U251031-05921,21575,2025-10-31 20:30:26,77200,RETURNED
U260615-05922,21576,2026-06-15 15:25:24,331100,COMPLETE
U260831-05923,21576,2026-08-31 19:29:42,75100,COMPLETE
U250918-05924,21577,2025-09-18 19:17:33,77200,COMPLETE
U260529-05925,21577,2026-05-29 20:03:29,71400,COMPLETE
U251203-05926,21577,2025-12-03 20:10:21,124000,COMPLETE
U260522-05927,21577,2026-05-22 16:26:00,801700,COMPLETE
U260115-05928,21577,2026-01-15 19:13:12,63100,COMPLETE
U260213-05929,21577,2026-02-13 14:41:20,77000,COMPLETE
U250629-05930,21577,2025-06-29 19:33:44,81600,COMPLETE
U260612-05931,21577,2026-06-12 22:27:54,122000,COMPLETE
U241011-05932,21578,2024-10-11 16:38:13,767400,COMPLETE
U250211-05933,21578,2025-02-11 18:27:34,144900,COMPLETE
U260413-05934,21580,2026-04-13 23:57:21,201100,COMPLETE
U260404-05935,21580,2026-04-04 16:10:45,13000,COMPLETE
U260305-05936,21580,2026-03-05 20:58:09,183600,COMPLETE
U260312-05937,21580,2026-03-12 20:06:06,79200,COMPLETE
U260706-05938,21580,2026-07-06 17:49:40,295700,COMPLETE
U260620-05939,21580,2026-06-20 12:38:11,122300,CANCELED
U260809-05940,21580,2026-08-09 10:39:20,154000,COMPLETE
U260615-05941,21580,2026-06-15 18:24:29,261600,COMPLETE
U260509-05942,21580,2026-05-09 19:37:59,56700,RETURNED
U260227-05943,21580,2026-02-27 16:58:44,213400,COMPLETE
U260623-05944,21580,2026-06-23 13:08:26,326000,COMPLETE
U260408-05945,21580,2026-04-08 13:24:31,218300,COMPLETE
U251208-05946,21581,2025-12-08 22:45:58,133400,COMPLETE
U250219-05947,21581,2025-02-19 13:27:02,42500,RETURNED
U260724-05948,21583,2026-07-24 21:04:09,210600,COMPLETE
U260727-05949,21583,2026-07-27 20:24:35,422600,COMPLETE
U260615-05950,21583,2026-06-15 10:23:17,116900,COMPLETE
U260816-05951,21583,2026-08-16 11:56:41,55000,RETURNED
U260820-05952,21583,2026-08-20 16:45:02,36100,COMPLETE
U260730-05953,21583,2026-07-30 20:11:46,61100,COMPLETE
U260728-05954,21583,2026-07-28 19:52:53,314400,COMPLETE
U260706-05955,21584,2026-07-06 12:26:22,323800,COMPLETE
U260702-05956,21584,2026-07-02 11:54:15,71500,COMPLETE
U250927-05957,21585,2025-09-27 19:33:37,91600,CANCELED
U250618-05958,21586,2025-06-18 22:01:38,119700,COMPLETE
U260814-05959,21587,2026-08-14 20:42:06,216200,COMPLETE
U260814-05960,21588,2026-08-14 21:04:51,292700,COMPLETE
U260714-05961,21589,2026-07-14 21:00:39,61100,COMPLETE
U260713-05962,21589,2026-07-13 22:26:26,30400,COMPLETE
U260806-05963,21589,2026-08-06 18:02:02,55400,COMPLETE
U260806-05964,21589,2026-08-06 14:51:54,231400,RETURNED
U260504-05965,21589,2026-05-04 15:47:39,60500,COMPLETE
U260808-05966,21589,2026-08-08 21:14:04,234000,COMPLETE
U260721-05967,21589,2026-07-21 14:56:31,112100,COMPLETE
U260516-05968,21589,2026-05-16 19:22:26,519600,CANCELED
U260823-05969,21589,2026-08-23 12:09:02,416500,RETURNED
U260802-05970,21589,2026-08-02 09:02:33,232300,COMPLETE
U260828-05971,21589,2026-08-28 19:02:02,42900,COMPLETE
U260815-05972,21589,2026-08-15 23:50:13,91300,COMPLETE
U260802-05973,21589,2026-08-02 20:07:42,211600,COMPLETE
U260706-05974,21589,2026-07-06 17:37:00,300300,COMPLETE
U260621-05975,21589,2026-06-21 15:43:04,78400,COMPLETE
U260530-05976,21589,2026-05-30 21:52:58,115800,CANCELED
U260206-05977,21590,2026-02-06 18:27:23,12500,COMPLETE
U260302-05978,21591,2026-03-02 13:56:10,170500,COMPLETE
U251204-05979,21591,2025-12-04 13:31:07,240200,COMPLETE
U260504-05980,21592,2026-05-04 16:35:13,105000,COMPLETE
U260731-05981,21592,2026-07-31 21:56:57,275300,COMPLETE
U260830-05982,21592,2026-08-30 19:52:22,244100,COMPLETE
U260627-05983,21593,2026-06-27 18:06:19,218700,COMPLETE
U251011-05984,21593,2025-10-11 08:20:27,159600,COMPLETE
U260412-05985,21594,2026-04-12 08:06:09,247100,COMPLETE
U240701-05986,21595,2024-07-01 21:27:04,71900,COMPLETE
U260803-05987,21596,2026-08-03 23:45:02,102500,COMPLETE
U260831-05988,21596,2026-08-31 21:38:17,212200,COMPLETE
U260705-05989,21596,2026-07-05 11:03:31,71800,COMPLETE
U260901-05990,21596,2026-09-01 00:32:48,21800,CANCELED
U260814-05991,21596,2026-08-14 21:41:55,203600,COMPLETE
U260802-05992,21596,2026-08-02 15:40:05,36200,COMPLETE
U260720-05993,21596,2026-07-20 23:07:56,90500,COMPLETE
U260803-05994,21596,2026-08-03 16:10:15,173800,COMPLETE
U260723-05995,21596,2026-07-23 14:14:44,43500,COMPLETE
U260630-05996,21596,2026-06-30 17:28:45,312800,CANCELED
U260721-05997,21596,2026-07-21 12:28:01,428200,CANCELED
U260706-05998,21596,2026-07-06 18:43:33,148800,COMPLETE
U260709-05999,21596,2026-07-09 11:18:21,65800,COMPLETE
U260828-06000,21596,2026-08-28 15:27:57,149700,COMPLETE
U260804-06001,21597,2026-08-04 12:19:40,201000,COMPLETE
U260823-06002,21597,2026-08-23 23:00:54,176300,COMPLETE
U260701-06003,21597,2026-07-01 18:48:27,132300,RETURNED
U251219-06004,21598,2025-12-19 22:59:20,107400,COMPLETE
U260820-06005,21598,2026-08-20 11:45:11,609400,COMPLETE
U250801-06006,21598,2025-08-01 10:50:24,517200,COMPLETE
U250207-06007,21599,2025-02-07 19:13:33,153400,COMPLETE
U250816-06008,21599,2025-08-16 16:41:29,118300,COMPLETE
U260508-06009,21599,2026-05-08 11:38:57,78400,COMPLETE
U240423-06010,21599,2024-04-23 17:58:30,406800,COMPLETE
U251231-06011,21599,2025-12-31 21:55:09,55200,COMPLETE
U240102-06012,21599,2024-01-02 15:06:55,31200,COMPLETE
U251217-06013,21599,2025-12-17 10:54:39,860200,COMPLETE
U250129-06014,21599,2025-01-29 15:12:27,173300,CANCELED
U250503-06015,21600,2025-05-03 19:43:02,109600,COMPLETE
U250530-06016,21601,2025-05-30 21:08:35,42700,COMPLETE
U260830-06017,21601,2026-08-30 21:09:27,200800,CANCELED
U251103-06018,21601,2025-11-03 14:45:59,154000,COMPLETE
U251218-06019,21601,2025-12-18 12:30:29,191300,COMPLETE
U251122-06020,21602,2025-11-22 21:25:30,51600,COMPLETE
U260424-06021,21602,2026-04-24 20:09:32,559500,COMPLETE
U250731-06022,21603,2025-07-31 18:57:49,155700,COMPLETE
U260720-06023,21603,2026-07-20 17:50:58,29700,RETURNED
U251105-06024,21603,2025-11-05 17:42:41,113000,COMPLETE
U231104-06025,21603,2023-11-04 00:29:49,53800,COMPLETE
U241208-06026,21603,2024-12-08 22:00:35,485600,COMPLETE
U260707-06027,21603,2026-07-07 21:55:13,83700,RETURNED
U230422-06028,21603,2023-04-22 23:36:29,43200,COMPLETE
U240723-06029,21603,2024-07-23 08:27:38,31200,RETURNED
U250722-06030,21604,2025-07-22 16:10:20,181400,COMPLETE
U260426-06031,21605,2026-04-26 15:05:42,414500,COMPLETE
U260404-06032,21607,2026-04-04 13:51:59,160800,COMPLETE
U260716-06033,21608,2026-07-16 11:11:42,381600,COMPLETE
U260629-06034,21608,2026-06-29 22:39:07,134600,COMPLETE
U251222-06035,21608,2025-12-22 15:38:05,169400,COMPLETE
U260708-06036,21608,2026-07-08 22:43:54,116400,COMPLETE
U250213-06037,21609,2025-02-13 00:24:10,115900,COMPLETE
U260726-06038,21610,2026-07-26 17:03:19,336700,COMPLETE
U260126-06039,21610,2026-01-26 22:08:44,572200,COMPLETE
U260622-06040,21611,2026-06-22 21:14:07,443000,COMPLETE
U260101-06041,21611,2026-01-01 21:37:37,215900,COMPLETE
U250626-06042,21611,2025-06-26 12:31:04,148900,CANCELED
U260802-06043,21611,2026-08-02 15:57:08,32400,COMPLETE
U260212-06044,21611,2026-02-12 22:24:49,121300,COMPLETE
U260417-06045,21611,2026-04-17 20:09:16,153700,COMPLETE
U260320-06046,21611,2026-03-20 22:54:26,39800,COMPLETE
U260717-06047,21611,2026-07-17 15:17:45,105500,COMPLETE
U251203-06048,21611,2025-12-03 22:48:22,394400,RETURNED
U260126-06049,21611,2026-01-26 23:12:26,160100,COMPLETE
U260716-06050,21611,2026-07-16 16:18:13,628000,COMPLETE
U260505-06051,21611,2026-05-05 21:20:54,114200,CANCELED
U260707-06052,21612,2026-07-07 23:33:24,228900,COMPLETE
U250527-06053,21613,2025-05-27 19:27:20,265800,COMPLETE
U240516-06054,21613,2024-05-16 17:53:48,201400,COMPLETE
U260221-06055,21614,2026-02-21 21:49:50,261600,COMPLETE
U251125-06056,21615,2025-11-25 10:29:21,75300,COMPLETE
U260817-06057,21616,2026-08-17 15:42:33,249100,COMPLETE
U260803-06058,21616,2026-08-03 14:55:42,38500,COMPLETE
U260816-06059,21616,2026-08-16 17:25:24,313200,RETURNED
U260815-06060,21616,2026-08-15 18:39:42,12800,COMPLETE
U250721-06061,21617,2025-07-21 21:12:28,200200,COMPLETE
U260201-06062,21618,2026-02-01 19:14:22,35200,COMPLETE
U260810-06063,21618,2026-08-10 09:47:19,365800,COMPLETE
U260804-06064,21618,2026-08-04 00:28:16,386200,COMPLETE
U260307-06065,21618,2026-03-07 20:02:06,207300,COMPLETE
U260608-06066,21618,2026-06-08 17:15:46,212800,COMPLETE
U260803-06067,21618,2026-08-03 09:14:07,143400,COMPLETE
U260804-06068,21618,2026-08-04 17:22:54,85700,COMPLETE
U260801-06069,21618,2026-08-01 22:13:43,258300,COMPLETE
U260406-06070,21618,2026-04-06 13:50:19,321000,COMPLETE
U260902-06071,21618,2026-09-02 17:52:42,28800,COMPLETE
U260703-06072,21618,2026-07-03 20:37:00,73800,RETURNED
U260210-06073,21618,2026-02-10 00:45:36,260600,CANCELED
U260708-06074,21618,2026-07-08 19:28:53,361900,COMPLETE
U260327-06075,21618,2026-03-27 21:30:13,413200,COMPLETE
U260422-06076,21618,2026-04-22 09:37:23,236600,COMPLETE
U260704-06077,21618,2026-07-04 11:14:55,361000,COMPLETE
U250818-06078,21619,2025-08-18 22:43:20,53300,COMPLETE
U251218-06079,21619,2025-12-18 22:22:18,80600,COMPLETE
U260901-06080,21619,2026-09-01 19:21:01,27600,COMPLETE
U240401-06081,21620,2024-04-01 22:17:42,130700,COMPLETE
U240816-06082,21622,2024-08-16 20:43:56,95800,COMPLETE
U260806-06083,21623,2026-08-06 23:29:44,95800,COMPLETE
U260829-06084,21623,2026-08-29 16:54:39,116700,COMPLETE
U260722-06085,21623,2026-07-22 18:51:15,464300,COMPLETE
U260629-06086,21623,2026-06-29 15:54:25,23200,COMPLETE
U260810-06087,21624,2026-08-10 11:09:52,57200,CANCELED
U260621-06088,21624,2026-06-21 12:02:47,35400,COMPLETE
U260129-06089,21624,2026-01-29 11:50:59,540700,COMPLETE
U260430-06090,21624,2026-04-30 19:19:48,202300,COMPLETE
U260708-06091,21624,2026-07-08 11:39:17,138300,COMPLETE
U260226-06092,21624,2026-02-26 20:18:55,72500,COMPLETE
U260826-06093,21624,2026-08-26 18:46:11,774800,COMPLETE
U260403-06094,21624,2026-04-03 21:49:53,509200,COMPLETE
U260812-06095,21625,2026-08-12 20:22:44,564900,COMPLETE
U250615-06096,21625,2025-06-15 21:19:30,126000,RETURNED
U260228-06097,21626,2026-02-28 08:46:25,84400,COMPLETE
U260312-06098,21626,2026-03-12 12:11:44,38100,COMPLETE
U260903-06099,21626,2026-09-03 13:06:04,335100,COMPLETE
U260521-06100,21626,2026-05-21 23:12:42,48000,COMPLETE
U250808-06101,21627,2025-08-08 11:11:59,146100,COMPLETE
U260331-06102,21627,2026-03-31 19:25:05,89300,COMPLETE
U250921-06103,21627,2025-09-21 16:49:22,120700,COMPLETE
U260712-06104,21627,2026-07-12 15:24:54,573300,COMPLETE
U260605-06105,21628,2026-06-05 16:50:24,30500,COMPLETE
U260813-06106,21628,2026-08-13 23:21:28,255400,COMPLETE
U240828-06107,21629,2024-08-28 18:23:26,164100,COMPLETE
U250926-06108,21630,2025-09-26 10:54:33,254800,CANCELED
U260805-06109,21631,2026-08-05 10:02:29,217300,COMPLETE
U260331-06110,21632,2026-03-31 10:26:59,34400,COMPLETE
U260513-06111,21633,2026-05-13 21:21:04,195000,COMPLETE
U260711-06112,21633,2026-07-11 13:24:03,15300,COMPLETE
U260624-06113,21633,2026-06-24 00:06:08,501900,COMPLETE
U260628-06114,21633,2026-06-28 23:28:06,531400,COMPLETE
U260704-06115,21633,2026-07-04 22:03:17,209900,COMPLETE
U260704-06116,21633,2026-07-04 19:33:51,22600,RETURNED
U260627-06117,21633,2026-06-27 10:16:48,53100,COMPLETE
U260603-06118,21633,2026-06-03 19:44:46,85700,COMPLETE
U260112-06119,21634,2026-01-12 17:02:46,256200,COMPLETE
U260227-06120,21635,2026-02-27 23:41:37,168600,COMPLETE
U260116-06121,21636,2026-01-16 15:32:24,50200,COMPLETE
U260814-06122,21636,2026-08-14 20:13:20,356400,COMPLETE
U250910-06123,21637,2025-09-10 21:12:57,184900,COMPLETE
U250907-06124,21637,2025-09-07 19:02:47,903800,COMPLETE
U260817-06125,21638,2026-08-17 22:22:30,49200,RETURNED
U260527-06126,21638,2026-05-27 13:06:39,53600,COMPLETE
U260516-06127,21638,2026-05-16 22:45:15,494800,COMPLETE
U260828-06128,21638,2026-08-28 10:59:01,190700,COMPLETE
U260901-06129,21638,2026-09-01 15:10:50,240900,COMPLETE
U260618-06130,21638,2026-06-18 22:39:33,374400,COMPLETE
U260813-06131,21638,2026-08-13 14:33:37,92000,COMPLETE
U260527-06132,21638,2026-05-27 12:33:41,382000,COMPLETE
U260716-06133,21638,2026-07-16 16:32:33,108500,COMPLETE
U260725-06134,21638,2026-07-25 12:38:50,51000,COMPLETE
U260325-06135,21639,2026-03-25 00:30:25,51600,COMPLETE
U260611-06136,21639,2026-06-11 13:19:37,58100,COMPLETE
U260825-06137,21643,2026-08-25 15:24:11,93800,COMPLETE
U260816-06138,21644,2026-08-16 21:28:08,53200,COMPLETE
U241022-06139,21645,2024-10-22 14:46:54,369200,COMPLETE
U260827-06140,21645,2026-08-27 08:21:32,267200,COMPLETE
U250331-06141,21645,2025-03-31 15:32:56,408000,COMPLETE
U250427-06142,21646,2025-04-27 13:01:12,144400,COMPLETE
U250430-06143,21646,2025-04-30 20:22:10,544400,COMPLETE
U230223-06144,21647,2023-02-23 15:18:06,154400,COMPLETE
U230903-06145,21647,2023-09-03 22:49:06,306300,COMPLETE
U250222-06146,21647,2025-02-22 22:32:41,301800,COMPLETE
U240417-06147,21647,2024-04-17 11:37:26,137900,COMPLETE
U240320-06148,21647,2024-03-20 18:04:22,134600,CANCELED
U260301-06149,21647,2026-03-01 13:45:06,271800,COMPLETE
U241004-06150,21648,2024-10-04 19:27:13,202600,COMPLETE
U230523-06151,21648,2023-05-23 12:43:22,639900,COMPLETE
U260831-06152,21650,2026-08-31 12:50:25,248800,COMPLETE
U260728-06153,21651,2026-07-28 19:37:18,366400,COMPLETE
U241002-06154,21652,2024-10-02 20:29:07,92700,COMPLETE
U260404-06155,21652,2026-04-04 23:43:37,58100,COMPLETE
U260903-06156,21653,2026-09-03 13:33:51,470200,COMPLETE
U260819-06157,21653,2026-08-19 22:13:17,90800,COMPLETE
U260816-06158,21653,2026-08-16 14:09:35,320000,COMPLETE
U260828-06159,21653,2026-08-28 08:57:55,92800,COMPLETE
U260816-06160,21653,2026-08-16 21:07:17,172800,COMPLETE
U260823-06161,21653,2026-08-23 00:10:12,216800,COMPLETE
U260812-06162,21653,2026-08-12 16:22:30,38500,COMPLETE
U260824-06163,21653,2026-08-24 17:24:08,342900,COMPLETE
U260807-06164,21654,2026-08-07 20:48:17,61500,COMPLETE
U260902-06165,21655,2026-09-02 19:02:55,29600,COMPLETE
U260323-06166,21656,2026-03-23 16:40:39,118300,COMPLETE
U240812-06167,21657,2024-08-12 16:02:39,50600,CANCELED
U240625-06168,21657,2024-06-25 08:36:24,252300,COMPLETE
U260630-06169,21658,2026-06-30 17:26:38,191000,COMPLETE
U260629-06170,21658,2026-06-29 00:18:30,141700,COMPLETE
U260820-06171,21658,2026-08-20 23:17:04,51900,COMPLETE
U260614-06172,21658,2026-06-14 20:18:11,42400,COMPLETE
U260813-06173,21658,2026-08-13 13:17:52,254700,COMPLETE
U260809-06174,21658,2026-08-09 19:22:19,277600,RETURNED
U250620-06175,21659,2025-06-20 23:36:39,153300,COMPLETE
U251027-06176,21659,2025-10-27 23:40:33,212200,COMPLETE
U260119-06177,21660,2026-01-19 10:16:55,44000,COMPLETE
U260411-06178,21661,2026-04-11 12:46:22,20200,COMPLETE
U260330-06179,21662,2026-03-30 21:42:03,63900,COMPLETE
U260223-06180,21662,2026-02-23 20:53:46,204100,COMPLETE
U260130-06181,21662,2026-01-30 12:56:41,156300,COMPLETE
U260403-06182,21663,2026-04-03 17:21:28,62800,COMPLETE
U260625-06183,21663,2026-06-25 19:49:04,97000,COMPLETE
U260614-06184,21663,2026-06-14 22:58:46,154900,COMPLETE
U250420-06185,21664,2025-04-20 14:55:35,27500,CANCELED
U260225-06186,21664,2026-02-25 23:59:09,333000,COMPLETE
U250316-06187,21664,2025-03-16 17:37:36,11800,COMPLETE
U250812-06188,21664,2025-08-12 23:12:40,129400,CANCELED
U250317-06189,21664,2025-03-17 12:05:06,81200,CANCELED
U260830-06190,21664,2026-08-30 17:23:28,147800,CANCELED
U250806-06191,21664,2025-08-06 20:12:04,721900,COMPLETE
U231029-06192,21665,2023-10-29 14:09:49,86400,COMPLETE
U260306-06193,21667,2026-03-06 20:12:49,235200,COMPLETE
U230814-06194,21667,2023-08-14 19:22:28,40000,COMPLETE
U250521-06195,21667,2025-05-21 17:51:18,140900,RETURNED
U251014-06196,21667,2025-10-14 12:52:57,30700,RETURNED
U260329-06197,21668,2026-03-29 12:03:27,332700,COMPLETE
U251226-06198,21668,2025-12-26 22:32:25,234800,COMPLETE
U250419-06199,21668,2025-04-19 11:51:57,104800,CANCELED
U260214-06200,21669,2026-02-14 11:51:01,53900,COMPLETE
U260822-06201,21670,2026-08-22 20:18:39,180200,COMPLETE
U260829-06202,21671,2026-08-29 20:25:01,182200,COMPLETE
U260710-06203,21671,2026-07-10 10:21:28,115100,COMPLETE
U260825-06204,21671,2026-08-25 22:18:23,149800,COMPLETE
U260820-06205,21671,2026-08-20 20:07:06,50700,COMPLETE
U260804-06206,21671,2026-08-04 08:38:30,36600,COMPLETE
U260813-06207,21671,2026-08-13 15:01:24,132900,COMPLETE
U260731-06208,21671,2026-07-31 13:18:42,508100,CANCELED
U260628-06209,21671,2026-06-28 13:50:04,128700,COMPLETE
U260814-06210,21671,2026-08-14 20:57:24,143100,COMPLETE
U260820-06211,21671,2026-08-20 11:11:54,435100,COMPLETE
U240103-06212,21672,2024-01-03 20:56:59,28500,CANCELED
U260505-06213,21673,2026-05-05 19:51:14,185000,COMPLETE
U241109-06214,21673,2024-11-09 10:37:34,315600,COMPLETE
U250826-06215,21673,2025-08-26 13:11:46,340400,COMPLETE
U241220-06216,21673,2024-12-20 09:25:30,43600,CANCELED
U251103-06217,21673,2025-11-03 14:29:08,244400,COMPLETE
U260730-06218,21673,2026-07-30 16:18:19,582800,COMPLETE
U250411-06219,21673,2025-04-11 10:59:36,210000,COMPLETE
U250731-06220,21674,2025-07-31 23:31:09,89400,COMPLETE
U241016-06221,21675,2024-10-16 11:44:02,93100,COMPLETE
U251229-06222,21675,2025-12-29 23:11:19,142400,COMPLETE
U240703-06223,21675,2024-07-03 20:09:00,196500,COMPLETE
U260818-06224,21676,2026-08-18 15:08:53,9600,COMPLETE
U260809-06225,21676,2026-08-09 19:52:34,36000,COMPLETE
U260809-06226,21676,2026-08-09 12:08:47,151400,COMPLETE
U260811-06227,21676,2026-08-11 20:15:18,62900,COMPLETE
U260729-06228,21676,2026-07-29 20:50:52,449700,COMPLETE
U260717-06229,21676,2026-07-17 14:33:49,519900,CANCELED
U260724-06230,21676,2026-07-24 20:50:05,87800,COMPLETE
U260816-06231,21676,2026-08-16 19:31:44,416000,COMPLETE
U260831-06232,21676,2026-08-31 08:52:28,744600,COMPLETE
U260814-06233,21676,2026-08-14 13:39:08,445500,COMPLETE
U250729-06234,21677,2025-07-29 20:55:17,69500,COMPLETE
U260425-06235,21678,2026-04-25 17:31:08,56500,COMPLETE
U240824-06236,21678,2024-08-24 20:17:22,143600,COMPLETE
U260319-06237,21679,2026-03-19 13:13:35,71800,COMPLETE
U250721-06238,21679,2025-07-21 09:50:16,147500,COMPLETE
U250601-06239,21679,2025-06-01 14:27:03,547000,COMPLETE
U250317-06240,21679,2025-03-17 20:36:36,46800,COMPLETE
U250102-06241,21679,2025-01-02 09:43:23,303200,CANCELED
U260505-06242,21679,2026-05-05 09:03:56,259900,COMPLETE
U260324-06243,21680,2026-03-24 16:55:21,71200,COMPLETE
U250516-06244,21680,2025-05-16 14:10:09,53500,RETURNED
U260207-06245,21682,2026-02-07 20:23:53,698100,COMPLETE
U251115-06246,21682,2025-11-15 22:37:18,315800,COMPLETE
U260515-06247,21682,2026-05-15 21:49:49,83200,COMPLETE
U260517-06248,21682,2026-05-17 21:08:12,318700,COMPLETE
U260901-06249,21682,2026-09-01 10:49:16,155400,COMPLETE
U260530-06250,21682,2026-05-30 21:47:32,69100,COMPLETE
U260405-06251,21683,2026-04-05 08:44:23,305500,COMPLETE
U260218-06252,21683,2026-02-18 20:18:12,48100,COMPLETE
U260414-06253,21683,2026-04-14 20:04:21,49500,COMPLETE
U260328-06254,21683,2026-03-28 19:33:55,60400,COMPLETE
U251228-06255,21683,2025-12-28 17:14:17,126400,COMPLETE
U260412-06256,21683,2026-04-12 15:09:12,93100,COMPLETE
U260627-06257,21683,2026-06-27 10:08:54,129900,COMPLETE
U251106-06258,21683,2025-11-06 14:21:33,72200,COMPLETE
U260728-06259,21683,2026-07-28 12:56:20,236700,COMPLETE
U260712-06260,21683,2026-07-12 13:04:13,186300,COMPLETE
U251215-06261,21684,2025-12-15 19:18:18,429700,RETURNED
U260522-06262,21684,2026-05-22 17:11:02,18700,COMPLETE
U260405-06263,21684,2026-04-05 23:33:59,83400,COMPLETE
U260127-06264,21684,2026-01-27 10:25:54,588200,COMPLETE
U260630-06265,21684,2026-06-30 12:37:34,207800,COMPLETE
U260815-06266,21685,2026-08-15 09:42:01,45800,COMPLETE
U260813-06267,21685,2026-08-13 00:02:03,53500,CANCELED
U260811-06268,21685,2026-08-11 19:18:44,386300,COMPLETE
U260717-06269,21686,2026-07-17 14:59:15,154700,COMPLETE
U260802-06270,21686,2026-08-02 22:46:15,234800,COMPLETE
U260516-06271,21686,2026-05-16 21:31:36,92600,RETURNED
U260525-06272,21686,2026-05-25 23:57:51,164900,COMPLETE
U260801-06273,21686,2026-08-01 19:42:40,61600,COMPLETE
U260222-06274,21686,2026-02-22 10:30:38,163200,COMPLETE
U260820-06275,21686,2026-08-20 16:41:21,66700,COMPLETE
U260518-06276,21686,2026-05-18 18:02:40,790200,COMPLETE
U260815-06277,21686,2026-08-15 23:42:02,189500,COMPLETE
U260316-06278,21686,2026-03-16 17:01:49,196200,COMPLETE
U260415-06279,21687,2026-04-15 14:59:27,524000,CANCELED
U241227-06280,21687,2024-12-27 12:55:33,350200,COMPLETE
U260208-06281,21687,2026-02-08 10:16:39,101800,COMPLETE
U250722-06282,21687,2025-07-22 22:55:59,410400,COMPLETE
U230213-06283,21687,2023-02-13 23:55:31,129500,COMPLETE
U250715-06284,21687,2025-07-15 13:24:20,555000,COMPLETE
U240215-06285,21687,2024-02-15 18:19:58,174400,COMPLETE
U240928-06286,21687,2024-09-28 20:45:52,526100,COMPLETE
U251105-06287,21687,2025-11-05 08:38:46,52500,COMPLETE
U240430-06288,21687,2024-04-30 20:49:23,50800,COMPLETE
U251226-06289,21688,2025-12-26 14:09:06,28500,COMPLETE
U260704-06290,21688,2026-07-04 18:18:47,767300,COMPLETE
U251111-06291,21688,2025-11-11 22:07:54,13700,COMPLETE
U250615-06292,21688,2025-06-15 21:11:09,76500,COMPLETE
U260517-06293,21688,2026-05-17 23:19:55,312500,COMPLETE
U250128-06294,21688,2025-01-28 19:04:21,332500,COMPLETE
U231015-06295,21688,2023-10-15 14:18:45,62700,COMPLETE
U241013-06296,21688,2024-10-13 15:13:24,17800,COMPLETE
U240620-06297,21688,2024-06-20 13:44:58,20900,COMPLETE
U260219-06298,21688,2026-02-19 15:31:23,87400,COMPLETE
U250528-06299,21688,2025-05-28 15:14:59,723300,COMPLETE
U251129-06300,21688,2025-11-29 16:44:54,62300,COMPLETE
U260703-06301,21689,2026-07-03 17:27:27,37700,COMPLETE
U260325-06302,21690,2026-03-25 10:30:40,205300,COMPLETE
U260510-06303,21690,2026-05-10 15:14:32,53200,COMPLETE
U260301-06304,21690,2026-03-01 17:44:43,62700,COMPLETE
U260522-06305,21690,2026-05-22 10:46:53,251300,COMPLETE
U250225-06306,21692,2025-02-25 13:16:19,279700,COMPLETE
U251029-06307,21693,2025-10-29 12:49:04,258800,COMPLETE
U251030-06308,21693,2025-10-30 16:43:25,408800,RETURNED
U251028-06309,21693,2025-10-28 16:09:23,139200,COMPLETE
U260829-06310,21694,2026-08-29 10:55:59,71300,COMPLETE
U260901-06311,21694,2026-09-01 15:24:23,375900,COMPLETE
U241207-06312,21695,2024-12-07 23:05:46,77600,COMPLETE
U240929-06313,21696,2024-09-29 21:26:11,193600,COMPLETE
U251122-06314,21697,2025-11-22 16:33:38,96100,COMPLETE
U251129-06315,21697,2025-11-29 16:43:42,418700,COMPLETE
U251229-06316,21697,2025-12-29 10:38:44,61600,COMPLETE
U260406-06317,21697,2026-04-06 15:19:41,231700,COMPLETE
U260518-06318,21697,2026-05-18 21:24:38,438000,COMPLETE
U251123-06319,21697,2025-11-23 21:34:51,140100,COMPLETE
U260708-06320,21697,2026-07-08 11:34:47,189700,COMPLETE
U251127-06321,21697,2025-11-27 09:14:08,328400,COMPLETE
U260318-06322,21697,2026-03-18 16:30:37,66100,COMPLETE
U260502-06323,21697,2026-05-02 15:37:00,1078200,COMPLETE
U260709-06324,21697,2026-07-09 15:25:25,336000,COMPLETE
U260706-06325,21697,2026-07-06 19:55:57,372600,COMPLETE
U251117-06326,21697,2025-11-17 16:27:25,668100,COMPLETE
U260731-06327,21697,2026-07-31 23:37:26,42300,COMPLETE
U260814-06328,21698,2026-08-14 18:48:57,93800,COMPLETE
U241230-06329,21699,2024-12-30 21:19:26,82200,COMPLETE
U250105-06330,21699,2025-01-05 16:57:30,51800,COMPLETE
U260819-06331,21700,2026-08-19 13:36:41,77100,COMPLETE
U260902-06332,21700,2026-09-02 11:36:48,106300,RETURNED
U260613-06333,21700,2026-06-13 19:19:01,209800,COMPLETE
U250717-06334,21700,2025-07-17 22:46:50,85200,COMPLETE
U250727-06335,21700,2025-07-27 12:21:35,52100,COMPLETE
U260626-06336,21700,2026-06-26 15:52:40,174200,COMPLETE
U260216-06337,21700,2026-02-16 13:37:14,102900,COMPLETE
U260521-06338,21700,2026-05-21 19:24:39,90800,COMPLETE
U260320-06339,21701,2026-03-20 22:17:13,168000,COMPLETE
U260219-06340,21701,2026-02-19 11:31:14,97600,COMPLETE
U251212-06341,21702,2025-12-12 00:07:12,39300,CANCELED
U260809-06342,21703,2026-08-09 22:05:57,109200,COMPLETE
U250902-06343,21704,2025-09-02 12:33:55,287700,COMPLETE
U240223-06344,21704,2024-02-23 21:37:08,26000,COMPLETE
U231117-06345,21704,2023-11-17 21:09:43,69300,COMPLETE
U250210-06346,21704,2025-02-10 19:44:33,78900,COMPLETE
U240723-06347,21704,2024-07-23 21:41:17,188400,COMPLETE
U260206-06348,21704,2026-02-06 22:20:15,47800,RETURNED
U241027-06349,21704,2024-10-27 17:17:08,15500,COMPLETE
U260331-06350,21704,2026-03-31 09:44:58,470500,COMPLETE
U260208-06351,21704,2026-02-08 17:27:31,70100,COMPLETE
U250302-06352,21704,2025-03-02 20:18:18,1145200,CANCELED
U241019-06353,21704,2024-10-19 15:41:12,68100,COMPLETE
U250704-06354,21704,2025-07-04 10:57:27,577900,COMPLETE
U260806-06355,21704,2026-08-06 23:05:58,34600,COMPLETE
U250225-06356,21704,2025-02-25 11:47:04,40700,COMPLETE
U250529-06357,21704,2025-05-29 23:41:58,312300,COMPLETE
U240327-06358,21704,2024-03-27 08:05:05,178100,COMPLETE
U260409-06359,21705,2026-04-09 12:15:14,26200,COMPLETE
U250519-06360,21705,2025-05-19 23:50:02,203100,COMPLETE
U241118-06361,21705,2024-11-18 11:09:24,130000,COMPLETE
U260206-06362,21705,2026-02-06 15:32:10,221800,COMPLETE
U260722-06363,21706,2026-07-22 22:51:21,37700,COMPLETE
U251031-06364,21707,2025-10-31 12:10:44,825600,COMPLETE
U241222-06365,21708,2024-12-22 17:45:56,103600,COMPLETE
U260817-06366,21708,2026-08-17 00:55:20,174000,COMPLETE
U260807-06367,21708,2026-08-07 20:02:32,316900,CANCELED
U260727-06368,21708,2026-07-27 13:02:10,268200,COMPLETE
U251129-06369,21709,2025-11-29 19:11:39,39400,COMPLETE
U250501-06370,21709,2025-05-01 12:39:31,238600,COMPLETE
U251202-06371,21709,2025-12-02 19:42:20,300600,RETURNED
U250506-06372,21709,2025-05-06 11:00:12,35600,COMPLETE
U250707-06373,21709,2025-07-07 10:57:24,179200,COMPLETE
U240825-06374,21709,2024-08-25 18:00:11,130400,COMPLETE
U231110-06375,21709,2023-11-10 21:51:41,328900,COMPLETE
U260610-06376,21709,2026-06-10 15:50:01,164600,COMPLETE
U250510-06377,21709,2025-05-10 21:01:15,42400,COMPLETE
U231124-06378,21709,2023-11-24 23:28:37,105700,COMPLETE
U260324-06379,21709,2026-03-24 14:09:31,11900,RETURNED
U230619-06380,21709,2023-06-19 19:43:10,154800,COMPLETE
U260702-06381,21709,2026-07-02 20:07:19,45000,COMPLETE
U260510-06382,21709,2026-05-10 19:11:08,211800,COMPLETE
U240610-06383,21709,2024-06-10 09:31:06,141600,COMPLETE
U260731-06384,21709,2026-07-31 14:53:18,79500,COMPLETE
U251201-06385,21709,2025-12-01 22:29:59,15800,COMPLETE
U251205-06386,21709,2025-12-05 09:45:25,75400,COMPLETE
U260517-06387,21709,2026-05-17 21:55:37,153800,COMPLETE
U260625-06388,21709,2026-06-25 23:27:26,108600,COMPLETE
U250601-06389,21710,2025-06-01 14:30:35,203000,COMPLETE
U241027-06390,21710,2024-10-27 18:54:40,438200,COMPLETE
U260307-06391,21710,2026-03-07 12:02:51,191500,COMPLETE
U250717-06392,21710,2025-07-17 18:35:28,92700,COMPLETE
U240717-06393,21710,2024-07-17 18:53:11,882000,COMPLETE
U260131-06394,21711,2026-01-31 12:21:08,107000,COMPLETE
U231219-06395,21711,2023-12-19 23:31:42,31300,COMPLETE
U260515-06396,21711,2026-05-15 16:26:30,235500,COMPLETE
U260113-06397,21712,2026-01-13 19:23:55,703000,COMPLETE
U260110-06398,21712,2026-01-10 09:43:13,79400,COMPLETE
U250714-06399,21713,2025-07-14 14:33:33,58600,COMPLETE
U240902-06400,21713,2024-09-02 14:38:33,317200,COMPLETE
U260815-06401,21714,2026-08-15 19:00:31,115400,COMPLETE
U260314-06402,21715,2026-03-14 11:48:43,188400,COMPLETE
U260619-06403,21715,2026-06-19 10:03:04,189100,CANCELED
U260701-06404,21715,2026-07-01 23:51:09,72600,COMPLETE
U250921-06405,21715,2025-09-21 08:47:19,104600,COMPLETE
U260620-06406,21717,2026-06-20 12:48:00,238800,COMPLETE
U260223-06407,21717,2026-02-23 11:55:26,245500,COMPLETE
U250602-06408,21718,2025-06-02 21:23:30,48800,COMPLETE
U250618-06409,21718,2025-06-18 18:57:22,71900,COMPLETE
U251025-06410,21719,2025-10-25 15:43:44,506000,COMPLETE
U251026-06411,21719,2025-10-26 18:30:34,28500,COMPLETE
U251026-06412,21719,2025-10-26 17:47:21,99600,COMPLETE
U260730-06413,21721,2026-07-30 22:47:05,39600,COMPLETE
U260313-06414,21722,2026-03-13 23:47:08,59200,RETURNED
U251223-06415,21723,2025-12-23 20:52:39,44300,COMPLETE
U230727-06416,21724,2023-07-27 22:50:43,95500,COMPLETE
U240108-06417,21724,2024-01-08 21:09:07,117000,COMPLETE
U260223-06418,21724,2026-02-23 19:31:25,317800,COMPLETE
U250824-06419,21724,2025-08-24 13:56:41,250500,CANCELED
U260731-06420,21725,2026-07-31 14:25:47,41700,COMPLETE
U250703-06421,21726,2025-07-03 19:18:20,79900,COMPLETE
U250826-06422,21727,2025-08-26 17:16:56,44000,COMPLETE
U250123-06423,21727,2025-01-23 19:42:46,63400,COMPLETE
U260803-06424,21727,2026-08-03 13:59:26,45900,COMPLETE
U250314-06425,21727,2025-03-14 18:10:08,149100,COMPLETE
U240813-06426,21727,2024-08-13 21:28:41,173900,COMPLETE
U240327-06427,21727,2024-03-27 12:09:31,78400,CANCELED
U260819-06428,21727,2026-08-19 23:17:13,82000,RETURNED
U260816-06429,21727,2026-08-16 14:56:16,35000,COMPLETE
U260322-06430,21727,2026-03-22 00:56:21,80700,COMPLETE
U260412-06431,21727,2026-04-12 16:30:21,63800,CANCELED
U241231-06432,21727,2024-12-31 10:09:29,65700,COMPLETE
U231113-06433,21727,2023-11-13 17:35:58,170600,COMPLETE
U241213-06434,21727,2024-12-13 23:08:37,212600,CANCELED
U260107-06435,21727,2026-01-07 18:29:04,255900,COMPLETE
U260701-06436,21727,2026-07-01 18:48:39,89700,COMPLETE
U260711-06437,21727,2026-07-11 00:33:00,145600,COMPLETE
U260223-06438,21727,2026-02-23 19:52:05,210900,COMPLETE
U260408-06439,21727,2026-04-08 14:40:02,296300,COMPLETE
U260731-06440,21728,2026-07-31 11:17:17,166200,CANCELED
U260820-06441,21728,2026-08-20 19:11:04,36100,COMPLETE
U260512-06442,21729,2026-05-12 21:08:13,492200,COMPLETE
U240314-06443,21730,2024-03-14 21:55:04,325500,COMPLETE
U260805-06444,21731,2026-08-05 15:13:44,183700,COMPLETE
U260521-06445,21731,2026-05-21 19:33:57,23700,COMPLETE
U260311-06446,21731,2026-03-11 20:23:59,86800,COMPLETE
U260317-06447,21732,2026-03-17 20:28:58,27300,COMPLETE
U230317-06448,21733,2023-03-17 21:49:31,66700,CANCELED
U250503-06449,21733,2025-05-03 20:52:01,247200,COMPLETE
U250410-06450,21733,2025-04-10 23:34:44,43600,COMPLETE
U250729-06451,21733,2025-07-29 17:59:45,148000,CANCELED
U251021-06452,21733,2025-10-21 16:22:50,28500,COMPLETE
U240706-06453,21733,2024-07-06 18:50:26,388500,COMPLETE
U250629-06454,21733,2025-06-29 12:28:41,240800,COMPLETE
U240224-06455,21733,2024-02-24 22:23:18,245500,COMPLETE
U250307-06456,21733,2025-03-07 19:38:46,232400,COMPLETE
U231215-06457,21733,2023-12-15 15:55:32,62700,COMPLETE
U260818-06458,21733,2026-08-18 14:28:13,20700,COMPLETE
U260817-06459,21733,2026-08-17 12:04:35,45600,COMPLETE
U240509-06460,21733,2024-05-09 15:54:30,155700,COMPLETE
U250313-06461,21733,2025-03-13 13:34:01,107200,COMPLETE
U241015-06462,21733,2024-10-15 15:21:29,14600,COMPLETE
U260327-06463,21733,2026-03-27 20:15:37,48800,COMPLETE
U260827-06464,21733,2026-08-27 19:42:44,327100,COMPLETE
U250223-06465,21733,2025-02-23 14:55:33,343000,COMPLETE
U260321-06466,21734,2026-03-21 22:16:30,149800,COMPLETE
U250619-06467,21734,2025-06-19 00:28:12,88600,COMPLETE
U240930-06468,21735,2024-09-30 19:12:02,312400,COMPLETE
U240929-06469,21735,2024-09-29 11:33:51,218300,CANCELED
U240928-06470,21735,2024-09-28 21:06:58,18200,COMPLETE
U260207-06471,21737,2026-02-07 00:19:31,509600,COMPLETE
U260807-06472,21737,2026-08-07 15:04:31,293400,COMPLETE
U260825-06473,21737,2026-08-25 23:53:41,63400,COMPLETE
U250102-06474,21738,2025-01-02 10:58:16,139400,COMPLETE
U241231-06475,21738,2024-12-31 17:57:31,148400,COMPLETE
U260624-06476,21739,2026-06-24 12:48:36,504400,COMPLETE
U260524-06477,21739,2026-05-24 17:37:19,164700,COMPLETE
U251119-06478,21739,2025-11-19 21:22:33,127300,COMPLETE
U260504-06479,21741,2026-05-04 20:44:27,91100,COMPLETE
U250522-06480,21741,2025-05-22 13:48:35,41800,COMPLETE
U260718-06481,21741,2026-07-18 21:09:23,90600,RETURNED
U260207-06482,21742,2026-02-07 11:37:15,136500,COMPLETE
U260702-06483,21742,2026-07-02 20:10:33,145400,COMPLETE
U250707-06484,21742,2025-07-07 19:15:00,39700,COMPLETE
U260227-06485,21742,2026-02-27 12:31:06,29800,COMPLETE
U251023-06486,21742,2025-10-23 20:32:57,177700,COMPLETE
U240620-06487,21742,2024-06-20 16:54:28,331000,COMPLETE
U230911-06488,21742,2023-09-11 19:10:47,261200,COMPLETE
U240511-06489,21743,2024-05-11 20:02:30,18900,COMPLETE
U260715-06490,21744,2026-07-15 12:17:39,520200,COMPLETE
U260821-06491,21744,2026-08-21 20:29:40,44100,COMPLETE
U260318-06492,21744,2026-03-18 11:21:22,278600,COMPLETE
U260305-06493,21744,2026-03-05 13:30:58,58600,COMPLETE
U260101-06494,21745,2026-01-01 15:14:48,102700,COMPLETE
U260809-06495,21745,2026-08-09 12:20:02,500400,COMPLETE
U250217-06496,21746,2025-02-17 21:27:12,39500,COMPLETE
U250216-06497,21746,2025-02-16 10:24:25,99700,COMPLETE
U260508-06498,21747,2026-05-08 20:27:30,162200,CANCELED
U241225-06499,21747,2024-12-25 09:45:35,318100,COMPLETE
U240924-06500,21747,2024-09-24 22:46:49,192200,COMPLETE
U240320-06501,21747,2024-03-20 20:42:35,243400,COMPLETE
U260616-06502,21749,2026-06-16 21:00:19,107100,COMPLETE
U260122-06503,21749,2026-01-22 23:00:23,168700,COMPLETE
U251118-06504,21749,2025-11-18 19:31:18,401300,COMPLETE
U260602-06505,21750,2026-06-02 17:57:36,41800,COMPLETE
U251226-06506,21750,2025-12-26 13:47:20,449200,COMPLETE
U260718-06507,21750,2026-07-18 08:29:05,278500,COMPLETE
U260412-06508,21750,2026-04-12 21:15:02,625100,CANCELED
U260104-06509,21750,2026-01-04 21:02:43,1227200,COMPLETE
U260801-06510,21750,2026-08-01 15:47:00,434800,RETURNED
U251203-06511,21750,2025-12-03 13:58:44,347900,CANCELED
U260210-06512,21750,2026-02-10 10:51:06,111100,COMPLETE
U260711-06513,21751,2026-07-11 22:16:29,60200,COMPLETE
U260208-06514,21751,2026-02-08 20:00:44,232100,COMPLETE
U260827-06515,21751,2026-08-27 08:59:30,233100,COMPLETE
U260312-06516,21751,2026-03-12 17:42:14,145100,COMPLETE
U241013-06517,21752,2024-10-13 22:09:11,27700,COMPLETE
U260305-06518,21753,2026-03-05 20:48:22,94300,RETURNED
U260719-06519,21754,2026-07-19 21:45:45,60000,COMPLETE
U260618-06520,21754,2026-06-18 21:00:27,212400,COMPLETE
U250511-06521,21755,2025-05-11 22:21:17,190600,COMPLETE
U250108-06522,21755,2025-01-08 11:45:24,40500,COMPLETE
U250606-06523,21755,2025-06-06 00:43:54,58100,COMPLETE
U250708-06524,21755,2025-07-08 11:46:48,482400,COMPLETE
U260831-06525,21756,2026-08-31 20:34:13,99200,COMPLETE
U260903-06526,21756,2026-09-03 10:58:43,111400,COMPLETE
U260902-06527,21756,2026-09-02 09:58:32,78000,CANCELED
U260823-06528,21756,2026-08-23 10:28:42,1235000,COMPLETE
U260812-06529,21756,2026-08-12 16:12:51,496100,COMPLETE
U260820-06530,21756,2026-08-20 14:18:02,45500,CANCELED
U260825-06531,21756,2026-08-25 17:45:13,69000,CANCELED
U260825-06532,21756,2026-08-25 19:58:45,403600,CANCELED
U260821-06533,21756,2026-08-21 21:49:31,164900,COMPLETE
U260811-06534,21756,2026-08-11 18:06:51,240600,COMPLETE
U260218-06535,21757,2026-02-18 23:17:27,25700,COMPLETE
U251228-06536,21757,2025-12-28 21:02:15,339300,COMPLETE
U260901-06537,21758,2026-09-01 12:05:35,129100,CANCELED
U260827-06538,21758,2026-08-27 14:33:32,60600,COMPLETE
U260901-06539,21758,2026-09-01 20:11:13,92900,COMPLETE
U260828-06540,21758,2026-08-28 20:49:27,122000,COMPLETE
U260901-06541,21758,2026-09-01 22:06:07,36500,COMPLETE
U260831-06542,21758,2026-08-31 08:00:28,19200,COMPLETE
U260827-06543,21758,2026-08-27 10:16:29,198100,COMPLETE
U260831-06544,21758,2026-08-31 18:56:04,334100,COMPLETE
U260831-06545,21758,2026-08-31 10:34:29,287300,COMPLETE
U260828-06546,21758,2026-08-28 08:35:40,21900,COMPLETE
U260831-06547,21758,2026-08-31 21:04:05,100000,COMPLETE
U260901-06548,21758,2026-09-01 13:31:32,78900,COMPLETE
U260709-06549,21760,2026-07-09 19:23:33,37400,COMPLETE
U241120-06550,21760,2024-11-20 09:49:33,117800,COMPLETE
U240817-06551,21760,2024-08-17 17:42:15,192200,COMPLETE
U251130-06552,21760,2025-11-30 11:53:34,27300,COMPLETE
U260804-06553,21761,2026-08-04 19:13:29,395000,COMPLETE
U260705-06554,21761,2026-07-05 21:55:45,134000,CANCELED
U260827-06555,21761,2026-08-27 18:11:00,271100,COMPLETE
U251224-06556,21762,2025-12-24 16:46:29,50900,COMPLETE
U260531-06557,21762,2026-05-31 18:44:23,57700,COMPLETE
U260307-06558,21762,2026-03-07 15:59:30,232400,COMPLETE
U260204-06559,21762,2026-02-04 09:05:46,214200,COMPLETE
U250923-06560,21762,2025-09-23 09:46:06,268200,COMPLETE
U251013-06561,21762,2025-10-13 22:48:18,87400,COMPLETE
U260727-06562,21762,2026-07-27 20:03:29,96300,COMPLETE
U250111-06563,21762,2025-01-11 18:35:23,57700,COMPLETE
U260808-06564,21764,2026-08-08 14:15:53,280000,COMPLETE
U260901-06565,21765,2026-09-01 09:26:02,228400,COMPLETE
U260827-06566,21765,2026-08-27 20:50:40,207900,COMPLETE
U260808-06567,21765,2026-08-08 19:31:41,43600,COMPLETE
U260614-06568,21766,2026-06-14 17:38:41,278300,COMPLETE
U251113-06569,21766,2025-11-13 19:38:04,151700,COMPLETE
U260205-06570,21766,2026-02-05 18:50:50,254000,COMPLETE
U260305-06571,21766,2026-03-05 13:32:49,75600,CANCELED
U241030-06572,21766,2024-10-30 12:01:58,283000,COMPLETE
U260125-06573,21767,2026-01-25 19:04:42,427100,COMPLETE
U260108-06574,21768,2026-01-08 09:24:19,351800,COMPLETE
U260706-06575,21768,2026-07-06 13:32:35,213900,COMPLETE
U260623-06576,21768,2026-06-23 20:52:57,56000,COMPLETE
U241230-06577,21769,2024-12-30 12:31:43,120800,COMPLETE
U240228-06578,21769,2024-02-28 21:24:41,53000,COMPLETE
U260301-06579,21770,2026-03-01 22:11:42,93600,COMPLETE
U260612-06580,21772,2026-06-12 21:00:50,328900,COMPLETE
U260825-06581,21772,2026-08-25 12:52:33,140300,COMPLETE
U260521-06582,21772,2026-05-21 21:50:23,35900,COMPLETE
U260119-06583,21772,2026-01-19 09:40:47,132700,COMPLETE
U260725-06584,21772,2026-07-25 13:08:24,75900,COMPLETE
U260902-06585,21772,2026-09-02 13:05:04,42600,COMPLETE
U260722-06586,21772,2026-07-22 00:22:08,48400,COMPLETE
U260516-06587,21773,2026-05-16 12:05:10,57500,COMPLETE
U250617-06588,21773,2025-06-17 23:50:11,85500,COMPLETE
U260102-06589,21773,2026-01-02 12:51:39,196200,RETURNED
U250727-06590,21773,2025-07-27 21:44:49,37200,COMPLETE
U250101-06591,21773,2025-01-01 14:53:41,739500,COMPLETE
U260519-06592,21773,2026-05-19 14:10:55,431900,COMPLETE
U241201-06593,21773,2024-12-01 21:19:32,205600,COMPLETE
U260510-06594,21773,2026-05-10 10:39:10,428700,COMPLETE
U250916-06595,21773,2025-09-16 19:14:28,65700,COMPLETE
U260109-06596,21773,2026-01-09 09:42:25,85600,RETURNED
U260204-06597,21774,2026-02-04 18:01:06,41500,COMPLETE
U260420-06598,21774,2026-04-20 13:27:15,231200,COMPLETE
U251118-06599,21774,2025-11-18 15:53:23,49100,COMPLETE
U250102-06600,21774,2025-01-02 11:45:04,97200,COMPLETE
U260409-06601,21774,2026-04-09 08:55:44,43700,COMPLETE
U260709-06602,21775,2026-07-09 11:53:17,160300,COMPLETE
U260609-06603,21775,2026-06-09 21:19:40,163400,COMPLETE
U260705-06604,21775,2026-07-05 00:59:47,70000,COMPLETE
U260723-06605,21775,2026-07-23 22:06:14,51900,RETURNED
U260714-06606,21775,2026-07-14 13:53:39,175000,COMPLETE
U260827-06607,21775,2026-08-27 19:34:51,31000,COMPLETE
U260702-06608,21775,2026-07-02 20:38:47,440000,COMPLETE
U260621-06609,21775,2026-06-21 11:06:49,340700,COMPLETE
U260421-06610,21775,2026-04-21 15:28:13,141300,COMPLETE
U260716-06611,21775,2026-07-16 20:06:10,226000,COMPLETE
U260724-06612,21775,2026-07-24 20:40:12,157700,COMPLETE
U260813-06613,21775,2026-08-13 21:43:50,25800,COMPLETE
U260803-06614,21775,2026-08-03 08:40:20,546300,COMPLETE
U260518-06615,21775,2026-05-18 12:09:14,97500,COMPLETE
U250309-06616,21776,2025-03-09 18:30:25,259700,COMPLETE
U260803-06617,21776,2026-08-03 16:45:46,255900,COMPLETE
U260719-06618,21778,2026-07-19 23:51:52,81000,COMPLETE
U260705-06619,21778,2026-07-05 19:00:15,27700,CANCELED
U260720-06620,21778,2026-07-20 20:51:55,51400,COMPLETE
U251207-06621,21779,2025-12-07 22:45:46,118400,COMPLETE
U240425-06622,21779,2024-04-25 17:39:23,111700,RETURNED
U260430-06623,21779,2026-04-30 15:04:29,70900,COMPLETE
U260204-06624,21780,2026-02-04 12:01:14,256800,COMPLETE
U260204-06625,21780,2026-02-04 20:35:43,270900,COMPLETE
U260205-06626,21780,2026-02-05 09:07:00,183000,CANCELED
U250121-06627,21781,2025-01-21 14:39:58,254700,COMPLETE
U260317-06628,21782,2026-03-17 14:31:16,132600,RETURNED
U260829-06629,21782,2026-08-29 16:25:59,321100,COMPLETE
U251219-06630,21782,2025-12-19 19:53:45,131500,COMPLETE
U260822-06631,21783,2026-08-22 17:23:29,165200,CANCELED
U260823-06632,21783,2026-08-23 18:56:05,288200,COMPLETE
U260826-06633,21783,2026-08-26 15:30:13,69300,COMPLETE
U260826-06634,21783,2026-08-26 13:30:53,260400,COMPLETE
U260826-06635,21783,2026-08-26 20:27:19,126500,COMPLETE
U260813-06636,21783,2026-08-13 23:09:23,137400,RETURNED
U260811-06637,21783,2026-08-11 13:32:24,180800,COMPLETE
U260830-06638,21783,2026-08-30 21:15:44,117100,COMPLETE
U260902-06639,21783,2026-09-02 19:20:56,337700,COMPLETE
U260809-06640,21783,2026-08-09 12:04:00,215000,COMPLETE
U250802-06641,21784,2025-08-02 11:21:33,69200,COMPLETE
U231223-06642,21784,2023-12-23 22:10:06,211900,COMPLETE
U240818-06643,21784,2024-08-18 10:40:37,11000,COMPLETE
U260728-06644,21785,2026-07-28 20:14:39,43000,COMPLETE
U260307-06645,21785,2026-03-07 12:13:59,31100,COMPLETE
U260812-06646,21786,2026-08-12 20:53:36,263900,COMPLETE
U250826-06647,21787,2025-08-26 20:47:49,78500,COMPLETE
U260305-06648,21788,2026-03-05 22:59:05,305100,COMPLETE
U260729-06649,21788,2026-07-29 15:34:58,45800,COMPLETE
U251224-06650,21788,2025-12-24 18:06:25,31000,CANCELED
U250123-06651,21788,2025-01-23 15:49:05,503200,COMPLETE
U260714-06652,21790,2026-07-14 18:49:30,322500,COMPLETE
U260605-06653,21790,2026-06-05 14:21:07,402400,COMPLETE
U250413-06654,21791,2025-04-13 13:01:05,42600,CANCELED
U251022-06655,21791,2025-10-22 09:57:13,18000,COMPLETE
U250401-06656,21791,2025-04-01 11:18:15,348000,RETURNED
U260602-06657,21791,2026-06-02 14:15:35,389300,COMPLETE
U250310-06658,21791,2025-03-10 14:30:25,194500,COMPLETE
U260526-06659,21791,2026-05-26 13:57:43,224300,COMPLETE
U260828-06660,21792,2026-08-28 20:01:34,86900,CANCELED
U260803-06661,21792,2026-08-03 09:08:02,278000,COMPLETE
U251207-06662,21794,2025-12-07 22:30:09,224200,COMPLETE
U260708-06663,21795,2026-07-08 14:26:06,194400,COMPLETE
U260810-06664,21795,2026-08-10 22:32:17,19700,COMPLETE
U260622-06665,21795,2026-06-22 12:26:11,358500,RETURNED
U260720-06666,21795,2026-07-20 13:58:32,270500,COMPLETE
U260420-06667,21795,2026-04-20 18:24:40,370400,COMPLETE
U250701-06668,21796,2025-07-01 12:44:58,106200,COMPLETE
U250721-06669,21796,2025-07-21 19:57:02,104600,CANCELED
U260825-06670,21797,2026-08-25 23:12:28,57800,COMPLETE
U260829-06671,21797,2026-08-29 00:55:32,76200,COMPLETE
U260826-06672,21797,2026-08-26 21:13:04,72000,COMPLETE
U250428-06673,21798,2025-04-28 10:49:08,101800,COMPLETE
U251006-06674,21799,2025-10-06 00:13:19,609800,COMPLETE
U260404-06675,21800,2026-04-04 17:55:03,227900,COMPLETE
U251219-06676,21800,2025-12-19 22:49:43,603200,COMPLETE
U240204-06677,21801,2024-02-04 08:50:28,691300,COMPLETE
U240206-06678,21801,2024-02-06 22:55:21,49600,COMPLETE
U250803-06679,21802,2025-08-03 14:03:03,296200,COMPLETE
U260816-06680,21802,2026-08-16 18:43:08,60100,COMPLETE
U260613-06681,21802,2026-06-13 21:06:52,197500,COMPLETE
U230607-06682,21802,2023-06-07 23:24:09,152100,CANCELED
U260305-06683,21802,2026-03-05 17:29:46,63800,COMPLETE
U230526-06684,21802,2023-05-26 17:39:27,136500,COMPLETE
U240713-06685,21802,2024-07-13 09:07:11,135200,CANCELED
U220715-06686,21802,2022-07-15 21:01:01,77800,COMPLETE
U241009-06687,21802,2024-10-09 11:59:37,42300,COMPLETE
U250930-06688,21802,2025-09-30 23:56:21,87000,COMPLETE
U260627-06689,21803,2026-06-27 21:14:51,429500,COMPLETE
U260625-06690,21803,2026-06-25 09:03:05,87000,COMPLETE
U240809-06691,21804,2024-08-09 12:09:03,107400,COMPLETE
U260628-06692,21804,2026-06-28 20:55:34,48900,COMPLETE
U260518-06693,21804,2026-05-18 10:13:50,301000,COMPLETE
U250119-06694,21804,2025-01-19 20:43:10,310200,COMPLETE
U260808-06695,21805,2026-08-08 15:53:45,12500,RETURNED
U260901-06696,21806,2026-09-01 20:07:19,243600,COMPLETE
U260818-06697,21806,2026-08-18 22:07:16,49000,COMPLETE
U260826-06698,21806,2026-08-26 09:16:57,701200,COMPLETE
U260822-06699,21806,2026-08-22 19:36:39,173100,COMPLETE
U260828-06700,21806,2026-08-28 20:01:03,339100,COMPLETE
U260828-06701,21807,2026-08-28 11:39:21,233100,COMPLETE
U260116-06702,21807,2026-01-16 10:52:00,22200,COMPLETE
U260612-06703,21807,2026-06-12 15:21:48,138500,COMPLETE
U260820-06704,21807,2026-08-20 23:23:27,162100,COMPLETE
U260220-06705,21807,2026-02-20 23:07:12,69500,COMPLETE
U260501-06706,21807,2026-05-01 13:34:28,51700,COMPLETE
U260524-06707,21807,2026-05-24 21:01:20,198300,CANCELED
U260704-06708,21807,2026-07-04 14:34:51,40400,COMPLETE
U260718-06709,21809,2026-07-18 20:58:42,49400,COMPLETE
U260719-06710,21809,2026-07-19 11:45:41,169700,COMPLETE
U260826-06711,21810,2026-08-26 16:30:59,28900,COMPLETE
U260829-06712,21810,2026-08-29 08:21:23,352800,COMPLETE
U260807-06713,21810,2026-08-07 20:00:19,117900,COMPLETE
U260627-06714,21810,2026-06-27 17:28:21,84600,COMPLETE
U260802-06715,21810,2026-08-02 11:31:46,29000,COMPLETE
U260627-06716,21810,2026-06-27 09:06:18,50200,COMPLETE
U260806-06717,21810,2026-08-06 16:50:48,499000,COMPLETE
U260715-06718,21810,2026-07-15 14:46:42,42100,COMPLETE
U260203-06719,21811,2026-02-03 21:22:53,104900,COMPLETE
U260206-06720,21811,2026-02-06 20:18:43,168300,CANCELED
U260114-06721,21812,2026-01-14 16:02:24,81200,COMPLETE
U250910-06722,21813,2025-09-10 19:38:19,53600,COMPLETE
U250318-06723,21813,2025-03-18 21:56:48,274800,COMPLETE
U260512-06724,21813,2026-05-12 08:44:43,201900,COMPLETE
U260902-06725,21813,2026-09-02 15:11:34,179100,COMPLETE
U250402-06726,21813,2025-04-02 15:43:13,58900,COMPLETE
U250411-06727,21814,2025-04-11 10:49:50,170500,COMPLETE
U260814-06728,21815,2026-08-14 14:07:24,55500,COMPLETE
U260610-06729,21815,2026-06-10 17:08:32,137700,COMPLETE
U260601-06730,21815,2026-06-01 10:24:45,722100,COMPLETE
U260719-06731,21815,2026-07-19 12:33:46,40700,COMPLETE
U260723-06732,21815,2026-07-23 19:20:01,334200,COMPLETE
U260222-06733,21815,2026-02-22 22:58:59,272200,COMPLETE
U260316-06734,21815,2026-03-16 23:53:08,656100,CANCELED
U251215-06735,21815,2025-12-15 12:16:20,84100,RETURNED
U250628-06736,21817,2025-06-28 14:12:51,159700,COMPLETE
U250214-06737,21817,2025-02-14 12:40:15,140400,COMPLETE
U251015-06738,21817,2025-10-15 08:30:31,282500,COMPLETE
U250822-06739,21817,2025-08-22 11:16:25,29400,COMPLETE
U241025-06740,21817,2024-10-25 22:27:43,338300,COMPLETE
U251205-06741,21817,2025-12-05 20:45:44,214400,COMPLETE
U250813-06742,21817,2025-08-13 23:01:02,319600,COMPLETE
U240714-06743,21817,2024-07-14 20:29:24,85300,COMPLETE
U260708-06744,21817,2026-07-08 20:27:16,247000,COMPLETE
U250611-06745,21817,2025-06-11 19:54:18,172200,COMPLETE
U240308-06746,21817,2024-03-08 22:51:35,37200,COMPLETE
U240914-06747,21817,2024-09-14 15:19:28,121000,COMPLETE
U260216-06748,21818,2026-02-16 12:00:17,84000,COMPLETE
U250421-06749,21818,2025-04-21 20:08:29,153600,COMPLETE
U260425-06750,21819,2026-04-25 22:47:51,142800,COMPLETE
U260405-06751,21819,2026-04-05 12:44:30,214100,COMPLETE
U260707-06752,21819,2026-07-07 08:38:58,572900,COMPLETE
U260623-06753,21819,2026-06-23 13:14:01,278700,COMPLETE
U260408-06754,21819,2026-04-08 16:07:39,116200,COMPLETE
U260518-06755,21819,2026-05-18 15:28:33,33700,COMPLETE
U260728-06756,21819,2026-07-28 23:42:06,37700,RETURNED
U260715-06757,21819,2026-07-15 17:59:29,43200,COMPLETE
U260610-06758,21819,2026-06-10 10:32:19,153100,CANCELED
U260712-06759,21819,2026-07-12 18:47:43,482800,COMPLETE
U260716-06760,21820,2026-07-16 13:12:52,37400,COMPLETE
U260725-06761,21820,2026-07-25 23:51:13,52100,COMPLETE
U260130-06762,21822,2026-01-30 11:39:25,370000,COMPLETE
U260816-06763,21823,2026-08-16 22:15:55,73200,COMPLETE
U260823-06764,21824,2026-08-23 21:06:48,179900,COMPLETE
U260514-06765,21824,2026-05-14 19:38:52,21000,COMPLETE
U260709-06766,21824,2026-07-09 14:27:14,211200,COMPLETE
U260418-06767,21824,2026-04-18 21:53:53,122600,CANCELED
U260222-06768,21824,2026-02-22 23:19:22,438800,CANCELED
U260113-06769,21824,2026-01-13 17:34:09,195800,COMPLETE
U260902-06770,21824,2026-09-02 17:24:32,34200,COMPLETE
U260812-06771,21824,2026-08-12 15:49:39,45700,COMPLETE
U260703-06772,21824,2026-07-03 21:20:51,234200,COMPLETE
U260902-06773,21824,2026-09-02 10:59:48,132600,COMPLETE
U260403-06774,21824,2026-04-03 11:07:11,420200,COMPLETE
U260506-06775,21824,2026-05-06 19:59:03,903500,CANCELED
U251111-06776,21824,2025-11-11 17:50:49,34700,COMPLETE
U260227-06777,21824,2026-02-27 19:41:29,79900,COMPLETE
U260511-06778,21826,2026-05-11 08:02:08,547300,COMPLETE
U260509-06779,21827,2026-05-09 08:56:51,70800,COMPLETE
U260819-06780,21827,2026-08-19 18:46:11,292200,COMPLETE
U260827-06781,21827,2026-08-27 08:44:40,101900,COMPLETE
U260508-06782,21827,2026-05-08 09:23:54,712500,COMPLETE
U260825-06783,21827,2026-08-25 22:15:55,298800,COMPLETE
U260626-06784,21828,2026-06-26 22:39:41,114400,COMPLETE
U260713-06785,21828,2026-07-13 19:26:46,30600,COMPLETE
U260613-06786,21828,2026-06-13 21:38:11,80500,COMPLETE
U260729-06787,21828,2026-07-29 22:51:42,112200,CANCELED
U260713-06788,21828,2026-07-13 10:16:05,50400,COMPLETE
U260828-06789,21828,2026-08-28 21:10:21,15200,COMPLETE
U260826-06790,21828,2026-08-26 13:01:32,279400,COMPLETE
U260608-06791,21828,2026-06-08 13:58:35,97700,RETURNED
U260614-06792,21828,2026-06-14 18:31:13,73700,COMPLETE
U260816-06793,21828,2026-08-16 13:18:39,49800,COMPLETE
U260714-06794,21828,2026-07-14 13:33:11,69500,COMPLETE
U260831-06795,21828,2026-08-31 16:35:42,127700,COMPLETE
U260804-06796,21828,2026-08-04 21:04:13,143300,COMPLETE
U260707-06797,21828,2026-07-07 13:14:50,44600,COMPLETE
U260827-06798,21828,2026-08-27 22:15:38,96700,COMPLETE
U260614-06799,21828,2026-06-14 09:57:46,17400,COMPLETE
U260827-06800,21829,2026-08-27 23:40:00,342500,COMPLETE
U260818-06801,21829,2026-08-18 16:01:22,42900,COMPLETE
U260830-06802,21829,2026-08-30 12:10:27,145800,COMPLETE
U260731-06803,21829,2026-07-31 20:16:43,53600,COMPLETE
U260729-06804,21829,2026-07-29 20:21:11,197700,COMPLETE
U260812-06805,21829,2026-08-12 18:19:37,245400,COMPLETE
U260210-06806,21830,2026-02-10 15:36:50,78600,COMPLETE
U240801-06807,21831,2024-08-01 11:25:22,376700,COMPLETE
U250414-06808,21831,2025-04-14 20:10:03,911200,COMPLETE
U260814-06809,21832,2026-08-14 22:25:13,653200,COMPLETE
U260824-06810,21832,2026-08-24 18:18:28,206500,RETURNED
U260621-06811,21832,2026-06-21 16:24:14,188200,COMPLETE
U260629-06812,21832,2026-06-29 22:33:08,97800,COMPLETE
U260328-06813,21833,2026-03-28 22:45:43,111900,COMPLETE
U260613-06814,21833,2026-06-13 16:57:17,275000,COMPLETE
U260325-06815,21833,2026-03-25 12:33:19,250800,COMPLETE
U260509-06816,21835,2026-05-09 21:42:27,35500,COMPLETE
U260327-06817,21836,2026-03-27 19:24:47,424300,COMPLETE
U250709-06818,21836,2025-07-09 19:41:23,136700,COMPLETE
U260826-06819,21838,2026-08-26 18:29:18,74300,COMPLETE
U260826-06820,21838,2026-08-26 23:11:34,325200,COMPLETE
U260820-06821,21838,2026-08-20 21:12:55,213200,COMPLETE
U260826-06822,21838,2026-08-26 10:52:50,225200,COMPLETE
U260215-06823,21839,2026-02-15 19:39:58,13000,COMPLETE
U251227-06824,21839,2025-12-27 18:19:40,142000,COMPLETE
U260331-06825,21840,2026-03-31 23:51:40,35800,COMPLETE
U260324-06826,21841,2026-03-24 10:51:32,61700,COMPLETE
U241121-06827,21841,2024-11-21 19:09:24,116400,CANCELED
U251008-06828,21841,2025-10-08 14:14:57,55800,COMPLETE
U251225-06829,21841,2025-12-25 20:20:43,750600,COMPLETE
U260719-06830,21842,2026-07-19 23:16:46,119600,COMPLETE
U260108-06831,21842,2026-01-08 19:05:01,400000,COMPLETE
U260331-06832,21842,2026-03-31 21:48:21,39600,COMPLETE
U260415-06833,21843,2026-04-15 21:41:18,65300,COMPLETE
U260226-06834,21843,2026-02-26 21:31:04,82300,COMPLETE
U260329-06835,21843,2026-03-29 16:18:03,75400,CANCELED
U250211-06836,21843,2025-02-11 13:55:28,324700,COMPLETE
U251112-06837,21843,2025-11-12 23:12:09,1015200,RETURNED
U251206-06838,21843,2025-12-06 20:17:02,270700,COMPLETE
U260121-06839,21843,2026-01-21 18:37:59,63500,COMPLETE
U251010-06840,21843,2025-10-10 23:41:33,98200,COMPLETE
U260416-06841,21844,2026-04-16 19:26:50,63300,COMPLETE
U260806-06842,21845,2026-08-06 22:12:12,198800,COMPLETE
U260202-06843,21846,2026-02-02 12:07:52,259100,RETURNED
U250322-06844,21846,2025-03-22 23:51:55,546400,COMPLETE
U260319-06845,21846,2026-03-19 23:47:01,42100,COMPLETE
U260328-06846,21846,2026-03-28 23:06:40,97500,COMPLETE
U260209-06847,21846,2026-02-09 22:32:14,210800,COMPLETE
U260520-06848,21846,2026-05-20 19:44:54,40700,COMPLETE
U250910-06849,21846,2025-09-10 15:55:03,185100,COMPLETE
U260609-06850,21847,2026-06-09 17:10:41,45200,COMPLETE
U240425-06851,21848,2024-04-25 21:57:26,41200,COMPLETE
U240909-06852,21848,2024-09-09 12:14:12,146600,CANCELED
U260217-06853,21848,2026-02-17 14:37:37,71000,COMPLETE
U240717-06854,21848,2024-07-17 22:57:44,79100,COMPLETE
U260305-06855,21849,2026-03-05 14:18:14,203200,COMPLETE
U260529-06856,21849,2026-05-29 13:21:41,82200,COMPLETE
U251012-06857,21849,2025-10-12 19:55:45,321800,COMPLETE
U241123-06858,21849,2024-11-23 18:25:02,341900,RETURNED
U250622-06859,21849,2025-06-22 00:25:51,134600,COMPLETE
U250325-06860,21850,2025-03-25 23:41:00,134200,COMPLETE
U250308-06861,21851,2025-03-08 19:07:44,181500,COMPLETE
U250307-06862,21851,2025-03-07 21:22:49,49000,COMPLETE
U250305-06863,21851,2025-03-05 21:57:34,136400,COMPLETE
U240715-06864,21852,2024-07-15 13:11:03,218200,COMPLETE
U260816-06865,21853,2026-08-16 17:46:46,47900,COMPLETE
U260825-06866,21853,2026-08-25 09:24:45,168800,COMPLETE
U260825-06867,21853,2026-08-25 00:02:06,218100,COMPLETE
U260818-06868,21853,2026-08-18 08:44:53,129000,CANCELED
U260625-06869,21853,2026-06-25 17:25:04,124400,COMPLETE
U260824-06870,21853,2026-08-24 21:36:49,241000,COMPLETE
U260809-06871,21854,2026-08-09 10:18:28,21200,COMPLETE
U260731-06872,21854,2026-07-31 22:34:56,102800,CANCELED
U260813-06873,21854,2026-08-13 21:36:08,74100,COMPLETE
U260730-06874,21854,2026-07-30 15:35:26,28700,COMPLETE
U260703-06875,21854,2026-07-03 23:41:33,18200,COMPLETE
U260731-06876,21854,2026-07-31 13:05:53,53500,COMPLETE
U260828-06877,21854,2026-08-28 15:49:51,340800,COMPLETE
U260220-06878,21855,2026-02-20 18:50:04,102600,COMPLETE
U260124-06879,21856,2026-01-24 10:07:47,249700,COMPLETE
U251214-06880,21856,2025-12-14 17:52:19,385400,COMPLETE
U230729-06881,21857,2023-07-29 11:09:15,126300,COMPLETE
U230830-06882,21857,2023-08-30 00:23:44,414000,COMPLETE
U240120-06883,21858,2024-01-20 22:46:23,261300,COMPLETE
U260724-06884,21858,2026-07-24 11:34:33,107800,COMPLETE
U260502-06885,21859,2026-05-02 21:34:04,270400,COMPLETE
U260124-06886,21859,2026-01-24 21:30:44,103400,COMPLETE
U250826-06887,21859,2025-08-26 19:33:46,145200,COMPLETE
U260901-06888,21860,2026-09-01 08:00:46,50200,RETURNED
U250306-06889,21861,2025-03-06 11:13:17,183400,COMPLETE
U241218-06890,21861,2024-12-18 20:40:58,105100,COMPLETE
U240325-06891,21861,2024-03-25 21:01:02,51800,COMPLETE
U231005-06892,21861,2023-10-05 08:03:55,208000,COMPLETE
U260726-06893,21862,2026-07-26 13:50:28,99200,COMPLETE
U260728-06894,21862,2026-07-28 23:30:12,361600,COMPLETE
U260831-06895,21862,2026-08-31 00:20:03,44500,COMPLETE
U260514-06896,21862,2026-05-14 12:58:51,65200,COMPLETE
U260824-06897,21862,2026-08-24 16:04:08,247100,COMPLETE
U260814-06898,21862,2026-08-14 21:57:37,74100,COMPLETE
U260618-06899,21862,2026-06-18 16:48:33,61900,COMPLETE
U260615-06900,21862,2026-06-15 21:16:23,88200,COMPLETE
U251001-06901,21863,2025-10-01 00:38:02,348000,COMPLETE
U260226-06902,21864,2026-02-26 16:46:06,260500,COMPLETE
U260511-06903,21864,2026-05-11 12:16:03,306000,CANCELED
U250928-06904,21864,2025-09-28 15:29:26,82300,COMPLETE
U260823-06905,21864,2026-08-23 15:17:31,25900,COMPLETE
U251119-06906,21864,2025-11-19 21:54:52,40000,COMPLETE
U260121-06907,21864,2026-01-21 10:34:53,38800,COMPLETE
U260608-06908,21864,2026-06-08 18:18:36,59100,COMPLETE
U260226-06909,21864,2026-02-26 12:49:00,10200,RETURNED
U260802-06910,21864,2026-08-02 22:48:11,31300,COMPLETE
U260122-06911,21864,2026-01-22 14:46:36,33200,COMPLETE
U260714-06912,21864,2026-07-14 10:52:26,278500,COMPLETE
U260821-06913,21864,2026-08-21 16:05:40,456800,RETURNED
U231122-06914,21865,2023-11-22 23:39:21,295900,COMPLETE
U251202-06915,21865,2025-12-02 22:08:06,63000,COMPLETE
U260211-06916,21865,2026-02-11 23:04:30,224000,COMPLETE
U250307-06917,21865,2025-03-07 14:56:17,18400,COMPLETE
U260611-06918,21865,2026-06-11 22:11:26,621500,COMPLETE
U260528-06919,21866,2026-05-28 18:07:55,110100,COMPLETE
U260524-06920,21866,2026-05-24 12:26:39,19300,COMPLETE
U260228-06921,21866,2026-02-28 16:07:37,56400,COMPLETE
U260507-06922,21867,2026-05-07 09:25:17,174000,CANCELED
U231203-06923,21867,2023-12-03 08:02:14,591400,COMPLETE
U231021-06924,21867,2023-10-21 00:59:31,71300,COMPLETE
U250924-06925,21867,2025-09-24 16:20:26,52900,COMPLETE
U251004-06926,21867,2025-10-04 21:58:17,60400,COMPLETE
U260516-06927,21868,2026-05-16 12:00:06,66600,COMPLETE
U260125-06928,21868,2026-01-25 23:52:15,322800,COMPLETE
U260309-06929,21868,2026-03-09 22:58:37,166200,COMPLETE
U260331-06930,21868,2026-03-31 08:58:39,108100,COMPLETE
U260503-06931,21869,2026-05-03 10:47:39,77800,COMPLETE
U240619-06932,21869,2024-06-19 18:58:15,274300,COMPLETE
U260304-06933,21869,2026-03-04 23:28:22,380500,CANCELED
U260509-06934,21869,2026-05-09 14:34:24,62300,COMPLETE
U250302-06935,21870,2025-03-02 15:01:31,78700,COMPLETE
U251209-06936,21870,2025-12-09 19:34:55,37800,COMPLETE
U250703-06937,21870,2025-07-03 22:20:16,232200,CANCELED
U260407-06938,21870,2026-04-07 17:16:42,587000,COMPLETE
U260716-06939,21870,2026-07-16 15:49:04,135800,COMPLETE
U250425-06940,21870,2025-04-25 18:39:51,206800,COMPLETE
U260314-06941,21870,2026-03-14 19:56:02,248500,COMPLETE
U250420-06942,21870,2025-04-20 00:46:32,20300,COMPLETE
U250518-06943,21870,2025-05-18 16:49:15,52600,COMPLETE
U260618-06944,21870,2026-06-18 19:06:34,28500,COMPLETE
U250615-06945,21871,2025-06-15 14:50:24,113400,COMPLETE
U260526-06946,21872,2026-05-26 23:21:09,140700,COMPLETE
U260525-06947,21872,2026-05-25 21:35:16,423600,COMPLETE
U260817-06948,21872,2026-08-17 12:34:41,233600,COMPLETE
U251116-06949,21872,2025-11-16 12:33:37,139800,CANCELED
U260606-06950,21872,2026-06-06 10:56:31,306400,COMPLETE
U260412-06951,21872,2026-04-12 18:59:11,139400,COMPLETE
U260606-06952,21872,2026-06-06 15:46:50,331500,COMPLETE
U260718-06953,21872,2026-07-18 17:13:36,213400,COMPLETE
U260618-06954,21872,2026-06-18 11:53:34,262700,CANCELED
U260317-06955,21872,2026-03-17 12:22:16,74900,COMPLETE
U260523-06956,21872,2026-05-23 20:51:17,81300,COMPLETE
U260723-06957,21872,2026-07-23 15:33:59,56200,COMPLETE
U260806-06958,21872,2026-08-06 20:53:09,144400,CANCELED
U260816-06959,21872,2026-08-16 19:19:03,228300,RETURNED
U260410-06960,21872,2026-04-10 17:17:55,91300,COMPLETE
U260627-06961,21872,2026-06-27 15:43:07,151200,COMPLETE
U260801-06962,21872,2026-08-01 21:20:51,60400,COMPLETE
U260601-06963,21872,2026-06-01 14:04:38,478300,COMPLETE
U260826-06964,21873,2026-08-26 12:03:28,108100,COMPLETE
U260803-06965,21873,2026-08-03 22:56:27,171600,COMPLETE
U260811-06966,21873,2026-08-11 23:13:53,87400,COMPLETE
U260818-06967,21873,2026-08-18 20:04:22,245600,COMPLETE
U260616-06968,21873,2026-06-16 10:53:09,84100,COMPLETE
U260709-06969,21873,2026-07-09 12:33:21,33000,COMPLETE
U260706-06970,21873,2026-07-06 21:10:46,285000,COMPLETE
U260903-06971,21873,2026-09-03 15:25:00,82900,COMPLETE
U260804-06972,21874,2026-08-04 19:28:56,130000,COMPLETE
U260813-06973,21874,2026-08-13 13:32:10,170800,COMPLETE
U250905-06974,21874,2025-09-05 09:12:55,174600,COMPLETE
U260517-06975,21874,2026-05-17 20:18:03,23700,COMPLETE
U250428-06976,21876,2025-04-28 09:56:43,194600,COMPLETE
U250504-06977,21876,2025-05-04 21:43:40,53300,COMPLETE
U250823-06978,21876,2025-08-23 22:28:38,106400,COMPLETE
U260404-06979,21876,2026-04-04 19:53:09,151000,COMPLETE
U260313-06980,21877,2026-03-13 18:53:19,137600,COMPLETE
U250731-06981,21878,2025-07-31 22:20:21,41300,COMPLETE
U260719-06982,21878,2026-07-19 22:29:35,274000,COMPLETE
U240605-06983,21879,2024-06-05 20:56:37,119900,COMPLETE
U260616-06984,21880,2026-06-16 18:36:05,123000,COMPLETE
U260822-06985,21880,2026-08-22 15:19:12,16900,COMPLETE
U260420-06986,21880,2026-04-20 09:17:32,358300,COMPLETE
U260602-06987,21880,2026-06-02 15:58:46,183400,COMPLETE
U260716-06988,21881,2026-07-16 21:27:21,352000,COMPLETE
U241209-06989,21881,2024-12-09 20:55:27,191900,COMPLETE
U260703-06990,21881,2026-07-03 00:56:49,75700,COMPLETE
U260825-06991,21882,2026-08-25 14:01:37,79500,COMPLETE
U260811-06992,21882,2026-08-11 14:30:46,10000,COMPLETE
U260827-06993,21882,2026-08-27 20:20:22,95300,COMPLETE
U260726-06994,21882,2026-07-26 17:05:07,99800,COMPLETE
U260617-06995,21882,2026-06-17 08:55:36,102200,COMPLETE
U260821-06996,21882,2026-08-21 21:29:31,362100,COMPLETE
U260902-06997,21883,2026-09-02 18:22:17,186000,COMPLETE
U260715-06998,21883,2026-07-15 14:47:57,382400,COMPLETE
U260622-06999,21883,2026-06-22 14:33:02,263300,RETURNED
U260809-07000,21883,2026-08-09 15:00:06,227900,COMPLETE
U260608-07001,21883,2026-06-08 23:51:02,90100,COMPLETE
U241208-07002,21884,2024-12-08 14:47:43,68400,COMPLETE
U260510-07003,21884,2026-05-10 20:04:07,120800,COMPLETE
U260419-07004,21884,2026-04-19 14:53:12,737200,COMPLETE
U260123-07005,21885,2026-01-23 15:30:22,60300,COMPLETE
U250322-07006,21885,2025-03-22 15:28:11,69600,COMPLETE
U260521-07007,21885,2026-05-21 10:41:25,81600,COMPLETE
U260831-07008,21885,2026-08-31 22:47:26,95800,COMPLETE
U241213-07009,21885,2024-12-13 20:49:34,150900,COMPLETE
U260327-07010,21886,2026-03-27 11:37:43,102600,COMPLETE
U260311-07011,21886,2026-03-11 12:44:28,105400,COMPLETE
U260716-07012,21886,2026-07-16 12:35:35,238600,COMPLETE
U260613-07013,21886,2026-06-13 23:05:35,103700,COMPLETE
U260626-07014,21887,2026-06-26 23:05:35,300000,COMPLETE
U260807-07015,21887,2026-08-07 21:00:20,379300,COMPLETE
U260226-07016,21888,2026-02-26 00:16:21,165900,COMPLETE
U260802-07017,21888,2026-08-02 11:42:01,21100,COMPLETE
U241011-07018,21889,2024-10-11 20:30:34,235400,COMPLETE
U251220-07019,21890,2025-12-20 20:08:29,56400,COMPLETE
U260331-07020,21890,2026-03-31 21:35:00,536100,COMPLETE
U240730-07021,21890,2024-07-30 22:03:57,153000,COMPLETE
U260608-07022,21890,2026-06-08 16:32:36,86600,COMPLETE
U250219-07023,21891,2025-02-19 21:26:05,242700,COMPLETE
U260831-07024,21892,2026-08-31 11:43:32,70700,COMPLETE
U241224-07025,21893,2024-12-24 18:19:59,290200,CANCELED
U250217-07026,21894,2025-02-17 20:15:49,446200,COMPLETE
U240127-07027,21895,2024-01-27 14:45:34,392400,COMPLETE
U231117-07028,21895,2023-11-17 21:52:34,659000,COMPLETE
U231205-07029,21895,2023-12-05 12:25:22,192600,COMPLETE
U260720-07030,21896,2026-07-20 15:54:31,146400,COMPLETE
U241130-07031,21896,2024-11-30 15:51:13,584400,COMPLETE
U260124-07032,21896,2026-01-24 21:25:35,35900,COMPLETE
U250224-07033,21896,2025-02-24 11:30:00,123300,COMPLETE
U250421-07034,21896,2025-04-21 12:09:23,170500,COMPLETE
U250510-07035,21896,2025-05-10 20:28:40,53100,COMPLETE
U260531-07036,21896,2026-05-31 11:14:43,58300,COMPLETE
U250514-07037,21896,2025-05-14 19:25:31,158800,COMPLETE
U260413-07038,21896,2026-04-13 22:12:30,34300,COMPLETE
U241004-07039,21896,2024-10-04 18:27:42,402000,COMPLETE
U260406-07040,21896,2026-04-06 13:52:02,121000,COMPLETE
U241023-07041,21896,2024-10-23 22:59:28,58800,COMPLETE
U240326-07042,21896,2024-03-26 23:13:38,514500,COMPLETE
U240720-07043,21896,2024-07-20 11:33:39,182000,COMPLETE
U250116-07044,21896,2025-01-16 19:21:37,365600,RETURNED
U250225-07045,21896,2025-02-25 00:32:06,173300,COMPLETE
U250505-07046,21896,2025-05-05 22:16:23,788200,CANCELED
U260624-07047,21896,2026-06-24 21:46:27,86400,COMPLETE
U260110-07048,21897,2026-01-10 18:20:18,73300,COMPLETE
U260608-07049,21899,2026-06-08 19:19:40,611500,COMPLETE
U260522-07050,21899,2026-05-22 10:08:28,87300,COMPLETE
U260310-07051,21899,2026-03-10 13:50:40,92200,COMPLETE
U260517-07052,21899,2026-05-17 00:22:24,228000,COMPLETE
U260312-07053,21899,2026-03-12 20:57:04,148400,COMPLETE
U260620-07054,21899,2026-06-20 22:56:41,140800,COMPLETE
U260831-07055,21900,2026-08-31 11:18:10,80200,COMPLETE
U260724-07056,21900,2026-07-24 18:38:59,362900,COMPLETE
U260722-07057,21900,2026-07-22 14:07:18,156200,CANCELED
U260820-07058,21902,2026-08-20 12:09:10,76400,COMPLETE
U260115-07059,21902,2026-01-15 16:31:32,100000,COMPLETE
U260304-07060,21902,2026-03-04 00:36:13,143300,COMPLETE
U260617-07061,21903,2026-06-17 08:12:53,339000,COMPLETE
U260602-07062,21903,2026-06-02 19:22:36,377700,COMPLETE
U241105-07063,21903,2024-11-05 12:34:54,31700,COMPLETE
U260813-07064,21903,2026-08-13 12:40:55,473900,COMPLETE
U250824-07065,21904,2025-08-24 21:04:34,433200,COMPLETE
U250825-07066,21904,2025-08-25 11:45:41,42600,COMPLETE
U251226-07067,21905,2025-12-26 22:19:57,102000,COMPLETE
U260508-07068,21905,2026-05-08 09:35:42,47900,COMPLETE
U251029-07069,21905,2025-10-29 10:17:57,157500,RETURNED
U260708-07070,21905,2026-07-08 15:00:37,272400,COMPLETE
U260506-07071,21905,2026-05-06 20:46:07,53600,COMPLETE
U260825-07072,21905,2026-08-25 17:14:57,140400,COMPLETE
U251202-07073,21905,2025-12-02 19:49:31,58700,COMPLETE
U260114-07074,21905,2026-01-14 13:25:18,224600,CANCELED
U251230-07075,21906,2025-12-30 14:16:14,748900,COMPLETE
U260305-07076,21906,2026-03-05 10:15:49,465900,COMPLETE
U260522-07077,21906,2026-05-22 19:25:14,134800,COMPLETE
U251203-07078,21907,2025-12-03 10:37:21,104100,COMPLETE
U251201-07079,21907,2025-12-01 23:56:13,111600,COMPLETE
U250706-07080,21908,2025-07-06 20:14:17,64100,COMPLETE
U260207-07081,21908,2026-02-07 16:04:13,116900,COMPLETE
U260821-07082,21908,2026-08-21 20:58:11,31600,COMPLETE
U260628-07083,21909,2026-06-28 19:48:42,60500,COMPLETE
U260902-07084,21911,2026-09-02 08:04:12,225900,COMPLETE
U260527-07085,21911,2026-05-27 11:41:07,51000,COMPLETE
U260823-07086,21911,2026-08-23 15:14:59,479000,CANCELED
U260630-07087,21911,2026-06-30 18:18:47,50200,COMPLETE
U260804-07088,21911,2026-08-04 10:48:15,77000,COMPLETE
U240217-07089,21913,2024-02-17 11:05:08,44000,COMPLETE
U231105-07090,21913,2023-11-05 00:25:51,92400,COMPLETE
U250917-07091,21914,2025-09-17 21:38:44,86000,CANCELED
U260820-07092,21915,2026-08-20 22:46:11,53400,COMPLETE
U260831-07093,21915,2026-08-31 23:29:40,102500,COMPLETE
U260828-07094,21915,2026-08-28 12:30:12,34600,RETURNED
U260825-07095,21915,2026-08-25 12:48:46,91000,COMPLETE
U260830-07096,21915,2026-08-30 09:30:43,186800,COMPLETE
U260831-07097,21915,2026-08-31 12:40:25,275900,COMPLETE
U231225-07098,21916,2023-12-25 21:13:50,103100,COMPLETE
U231224-07099,21916,2023-12-24 11:53:36,130900,COMPLETE
U231220-07100,21917,2023-12-20 08:53:57,33700,COMPLETE
U240531-07101,21917,2024-05-31 19:15:08,309100,COMPLETE
U231125-07102,21917,2023-11-25 10:25:17,448600,COMPLETE
U260706-07103,21918,2026-07-06 14:52:28,873200,COMPLETE
U250512-07104,21918,2025-05-12 20:46:58,238400,COMPLETE
U260113-07105,21918,2026-01-13 20:03:48,22500,COMPLETE
U260416-07106,21918,2026-04-16 20:27:08,80700,COMPLETE
U260722-07107,21918,2026-07-22 21:07:40,178900,COMPLETE
U251203-07108,21918,2025-12-03 15:06:15,213200,COMPLETE
U251220-07109,21918,2025-12-20 19:43:42,680500,COMPLETE
U260605-07110,21918,2026-06-05 12:18:17,74900,COMPLETE
U251001-07111,21918,2025-10-01 22:42:20,398200,COMPLETE
U260326-07112,21918,2026-03-26 19:27:45,181000,COMPLETE
U250526-07113,21918,2025-05-26 20:41:24,125300,COMPLETE
U241011-07114,21918,2024-10-11 22:22:02,134700,COMPLETE
U240801-07115,21919,2024-08-01 13:56:29,96600,COMPLETE
U240902-07116,21920,2024-09-02 18:31:08,150800,COMPLETE
U241007-07117,21920,2024-10-07 20:17:43,197500,COMPLETE
U260517-07118,21921,2026-05-17 19:47:26,130600,COMPLETE
U260706-07119,21921,2026-07-06 11:01:18,50300,COMPLETE
U260502-07120,21921,2026-05-02 20:47:52,245000,CANCELED
U251029-07121,21921,2025-10-29 17:04:46,124400,COMPLETE
U240320-07122,21922,2024-03-20 21:41:15,177100,CANCELED
U240806-07123,21923,2024-08-06 21:31:21,118600,CANCELED
U240808-07124,21923,2024-08-08 20:10:01,246800,COMPLETE
U240809-07125,21923,2024-08-09 21:18:32,52300,COMPLETE
U260530-07126,21924,2026-05-30 10:33:06,63100,COMPLETE
U260528-07127,21924,2026-05-28 19:23:58,387900,COMPLETE
U260903-07128,21924,2026-09-03 16:11:03,47700,COMPLETE
U260420-07129,21924,2026-04-20 15:43:17,65400,COMPLETE
U260807-07130,21924,2026-08-07 19:42:48,132200,COMPLETE
U260825-07131,21924,2026-08-25 13:43:07,104300,COMPLETE
U260801-07132,21924,2026-08-01 23:23:07,167700,RETURNED
U260725-07133,21924,2026-07-25 23:29:21,154700,RETURNED
U260519-07134,21926,2026-05-19 18:06:01,113800,COMPLETE
U260520-07135,21926,2026-05-20 23:44:18,350300,COMPLETE
U250102-07136,21927,2025-01-02 20:58:47,29700,COMPLETE
U241205-07137,21928,2024-12-05 09:19:00,290500,COMPLETE
U241206-07138,21928,2024-12-06 18:27:12,457700,COMPLETE
U241204-07139,21928,2024-12-04 15:38:48,486500,COMPLETE
U251127-07140,21930,2025-11-27 19:10:24,148500,COMPLETE
U260606-07141,21931,2026-06-06 12:16:15,233600,COMPLETE
U260411-07142,21931,2026-04-11 12:06:12,73900,COMPLETE
U260508-07143,21931,2026-05-08 15:49:28,403200,COMPLETE
U260831-07144,21931,2026-08-31 12:56:41,101600,COMPLETE
U260809-07145,21931,2026-08-09 11:41:02,301300,COMPLETE
U260712-07146,21931,2026-07-12 16:02:17,87300,COMPLETE
U260731-07147,21931,2026-07-31 12:05:25,45300,COMPLETE
U260518-07148,21931,2026-05-18 19:20:46,31700,COMPLETE
U260716-07149,21931,2026-07-16 13:28:21,85900,COMPLETE
U260414-07150,21931,2026-04-14 21:05:38,595500,CANCELED
U241020-07151,21932,2024-10-20 19:01:00,259200,COMPLETE
U240706-07152,21933,2024-07-06 21:47:39,87200,COMPLETE
U251123-07153,21933,2025-11-23 18:41:31,44100,COMPLETE
U240601-07154,21934,2024-06-01 17:15:09,167900,COMPLETE
U260505-07155,21935,2026-05-05 19:30:32,281600,COMPLETE
U260729-07156,21935,2026-07-29 15:19:08,51600,COMPLETE
U260625-07157,21935,2026-06-25 16:33:40,128900,COMPLETE
U260827-07158,21935,2026-08-27 18:32:40,183200,CANCELED
U260806-07159,21935,2026-08-06 12:21:11,228500,COMPLETE
U260316-07160,21935,2026-03-16 22:23:28,52500,COMPLETE
U260828-07161,21935,2026-08-28 13:40:56,483100,COMPLETE
U260323-07162,21935,2026-03-23 14:18:23,77200,COMPLETE
U250119-07163,21936,2025-01-19 14:33:49,240000,COMPLETE
U260825-07164,21936,2026-08-25 23:20:44,256300,COMPLETE
U240812-07165,21936,2024-08-12 14:37:04,181000,COMPLETE
U260829-07166,21937,2026-08-29 19:19:32,86700,COMPLETE
U260903-07167,21937,2026-09-03 23:47:42,92200,COMPLETE
U260903-07168,21937,2026-09-03 22:19:37,154000,COMPLETE
U231006-07169,21938,2023-10-06 14:18:48,38200,COMPLETE
U260704-07170,21940,2026-07-04 22:35:23,32400,COMPLETE
U260113-07171,21941,2026-01-13 20:28:49,114200,COMPLETE
U240923-07172,21941,2024-09-23 15:05:12,504900,COMPLETE
U250531-07173,21941,2025-05-31 18:29:59,728700,COMPLETE
U241026-07174,21941,2024-10-26 11:38:57,91200,COMPLETE
U260621-07175,21941,2026-06-21 20:14:53,91700,COMPLETE
U250311-07176,21941,2025-03-11 14:43:18,668800,COMPLETE
U240614-07177,21941,2024-06-14 00:52:59,75900,CANCELED
U240324-07178,21941,2024-03-24 20:56:53,352700,COMPLETE
U260111-07179,21941,2026-01-11 10:33:55,147100,COMPLETE
U251117-07180,21941,2025-11-17 10:02:16,77800,COMPLETE
U251221-07181,21941,2025-12-21 20:12:21,102300,COMPLETE
U240606-07182,21941,2024-06-06 18:56:00,51300,COMPLETE
U260827-07183,21941,2026-08-27 23:30:49,103100,COMPLETE
U260121-07184,21941,2026-01-21 15:11:19,143300,CANCELED
U241013-07185,21942,2024-10-13 22:11:24,191900,COMPLETE
U241014-07186,21942,2024-10-14 12:54:33,71200,COMPLETE
U260219-07187,21943,2026-02-19 16:38:36,90100,COMPLETE
U240113-07188,21943,2024-01-13 12:09:10,146300,COMPLETE
U250907-07189,21943,2025-09-07 20:51:00,99600,COMPLETE
U260321-07190,21943,2026-03-21 17:31:29,41300,CANCELED
U241115-07191,21943,2024-11-15 17:53:32,128300,COMPLETE
U240822-07192,21943,2024-08-22 19:02:41,106300,COMPLETE
U240801-07193,21943,2024-08-01 16:40:45,41100,COMPLETE
U260816-07194,21944,2026-08-16 23:05:39,228100,COMPLETE
U251129-07195,21945,2025-11-29 20:54:47,196800,COMPLETE
U260628-07196,21945,2026-06-28 16:44:44,148600,COMPLETE
U251206-07197,21946,2025-12-06 15:14:09,56700,COMPLETE
U260706-07198,21946,2026-07-06 16:00:49,209800,COMPLETE
U260511-07199,21946,2026-05-11 15:10:55,330700,RETURNED
U251103-07200,21946,2025-11-03 18:52:58,235000,COMPLETE
U260515-07201,21946,2026-05-15 14:40:55,251200,RETURNED
U260903-07202,21947,2026-09-03 15:05:56,69100,COMPLETE
U260519-07203,21947,2026-05-19 08:02:10,69900,COMPLETE
U260605-07204,21947,2026-06-05 22:23:19,128600,COMPLETE
U260502-07205,21948,2026-05-02 11:45:16,13800,COMPLETE
U250107-07206,21948,2025-01-07 20:37:06,118300,CANCELED
U260728-07207,21948,2026-07-28 00:38:19,82900,COMPLETE
U260716-07208,21949,2026-07-16 19:45:38,750000,COMPLETE
U260506-07209,21949,2026-05-06 16:52:07,15900,COMPLETE
U260422-07210,21949,2026-04-22 22:55:10,236600,COMPLETE
U260510-07211,21949,2026-05-10 21:54:23,337200,COMPLETE
U260404-07212,21950,2026-04-04 11:04:16,61600,COMPLETE
U260101-07213,21950,2026-01-01 20:01:41,207900,COMPLETE
U260501-07214,21950,2026-05-01 16:13:52,18400,COMPLETE
U260114-07215,21950,2026-01-14 11:43:03,193600,COMPLETE
U251018-07216,21950,2025-10-18 18:21:15,392900,COMPLETE
U250523-07217,21950,2025-05-23 14:55:44,149800,COMPLETE
U251222-07218,21950,2025-12-22 22:15:46,57200,COMPLETE
U260329-07219,21951,2026-03-29 18:12:24,119800,COMPLETE
U260809-07220,21951,2026-08-09 19:40:36,11000,COMPLETE
U260723-07221,21951,2026-07-23 17:50:08,350100,COMPLETE
U241022-07222,21952,2024-10-22 08:02:03,463600,COMPLETE
U260426-07223,21953,2026-04-26 21:24:09,261900,COMPLETE
U260705-07224,21953,2026-07-05 00:54:02,328200,COMPLETE
U260515-07225,21953,2026-05-15 13:15:23,193700,COMPLETE
U260408-07226,21953,2026-04-08 21:20:53,43700,COMPLETE
U260831-07227,21954,2026-08-31 20:28:59,125800,CANCELED
U260814-07228,21954,2026-08-14 23:16:13,157400,COMPLETE
U260119-07229,21955,2026-01-19 13:16:54,114400,COMPLETE
U260116-07230,21955,2026-01-16 12:17:03,91500,COMPLETE
U260718-07231,21956,2026-07-18 12:02:34,417800,COMPLETE
U260819-07232,21956,2026-08-19 21:03:48,108400,COMPLETE
U260822-07233,21956,2026-08-22 12:18:31,368400,COMPLETE
U251214-07234,21957,2025-12-14 19:08:42,321700,COMPLETE
U260614-07235,21957,2026-06-14 13:37:43,153000,COMPLETE
U260902-07236,21958,2026-09-02 23:00:55,295300,COMPLETE
U260901-07237,21958,2026-09-01 11:55:19,370700,COMPLETE
U260902-07238,21958,2026-09-02 20:24:49,94600,COMPLETE
U260902-07239,21958,2026-09-02 23:33:39,19700,COMPLETE
U260903-07240,21958,2026-09-03 15:52:36,113700,COMPLETE
U260901-07241,21958,2026-09-01 12:02:55,172100,COMPLETE
U260427-07242,21959,2026-04-27 19:30:21,85000,COMPLETE
U260521-07243,21959,2026-05-21 21:47:28,291000,COMPLETE
U260513-07244,21959,2026-05-13 19:34:26,152400,COMPLETE
U260323-07245,21959,2026-03-23 20:35:40,419600,COMPLETE
U260515-07246,21959,2026-05-15 13:03:53,37800,COMPLETE
U260530-07247,21959,2026-05-30 20:14:28,215700,COMPLETE
U260224-07248,21960,2026-02-24 23:12:19,408400,CANCELED
U260223-07249,21960,2026-02-23 12:53:26,289000,COMPLETE
U250324-07250,21963,2025-03-24 20:28:06,47300,COMPLETE
U250908-07251,21963,2025-09-08 23:23:24,18300,COMPLETE
U250416-07252,21963,2025-04-16 21:11:10,29900,COMPLETE
U240816-07253,21963,2024-08-16 14:31:35,114700,COMPLETE
U250122-07254,21963,2025-01-22 13:13:00,125000,COMPLETE
U250701-07255,21963,2025-07-01 13:33:19,315600,COMPLETE
U240929-07256,21963,2024-09-29 23:21:05,168600,COMPLETE
U250901-07257,21963,2025-09-01 20:18:59,82000,COMPLETE
U250623-07258,21964,2025-06-23 20:41:50,21300,COMPLETE
U250623-07259,21964,2025-06-23 22:06:58,175200,COMPLETE
U260901-07260,21965,2026-09-01 09:02:50,195600,COMPLETE
U260811-07261,21966,2026-08-11 15:25:01,64000,COMPLETE
U250208-07262,21967,2025-02-08 10:20:42,182700,RETURNED
U250506-07263,21968,2025-05-06 18:37:56,287600,COMPLETE
U260115-07264,21968,2026-01-15 12:09:54,178500,COMPLETE
U241017-07265,21968,2024-10-17 09:05:58,142400,CANCELED
U260309-07266,21968,2026-03-09 10:52:46,14700,COMPLETE
U251230-07267,21968,2025-12-30 19:15:13,245500,COMPLETE
U230617-07268,21969,2023-06-17 08:51:21,359400,COMPLETE
U260103-07269,21969,2026-01-03 17:24:50,71400,COMPLETE
U251210-07270,21969,2025-12-10 18:59:04,119100,COMPLETE
U260806-07271,21969,2026-08-06 23:41:30,469900,COMPLETE
U240515-07272,21969,2024-05-15 18:15:18,239800,COMPLETE
U260709-07273,21970,2026-07-09 10:14:56,360000,COMPLETE
U230605-07274,21970,2023-06-05 20:28:44,56100,COMPLETE
U251202-07275,21970,2025-12-02 14:40:15,428500,COMPLETE
U251224-07276,21970,2025-12-24 13:07:23,45000,COMPLETE
U230829-07277,21970,2023-08-29 21:29:23,39100,COMPLETE
U241101-07278,21970,2024-11-01 22:56:18,160000,COMPLETE
U260123-07279,21970,2026-01-23 20:34:16,560400,COMPLETE
U250117-07280,21970,2025-01-17 11:21:57,89100,COMPLETE
U250318-07281,21970,2025-03-18 21:34:42,141700,COMPLETE
U260114-07282,21970,2026-01-14 17:05:28,219400,COMPLETE
U230509-07283,21970,2023-05-09 15:54:39,27500,RETURNED
U251202-07284,21970,2025-12-02 15:42:26,136900,COMPLETE
U260225-07285,21972,2026-02-25 15:55:24,60900,COMPLETE
U260411-07286,21972,2026-04-11 19:45:37,105200,COMPLETE
U251019-07287,21972,2025-10-19 20:44:56,118400,COMPLETE
U251201-07288,21972,2025-12-01 11:18:30,307500,COMPLETE
U251003-07289,21972,2025-10-03 10:37:34,148600,COMPLETE
U250910-07290,21972,2025-09-10 12:11:06,76700,RETURNED
U260831-07291,21972,2026-08-31 14:32:10,183300,COMPLETE
U251124-07292,21972,2025-11-24 19:10:37,75900,COMPLETE
U250914-07293,21972,2025-09-14 00:47:53,126500,COMPLETE
U260815-07294,21972,2026-08-15 09:16:28,79100,COMPLETE
U260805-07295,21972,2026-08-05 12:13:07,236500,COMPLETE
U260711-07296,21972,2026-07-11 17:31:51,84000,COMPLETE
U251109-07297,21973,2025-11-09 14:38:13,84800,COMPLETE
U260901-07298,21973,2026-09-01 18:49:00,159000,COMPLETE
U260902-07299,21973,2026-09-02 08:19:05,122000,COMPLETE
U251223-07300,21974,2025-12-23 13:23:53,188300,COMPLETE
U260722-07301,21974,2026-07-22 10:39:16,144300,COMPLETE
U260821-07302,21974,2026-08-21 20:04:52,316600,COMPLETE
U251219-07303,21974,2025-12-19 09:50:20,51600,COMPLETE
U260203-07304,21974,2026-02-03 13:38:39,171500,RETURNED
U241006-07305,21975,2024-10-06 12:22:27,172300,COMPLETE
U241003-07306,21975,2024-10-03 12:03:57,234800,COMPLETE
U260810-07307,21976,2026-08-10 20:20:49,269300,COMPLETE
U260706-07308,21976,2026-07-06 21:27:25,134600,COMPLETE
U260821-07309,21976,2026-08-21 21:31:43,27600,COMPLETE
U260818-07310,21978,2026-08-18 23:38:36,663200,COMPLETE
U250521-07311,21979,2025-05-21 13:34:20,258000,COMPLETE
U241030-07312,21979,2024-10-30 19:35:30,245000,COMPLETE
U260808-07313,21979,2026-08-08 21:09:09,165700,COMPLETE
U250612-07314,21979,2025-06-12 23:06:16,70300,COMPLETE
U260802-07315,21980,2026-08-02 12:42:42,115900,CANCELED
U260725-07316,21980,2026-07-25 13:38:14,49900,COMPLETE
U260801-07317,21980,2026-08-01 13:04:53,167100,COMPLETE
U250813-07318,21981,2025-08-13 15:57:34,162000,COMPLETE
U260525-07319,21981,2026-05-25 18:03:12,626900,COMPLETE
U260131-07320,21981,2026-01-31 13:32:37,198800,COMPLETE
U260820-07321,21981,2026-08-20 19:01:05,392000,COMPLETE
U250628-07322,21981,2025-06-28 21:28:59,173400,COMPLETE
U251205-07323,21981,2025-12-05 22:30:17,525900,COMPLETE
U260807-07324,21981,2026-08-07 08:08:37,645500,COMPLETE
U260808-07325,21981,2026-08-08 22:05:02,191900,COMPLETE
U260712-07326,21981,2026-07-12 19:54:10,151700,COMPLETE
U251031-07327,21981,2025-10-31 20:35:43,66800,COMPLETE
U260730-07328,21981,2026-07-30 20:30:57,28000,COMPLETE
U251230-07329,21981,2025-12-30 21:50:29,58400,COMPLETE
U260602-07330,21981,2026-06-02 17:45:28,12400,COMPLETE
U260616-07331,21981,2026-06-16 13:57:54,317200,COMPLETE
U260429-07332,21981,2026-04-29 23:58:13,218900,COMPLETE
U260507-07333,21981,2026-05-07 16:41:58,26400,COMPLETE
U260210-07334,21981,2026-02-10 22:06:01,39200,CANCELED
U250908-07335,21981,2025-09-08 17:39:03,347500,COMPLETE
U251019-07336,21982,2025-10-19 22:30:56,19800,CANCELED
U251116-07337,21982,2025-11-16 16:52:51,720900,COMPLETE
U250930-07338,21982,2025-09-30 11:21:00,59700,CANCELED
U260210-07339,21982,2026-02-10 19:06:56,257100,CANCELED
U260819-07340,21983,2026-08-19 08:56:29,211000,COMPLETE
U260801-07341,21983,2026-08-01 08:39:18,76900,COMPLETE
U260807-07342,21983,2026-08-07 12:17:47,324400,COMPLETE
U250906-07343,21984,2025-09-06 15:20:20,49100,COMPLETE
U260610-07344,21986,2026-06-10 08:30:30,197100,COMPLETE
U260330-07345,21986,2026-03-30 22:37:50,102000,RETURNED
U260124-07346,21986,2026-01-24 13:58:48,99000,COMPLETE
U260717-07347,21986,2026-07-17 20:19:08,798300,COMPLETE
U260225-07348,21986,2026-02-25 17:56:47,124700,COMPLETE
U250919-07349,21986,2025-09-19 18:04:14,23100,COMPLETE
U260715-07350,21986,2026-07-15 21:09:29,489400,COMPLETE
U250719-07351,21986,2025-07-19 09:48:57,139500,COMPLETE
U260510-07352,21987,2026-05-10 16:06:32,144900,COMPLETE
U260321-07353,21987,2026-03-21 20:31:32,67800,COMPLETE
U260710-07354,21987,2026-07-10 00:22:58,29500,COMPLETE
U260106-07355,21987,2026-01-06 15:07:37,158000,COMPLETE
U251215-07356,21987,2025-12-15 19:33:52,414300,COMPLETE
U260102-07357,21987,2026-01-02 22:30:48,53300,COMPLETE
U260419-07358,21987,2026-04-19 10:02:18,13200,COMPLETE
U260806-07359,21987,2026-08-06 20:45:15,109800,COMPLETE
U260527-07360,21987,2026-05-27 20:21:55,298200,COMPLETE
U251111-07361,21987,2025-11-11 23:25:01,491500,COMPLETE
U250324-07362,21988,2025-03-24 22:53:41,202800,COMPLETE
U260212-07363,21988,2026-02-12 17:25:29,94100,COMPLETE
U260406-07364,21988,2026-04-06 20:21:12,84700,COMPLETE
U241207-07365,21989,2024-12-07 23:00:51,131300,RETURNED
U260618-07366,21990,2026-06-18 14:05:32,19900,COMPLETE
U260619-07367,21990,2026-06-19 11:25:53,175000,COMPLETE
U250501-07368,21992,2025-05-01 11:15:20,239700,COMPLETE
U250519-07369,21992,2025-05-19 08:24:34,64000,COMPLETE
U251105-07370,21992,2025-11-05 10:57:15,72000,COMPLETE
U250321-07371,21992,2025-03-21 19:16:02,274800,COMPLETE
U260608-07372,21992,2026-06-08 12:44:28,993100,COMPLETE
U250811-07373,21993,2025-08-11 19:08:58,253100,COMPLETE
U260728-07374,21994,2026-07-28 22:31:08,73500,COMPLETE
U260422-07375,21994,2026-04-22 09:09:29,308400,COMPLETE
U260814-07376,21994,2026-08-14 23:22:12,190100,COMPLETE
U260814-07377,21994,2026-08-14 14:10:12,107400,COMPLETE
U260628-07378,21995,2026-06-28 00:39:16,28000,COMPLETE
U241203-07379,21996,2024-12-03 22:30:07,292500,COMPLETE
U260125-07380,21997,2026-01-25 19:41:01,54300,COMPLETE
U260322-07381,21997,2026-03-22 22:01:25,140100,CANCELED
U260512-07382,21997,2026-05-12 12:45:12,44800,COMPLETE
U250526-07383,21998,2025-05-26 19:30:25,498800,COMPLETE
U250525-07384,21998,2025-05-25 22:02:57,124400,COMPLETE
U260829-07385,21999,2026-08-29 13:18:32,284000,COMPLETE
U260829-07386,21999,2026-08-29 20:53:21,143900,COMPLETE
U260902-07387,21999,2026-09-02 18:39:41,367400,COMPLETE
U260901-07388,21999,2026-09-01 18:21:36,54300,COMPLETE
U260820-07389,21999,2026-08-20 11:59:26,227100,COMPLETE
U260830-07390,21999,2026-08-30 18:45:57,80500,COMPLETE
U260828-07391,22000,2026-08-28 21:06:10,387900,COMPLETE
U251003-07392,22000,2025-10-03 20:02:33,323000,COMPLETE
U260719-07393,22000,2026-07-19 13:32:34,179700,RETURNED
U260818-07394,22001,2026-08-18 12:39:35,23700,COMPLETE
U260731-07395,22003,2026-07-31 10:31:43,48200,COMPLETE
U260508-07396,22003,2026-05-08 23:32:17,162800,COMPLETE
U260816-07397,22003,2026-08-16 22:12:11,415500,COMPLETE
U260830-07398,22003,2026-08-30 17:56:31,24600,COMPLETE
U250916-07399,22005,2025-09-16 13:46:35,324100,COMPLETE
U251201-07400,22005,2025-12-01 12:51:27,413400,COMPLETE
U260502-07401,22006,2026-05-02 18:31:10,265600,COMPLETE
U240712-07402,22006,2024-07-12 16:47:25,111300,COMPLETE
U230430-07403,22006,2023-04-30 18:54:26,235400,CANCELED
U240325-07404,22007,2024-03-25 19:52:00,84300,COMPLETE
U260722-07405,22008,2026-07-22 23:20:12,469600,COMPLETE
U260807-07406,22008,2026-08-07 23:53:29,56900,COMPLETE
U260212-07407,22008,2026-02-12 19:30:16,76600,COMPLETE
U250730-07408,22009,2025-07-30 17:50:05,66800,COMPLETE
U250730-07409,22009,2025-07-30 20:20:49,61700,COMPLETE
U250727-07410,22009,2025-07-27 22:49:49,201900,COMPLETE
U260830-07411,22010,2026-08-30 19:53:17,80000,COMPLETE
U260209-07412,22010,2026-02-09 18:24:40,177800,COMPLETE
U240330-07413,22011,2024-03-30 23:04:01,250000,COMPLETE
U260412-07414,22012,2026-04-12 22:20:40,166200,COMPLETE
U260525-07415,22013,2026-05-25 23:04:51,93500,COMPLETE
U251215-07416,22013,2025-12-15 23:34:59,440200,COMPLETE
U260323-07417,22014,2026-03-23 17:46:36,78700,COMPLETE
U250221-07418,22014,2025-02-21 11:27:42,75100,COMPLETE
U250906-07419,22015,2025-09-06 14:30:38,692700,COMPLETE
U260221-07420,22015,2026-02-21 17:26:43,330500,COMPLETE
U250914-07421,22016,2025-09-14 09:22:34,191700,COMPLETE
U260304-07422,22016,2026-03-04 17:37:57,58300,COMPLETE
U260720-07423,22016,2026-07-20 20:05:28,650300,COMPLETE
U260820-07424,22017,2026-08-20 20:33:59,496200,COMPLETE
U260828-07425,22017,2026-08-28 16:53:49,340200,CANCELED
U250114-07426,22018,2025-01-14 18:36:23,24600,COMPLETE
U241015-07427,22018,2024-10-15 17:02:56,136500,CANCELED
U260307-07428,22019,2026-03-07 12:53:01,34400,COMPLETE
U260306-07429,22019,2026-03-06 11:53:32,55400,COMPLETE
U260721-07430,22020,2026-07-21 08:36:58,41900,COMPLETE
U241129-07431,22021,2024-11-29 19:03:27,186100,COMPLETE
U260422-07432,22022,2026-04-22 17:07:08,104400,RETURNED
U250225-07433,22022,2025-02-25 20:33:11,80800,COMPLETE
U231212-07434,22022,2023-12-12 19:57:01,188600,CANCELED
U260802-07435,22024,2026-08-02 18:49:39,321700,COMPLETE
U250714-07436,22024,2025-07-14 21:24:27,18600,COMPLETE
U260701-07437,22024,2026-07-01 16:21:24,324800,RETURNED
U250722-07438,22024,2025-07-22 10:14:51,325200,COMPLETE
U250212-07439,22024,2025-02-12 18:10:56,452500,COMPLETE
U260703-07440,22025,2026-07-03 19:31:29,393100,COMPLETE
U260517-07441,22026,2026-05-17 20:26:59,378600,COMPLETE
U260320-07442,22026,2026-03-20 14:24:43,139400,COMPLETE
U260128-07443,22026,2026-01-28 15:37:22,242300,COMPLETE
U260723-07444,22027,2026-07-23 20:57:57,16200,COMPLETE
U260713-07445,22027,2026-07-13 23:37:49,199300,COMPLETE
U260626-07446,22027,2026-06-26 09:55:41,73700,COMPLETE
U260626-07447,22028,2026-06-26 10:58:18,253100,CANCELED
U240913-07448,22029,2024-09-13 15:16:21,247200,CANCELED
U240914-07449,22029,2024-09-14 00:32:51,46600,COMPLETE
U251203-07450,22030,2025-12-03 00:31:38,337400,COMPLETE
U260226-07451,22031,2026-02-26 12:46:26,118800,COMPLETE
U251209-07452,22031,2025-12-09 20:05:20,137300,RETURNED
U230611-07453,22031,2023-06-11 19:59:46,365800,COMPLETE
U260826-07454,22032,2026-08-26 11:17:37,345800,COMPLETE
U251120-07455,22032,2025-11-20 20:35:23,97100,COMPLETE
U260609-07456,22032,2026-06-09 21:24:33,68000,COMPLETE
U251216-07457,22032,2025-12-16 16:31:52,134900,CANCELED
U250724-07458,22033,2025-07-24 11:48:33,1025100,COMPLETE
U260829-07459,22033,2026-08-29 08:48:10,178200,COMPLETE
U260311-07460,22033,2026-03-11 20:25:47,58000,COMPLETE
U260803-07461,22033,2026-08-03 21:47:14,48300,COMPLETE
U260424-07462,22035,2026-04-24 18:26:35,284500,COMPLETE
U260729-07463,22035,2026-07-29 22:12:01,573600,COMPLETE
U260308-07464,22035,2026-03-08 11:35:09,24600,CANCELED
U250218-07465,22035,2025-02-18 11:43:19,169600,COMPLETE
U260508-07466,22035,2026-05-08 11:54:51,32800,COMPLETE
U260325-07467,22036,2026-03-25 21:50:38,40000,COMPLETE
U260819-07468,22036,2026-08-19 21:05:33,101600,COMPLETE
U251126-07469,22036,2025-11-26 18:07:15,94400,COMPLETE
U240620-07470,22038,2024-06-20 14:12:44,276800,COMPLETE
U251018-07471,22038,2025-10-18 15:17:23,251300,COMPLETE
U251228-07472,22038,2025-12-28 14:26:23,113800,COMPLETE
U260430-07473,22038,2026-04-30 19:24:04,296300,COMPLETE
U251007-07474,22039,2025-10-07 10:25:03,231400,COMPLETE
U260107-07475,22039,2026-01-07 21:20:56,393000,COMPLETE
U251123-07476,22039,2025-11-23 21:49:28,75900,COMPLETE
U250330-07477,22040,2025-03-30 16:59:39,253700,COMPLETE
U250723-07478,22040,2025-07-23 22:40:35,243100,RETURNED
U260601-07479,22040,2026-06-01 17:53:44,43900,COMPLETE
U260819-07480,22040,2026-08-19 13:37:31,77800,COMPLETE
U260508-07481,22040,2026-05-08 15:05:58,282300,COMPLETE
U260301-07482,22040,2026-03-01 00:42:31,323300,COMPLETE
U250830-07483,22040,2025-08-30 15:31:05,40000,COMPLETE
U260614-07484,22040,2026-06-14 22:34:06,211700,COMPLETE
U231117-07485,22041,2023-11-17 11:09:28,156800,COMPLETE
U241216-07486,22041,2024-12-16 17:50:01,307000,COMPLETE
U260505-07487,22042,2026-05-05 21:18:44,42000,COMPLETE
U260220-07488,22042,2026-02-20 15:32:32,68400,CANCELED
U260509-07489,22043,2026-05-09 19:23:32,284200,COMPLETE
U251204-07490,22043,2025-12-04 12:10:41,550100,COMPLETE
U260418-07491,22043,2026-04-18 21:07:46,20200,COMPLETE
U260216-07492,22043,2026-02-16 23:10:59,159100,COMPLETE
U250818-07493,22044,2025-08-18 20:49:07,232400,COMPLETE
U260619-07494,22044,2026-06-19 13:21:15,225400,COMPLETE
U260815-07495,22044,2026-08-15 18:26:14,36700,COMPLETE
U250516-07496,22044,2025-05-16 19:58:26,94200,COMPLETE
U260201-07497,22044,2026-02-01 16:32:34,230700,COMPLETE
U260604-07498,22044,2026-06-04 17:33:19,46800,COMPLETE
U260107-07499,22044,2026-01-07 11:33:13,272000,RETURNED
U260109-07500,22045,2026-01-09 21:43:46,108300,COMPLETE
U250613-07501,22045,2025-06-13 17:55:44,268900,COMPLETE
U260207-07502,22045,2026-02-07 08:37:32,161300,COMPLETE
U260317-07503,22045,2026-03-17 13:52:42,527700,COMPLETE
U251204-07504,22046,2025-12-04 09:03:09,66500,COMPLETE
U251214-07505,22046,2025-12-14 21:49:35,176600,COMPLETE
U260312-07506,22046,2026-03-12 11:19:07,348600,COMPLETE
U260818-07507,22046,2026-08-18 12:32:22,46900,COMPLETE
U260310-07508,22046,2026-03-10 22:48:32,41400,COMPLETE
U260125-07509,22046,2026-01-25 23:48:22,32200,COMPLETE
U260902-07510,22046,2026-09-02 20:05:20,160100,COMPLETE
U260602-07511,22047,2026-06-02 09:28:14,95900,COMPLETE
U260724-07512,22048,2026-07-24 16:48:04,31100,COMPLETE
U260829-07513,22048,2026-08-29 15:40:39,84800,COMPLETE
U260714-07514,22049,2026-07-14 21:05:22,290000,COMPLETE
U260425-07515,22049,2026-04-25 08:41:53,177100,COMPLETE
U260529-07516,22050,2026-05-29 21:07:06,402300,COMPLETE
U260723-07517,22050,2026-07-23 19:27:37,164100,COMPLETE
U260430-07518,22050,2026-04-30 13:14:05,199000,COMPLETE
U260711-07519,22050,2026-07-11 20:56:09,302900,COMPLETE
U260702-07520,22051,2026-07-02 16:23:12,65800,COMPLETE
U240710-07521,22052,2024-07-10 14:07:51,56500,CANCELED
U250912-07522,22052,2025-09-12 10:51:40,116400,COMPLETE
U260407-07523,22052,2026-04-07 22:26:43,95500,COMPLETE
U251105-07524,22052,2025-11-05 14:29:16,701100,COMPLETE
U251215-07525,22052,2025-12-15 21:35:24,74000,COMPLETE
U260901-07526,22052,2026-09-01 13:37:41,220700,COMPLETE
U240501-07527,22052,2024-05-01 21:24:02,45400,COMPLETE
U251004-07528,22052,2025-10-04 17:28:45,50000,COMPLETE
U250808-07529,22052,2025-08-08 00:05:43,14100,COMPLETE
U250622-07530,22052,2025-06-22 17:18:19,63700,COMPLETE
U260726-07531,22052,2026-07-26 13:50:35,116300,COMPLETE
U251126-07532,22052,2025-11-26 21:15:19,18800,CANCELED
U250719-07533,22052,2025-07-19 14:11:15,38900,COMPLETE
U260311-07534,22052,2026-03-11 19:31:38,37400,COMPLETE
U260323-07535,22053,2026-03-23 21:29:35,183900,COMPLETE
U260519-07536,22054,2026-05-19 09:40:28,306700,COMPLETE
U260822-07537,22054,2026-08-22 22:51:20,262800,CANCELED
U260717-07538,22054,2026-07-17 23:12:11,39900,COMPLETE
U230628-07539,22055,2023-06-28 21:17:21,208200,COMPLETE
U230917-07540,22056,2023-09-17 15:11:22,440200,RETURNED
U221026-07541,22056,2022-10-26 21:27:06,113800,CANCELED
U240301-07542,22057,2024-03-01 19:29:29,149900,RETURNED
U240210-07543,22057,2024-02-10 21:06:55,611400,COMPLETE
U250911-07544,22058,2025-09-11 21:25:49,464800,COMPLETE
U241127-07545,22058,2024-11-27 00:07:04,128900,COMPLETE
U231216-07546,22059,2023-12-16 22:08:10,701300,COMPLETE
U230615-07547,22059,2023-06-15 15:44:33,171100,COMPLETE
U240716-07548,22060,2024-07-16 10:25:21,87200,COMPLETE
U251110-07549,22061,2025-11-10 18:16:43,29100,CANCELED
U250406-07550,22061,2025-04-06 12:30:26,104900,CANCELED
U260804-07551,22061,2026-08-04 00:43:01,65100,COMPLETE
U260416-07552,22061,2026-04-16 21:58:23,316000,COMPLETE
U250724-07553,22061,2025-07-24 22:58:39,96300,COMPLETE
U260301-07554,22061,2026-03-01 21:05:10,205600,COMPLETE
U250709-07555,22061,2025-07-09 13:55:27,515800,COMPLETE
U260502-07556,22062,2026-05-02 18:12:29,55500,COMPLETE
U251212-07557,22062,2025-12-12 19:15:07,384100,COMPLETE
U260630-07558,22063,2026-06-30 14:17:04,362900,COMPLETE
U260725-07559,22063,2026-07-25 20:10:27,114600,COMPLETE
U260504-07560,22063,2026-05-04 19:55:58,214100,COMPLETE
U251210-07561,22064,2025-12-10 12:41:09,313100,COMPLETE
U230624-07562,22064,2023-06-24 15:45:46,89400,COMPLETE
U240107-07563,22064,2024-01-07 18:07:03,329900,COMPLETE
U250905-07564,22064,2025-09-05 19:29:05,876900,COMPLETE
U231020-07565,22064,2023-10-20 10:56:49,311500,RETURNED
U250811-07566,22064,2025-08-11 19:40:05,60500,COMPLETE
U260303-07567,22064,2026-03-03 23:00:59,264300,COMPLETE
U250430-07568,22064,2025-04-30 23:11:33,509900,COMPLETE
U260626-07569,22065,2026-06-26 00:42:55,121000,COMPLETE
U241112-07570,22067,2024-11-12 20:52:14,476500,COMPLETE
U250116-07571,22068,2025-01-16 16:26:44,114800,COMPLETE
U251106-07572,22068,2025-11-06 16:22:46,401300,COMPLETE
U260402-07573,22069,2026-04-02 19:49:08,84000,COMPLETE
U250616-07574,22069,2025-06-16 09:53:21,171900,COMPLETE
U260828-07575,22070,2026-08-28 21:13:47,131200,COMPLETE
U260718-07576,22070,2026-07-18 21:14:43,69600,COMPLETE
U260806-07577,22071,2026-08-06 12:32:11,296600,COMPLETE
U260521-07578,22071,2026-05-21 17:26:52,33600,COMPLETE
U260718-07579,22071,2026-07-18 20:00:56,41500,COMPLETE
U260428-07580,22071,2026-04-28 22:11:59,138100,RETURNED
U260808-07581,22071,2026-08-08 21:13:36,76400,COMPLETE
U260705-07582,22071,2026-07-05 19:16:03,78700,COMPLETE
U260807-07583,22071,2026-08-07 22:57:27,85800,COMPLETE
U260519-07584,22071,2026-05-19 21:06:27,36300,CANCELED
U260829-07585,22071,2026-08-29 19:46:48,203300,COMPLETE
U260828-07586,22071,2026-08-28 22:52:20,126700,COMPLETE
U260826-07587,22072,2026-08-26 13:47:47,327200,COMPLETE
U251128-07588,22072,2025-11-28 20:15:46,91600,COMPLETE
U260608-07589,22072,2026-06-08 21:35:31,31000,COMPLETE
U250607-07590,22072,2025-06-07 10:31:01,167600,COMPLETE
U260812-07591,22072,2026-08-12 20:47:33,41200,COMPLETE
U260321-07592,22072,2026-03-21 11:17:00,565500,COMPLETE
U260301-07593,22072,2026-03-01 15:16:43,52200,COMPLETE
U251025-07594,22072,2025-10-25 22:44:17,348100,COMPLETE
U251217-07595,22072,2025-12-17 11:03:46,321900,COMPLETE
U260406-07596,22072,2026-04-06 20:14:18,504000,COMPLETE
U250625-07597,22073,2025-06-25 14:44:25,102300,COMPLETE
U260405-07598,22073,2026-04-05 00:58:43,70100,COMPLETE
U251005-07599,22073,2025-10-05 16:43:34,249300,COMPLETE
U250510-07600,22073,2025-05-10 15:38:15,98400,COMPLETE
U260709-07601,22073,2026-07-09 17:11:30,383400,COMPLETE
U260711-07602,22074,2026-07-11 19:45:05,180800,COMPLETE
U260413-07603,22074,2026-04-13 19:44:13,44000,COMPLETE
U260131-07604,22074,2026-01-31 22:33:54,965900,COMPLETE
U260331-07605,22074,2026-03-31 17:47:13,53400,COMPLETE
U251104-07606,22074,2025-11-04 09:21:52,66000,RETURNED
U260508-07607,22074,2026-05-08 20:43:07,195700,COMPLETE
U260709-07608,22074,2026-07-09 18:25:03,91700,COMPLETE
U260218-07609,22074,2026-02-18 20:34:46,39600,CANCELED
U260305-07610,22074,2026-03-05 18:20:43,15400,COMPLETE
U260608-07611,22074,2026-06-08 19:35:16,84000,COMPLETE
U260117-07612,22074,2026-01-17 19:38:52,379500,COMPLETE
U260818-07613,22074,2026-08-18 18:06:38,176600,COMPLETE
U260209-07614,22075,2026-02-09 12:05:50,138400,COMPLETE
U260208-07615,22075,2026-02-08 09:22:58,530700,COMPLETE
U250723-07616,22077,2025-07-23 16:50:44,418300,COMPLETE
U251025-07617,22077,2025-10-25 16:17:53,272200,COMPLETE
U251019-07618,22077,2025-10-19 20:10:42,798200,CANCELED
U250814-07619,22077,2025-08-14 10:40:17,152900,COMPLETE
U260902-07620,22077,2026-09-02 15:31:45,93600,COMPLETE
U260301-07621,22078,2026-03-01 11:01:58,67900,COMPLETE
U251204-07622,22078,2025-12-04 14:19:27,150100,RETURNED
U260704-07623,22078,2026-07-04 12:48:58,15800,COMPLETE
U251205-07624,22078,2025-12-05 20:03:25,598100,COMPLETE
U250918-07625,22078,2025-09-18 19:43:28,59000,COMPLETE
U250618-07626,22078,2025-06-18 21:11:44,477800,COMPLETE
U250927-07627,22079,2025-09-27 13:51:37,238800,COMPLETE
U251124-07628,22079,2025-11-24 00:10:22,57600,COMPLETE
U260328-07629,22079,2026-03-28 21:27:09,177300,COMPLETE
U260202-07630,22079,2026-02-02 13:18:58,196100,RETURNED
U260807-07631,22079,2026-08-07 21:01:30,667700,RETURNED
U260418-07632,22079,2026-04-18 16:58:47,129100,COMPLETE
U250925-07633,22080,2025-09-25 20:15:50,82200,COMPLETE
U230902-07634,22080,2023-09-02 20:21:01,92600,COMPLETE
U240716-07635,22080,2024-07-16 10:41:55,60100,COMPLETE
U260314-07636,22080,2026-03-14 17:39:15,448400,COMPLETE
U260217-07637,22080,2026-02-17 11:08:34,187100,COMPLETE
U230927-07638,22080,2023-09-27 00:09:02,527300,COMPLETE
U260807-07639,22080,2026-08-07 08:26:59,351800,COMPLETE
U251108-07640,22080,2025-11-08 10:19:04,65000,COMPLETE
U250509-07641,22080,2025-05-09 20:39:45,42900,COMPLETE
U251110-07642,22080,2025-11-10 13:56:42,103300,COMPLETE
U240725-07643,22080,2024-07-25 08:05:50,153900,CANCELED
U260205-07644,22080,2026-02-05 20:13:39,269000,COMPLETE
U260526-07645,22080,2026-05-26 13:24:50,62300,COMPLETE
U260724-07646,22080,2026-07-24 19:10:40,156500,RETURNED
U260610-07647,22080,2026-06-10 10:28:46,157800,COMPLETE
U240712-07648,22080,2024-07-12 17:45:56,217000,CANCELED
U260427-07649,22080,2026-04-27 23:09:51,253300,COMPLETE
U231116-07650,22080,2023-11-16 13:03:15,348800,COMPLETE
U260813-07651,22081,2026-08-13 20:25:15,293500,COMPLETE
U250621-07652,22082,2025-06-21 15:34:01,112600,COMPLETE
U260729-07653,22083,2026-07-29 12:46:06,105600,COMPLETE
U260901-07654,22083,2026-09-01 10:44:54,88000,COMPLETE
U260528-07655,22083,2026-05-28 19:19:19,260100,COMPLETE
U260704-07656,22083,2026-07-04 21:24:02,250400,COMPLETE
U260729-07657,22083,2026-07-29 21:39:02,109500,COMPLETE
U260330-07658,22083,2026-03-30 16:55:12,183400,RETURNED
U250717-07659,22085,2025-07-17 00:44:49,377900,COMPLETE
U250520-07660,22085,2025-05-20 21:42:21,298900,RETURNED
U240613-07661,22087,2024-06-13 13:54:25,106800,COMPLETE
U250120-07662,22088,2025-01-20 11:16:49,74800,COMPLETE
U250524-07663,22088,2025-05-24 21:30:35,115100,COMPLETE
U260619-07664,22088,2026-06-19 12:09:13,121100,COMPLETE
U260226-07665,22088,2026-02-26 14:48:38,122800,COMPLETE
U240503-07666,22089,2024-05-03 17:38:00,186600,COMPLETE
U240504-07667,22089,2024-05-04 00:25:44,208600,COMPLETE
U250902-07668,22090,2025-09-02 21:11:43,235000,COMPLETE
U241214-07669,22090,2024-12-14 19:59:36,18800,COMPLETE
U250907-07670,22090,2025-09-07 20:34:46,78900,COMPLETE
U250823-07671,22090,2025-08-23 20:46:18,85500,COMPLETE
U241227-07672,22090,2024-12-27 23:11:37,144600,COMPLETE
U260711-07673,22091,2026-07-11 18:46:55,139400,COMPLETE
U260829-07674,22091,2026-08-29 21:02:56,38600,COMPLETE
U260812-07675,22091,2026-08-12 18:56:03,263600,COMPLETE
U260901-07676,22091,2026-09-01 12:53:32,147700,COMPLETE
U260720-07677,22091,2026-07-20 15:57:55,442800,COMPLETE
U260810-07678,22091,2026-08-10 17:48:10,57900,COMPLETE
U250224-07679,22092,2025-02-24 13:22:14,46500,COMPLETE
U260713-07680,22093,2026-07-13 09:37:04,108900,COMPLETE
U260323-07681,22093,2026-03-23 17:38:41,282500,COMPLETE
U251002-07682,22093,2025-10-02 13:47:26,66900,COMPLETE
U260626-07683,22094,2026-06-26 21:25:10,47900,COMPLETE
U260728-07684,22094,2026-07-28 17:33:41,96500,COMPLETE
U260202-07685,22095,2026-02-02 22:00:49,146700,COMPLETE
U260530-07686,22096,2026-05-30 15:59:43,190600,COMPLETE
U260823-07687,22097,2026-08-23 23:32:26,56600,COMPLETE
U260809-07688,22097,2026-08-09 20:23:24,167100,COMPLETE
U260820-07689,22097,2026-08-20 21:31:36,186000,COMPLETE
U260823-07690,22097,2026-08-23 14:57:41,95600,COMPLETE
U260824-07691,22097,2026-08-24 11:59:36,104500,COMPLETE
U260205-07692,22098,2026-02-05 23:16:40,81600,COMPLETE
U250910-07693,22099,2025-09-10 14:47:31,52700,COMPLETE
U250910-07694,22099,2025-09-10 14:36:48,578400,COMPLETE
U250530-07695,22100,2025-05-30 22:13:07,124200,COMPLETE
U260621-07696,22101,2026-06-21 19:44:42,14200,COMPLETE
U260313-07697,22103,2026-03-13 00:44:50,58500,COMPLETE
U260827-07698,22103,2026-08-27 16:47:18,204000,COMPLETE
U260420-07699,22103,2026-04-20 21:03:33,306100,RETURNED
U260327-07700,22104,2026-03-27 12:18:51,82500,COMPLETE
U260402-07701,22104,2026-04-02 16:21:46,544200,COMPLETE
U260525-07702,22104,2026-05-25 18:20:17,73400,COMPLETE
U260123-07703,22104,2026-01-23 22:48:24,746200,COMPLETE
U260320-07704,22104,2026-03-20 10:39:05,91500,COMPLETE
U250603-07705,22105,2025-06-03 17:21:52,254000,COMPLETE
U251126-07706,22106,2025-11-26 22:56:41,258600,COMPLETE
U230510-07707,22106,2023-05-10 15:49:56,161500,COMPLETE
U250520-07708,22106,2025-05-20 22:25:47,162300,COMPLETE
U231226-07709,22106,2023-12-26 19:52:54,90700,COMPLETE
U241118-07710,22106,2024-11-18 19:29:05,417600,COMPLETE
U260228-07711,22106,2026-02-28 09:38:41,164300,COMPLETE
U240727-07712,22106,2024-07-27 19:14:20,40000,COMPLETE
U260325-07713,22107,2026-03-25 15:07:41,376900,COMPLETE
U260801-07714,22107,2026-08-01 20:21:36,13100,COMPLETE
U260421-07715,22107,2026-04-21 11:21:22,196200,CANCELED
U260815-07716,22107,2026-08-15 15:58:34,84000,CANCELED
U260402-07717,22107,2026-04-02 19:58:43,291500,COMPLETE
U260611-07718,22107,2026-06-11 19:09:04,72100,COMPLETE
U260825-07719,22107,2026-08-25 18:16:58,181400,COMPLETE
U260402-07720,22107,2026-04-02 20:34:45,24700,COMPLETE
U260705-07721,22108,2026-07-05 15:17:53,680500,COMPLETE
U260526-07722,22108,2026-05-26 10:55:56,333600,COMPLETE
U250110-07723,22108,2025-01-10 19:26:05,37000,COMPLETE
U250215-07724,22108,2025-02-15 20:52:02,113700,COMPLETE
U250831-07725,22108,2025-08-31 11:04:09,136500,COMPLETE
U260218-07726,22108,2026-02-18 14:13:52,170000,COMPLETE
U240724-07727,22108,2024-07-24 17:23:31,26400,COMPLETE
U250415-07728,22108,2025-04-15 19:39:52,210900,COMPLETE
U250123-07729,22108,2025-01-23 17:04:59,364900,COMPLETE
U240229-07730,22108,2024-02-29 10:32:17,120400,COMPLETE
U260801-07731,22108,2026-08-01 16:14:54,65400,COMPLETE
U260607-07732,22108,2026-06-07 20:17:54,445300,CANCELED
U250130-07733,22108,2025-01-30 14:51:00,152500,COMPLETE
U251217-07734,22108,2025-12-17 21:19:56,111300,COMPLETE
U251204-07735,22109,2025-12-04 11:53:56,82400,COMPLETE
U260426-07736,22110,2026-04-26 13:01:41,175000,COMPLETE
U260201-07737,22110,2026-02-01 22:24:54,136100,RETURNED
U260604-07738,22110,2026-06-04 12:35:55,386500,COMPLETE
U260831-07739,22111,2026-08-31 21:10:34,91400,COMPLETE
U260711-07740,22111,2026-07-11 18:14:30,100000,CANCELED
U260330-07741,22111,2026-03-30 20:46:04,312000,COMPLETE
U260625-07742,22111,2026-06-25 18:09:15,281800,COMPLETE
U251127-07743,22112,2025-11-27 20:02:32,172300,COMPLETE
U250803-07744,22112,2025-08-03 22:01:53,126200,COMPLETE
U250420-07745,22113,2025-04-20 21:26:23,24300,COMPLETE
U250710-07746,22113,2025-07-10 13:45:48,378900,COMPLETE
U260220-07747,22113,2026-02-20 12:34:14,144000,CANCELED
U260731-07748,22113,2026-07-31 21:27:42,88100,COMPLETE
U251206-07749,22113,2025-12-06 21:57:11,184600,COMPLETE
U250306-07750,22113,2025-03-06 00:26:34,81800,COMPLETE
U260220-07751,22113,2026-02-20 22:19:04,95600,COMPLETE
U250420-07752,22113,2025-04-20 10:58:06,36600,RETURNED
U251113-07753,22113,2025-11-13 19:21:54,83700,COMPLETE
U251014-07754,22113,2025-10-14 20:40:49,422000,CANCELED
U241214-07755,22114,2024-12-14 11:13:21,210300,COMPLETE
U230221-07756,22114,2023-02-21 20:24:08,314500,COMPLETE
U230705-07757,22114,2023-07-05 22:09:27,22200,COMPLETE
U260417-07758,22115,2026-04-17 21:00:56,202800,CANCELED
U251222-07759,22115,2025-12-22 17:13:19,574000,COMPLETE
U260222-07760,22116,2026-02-22 21:20:34,58700,COMPLETE
U250714-07761,22116,2025-07-14 13:55:41,123400,COMPLETE
U260602-07762,22117,2026-06-02 11:45:36,56300,COMPLETE
U260413-07763,22118,2026-04-13 15:32:29,229400,RETURNED
U260721-07764,22118,2026-07-21 19:57:14,342200,COMPLETE
U260820-07765,22118,2026-08-20 14:57:29,113000,COMPLETE
U260714-07766,22118,2026-07-14 19:19:54,57000,COMPLETE
U250926-07767,22118,2025-09-26 18:50:54,236200,COMPLETE
U260721-07768,22118,2026-07-21 18:48:24,334800,COMPLETE
U260227-07769,22118,2026-02-27 20:03:56,78700,COMPLETE
U260328-07770,22118,2026-03-28 21:14:09,73400,COMPLETE
U260804-07771,22118,2026-08-04 22:12:12,463200,COMPLETE
U251218-07772,22118,2025-12-18 16:05:54,40700,COMPLETE
U260209-07773,22118,2026-02-09 21:52:53,259800,COMPLETE
U260526-07774,22118,2026-05-26 20:46:53,105900,COMPLETE
U260620-07775,22118,2026-06-20 00:31:50,216700,RETURNED
U260319-07776,22118,2026-03-19 22:07:27,50300,CANCELED
U260207-07777,22118,2026-02-07 12:37:17,35200,COMPLETE
U251207-07778,22118,2025-12-07 22:26:18,82300,COMPLETE
U251122-07779,22118,2025-11-22 22:09:55,38700,COMPLETE
U260818-07780,22118,2026-08-18 15:20:23,78600,COMPLETE
U260329-07781,22118,2026-03-29 16:14:21,161900,COMPLETE
U260902-07782,22118,2026-09-02 20:00:18,271000,COMPLETE
U260828-07783,22119,2026-08-28 21:39:40,55300,COMPLETE
U260820-07784,22119,2026-08-20 10:39:23,52300,RETURNED
U251018-07785,22120,2025-10-18 21:31:02,110200,COMPLETE
U251019-07786,22120,2025-10-19 17:04:58,383400,COMPLETE
U260706-07787,22121,2026-07-06 20:25:37,216200,COMPLETE
U260706-07788,22121,2026-07-06 20:25:16,43000,RETURNED
U260707-07789,22121,2026-07-07 12:20:26,97200,COMPLETE
U260326-07790,22122,2026-03-26 22:57:21,178900,COMPLETE
U260621-07791,22122,2026-06-21 11:37:06,43800,COMPLETE
U250106-07792,22122,2025-01-06 22:05:13,384900,COMPLETE
U251211-07793,22122,2025-12-11 18:58:54,395000,COMPLETE
U250313-07794,22122,2025-03-13 19:44:15,50600,COMPLETE
U260804-07795,22122,2026-08-04 18:47:23,46200,COMPLETE
U250524-07796,22122,2025-05-24 16:39:57,192600,COMPLETE
U250523-07797,22122,2025-05-23 19:23:38,459000,COMPLETE
U250520-07798,22122,2025-05-20 20:25:04,229500,RETURNED
U250102-07799,22122,2025-01-02 16:18:17,205500,COMPLETE
U260310-07800,22122,2026-03-10 10:27:42,103400,COMPLETE
U260714-07801,22122,2026-07-14 18:44:25,217500,COMPLETE
U260627-07802,22123,2026-06-27 17:14:16,102800,COMPLETE
U260221-07803,22123,2026-02-21 21:23:39,309300,COMPLETE
U260605-07804,22123,2026-06-05 10:31:32,285100,COMPLETE
U260429-07805,22123,2026-04-29 20:08:30,396800,COMPLETE
U251111-07806,22124,2025-11-11 19:53:08,413200,CANCELED
U260812-07807,22125,2026-08-12 00:14:42,365500,COMPLETE
U260718-07808,22125,2026-07-18 10:19:02,128700,RETURNED
U250526-07809,22126,2025-05-26 19:46:48,83000,COMPLETE
U251117-07810,22127,2025-11-17 20:37:12,478700,COMPLETE
U250405-07811,22127,2025-04-05 15:05:16,217700,CANCELED
U260602-07812,22127,2026-06-02 20:15:58,63100,CANCELED
U260103-07813,22127,2026-01-03 19:09:25,226700,COMPLETE
U251116-07814,22127,2025-11-16 22:07:05,200800,COMPLETE
U250512-07815,22127,2025-05-12 11:26:16,17200,COMPLETE
U260901-07816,22127,2026-09-01 20:54:42,33000,COMPLETE
U260629-07817,22127,2026-06-29 14:59:35,378700,COMPLETE
U260401-07818,22129,2026-04-01 20:03:24,153000,COMPLETE
U260831-07819,22130,2026-08-31 12:54:41,38400,COMPLETE
U260831-07820,22130,2026-08-31 15:18:08,95700,COMPLETE
U260829-07821,22130,2026-08-29 18:37:54,255800,COMPLETE
U260902-07822,22130,2026-09-02 08:50:49,383800,CANCELED
U260831-07823,22130,2026-08-31 11:41:53,47800,RETURNED
U260903-07824,22130,2026-09-03 20:07:29,83100,COMPLETE
U260430-07825,22131,2026-04-30 13:28:05,410500,COMPLETE
U260219-07826,22132,2026-02-19 22:00:53,141500,COMPLETE
U260305-07827,22132,2026-03-05 18:09:50,222200,CANCELED
U251028-07828,22132,2025-10-28 18:52:56,178200,CANCELED
U260730-07829,22133,2026-07-30 14:36:48,324700,COMPLETE
U260530-07830,22134,2026-05-30 09:48:23,68200,COMPLETE
U260715-07831,22135,2026-07-15 15:34:31,168700,COMPLETE
U260713-07832,22135,2026-07-13 13:09:36,121300,COMPLETE
U251113-07833,22135,2025-11-13 19:28:35,212400,COMPLETE
U250707-07834,22136,2025-07-07 22:29:04,57100,COMPLETE
U250707-07835,22136,2025-07-07 23:34:00,130700,COMPLETE
U251226-07836,22137,2025-12-26 20:16:43,61900,COMPLETE
U250128-07837,22137,2025-01-28 00:14:51,325400,COMPLETE
U260901-07838,22138,2026-09-01 18:59:04,51700,COMPLETE
U251006-07839,22139,2025-10-06 20:10:26,79800,COMPLETE
U260811-07840,22140,2026-08-11 22:41:36,388000,COMPLETE
U260311-07841,22141,2026-03-11 00:13:58,17100,COMPLETE
U260312-07842,22141,2026-03-12 10:47:32,245600,COMPLETE
U251004-07843,22141,2025-10-04 13:21:01,425100,COMPLETE
U260811-07844,22141,2026-08-11 10:15:56,138600,COMPLETE
U260315-07845,22141,2026-03-15 10:16:24,122000,COMPLETE
U250615-07846,22141,2025-06-15 21:41:21,110100,COMPLETE
U260902-07847,22141,2026-09-02 23:47:12,141900,COMPLETE
U260415-07848,22142,2026-04-15 00:55:44,102000,COMPLETE
U260731-07849,22142,2026-07-31 12:49:28,121400,COMPLETE
U260830-07850,22142,2026-08-30 17:29:22,349300,COMPLETE
U260219-07851,22143,2026-02-19 12:52:12,534500,COMPLETE
U260803-07852,22144,2026-08-03 19:18:15,205100,COMPLETE
U260815-07853,22144,2026-08-15 17:25:23,113300,COMPLETE
U260708-07854,22144,2026-07-08 19:17:28,46400,COMPLETE
U260222-07855,22144,2026-02-22 11:45:10,38200,COMPLETE
U260821-07856,22144,2026-08-21 16:45:21,72600,COMPLETE
U250713-07857,22145,2025-07-13 21:14:34,370800,COMPLETE
U260504-07858,22146,2026-05-04 21:39:17,99200,COMPLETE
U260309-07859,22147,2026-03-09 16:08:23,325500,CANCELED
U250625-07860,22147,2025-06-25 20:44:34,432200,COMPLETE
U260523-07861,22148,2026-05-23 11:53:32,44500,COMPLETE
U260520-07862,22148,2026-05-20 20:26:14,174200,COMPLETE
U260820-07863,22149,2026-08-20 18:16:22,438700,COMPLETE
U260423-07864,22149,2026-04-23 12:55:15,24000,COMPLETE
U260413-07865,22149,2026-04-13 00:31:59,215000,RETURNED
U250621-07866,22149,2025-06-21 10:07:07,341300,CANCELED
U260216-07867,22149,2026-02-16 19:49:20,103100,COMPLETE
U250623-07868,22149,2025-06-23 22:07:31,108300,COMPLETE
U260802-07869,22149,2026-08-02 13:10:32,162500,CANCELED
U260609-07870,22149,2026-06-09 14:33:53,329900,COMPLETE
U241125-07871,22150,2024-11-25 19:44:09,149100,COMPLETE
U260128-07872,22151,2026-01-28 22:31:59,71400,COMPLETE
U260622-07873,22151,2026-06-22 23:14:48,153300,COMPLETE
U260610-07874,22151,2026-06-10 19:59:26,108200,COMPLETE
U260707-07875,22151,2026-07-07 20:33:12,345000,COMPLETE
U260310-07876,22151,2026-03-10 20:07:33,183800,COMPLETE
U260429-07877,22152,2026-04-29 18:41:25,263900,COMPLETE
U250824-07878,22152,2025-08-24 00:31:16,206700,CANCELED
U250516-07879,22152,2025-05-16 11:30:08,40000,COMPLETE
U260901-07880,22153,2026-09-01 12:58:01,64000,COMPLETE
U260902-07881,22153,2026-09-02 21:22:29,14500,COMPLETE
U260903-07882,22153,2026-09-03 14:25:45,43600,COMPLETE
U260705-07883,22154,2026-07-05 20:08:02,223700,COMPLETE
U251227-07884,22154,2025-12-27 19:34:59,126500,CANCELED
U260723-07885,22154,2026-07-23 22:59:16,254400,COMPLETE
U260722-07886,22154,2026-07-22 09:43:39,391700,COMPLETE
U251217-07887,22154,2025-12-17 22:22:28,114300,COMPLETE
U260821-07888,22154,2026-08-21 23:32:36,89800,COMPLETE
U260821-07889,22155,2026-08-21 15:07:58,184400,COMPLETE
U260821-07890,22155,2026-08-21 08:41:53,399300,COMPLETE
U260822-07891,22155,2026-08-22 18:09:30,22200,COMPLETE
U260820-07892,22155,2026-08-20 12:15:21,123300,COMPLETE
U251124-07893,22156,2025-11-24 12:45:19,299000,COMPLETE
U260531-07894,22157,2026-05-31 19:24:15,240100,COMPLETE
U260629-07895,22157,2026-06-29 10:05:30,487500,COMPLETE
U260617-07896,22157,2026-06-17 19:15:05,254900,COMPLETE
U260822-07897,22157,2026-08-22 20:11:54,111900,COMPLETE
U260517-07898,22157,2026-05-17 19:29:05,300400,COMPLETE
U260715-07899,22157,2026-07-15 22:05:32,452600,COMPLETE
U260804-07900,22157,2026-08-04 18:35:10,55400,COMPLETE
U260721-07901,22157,2026-07-21 15:42:26,10600,COMPLETE
U260810-07902,22157,2026-08-10 15:37:27,114900,COMPLETE
U260718-07903,22157,2026-07-18 12:47:12,227000,COMPLETE
U260902-07904,22157,2026-09-02 00:42:27,180800,COMPLETE
U260731-07905,22157,2026-07-31 22:49:06,78400,COMPLETE
U260810-07906,22157,2026-08-10 22:45:30,253000,COMPLETE
U260815-07907,22157,2026-08-15 21:44:31,104600,COMPLETE
U240904-07908,22158,2024-09-04 16:48:56,344300,COMPLETE
U250915-07909,22158,2025-09-15 21:45:53,190000,COMPLETE
U250708-07910,22158,2025-07-08 17:37:58,54500,COMPLETE
U250604-07911,22158,2025-06-04 19:02:18,105300,COMPLETE
U241111-07912,22158,2024-11-11 16:57:24,95600,COMPLETE
U260103-07913,22159,2026-01-03 20:33:43,526000,COMPLETE
U260717-07914,22159,2026-07-17 13:53:59,170700,COMPLETE
U260521-07915,22159,2026-05-21 19:25:03,137600,COMPLETE
U251027-07916,22159,2025-10-27 18:49:34,106600,COMPLETE
U250530-07917,22159,2025-05-30 22:52:49,56800,COMPLETE
U260323-07918,22159,2026-03-23 21:42:20,67500,COMPLETE
U251216-07919,22159,2025-12-16 17:24:58,21400,COMPLETE
U250803-07920,22159,2025-08-03 21:12:28,127300,COMPLETE
U250813-07921,22160,2025-08-13 20:26:50,220600,COMPLETE
U250814-07922,22160,2025-08-14 08:15:17,212500,COMPLETE
U250315-07923,22161,2025-03-15 10:28:16,72500,COMPLETE
U250406-07924,22162,2025-04-06 19:02:15,253300,COMPLETE
U241122-07925,22162,2024-11-22 16:13:30,168400,COMPLETE
U251008-07926,22162,2025-10-08 10:27:41,133200,COMPLETE
U250923-07927,22162,2025-09-23 18:56:10,33700,COMPLETE
U260426-07928,22162,2026-04-26 16:23:59,22100,COMPLETE
U250224-07929,22162,2025-02-24 22:33:33,183800,COMPLETE
U260601-07930,22162,2026-06-01 00:18:38,240300,CANCELED
U260116-07931,22162,2026-01-16 15:01:06,216300,COMPLETE
U250710-07932,22162,2025-07-10 17:27:54,332000,CANCELED
U241001-07933,22162,2024-10-01 19:31:21,445100,RETURNED
U260716-07934,22163,2026-07-16 11:12:42,36700,COMPLETE
U260430-07935,22163,2026-04-30 11:01:28,61700,COMPLETE
U260616-07936,22163,2026-06-16 19:42:30,40900,COMPLETE
U241025-07937,22164,2024-10-25 12:13:51,55800,COMPLETE
U241026-07938,22164,2024-10-26 23:40:16,17900,COMPLETE
U251223-07939,22165,2025-12-23 18:42:15,144800,COMPLETE
U260320-07940,22166,2026-03-20 17:52:19,31200,COMPLETE
U260605-07941,22166,2026-06-05 12:02:32,46900,COMPLETE
U260707-07942,22166,2026-07-07 14:02:37,446100,COMPLETE
U251111-07943,22167,2025-11-11 12:31:45,63200,COMPLETE
U260624-07944,22167,2026-06-24 00:48:49,47200,COMPLETE
U250328-07945,22167,2025-03-28 14:19:20,454800,COMPLETE
U250909-07946,22167,2025-09-09 19:38:48,755600,COMPLETE
U260209-07947,22167,2026-02-09 17:17:29,250100,COMPLETE
U241104-07948,22167,2024-11-04 15:31:47,99200,COMPLETE
U260813-07949,22167,2026-08-13 20:42:42,81000,COMPLETE
U260714-07950,22167,2026-07-14 14:03:59,41100,COMPLETE
U260307-07951,22167,2026-03-07 16:47:18,386100,COMPLETE
U260603-07952,22167,2026-06-03 18:31:22,153600,COMPLETE
U260818-07953,22167,2026-08-18 11:45:36,265500,COMPLETE
U250411-07954,22167,2025-04-11 23:18:47,682800,COMPLETE
U230915-07955,22168,2023-09-15 08:53:24,223600,COMPLETE
U231007-07956,22168,2023-10-07 11:09:46,637200,COMPLETE
U240826-07957,22169,2024-08-26 20:24:35,587000,COMPLETE
U240612-07958,22169,2024-06-12 21:22:48,383200,COMPLETE
U260902-07959,22170,2026-09-02 11:08:17,259200,COMPLETE
U260810-07960,22171,2026-08-10 20:49:48,162400,COMPLETE
U260608-07961,22171,2026-06-08 19:36:49,191300,COMPLETE
U260205-07962,22172,2026-02-05 20:22:56,96700,COMPLETE
U250523-07963,22172,2025-05-23 15:01:14,12100,RETURNED
U250624-07964,22172,2025-06-24 09:56:47,486800,RETURNED
U241129-07965,22172,2024-11-29 14:15:59,233600,COMPLETE
U241208-07966,22172,2024-12-08 10:12:48,38200,COMPLETE
U250317-07967,22172,2025-03-17 23:50:11,24200,COMPLETE
U260623-07968,22172,2026-06-23 20:53:25,107200,COMPLETE
U240312-07969,22172,2024-03-12 12:55:37,150200,COMPLETE
U230724-07970,22172,2023-07-24 16:39:27,37100,COMPLETE
U230728-07971,22172,2023-07-28 21:50:15,114000,COMPLETE
U241001-07972,22172,2024-10-01 22:07:49,69200,COMPLETE
U231031-07973,22172,2023-10-31 20:12:02,364600,COMPLETE
U260529-07974,22173,2026-05-29 20:53:42,138400,COMPLETE
U251121-07975,22173,2025-11-21 19:29:39,174100,COMPLETE
U240407-07976,22173,2024-04-07 14:58:16,534300,COMPLETE
U260308-07977,22175,2026-03-08 19:00:13,89500,COMPLETE
U260418-07978,22175,2026-04-18 15:20:51,79600,COMPLETE
U250713-07979,22176,2025-07-13 18:01:05,113700,COMPLETE
U260330-07980,22177,2026-03-30 11:21:28,237500,COMPLETE
U260330-07981,22177,2026-03-30 15:09:44,311100,COMPLETE
U240530-07982,22177,2024-05-30 16:15:48,36500,COMPLETE
U251228-07983,22177,2025-12-28 00:39:38,293400,COMPLETE
U250105-07984,22177,2025-01-05 21:38:45,33300,COMPLETE
U260112-07985,22178,2026-01-12 22:11:22,254700,COMPLETE
U260818-07986,22178,2026-08-18 20:53:46,214200,RETURNED
U260530-07987,22178,2026-05-30 17:08:57,187800,COMPLETE
U260417-07988,22178,2026-04-17 11:57:56,85800,COMPLETE
U251128-07989,22179,2025-11-28 22:58:51,78000,COMPLETE
U260725-07990,22179,2026-07-25 15:11:37,80300,RETURNED
U251210-07991,22179,2025-12-10 19:46:10,22400,COMPLETE
U260207-07992,22180,2026-02-07 21:07:42,454800,COMPLETE
U260207-07993,22180,2026-02-07 22:07:50,192000,COMPLETE
U260807-07994,22181,2026-08-07 22:10:08,194500,COMPLETE
U260819-07995,22181,2026-08-19 14:24:43,104100,COMPLETE
U260607-07996,22182,2026-06-07 23:08:22,551400,COMPLETE
U260205-07997,22182,2026-02-05 19:49:45,464400,COMPLETE
U250409-07998,22182,2025-04-09 23:12:04,59800,RETURNED
U241028-07999,22183,2024-10-28 19:31:32,275400,CANCELED
U260720-08000,22184,2026-07-20 14:11:06,100500,COMPLETE
U260821-08001,22184,2026-08-21 19:03:03,320600,COMPLETE
U251128-08002,22185,2025-11-28 12:03:58,64500,COMPLETE
U260816-08003,22185,2026-08-16 18:26:38,60800,COMPLETE
U240824-08004,22185,2024-08-24 20:52:25,126200,COMPLETE
U260820-08005,22186,2026-08-20 12:51:18,81500,COMPLETE
U260523-08006,22186,2026-05-23 22:13:20,262800,COMPLETE
U241129-08007,22186,2024-11-29 15:39:23,274700,COMPLETE
U260824-08008,22186,2026-08-24 17:52:56,327300,CANCELED
U250713-08009,22186,2025-07-13 00:55:45,141900,COMPLETE
U260819-08010,22186,2026-08-19 16:06:42,333600,CANCELED
U260309-08011,22186,2026-03-09 18:50:01,108300,COMPLETE
U241112-08012,22186,2024-11-12 17:13:06,58600,COMPLETE
U251230-08013,22187,2025-12-30 16:23:51,329200,COMPLETE
U260724-08014,22187,2026-07-24 09:47:24,424600,COMPLETE
U240707-08015,22187,2024-07-07 21:43:46,80000,COMPLETE
U260708-08016,22187,2026-07-08 19:01:48,296600,COMPLETE
U250515-08017,22188,2025-05-15 17:33:21,20200,COMPLETE
U260609-08018,22188,2026-06-09 16:18:45,149600,COMPLETE
U250828-08019,22188,2025-08-28 18:29:34,133000,COMPLETE
U260813-08020,22188,2026-08-13 21:22:45,102400,COMPLETE
U260425-08021,22188,2026-04-25 19:23:14,144700,COMPLETE
U251117-08022,22188,2025-11-17 19:12:17,281100,COMPLETE
U260630-08023,22188,2026-06-30 00:59:18,291100,COMPLETE
U241011-08024,22188,2024-10-11 19:02:34,464500,COMPLETE
U251012-08025,22188,2025-10-12 10:52:27,119200,COMPLETE
U250101-08026,22188,2025-01-01 00:49:40,16900,COMPLETE
U251002-08027,22189,2025-10-02 22:59:38,185600,COMPLETE
U250728-08028,22189,2025-07-28 17:16:56,125200,COMPLETE
U250829-08029,22189,2025-08-29 17:12:11,152600,COMPLETE
U260403-08030,22189,2026-04-03 15:38:37,542000,COMPLETE
U260213-08031,22189,2026-02-13 20:55:14,55000,CANCELED
U250817-08032,22189,2025-08-17 19:15:08,223200,COMPLETE
U260103-08033,22189,2026-01-03 00:35:44,55100,COMPLETE
U250531-08034,22189,2025-05-31 21:18:47,411300,COMPLETE
U250307-08035,22190,2025-03-07 22:23:18,142600,COMPLETE
U260218-08036,22191,2026-02-18 14:33:39,25300,COMPLETE
U241230-08037,22191,2024-12-30 08:09:04,276900,COMPLETE
U251029-08038,22191,2025-10-29 18:41:41,207700,COMPLETE
U250622-08039,22191,2025-06-22 22:24:27,51000,COMPLETE
U241205-08040,22191,2024-12-05 12:58:58,59700,COMPLETE
U250424-08041,22191,2025-04-24 00:16:53,509100,COMPLETE
U250131-08042,22191,2025-01-31 10:20:23,198900,COMPLETE
U251120-08043,22191,2025-11-20 11:55:08,134200,COMPLETE
U251016-08044,22191,2025-10-16 21:59:43,54000,COMPLETE
U250518-08045,22191,2025-05-18 15:04:14,71900,COMPLETE
U251115-08046,22191,2025-11-15 11:13:27,23600,COMPLETE
U251125-08047,22191,2025-11-25 00:58:44,245400,COMPLETE
U240531-08048,22191,2024-05-31 19:58:45,31000,CANCELED
U250213-08049,22191,2025-02-13 08:22:19,443100,COMPLETE
U260220-08050,22191,2026-02-20 20:41:30,72400,COMPLETE
U251024-08051,22191,2025-10-24 21:17:40,54100,COMPLETE
U251005-08052,22191,2025-10-05 23:19:03,70400,CANCELED
U260117-08053,22191,2026-01-17 19:54:10,121000,COMPLETE
U250701-08054,22191,2025-07-01 20:25:47,644900,COMPLETE
U251023-08055,22191,2025-10-23 15:36:48,426000,COMPLETE
U260702-08056,22192,2026-07-02 10:22:00,98800,COMPLETE
U260727-08057,22192,2026-07-27 23:07:52,78900,CANCELED
U260810-08058,22192,2026-08-10 15:35:59,73000,COMPLETE
U260529-08059,22192,2026-05-29 13:19:54,259800,CANCELED
U260718-08060,22193,2026-07-18 00:06:11,251300,COMPLETE
U260608-08061,22193,2026-06-08 22:12:35,123700,COMPLETE
U250916-08062,22193,2025-09-16 14:29:54,280700,COMPLETE
U251224-08063,22193,2025-12-24 21:03:07,73600,COMPLETE
U260511-08064,22193,2026-05-11 21:22:13,37500,COMPLETE
U241216-08065,22193,2024-12-16 20:13:31,132500,COMPLETE
U260804-08066,22193,2026-08-04 15:45:45,41000,COMPLETE
U260116-08067,22194,2026-01-16 22:36:26,130900,COMPLETE
U260315-08068,22194,2026-03-15 19:58:21,174200,COMPLETE
U260811-08069,22194,2026-08-11 18:54:26,49900,COMPLETE
U260108-08070,22194,2026-01-08 17:41:46,287100,RETURNED
U260408-08071,22194,2026-04-08 14:18:04,691400,COMPLETE
U260223-08072,22194,2026-02-23 14:24:09,248400,COMPLETE
U260612-08073,22194,2026-06-12 10:15:14,14500,COMPLETE
U260823-08074,22194,2026-08-23 00:37:42,50200,COMPLETE
U251210-08075,22194,2025-12-10 19:18:28,79400,COMPLETE
U260513-08076,22194,2026-05-13 12:40:28,266500,COMPLETE
U260222-08077,22194,2026-02-22 23:50:07,370900,COMPLETE
U260831-08078,22194,2026-08-31 12:32:34,27800,COMPLETE
U260109-08079,22194,2026-01-09 18:49:58,17000,COMPLETE
U260423-08080,22194,2026-04-23 00:53:13,77500,COMPLETE
U260204-08081,22194,2026-02-04 21:37:21,172000,RETURNED
U251112-08082,22194,2025-11-12 09:41:38,1436200,CANCELED
U260527-08083,22195,2026-05-27 12:58:42,205100,COMPLETE
U260813-08084,22195,2026-08-13 15:56:34,110600,COMPLETE
U250831-08085,22195,2025-08-31 16:43:28,344300,COMPLETE
U260531-08086,22195,2026-05-31 19:51:09,140800,RETURNED
U251219-08087,22195,2025-12-19 19:56:55,342400,COMPLETE
U260228-08088,22195,2026-02-28 19:17:32,23200,COMPLETE
U260814-08089,22195,2026-08-14 15:14:20,319300,COMPLETE
U251114-08090,22195,2025-11-14 21:19:50,182600,COMPLETE
U260125-08091,22195,2026-01-25 15:15:34,82700,COMPLETE
U260406-08092,22195,2026-04-06 21:23:05,27400,COMPLETE
U260724-08093,22195,2026-07-24 12:03:20,248600,COMPLETE
U260723-08094,22195,2026-07-23 22:11:49,46900,COMPLETE
U260216-08095,22195,2026-02-16 13:27:04,105500,COMPLETE
U260814-08096,22195,2026-08-14 21:09:25,75000,COMPLETE
U251104-08097,22196,2025-11-04 18:58:51,85000,COMPLETE
U260130-08098,22197,2026-01-30 23:42:11,163700,COMPLETE
U260518-08099,22197,2026-05-18 19:02:56,64300,COMPLETE
U260402-08100,22198,2026-04-02 20:31:06,19800,COMPLETE
U260210-08101,22198,2026-02-10 22:46:37,301000,COMPLETE
U260218-08102,22199,2026-02-18 14:02:37,125600,COMPLETE
U250716-08103,22199,2025-07-16 19:59:43,74200,COMPLETE
U260728-08104,22199,2026-07-28 20:53:31,34300,COMPLETE
U250816-08105,22199,2025-08-16 14:26:53,332000,COMPLETE
U260813-08106,22199,2026-08-13 12:29:03,60500,COMPLETE
U250124-08107,22199,2025-01-24 17:22:47,177300,COMPLETE
U251031-08108,22199,2025-10-31 22:27:03,323300,COMPLETE
U251129-08109,22199,2025-11-29 17:42:20,367400,COMPLETE
U260423-08110,22200,2026-04-23 16:54:12,227300,COMPLETE
U260312-08111,22201,2026-03-12 22:44:50,307500,CANCELED
U260413-08112,22202,2026-04-13 14:16:32,353800,COMPLETE
U251122-08113,22203,2025-11-22 09:33:53,187800,COMPLETE
U250628-08114,22204,2025-06-28 14:19:11,34500,COMPLETE
U251128-08115,22205,2025-11-28 20:30:29,613400,COMPLETE
U241125-08116,22205,2024-11-25 12:33:09,72600,COMPLETE
U231227-08117,22205,2023-12-27 22:07:40,59800,COMPLETE
U260627-08118,22205,2026-06-27 00:21:15,298700,COMPLETE
U250215-08119,22205,2025-02-15 22:49:36,90800,COMPLETE
U260228-08120,22205,2026-02-28 20:15:15,79700,COMPLETE
U240121-08121,22205,2024-01-21 20:37:45,15800,COMPLETE
U250214-08122,22205,2025-02-14 19:18:59,81600,COMPLETE
U241004-08123,22205,2024-10-04 08:11:55,288300,COMPLETE
U250725-08124,22205,2025-07-25 20:10:31,234900,COMPLETE
U260628-08125,22207,2026-06-28 09:22:35,282500,COMPLETE
U260426-08126,22207,2026-04-26 20:38:22,287300,COMPLETE
U251012-08127,22207,2025-10-12 19:27:58,331300,COMPLETE
U231221-08128,22208,2023-12-21 10:40:23,556800,COMPLETE
U251130-08129,22209,2025-11-30 20:46:56,610400,COMPLETE
U260608-08130,22209,2026-06-08 17:37:00,86300,CANCELED
U260623-08131,22210,2026-06-23 19:46:00,83600,COMPLETE
U251013-08132,22210,2025-10-13 22:14:40,44400,COMPLETE
U250426-08133,22211,2025-04-26 13:56:34,232400,COMPLETE
U260827-08134,22211,2026-08-27 19:09:22,97500,CANCELED
U251022-08135,22211,2025-10-22 23:56:34,102700,COMPLETE
U260503-08136,22211,2026-05-03 17:59:26,49000,COMPLETE
U260217-08137,22211,2026-02-17 11:19:47,138000,COMPLETE
U260617-08138,22212,2026-06-17 18:56:15,66200,COMPLETE
U260729-08139,22213,2026-07-29 15:06:21,17800,COMPLETE
U260730-08140,22213,2026-07-30 16:04:53,291700,COMPLETE
U260729-08141,22213,2026-07-29 20:50:49,133800,COMPLETE
U260615-08142,22214,2026-06-15 09:56:14,77400,COMPLETE
U260318-08143,22214,2026-03-18 10:57:33,270300,COMPLETE
U260203-08144,22214,2026-02-03 15:40:35,115800,COMPLETE
U260515-08145,22214,2026-05-15 15:11:59,377000,COMPLETE
U260803-08146,22215,2026-08-03 09:34:42,436500,COMPLETE
U251214-08147,22215,2025-12-14 20:50:25,445400,RETURNED
U260529-08148,22215,2026-05-29 00:28:58,186300,COMPLETE
U260827-08149,22215,2026-08-27 21:55:50,275400,COMPLETE
U251007-08150,22215,2025-10-07 08:57:37,458400,COMPLETE
U250710-08151,22215,2025-07-10 09:46:02,57800,COMPLETE
U250905-08152,22216,2025-09-05 16:25:20,30700,COMPLETE
U250408-08153,22216,2025-04-08 11:56:56,203700,COMPLETE
U251213-08154,22216,2025-12-13 23:07:04,149400,COMPLETE
U251121-08155,22216,2025-11-21 15:32:21,66300,COMPLETE
U260420-08156,22216,2026-04-20 22:22:55,245700,CANCELED
U260721-08157,22218,2026-07-21 20:07:10,42800,COMPLETE
U260211-08158,22218,2026-02-11 19:14:43,193400,COMPLETE
U260209-08159,22220,2026-02-09 19:50:40,334000,COMPLETE
U260728-08160,22221,2026-07-28 21:40:42,185700,COMPLETE
U260717-08161,22221,2026-07-17 14:40:17,94900,COMPLETE
U260612-08162,22221,2026-06-12 12:12:55,85900,COMPLETE
U260319-08163,22223,2026-03-19 22:00:12,54100,COMPLETE
U251103-08164,22223,2025-11-03 12:08:47,130200,COMPLETE
U260211-08165,22223,2026-02-11 09:54:58,1205500,COMPLETE
U260710-08166,22223,2026-07-10 19:10:29,577100,COMPLETE
U260627-08167,22223,2026-06-27 14:37:32,136200,COMPLETE
U241021-08168,22224,2024-10-21 14:21:58,144200,COMPLETE
U250112-08169,22224,2025-01-12 22:53:26,49700,COMPLETE
U250908-08170,22225,2025-09-08 10:52:50,639900,COMPLETE
U251003-08171,22225,2025-10-03 12:13:32,293000,COMPLETE
U260508-08172,22225,2026-05-08 14:32:24,165000,COMPLETE
U250925-08173,22225,2025-09-25 18:14:03,136800,COMPLETE
U260328-08174,22226,2026-03-28 10:09:31,117400,CANCELED
U260810-08175,22226,2026-08-10 19:14:54,225300,COMPLETE
U260704-08176,22227,2026-07-04 08:56:31,261700,COMPLETE
U260501-08177,22227,2026-05-01 17:30:18,391900,COMPLETE
U260422-08178,22227,2026-04-22 22:21:47,98500,COMPLETE
U260116-08179,22228,2026-01-16 20:44:25,108400,COMPLETE
U250814-08180,22228,2025-08-14 11:50:09,95400,COMPLETE
U250313-08181,22229,2025-03-13 19:30:35,71100,COMPLETE
U260826-08182,22230,2026-08-26 15:49:46,92900,COMPLETE
U260814-08183,22230,2026-08-14 16:44:22,249600,COMPLETE
U260727-08184,22230,2026-07-27 13:05:43,25300,CANCELED
U260901-08185,22230,2026-09-01 21:52:05,152500,COMPLETE
U251020-08186,22230,2025-10-20 00:23:25,164400,COMPLETE
U250813-08187,22230,2025-08-13 18:41:09,353400,RETURNED
U250721-08188,22230,2025-07-21 14:53:26,946600,COMPLETE
U250822-08189,22231,2025-08-22 20:26:54,280500,COMPLETE
U250825-08190,22231,2025-08-25 12:28:13,63300,COMPLETE
U251114-08191,22232,2025-11-14 21:34:02,30400,COMPLETE
U251207-08192,22232,2025-12-07 09:23:58,812800,COMPLETE
U260731-08193,22232,2026-07-31 10:32:18,147400,COMPLETE
U260827-08194,22232,2026-08-27 12:20:46,107100,COMPLETE
U250328-08195,22232,2025-03-28 15:25:50,116600,CANCELED
U251214-08196,22233,2025-12-14 10:55:33,29600,COMPLETE
U250821-08197,22234,2025-08-21 16:26:13,105800,COMPLETE
U250822-08198,22234,2025-08-22 17:47:05,23900,COMPLETE
U260715-08199,22235,2026-07-15 20:18:04,515700,COMPLETE
U260601-08200,22235,2026-06-01 00:42:17,426200,COMPLETE
U250827-08201,22235,2025-08-27 22:35:48,36500,COMPLETE
U251224-08202,22235,2025-12-24 10:49:30,44200,COMPLETE
U250903-08203,22235,2025-09-03 11:00:51,237400,COMPLETE
U260211-08204,22235,2026-02-11 09:59:33,106500,COMPLETE
U260526-08205,22235,2026-05-26 18:56:53,184800,COMPLETE
U251221-08206,22236,2025-12-21 21:15:22,14900,COMPLETE
U250228-08207,22236,2025-02-28 14:56:32,435000,COMPLETE
U260510-08208,22236,2026-05-10 21:32:59,286800,COMPLETE
U260725-08209,22236,2026-07-25 22:16:22,255800,COMPLETE
U260329-08210,22236,2026-03-29 11:59:15,233200,COMPLETE
U250801-08211,22237,2025-08-01 12:58:40,83100,COMPLETE
U250731-08212,22237,2025-07-31 22:01:21,61600,COMPLETE
U260526-08213,22238,2026-05-26 15:22:15,44500,COMPLETE
U251204-08214,22239,2025-12-04 00:52:07,173000,COMPLETE
U260310-08215,22239,2026-03-10 21:18:58,167200,COMPLETE
U260411-08216,22239,2026-04-11 11:50:37,334300,RETURNED
U250523-08217,22239,2025-05-23 21:37:05,49000,CANCELED
U260322-08218,22239,2026-03-22 11:40:20,265600,COMPLETE
U250430-08219,22239,2025-04-30 08:18:50,309700,COMPLETE
U260527-08220,22239,2026-05-27 19:47:55,176700,COMPLETE
U250818-08221,22239,2025-08-18 14:52:21,154100,COMPLETE
U250106-08222,22239,2025-01-06 19:39:40,249200,COMPLETE
U250108-08223,22239,2025-01-08 14:34:33,130700,COMPLETE
U251016-08224,22240,2025-10-16 13:30:40,21000,COMPLETE
U240918-08225,22240,2024-09-18 19:13:40,78100,COMPLETE
U260330-08226,22240,2026-03-30 21:49:05,587600,COMPLETE
U250506-08227,22240,2025-05-06 19:22:42,62100,COMPLETE
U250117-08228,22240,2025-01-17 18:04:48,77800,COMPLETE
U260118-08229,22240,2026-01-18 18:04:05,142400,COMPLETE
U250616-08230,22240,2025-06-16 15:16:02,79100,COMPLETE
U251025-08231,22240,2025-10-25 20:07:31,67900,COMPLETE
U260118-08232,22241,2026-01-18 17:44:43,119800,COMPLETE
U260814-08233,22242,2026-08-14 23:16:45,173500,COMPLETE
U260524-08234,22242,2026-05-24 19:52:42,427700,COMPLETE
U260819-08235,22242,2026-08-19 09:52:26,414600,COMPLETE
U250319-08236,22243,2025-03-19 19:22:49,339100,COMPLETE
U260515-08237,22243,2026-05-15 12:12:20,28400,COMPLETE
U250504-08238,22243,2025-05-04 18:20:18,314000,COMPLETE
U250420-08239,22243,2025-04-20 16:55:09,113800,COMPLETE
U260602-08240,22243,2026-06-02 11:11:19,467700,RETURNED
U250402-08241,22243,2025-04-02 13:54:53,57400,COMPLETE
U260311-08242,22243,2026-03-11 09:35:00,64900,COMPLETE
U251031-08243,22243,2025-10-31 18:27:04,154700,COMPLETE
U250902-08244,22244,2025-09-02 09:23:50,44100,COMPLETE
U260111-08245,22244,2026-01-11 10:02:42,190000,COMPLETE
U251016-08246,22244,2025-10-16 19:39:49,194800,COMPLETE
U251210-08247,22245,2025-12-10 17:45:43,242500,COMPLETE
U260808-08248,22246,2026-08-08 13:23:17,128000,COMPLETE
U260528-08249,22246,2026-05-28 18:27:34,82500,COMPLETE
U260714-08250,22246,2026-07-14 19:03:18,346100,RETURNED
U241026-08251,22247,2024-10-26 19:14:38,77400,CANCELED
U260822-08252,22248,2026-08-22 11:55:04,281400,COMPLETE
U260815-08253,22248,2026-08-15 12:05:07,199800,COMPLETE
U260826-08254,22248,2026-08-26 22:34:52,198200,COMPLETE
U260619-08255,22249,2026-06-19 13:19:26,137800,COMPLETE
U260314-08256,22250,2026-03-14 20:50:08,99700,COMPLETE
U260721-08257,22251,2026-07-21 12:46:49,73100,COMPLETE
U260520-08258,22251,2026-05-20 16:10:03,327600,COMPLETE
U260830-08259,22251,2026-08-30 12:07:17,495400,COMPLETE
U250513-08260,22252,2025-05-13 22:14:19,241500,COMPLETE
U251014-08261,22252,2025-10-14 15:30:29,170200,COMPLETE
U231003-08262,22252,2023-10-03 19:21:18,137400,COMPLETE
U241206-08263,22252,2024-12-06 20:49:15,800200,COMPLETE
U251224-08264,22252,2025-12-24 17:22:09,63500,COMPLETE
U231124-08265,22252,2023-11-24 23:10:55,72800,CANCELED
U240913-08266,22252,2024-09-13 21:33:16,77600,COMPLETE
U250318-08267,22253,2025-03-18 20:23:43,42800,COMPLETE
U251215-08268,22254,2025-12-15 22:44:10,205600,COMPLETE
U260901-08269,22255,2026-09-01 18:57:33,155500,COMPLETE
U260827-08270,22255,2026-08-27 23:23:54,159200,COMPLETE
U260815-08271,22255,2026-08-15 08:41:48,243700,COMPLETE
U260902-08272,22255,2026-09-02 00:19:24,76000,COMPLETE
U260818-08273,22255,2026-08-18 17:54:46,16700,COMPLETE
U260830-08274,22255,2026-08-30 23:46:57,24700,COMPLETE
U260821-08275,22255,2026-08-21 13:16:59,157300,COMPLETE
U260821-08276,22255,2026-08-21 20:43:20,108800,CANCELED
U260526-08277,22256,2026-05-26 14:37:10,156700,COMPLETE
U250201-08278,22256,2025-02-01 15:52:47,85500,COMPLETE
U230701-08279,22256,2023-07-01 21:09:12,42200,COMPLETE
U241115-08280,22256,2024-11-15 11:15:10,181200,COMPLETE
U250409-08281,22256,2025-04-09 21:20:20,168200,COMPLETE
U230709-08282,22256,2023-07-09 20:46:22,404600,COMPLETE
U240313-08283,22256,2024-03-13 19:26:29,114800,COMPLETE
U230508-08284,22256,2023-05-08 19:25:06,207800,COMPLETE
U240409-08285,22256,2024-04-09 22:23:10,20300,COMPLETE
U260731-08286,22256,2026-07-31 21:25:17,45100,COMPLETE
U260728-08287,22256,2026-07-28 15:22:59,28600,COMPLETE
U230812-08288,22256,2023-08-12 12:30:59,292600,COMPLETE
U251215-08289,22256,2025-12-15 22:31:42,261800,COMPLETE
U260102-08290,22256,2026-01-02 10:59:06,283400,CANCELED
U240112-08291,22256,2024-01-12 22:28:01,242500,COMPLETE
U250214-08292,22256,2025-02-14 22:24:24,545700,COMPLETE
U241225-08293,22256,2024-12-25 23:31:20,254800,CANCELED
U260712-08294,22256,2026-07-12 15:30:10,563300,COMPLETE
U260513-08295,22256,2026-05-13 19:14:17,396600,COMPLETE
U250630-08296,22256,2025-06-30 11:57:20,988100,COMPLETE
U251029-08297,22257,2025-10-29 15:46:38,586800,COMPLETE
U260629-08298,22258,2026-06-29 14:39:41,213300,COMPLETE
U260825-08299,22258,2026-08-25 21:33:01,36000,COMPLETE
U260413-08300,22259,2026-04-13 13:31:30,30200,RETURNED
U250429-08301,22259,2025-04-29 19:27:50,192800,COMPLETE
U260705-08302,22259,2026-07-05 22:14:51,344000,COMPLETE
U260618-08303,22259,2026-06-18 09:12:55,58100,COMPLETE
U240709-08304,22259,2024-07-09 19:10:29,46600,COMPLETE
U260604-08305,22259,2026-06-04 13:06:13,115300,COMPLETE
U241220-08306,22259,2024-12-20 20:46:39,157400,COMPLETE
U260524-08307,22260,2026-05-24 22:25:25,67100,COMPLETE
U260621-08308,22260,2026-06-21 23:10:20,78700,COMPLETE
U260719-08309,22260,2026-07-19 13:03:06,367000,COMPLETE
U260304-08310,22260,2026-03-04 16:57:52,92100,CANCELED
U260618-08311,22260,2026-06-18 10:27:31,710600,COMPLETE
U260519-08312,22260,2026-05-19 12:33:02,48600,COMPLETE
U260527-08313,22260,2026-05-27 11:50:43,42800,COMPLETE
U260815-08314,22260,2026-08-15 20:15:37,284400,COMPLETE
U260304-08315,22260,2026-03-04 12:57:54,146500,COMPLETE
U260412-08316,22260,2026-04-12 13:51:50,386400,RETURNED
U260615-08317,22260,2026-06-15 13:24:05,162700,COMPLETE
U260527-08318,22260,2026-05-27 16:49:39,77400,COMPLETE
U260817-08319,22260,2026-08-17 20:17:59,83100,COMPLETE
U260723-08320,22260,2026-07-23 18:57:16,30500,COMPLETE
U251128-08321,22260,2025-11-28 20:08:06,88000,COMPLETE
U260827-08322,22260,2026-08-27 21:50:45,153600,COMPLETE
U260709-08323,22260,2026-07-09 13:43:12,188000,COMPLETE
U260130-08324,22260,2026-01-30 17:11:32,51700,COMPLETE
U250507-08325,22261,2025-05-07 19:16:09,190200,COMPLETE
U260315-08326,22262,2026-03-15 20:15:28,28200,COMPLETE
U260317-08327,22262,2026-03-17 20:04:15,112500,COMPLETE
U260123-08328,22262,2026-01-23 17:40:54,54800,COMPLETE
U250626-08329,22262,2025-06-26 21:16:47,65800,COMPLETE
U250713-08330,22262,2025-07-13 23:06:12,47000,COMPLETE
U251215-08331,22262,2025-12-15 21:03:36,271900,COMPLETE
U250626-08332,22263,2025-06-26 15:47:09,108200,COMPLETE
U260808-08333,22263,2026-08-08 11:38:26,180000,COMPLETE
U260114-08334,22263,2026-01-14 11:58:30,45700,COMPLETE
U260729-08335,22264,2026-07-29 16:03:21,563200,CANCELED
U260828-08336,22265,2026-08-28 11:06:20,225500,COMPLETE
U260811-08337,22265,2026-08-11 09:57:09,101700,COMPLETE
U260423-08338,22266,2026-04-23 00:05:39,117200,CANCELED
U260109-08339,22266,2026-01-09 20:29:55,258000,COMPLETE
U251124-08340,22266,2025-11-24 23:33:45,115000,COMPLETE
U250618-08341,22266,2025-06-18 14:43:45,44100,COMPLETE
U260611-08342,22266,2026-06-11 14:38:09,234800,COMPLETE
U250403-08343,22266,2025-04-03 21:11:00,67500,COMPLETE
U251127-08344,22266,2025-11-27 14:32:35,211900,COMPLETE
U241011-08345,22266,2024-10-11 14:21:56,187800,COMPLETE
U260814-08346,22267,2026-08-14 21:54:00,61600,COMPLETE
U260731-08347,22268,2026-07-31 17:48:05,105800,COMPLETE
U260823-08348,22269,2026-08-23 20:11:04,157000,COMPLETE
U260618-08349,22270,2026-06-18 23:02:10,18000,COMPLETE
U260601-08350,22270,2026-06-01 14:40:22,141900,COMPLETE
U230809-08351,22271,2023-08-09 21:11:52,116100,COMPLETE
U250211-08352,22272,2025-02-11 10:23:16,170800,COMPLETE
U250221-08353,22272,2025-02-21 17:05:17,90100,COMPLETE
U241022-08354,22272,2024-10-22 18:08:43,271400,COMPLETE
U250718-08355,22273,2025-07-18 13:18:57,40700,COMPLETE
U260116-08356,22273,2026-01-16 22:41:31,87700,COMPLETE
U260403-08357,22273,2026-04-03 17:01:41,97900,COMPLETE
U260829-08358,22274,2026-08-29 21:09:08,245000,RETURNED
U260825-08359,22275,2026-08-25 11:01:54,457900,COMPLETE
U260823-08360,22275,2026-08-23 19:48:56,113200,COMPLETE
U260728-08361,22276,2026-07-28 11:27:34,41800,COMPLETE
U260830-08362,22276,2026-08-30 19:09:20,18400,CANCELED
U260629-08363,22276,2026-06-29 09:12:15,91100,COMPLETE
U260716-08364,22276,2026-07-16 12:13:54,43500,COMPLETE
U260828-08365,22276,2026-08-28 19:21:09,268200,COMPLETE
U260713-08366,22276,2026-07-13 11:26:58,572800,COMPLETE
U260831-08367,22276,2026-08-31 17:39:44,137100,COMPLETE
U260703-08368,22276,2026-07-03 14:09:00,88700,COMPLETE
U260829-08369,22276,2026-08-29 20:51:41,1275900,COMPLETE
U260816-08370,22276,2026-08-16 18:21:59,178400,COMPLETE
U260815-08371,22276,2026-08-15 13:19:22,297400,COMPLETE
U260820-08372,22276,2026-08-20 08:02:31,11700,COMPLETE
U260723-08373,22276,2026-07-23 00:19:13,276400,COMPLETE
U260720-08374,22276,2026-07-20 14:56:14,54100,COMPLETE
U260718-08375,22276,2026-07-18 19:02:44,100800,COMPLETE
U260703-08376,22276,2026-07-03 23:53:21,190700,COMPLETE
U260204-08377,22277,2026-02-04 19:57:48,99000,COMPLETE
U260527-08378,22277,2026-05-27 19:10:35,135900,COMPLETE
U260728-08379,22277,2026-07-28 23:07:20,54300,CANCELED
U260820-08380,22277,2026-08-20 16:52:51,400900,COMPLETE
U260315-08381,22277,2026-03-15 15:44:13,34500,COMPLETE
U260106-08382,22277,2026-01-06 11:18:13,188800,COMPLETE
U260604-08383,22277,2026-06-04 10:14:26,92200,COMPLETE
U250922-08384,22277,2025-09-22 23:47:23,292600,COMPLETE
U251022-08385,22278,2025-10-22 12:02:22,62200,COMPLETE
U241124-08386,22278,2024-11-24 00:27:52,177600,COMPLETE
U241116-08387,22278,2024-11-16 20:57:03,136300,COMPLETE
U250129-08388,22279,2025-01-29 14:10:32,75200,COMPLETE
U250725-08389,22279,2025-07-25 18:57:30,121600,COMPLETE
U250927-08390,22279,2025-09-27 19:47:53,35700,COMPLETE
U241114-08391,22279,2024-11-14 21:52:46,485900,COMPLETE
U260719-08392,22280,2026-07-19 14:02:42,283600,COMPLETE
U260407-08393,22280,2026-04-07 18:33:21,339300,COMPLETE
U260121-08394,22280,2026-01-21 11:40:58,110600,COMPLETE
U250121-08395,22281,2025-01-21 00:41:03,108000,COMPLETE
U250506-08396,22281,2025-05-06 11:18:14,132700,COMPLETE
U241004-08397,22281,2024-10-04 11:25:57,1085400,CANCELED
U260116-08398,22282,2026-01-16 19:50:13,60000,COMPLETE
U251003-08399,22283,2025-10-03 13:21:40,119700,COMPLETE
U260817-08400,22284,2026-08-17 18:44:18,286700,COMPLETE
U260811-08401,22284,2026-08-11 20:51:21,117600,COMPLETE
U260802-08402,22284,2026-08-02 23:02:37,272300,COMPLETE
U260317-08403,22285,2026-03-17 10:47:31,629500,COMPLETE
U251123-08404,22285,2025-11-23 22:13:59,224900,COMPLETE
U240405-08405,22286,2024-04-05 20:46:39,331200,COMPLETE
U260129-08406,22286,2026-01-29 09:50:11,355300,COMPLETE
U260603-08407,22287,2026-06-03 18:41:41,264900,COMPLETE
U260813-08408,22287,2026-08-13 20:53:44,71800,COMPLETE
U260404-08409,22288,2026-04-04 12:27:09,225000,COMPLETE
U260121-08410,22288,2026-01-21 15:32:39,44400,COMPLETE
U260603-08411,22288,2026-06-03 00:39:06,76600,COMPLETE
U241121-08412,22289,2024-11-21 14:53:46,117500,COMPLETE
U241111-08413,22289,2024-11-11 22:42:51,78100,COMPLETE
U250530-08414,22289,2025-05-30 19:11:26,157400,COMPLETE
U260824-08415,22289,2026-08-24 08:46:36,26700,COMPLETE
U260307-08416,22290,2026-03-07 00:46:23,122000,COMPLETE
U260706-08417,22290,2026-07-06 09:02:17,244300,COMPLETE
U260309-08418,22290,2026-03-09 19:21:35,74500,COMPLETE
U260308-08419,22290,2026-03-08 17:13:12,9300,COMPLETE
U260813-08420,22290,2026-08-13 18:38:13,220900,COMPLETE
U250616-08421,22290,2025-06-16 18:58:00,255000,COMPLETE
U241204-08422,22291,2024-12-04 17:33:09,149500,COMPLETE
U250319-08423,22291,2025-03-19 22:11:44,124100,COMPLETE
U250813-08424,22291,2025-08-13 20:21:39,189100,COMPLETE
U260407-08425,22291,2026-04-07 09:25:18,69500,COMPLETE
U260822-08426,22292,2026-08-22 18:11:08,43400,COMPLETE
U260818-08427,22292,2026-08-18 21:59:50,263800,COMPLETE
U240527-08428,22293,2024-05-27 19:05:28,12000,CANCELED
U240927-08429,22294,2024-09-27 18:29:10,211100,COMPLETE
U250904-08430,22296,2025-09-04 22:54:20,361200,COMPLETE
U260902-08431,22297,2026-09-02 16:34:53,69400,COMPLETE
U260903-08432,22297,2026-09-03 18:34:52,79000,COMPLETE
U260829-08433,22298,2026-08-29 15:30:22,171900,CANCELED
U260814-08434,22299,2026-08-14 17:13:55,172800,CANCELED
U260902-08435,22300,2026-09-02 19:28:16,137300,COMPLETE
U250930-08436,22301,2025-09-30 12:11:39,155000,COMPLETE
U260621-08437,22302,2026-06-21 19:19:57,77700,RETURNED
U260809-08438,22302,2026-08-09 08:21:46,64200,COMPLETE
U260731-08439,22302,2026-07-31 11:55:45,201900,COMPLETE
U260816-08440,22302,2026-08-16 21:19:23,103100,COMPLETE
U260809-08441,22302,2026-08-09 18:37:31,167500,COMPLETE
U260830-08442,22302,2026-08-30 15:33:47,131300,COMPLETE
U260705-08443,22302,2026-07-05 13:32:11,25200,COMPLETE
U260831-08444,22302,2026-08-31 11:24:52,178400,COMPLETE
U260723-08445,22303,2026-07-23 10:53:07,333000,COMPLETE
U260816-08446,22303,2026-08-16 22:47:55,89400,COMPLETE
U260529-08447,22303,2026-05-29 22:28:43,365300,COMPLETE
U250914-08448,22305,2025-09-14 14:14:31,484400,COMPLETE
U250923-08449,22305,2025-09-23 11:08:04,477700,COMPLETE
U250505-08450,22306,2025-05-05 19:19:23,164400,COMPLETE
U260328-08451,22306,2026-03-28 21:08:58,423600,COMPLETE
U260412-08452,22307,2026-04-12 11:56:43,537200,COMPLETE
U260529-08453,22307,2026-05-29 08:47:11,241800,COMPLETE
U260501-08454,22307,2026-05-01 19:45:50,604900,COMPLETE
U260319-08455,22307,2026-03-19 15:38:02,154500,COMPLETE
U250821-08456,22307,2025-08-21 18:08:47,186900,COMPLETE
U260706-08457,22307,2026-07-06 18:01:52,136000,COMPLETE
U260822-08458,22307,2026-08-22 21:04:09,216700,COMPLETE
U241203-08459,22308,2024-12-03 11:57:58,167400,COMPLETE
U240918-08460,22308,2024-09-18 20:22:47,20600,COMPLETE
U251107-08461,22309,2025-11-07 20:56:24,158600,COMPLETE
U260324-08462,22310,2026-03-24 16:08:07,205400,COMPLETE
U260607-08463,22310,2026-06-07 00:17:59,345500,COMPLETE
U250903-08464,22310,2025-09-03 00:56:50,224200,COMPLETE
U250623-08465,22310,2025-06-23 21:36:18,152600,COMPLETE
U250122-08466,22310,2025-01-22 12:48:32,170800,COMPLETE
U240917-08467,22310,2024-09-17 23:29:51,133300,COMPLETE
U240320-08468,22311,2024-03-20 12:21:11,170400,COMPLETE
U230901-08469,22311,2023-09-01 00:30:17,246400,COMPLETE
U260825-08470,22311,2026-08-25 15:21:10,135300,COMPLETE
U251118-08471,22311,2025-11-18 11:18:41,51800,COMPLETE
U240922-08472,22311,2024-09-22 22:35:51,46400,COMPLETE
U260526-08473,22312,2026-05-26 22:37:31,471000,COMPLETE
U250419-08474,22313,2025-04-19 20:11:26,182100,CANCELED
U260607-08475,22314,2026-06-07 09:10:53,199700,COMPLETE
U251223-08476,22314,2025-12-23 17:15:23,197800,COMPLETE
U260902-08477,22315,2026-09-02 18:54:48,128300,COMPLETE
U260814-08478,22316,2026-08-14 10:17:42,585000,COMPLETE
U260806-08479,22316,2026-08-06 22:31:05,80000,COMPLETE
U260818-08480,22316,2026-08-18 12:51:44,44600,COMPLETE
U260602-08481,22317,2026-06-02 14:13:22,594600,COMPLETE
U250603-08482,22317,2025-06-03 19:05:03,52100,COMPLETE
U251024-08483,22317,2025-10-24 10:40:18,162400,COMPLETE
U260829-08484,22319,2026-08-29 14:14:43,42300,COMPLETE
U260526-08485,22319,2026-05-26 21:32:32,104800,CANCELED
U260801-08486,22319,2026-08-01 22:17:56,216400,COMPLETE
U260410-08487,22320,2026-04-10 19:09:15,493900,COMPLETE
U250507-08488,22320,2025-05-07 16:57:59,46600,COMPLETE
U260415-08489,22320,2026-04-15 15:38:37,74300,COMPLETE
U250822-08490,22320,2025-08-22 22:42:36,38900,COMPLETE
U260119-08491,22322,2026-01-19 20:42:52,801900,COMPLETE
U251029-08492,22322,2025-10-29 21:07:32,194600,COMPLETE
U260623-08493,22323,2026-06-23 08:37:17,164400,COMPLETE
U260426-08494,22323,2026-04-26 21:41:47,13000,COMPLETE
U260731-08495,22323,2026-07-31 10:41:15,489800,COMPLETE
U250829-08496,22323,2025-08-29 13:16:48,46800,COMPLETE
U260119-08497,22323,2026-01-19 10:16:56,383600,COMPLETE
U250209-08498,22325,2025-02-09 21:38:26,194800,CANCELED
U241025-08499,22325,2024-10-25 15:26:52,292000,COMPLETE
U260310-08500,22325,2026-03-10 20:43:11,1118200,COMPLETE
U250722-08501,22325,2025-07-22 12:51:37,126700,COMPLETE
U260518-08502,22325,2026-05-18 15:14:11,387200,COMPLETE
U260209-08503,22325,2026-02-09 15:37:44,208800,COMPLETE
U260425-08504,22325,2026-04-25 21:41:28,183000,COMPLETE
U260103-08505,22325,2026-01-03 17:55:18,70800,COMPLETE
U251115-08506,22325,2025-11-15 21:44:16,158100,COMPLETE
U260629-08507,22325,2026-06-29 10:32:11,261200,COMPLETE
U260508-08508,22326,2026-05-08 10:11:41,63600,COMPLETE
U260820-08509,22326,2026-08-20 14:45:59,86200,COMPLETE
U260816-08510,22326,2026-08-16 12:36:11,360500,COMPLETE
U260523-08511,22326,2026-05-23 11:38:28,125800,COMPLETE
U260626-08512,22326,2026-06-26 13:21:25,19500,COMPLETE
U260527-08513,22326,2026-05-27 21:54:01,190600,COMPLETE
U260725-08514,22326,2026-07-25 11:21:24,218300,COMPLETE
U260831-08515,22327,2026-08-31 00:58:14,41700,COMPLETE
U260830-08516,22327,2026-08-30 13:03:46,118600,COMPLETE
U230202-08517,22328,2023-02-02 21:23:13,220100,COMPLETE
U260829-08518,22329,2026-08-29 21:03:15,63200,RETURNED
U260822-08519,22329,2026-08-22 23:13:55,73800,COMPLETE
U250105-08520,22331,2025-01-05 00:34:09,39200,COMPLETE
U260123-08521,22331,2026-01-23 15:40:05,81600,COMPLETE
U260105-08522,22331,2026-01-05 14:50:02,330800,COMPLETE
U250812-08523,22332,2025-08-12 21:54:00,398400,COMPLETE
U260218-08524,22332,2026-02-18 16:39:29,130900,COMPLETE
U260724-08525,22332,2026-07-24 21:00:19,435000,COMPLETE
U250912-08526,22333,2025-09-12 13:23:17,97200,COMPLETE
U250626-08527,22333,2025-06-26 21:17:51,98500,COMPLETE
U260417-08528,22334,2026-04-17 22:04:26,379100,CANCELED
U260822-08529,22334,2026-08-22 21:02:48,343100,COMPLETE
U260221-08530,22334,2026-02-21 16:39:35,12000,COMPLETE
U260725-08531,22334,2026-07-25 00:06:29,217500,COMPLETE
U260604-08532,22334,2026-06-04 17:19:33,134600,COMPLETE
U260513-08533,22334,2026-05-13 21:53:12,29900,COMPLETE
U251122-08534,22334,2025-11-22 16:20:49,364300,COMPLETE
U260214-08535,22334,2026-02-14 21:16:25,308100,RETURNED
U260706-08536,22334,2026-07-06 13:06:44,200100,COMPLETE
U250730-08537,22334,2025-07-30 17:06:18,273300,COMPLETE
U251107-08538,22334,2025-11-07 19:17:03,452600,CANCELED
U260407-08539,22334,2026-04-07 20:40:57,285600,COMPLETE
U260901-08540,22335,2026-09-01 12:01:25,209300,COMPLETE
U260901-08541,22335,2026-09-01 11:58:24,55800,COMPLETE
U260901-08542,22335,2026-09-01 22:32:36,273600,COMPLETE
U230123-08543,22336,2023-01-23 22:56:36,46900,COMPLETE
U230104-08544,22336,2023-01-04 22:39:01,44500,COMPLETE
U260902-08545,22337,2026-09-02 20:05:49,465000,CANCELED
U260903-08546,22337,2026-09-03 08:38:20,253500,COMPLETE
U260902-08547,22337,2026-09-02 11:45:51,230900,COMPLETE
U260902-08548,22337,2026-09-02 13:14:12,344600,RETURNED
U260902-08549,22337,2026-09-02 12:23:46,263900,COMPLETE
U260902-08550,22337,2026-09-02 12:41:22,55300,COMPLETE
U260326-08551,22338,2026-03-26 10:45:12,103600,COMPLETE
U250224-08552,22338,2025-02-24 13:29:04,180000,COMPLETE
U260729-08553,22338,2026-07-29 18:38:08,63500,COMPLETE
U250630-08554,22339,2025-06-30 21:36:09,79500,COMPLETE
U260710-08555,22339,2026-07-10 23:05:26,146900,CANCELED
U250112-08556,22339,2025-01-12 13:02:15,131500,COMPLETE
U260821-08557,22339,2026-08-21 20:46:51,67400,COMPLETE
U251129-08558,22339,2025-11-29 12:37:34,61300,CANCELED
U260711-08559,22340,2026-07-11 21:11:35,148100,COMPLETE
U250325-08560,22341,2025-03-25 11:55:12,694100,COMPLETE
U250325-08561,22341,2025-03-25 20:01:29,28600,COMPLETE
U250702-08562,22342,2025-07-02 22:02:55,51600,COMPLETE
U260108-08563,22342,2026-01-08 10:09:40,73300,COMPLETE
U260714-08564,22342,2026-07-14 00:36:20,163000,COMPLETE
U260613-08565,22343,2026-06-13 22:51:08,99000,COMPLETE
U260830-08566,22343,2026-08-30 20:00:11,416300,COMPLETE
U260504-08567,22343,2026-05-04 15:45:05,156900,COMPLETE
U241212-08568,22344,2024-12-12 13:03:00,65000,COMPLETE
U241212-08569,22344,2024-12-12 14:41:23,116400,COMPLETE
U250405-08570,22345,2025-04-05 20:57:33,23600,COMPLETE
U260730-08571,22346,2026-07-30 00:24:02,92000,COMPLETE
U260317-08572,22346,2026-03-17 18:52:30,59500,COMPLETE
U260826-08573,22346,2026-08-26 10:10:52,106900,COMPLETE
U251029-08574,22346,2025-10-29 00:38:33,367400,COMPLETE
U260716-08575,22346,2026-07-16 15:29:30,326400,COMPLETE
U260406-08576,22346,2026-04-06 21:04:59,236100,CANCELED
U260222-08577,22346,2026-02-22 12:47:47,176700,COMPLETE
U250902-08578,22346,2025-09-02 22:13:17,425600,COMPLETE
U240116-08579,22347,2024-01-16 13:20:28,454300,COMPLETE
U260719-08580,22348,2026-07-19 16:51:33,146000,CANCELED
U260813-08581,22349,2026-08-13 22:41:35,109600,COMPLETE
U251209-08582,22349,2025-12-09 15:12:25,188400,COMPLETE
U250630-08583,22350,2025-06-30 10:03:59,175100,CANCELED
U260513-08584,22351,2026-05-13 23:52:20,195400,COMPLETE
U260327-08585,22351,2026-03-27 09:48:40,144400,COMPLETE
U260611-08586,22351,2026-06-11 23:53:24,133800,COMPLETE
U251025-08587,22351,2025-10-25 19:00:32,74000,COMPLETE
U251026-08588,22351,2025-10-26 11:17:04,93200,COMPLETE
U260422-08589,22351,2026-04-22 17:46:30,54200,COMPLETE
U251211-08590,22351,2025-12-11 00:57:16,71000,COMPLETE
U250715-08591,22351,2025-07-15 10:21:49,33100,COMPLETE
U260520-08592,22351,2026-05-20 13:33:15,218900,COMPLETE
U260815-08593,22351,2026-08-15 19:41:05,69000,COMPLETE
U260527-08594,22352,2026-05-27 10:22:47,106400,COMPLETE
U250811-08595,22352,2025-08-11 19:45:40,18800,COMPLETE
U250211-08596,22353,2025-02-11 10:43:59,69800,COMPLETE
U241225-08597,22353,2024-12-25 23:18:57,75700,COMPLETE
U250314-08598,22353,2025-03-14 21:53:26,53400,COMPLETE
U250120-08599,22353,2025-01-20 16:37:40,292400,CANCELED
U230822-08600,22354,2023-08-22 19:09:13,37500,COMPLETE
U230804-08601,22354,2023-08-04 16:16:06,201600,CANCELED
U251123-08602,22355,2025-11-23 20:23:14,299000,COMPLETE
U260606-08603,22355,2026-06-06 14:30:46,213000,COMPLETE
U260110-08604,22355,2026-01-10 18:33:23,38800,COMPLETE
U260106-08605,22355,2026-01-06 14:26:45,54000,COMPLETE
U260421-08606,22355,2026-04-21 10:22:39,339500,COMPLETE
U251207-08607,22356,2025-12-07 22:51:29,82100,COMPLETE
U250901-08608,22356,2025-09-01 16:10:08,207700,COMPLETE
U260121-08609,22357,2026-01-21 08:36:40,696900,COMPLETE
U260611-08610,22357,2026-06-11 23:24:18,17900,COMPLETE
U260722-08611,22358,2026-07-22 13:18:08,602900,COMPLETE
U250908-08612,22358,2025-09-08 13:09:55,22600,COMPLETE
U250529-08613,22358,2025-05-29 09:53:25,137200,COMPLETE
U260517-08614,22358,2026-05-17 21:35:56,405900,COMPLETE
U250730-08615,22358,2025-07-30 12:44:51,379600,COMPLETE
U260620-08616,22358,2026-06-20 00:09:26,97600,COMPLETE
U260228-08617,22358,2026-02-28 17:09:08,256000,COMPLETE
U251015-08618,22358,2025-10-15 19:53:13,39400,COMPLETE
U260823-08619,22359,2026-08-23 21:58:15,268300,COMPLETE
U251214-08620,22359,2025-12-14 22:52:37,234700,COMPLETE
U260401-08621,22360,2026-04-01 15:26:47,67200,COMPLETE
U251024-08622,22360,2025-10-24 23:41:35,35700,COMPLETE
U260116-08623,22360,2026-01-16 15:06:01,41200,COMPLETE
U260730-08624,22360,2026-07-30 00:24:43,84000,COMPLETE
U260624-08625,22360,2026-06-24 16:38:43,103600,COMPLETE
U250513-08626,22361,2025-05-13 18:16:13,522000,COMPLETE
U250419-08627,22361,2025-04-19 14:33:41,347800,COMPLETE
U260402-08628,22362,2026-04-02 10:58:37,123900,COMPLETE
U241229-08629,22362,2024-12-29 15:53:17,151900,COMPLETE
U250210-08630,22362,2025-02-10 22:29:33,66300,COMPLETE
U260403-08631,22362,2026-04-03 21:50:17,78100,COMPLETE
U260816-08632,22362,2026-08-16 17:02:35,290800,COMPLETE
U250830-08633,22362,2025-08-30 12:58:44,30800,COMPLETE
U260214-08634,22362,2026-02-14 08:56:34,36600,COMPLETE
U260902-08635,22364,2026-09-02 22:42:48,842200,COMPLETE
U230516-08636,22365,2023-05-16 11:39:55,152600,COMPLETE
U240719-08637,22365,2024-07-19 10:49:22,659600,COMPLETE
U240714-08638,22365,2024-07-14 17:32:04,109300,COMPLETE
U260602-08639,22366,2026-06-02 14:59:35,41000,COMPLETE
U260331-08640,22366,2026-03-31 21:29:59,79200,COMPLETE
U240125-08641,22367,2024-01-25 21:34:23,289800,COMPLETE
U260202-08642,22368,2026-02-02 22:11:34,25400,COMPLETE
U260308-08643,22368,2026-03-08 10:18:29,314000,COMPLETE
U260715-08644,22368,2026-07-15 12:29:26,112900,COMPLETE
U260313-08645,22368,2026-03-13 22:59:43,253100,COMPLETE
U260630-08646,22368,2026-06-30 22:08:49,529200,CANCELED
U260521-08647,22368,2026-05-21 21:46:08,403500,COMPLETE
U260701-08648,22368,2026-07-01 22:26:01,104500,COMPLETE
U260830-08649,22368,2026-08-30 08:53:29,58600,COMPLETE
U240621-08650,22370,2024-06-21 11:14:57,159600,COMPLETE
U240620-08651,22370,2024-06-20 21:18:49,267100,COMPLETE
U260630-08652,22371,2026-06-30 21:58:33,682600,RETURNED
U260817-08653,22371,2026-08-17 20:16:27,189600,COMPLETE
U260820-08654,22371,2026-08-20 21:41:33,13200,COMPLETE
U260802-08655,22371,2026-08-02 15:58:53,94700,COMPLETE
U260801-08656,22371,2026-08-01 21:55:52,143200,COMPLETE
U260728-08657,22371,2026-07-28 21:39:44,50900,COMPLETE
U260428-08658,22371,2026-04-28 15:53:42,536900,COMPLETE
U260607-08659,22371,2026-06-07 14:02:02,111500,COMPLETE
U260527-08660,22371,2026-05-27 15:53:24,38800,COMPLETE
U260806-08661,22371,2026-08-06 23:12:18,163500,COMPLETE
U250313-08662,22372,2025-03-13 19:20:39,197100,COMPLETE
U260312-08663,22373,2026-03-12 10:43:52,737400,COMPLETE
U260113-08664,22373,2026-01-13 21:03:20,192400,COMPLETE
U260727-08665,22375,2026-07-27 22:35:30,46100,COMPLETE
U260809-08666,22375,2026-08-09 21:01:30,200800,COMPLETE
U260613-08667,22375,2026-06-13 11:57:09,251200,COMPLETE
U260531-08668,22375,2026-05-31 12:49:10,200200,RETURNED
U260506-08669,22375,2026-05-06 21:19:40,172500,COMPLETE
U260527-08670,22375,2026-05-27 21:48:55,158600,COMPLETE
U260607-08671,22375,2026-06-07 11:58:25,124000,COMPLETE
U260731-08672,22375,2026-07-31 22:11:14,101700,COMPLETE
U260405-08673,22375,2026-04-05 18:04:57,103400,COMPLETE
U260624-08674,22375,2026-06-24 21:30:13,63200,COMPLETE
U260421-08675,22375,2026-04-21 18:32:34,377400,COMPLETE
U260327-08676,22375,2026-03-27 19:09:27,174800,CANCELED
U250829-08677,22375,2025-08-29 20:47:08,570900,RETURNED
U260617-08678,22375,2026-06-17 22:52:29,21300,COMPLETE
U260702-08679,22375,2026-07-02 15:05:02,88900,COMPLETE
U251224-08680,22375,2025-12-24 08:45:25,47900,COMPLETE
U260317-08681,22375,2026-03-17 19:53:21,107700,COMPLETE
U260219-08682,22375,2026-02-19 22:52:51,42200,COMPLETE
U260618-08683,22375,2026-06-18 22:57:40,96100,COMPLETE
U260221-08684,22375,2026-02-21 08:57:07,37200,COMPLETE
U260522-08685,22376,2026-05-22 20:22:04,33300,COMPLETE
U260804-08686,22376,2026-08-04 17:15:39,163900,COMPLETE
U260825-08687,22376,2026-08-25 13:14:18,114700,COMPLETE
U260608-08688,22377,2026-06-08 18:43:33,57400,CANCELED
U260528-08689,22378,2026-05-28 19:45:19,246400,COMPLETE
U260414-08690,22378,2026-04-14 14:11:49,293100,COMPLETE
U260701-08691,22378,2026-07-01 22:04:31,147400,COMPLETE
U260714-08692,22378,2026-07-14 11:51:21,70700,COMPLETE
U260813-08693,22378,2026-08-13 17:33:06,539800,COMPLETE
U260226-08694,22378,2026-02-26 22:11:50,274700,COMPLETE
U260521-08695,22378,2026-05-21 20:24:02,99300,COMPLETE
U260522-08696,22378,2026-05-22 14:13:37,333500,CANCELED
U260624-08697,22378,2026-06-24 11:43:36,264500,COMPLETE
U260811-08698,22378,2026-08-11 11:49:20,43600,COMPLETE
U260816-08699,22378,2026-08-16 17:16:39,70100,COMPLETE
U260816-08700,22378,2026-08-16 23:25:48,220300,CANCELED
U260825-08701,22379,2026-08-25 15:32:29,378200,COMPLETE
U260610-08702,22379,2026-06-10 15:38:20,80500,COMPLETE
U260822-08703,22379,2026-08-22 00:33:45,79700,COMPLETE
U260818-08704,22379,2026-08-18 11:09:47,153500,CANCELED
U260314-08705,22379,2026-03-14 22:26:28,43300,COMPLETE
U260717-08706,22379,2026-07-17 23:40:47,185800,COMPLETE
U260713-08707,22379,2026-07-13 15:29:27,80000,COMPLETE
U260610-08708,22379,2026-06-10 09:59:25,55400,COMPLETE
U260829-08709,22379,2026-08-29 15:01:03,94300,COMPLETE
U260702-08710,22379,2026-07-02 20:13:55,107000,COMPLETE
U260617-08711,22379,2026-06-17 20:19:10,91500,COMPLETE
U251220-08712,22379,2025-12-20 21:23:10,81000,CANCELED
U260312-08713,22379,2026-03-12 17:41:19,189800,COMPLETE
U260506-08714,22379,2026-05-06 21:09:11,486200,COMPLETE
U260503-08715,22380,2026-05-03 20:55:50,152200,COMPLETE
U251121-08716,22380,2025-11-21 19:40:46,247100,COMPLETE
U251206-08717,22380,2025-12-06 14:28:58,38400,COMPLETE
U250915-08718,22380,2025-09-15 15:01:34,44600,COMPLETE
U250827-08719,22380,2025-08-27 10:21:38,58300,RETURNED
U260820-08720,22380,2026-08-20 23:01:11,291900,COMPLETE
U260129-08721,22380,2026-01-29 13:32:14,113600,COMPLETE
U260824-08722,22380,2026-08-24 15:56:10,557800,COMPLETE
U250806-08723,22380,2025-08-06 17:24:06,64100,COMPLETE
U260823-08724,22380,2026-08-23 11:30:01,229000,COMPLETE
U251202-08725,22380,2025-12-02 21:52:54,94000,COMPLETE
U260619-08726,22380,2026-06-19 20:32:59,41100,COMPLETE
U260623-08727,22382,2026-06-23 16:17:06,626000,COMPLETE
U260420-08728,22382,2026-04-20 21:28:21,22400,COMPLETE
U260509-08729,22382,2026-05-09 22:47:43,54700,COMPLETE
U260321-08730,22382,2026-03-21 14:10:39,158500,COMPLETE
U251231-08731,22382,2025-12-31 22:34:09,91300,COMPLETE
U251205-08732,22382,2025-12-05 13:11:06,333300,COMPLETE
U260413-08733,22382,2026-04-13 12:06:58,439700,COMPLETE
U260203-08734,22382,2026-02-03 10:49:56,296200,COMPLETE
U260414-08735,22382,2026-04-14 12:31:45,265700,COMPLETE
U260808-08736,22382,2026-08-08 21:58:34,248500,COMPLETE
U260815-08737,22384,2026-08-15 23:08:36,302400,COMPLETE
U260728-08738,22384,2026-07-28 13:27:17,61400,COMPLETE
U260825-08739,22384,2026-08-25 22:57:08,151400,COMPLETE
U260830-08740,22384,2026-08-30 21:52:11,107300,COMPLETE
U260901-08741,22384,2026-09-01 12:06:42,183900,COMPLETE
U250826-08742,22385,2025-08-26 11:02:48,102100,COMPLETE
U250827-08743,22385,2025-08-27 23:24:36,39100,COMPLETE
U260402-08744,22386,2026-04-02 13:36:38,213700,COMPLETE
U260215-08745,22387,2026-02-15 12:56:19,321100,COMPLETE
U260212-08746,22387,2026-02-12 18:00:47,28800,COMPLETE
U260214-08747,22387,2026-02-14 21:33:39,178200,CANCELED
U231009-08748,22388,2023-10-09 16:14:24,48800,COMPLETE
U230910-08749,22388,2023-09-10 10:51:47,204600,COMPLETE
U240102-08750,22389,2024-01-02 16:50:12,383700,COMPLETE
U240727-08751,22389,2024-07-27 20:19:45,322500,COMPLETE
U250122-08752,22389,2025-01-22 16:49:50,83500,COMPLETE
U260526-08753,22391,2026-05-26 20:52:24,258400,COMPLETE
U260304-08754,22391,2026-03-04 21:14:33,49400,COMPLETE
U260521-08755,22391,2026-05-21 08:12:01,105100,COMPLETE
U260205-08756,22391,2026-02-05 17:54:32,27800,COMPLETE
U260829-08757,22391,2026-08-29 22:27:46,251100,COMPLETE
U260530-08758,22391,2026-05-30 21:04:09,437900,COMPLETE
U260404-08759,22391,2026-04-04 13:03:19,21700,COMPLETE
U251005-08760,22392,2025-10-05 12:52:37,264800,COMPLETE
U250816-08761,22392,2025-08-16 18:03:32,11500,COMPLETE
U260504-08762,22393,2026-05-04 18:27:41,108700,COMPLETE
U250910-08763,22393,2025-09-10 21:18:00,28200,COMPLETE
U251109-08764,22393,2025-11-09 18:30:03,392800,COMPLETE
U260504-08765,22393,2026-05-04 23:28:23,114200,COMPLETE
U260531-08766,22393,2026-05-31 13:19:40,247300,COMPLETE
U240727-08767,22394,2024-07-27 21:58:28,484800,COMPLETE
U251117-08768,22394,2025-11-17 22:58:15,261400,COMPLETE
U260727-08769,22394,2026-07-27 20:56:38,27000,COMPLETE
U240606-08770,22394,2024-06-06 20:59:47,33900,COMPLETE
U260318-08771,22394,2026-03-18 10:43:57,217200,COMPLETE
U251108-08772,22394,2025-11-08 20:43:43,228300,COMPLETE
U250326-08773,22394,2025-03-26 20:22:30,161000,CANCELED
U260517-08774,22394,2026-05-17 18:24:54,56200,COMPLETE
U250310-08775,22394,2025-03-10 21:40:58,154500,COMPLETE
U260221-08776,22394,2026-02-21 18:29:45,148000,COMPLETE
U251126-08777,22394,2025-11-26 19:22:00,337200,COMPLETE
U241207-08778,22394,2024-12-07 21:45:17,303100,RETURNED
U240628-08779,22394,2024-06-28 23:38:37,115300,COMPLETE
U240709-08780,22394,2024-07-09 09:52:39,15900,COMPLETE
U240511-08781,22394,2024-05-11 21:34:54,494600,COMPLETE
U251031-08782,22394,2025-10-31 14:55:02,205300,COMPLETE
U250207-08783,22394,2025-02-07 16:01:14,224700,COMPLETE
U240318-08784,22394,2024-03-18 19:31:40,199200,COMPLETE
U240819-08785,22394,2024-08-19 00:06:43,71000,COMPLETE
U260604-08786,22394,2026-06-04 13:01:04,213200,COMPLETE
U260514-08787,22396,2026-05-14 20:10:04,306800,COMPLETE
U260327-08788,22396,2026-03-27 22:24:33,170300,COMPLETE
U260701-08789,22396,2026-07-01 09:55:34,45100,COMPLETE
U260820-08790,22396,2026-08-20 12:00:47,387500,COMPLETE
U260210-08791,22396,2026-02-10 12:56:58,502300,COMPLETE
U260710-08792,22397,2026-07-10 22:28:36,45200,CANCELED
U260708-08793,22397,2026-07-08 17:18:55,191400,COMPLETE
U260417-08794,22397,2026-04-17 13:43:18,12100,COMPLETE
U260812-08795,22397,2026-08-12 15:58:27,199100,COMPLETE
U260223-08796,22397,2026-02-23 15:02:44,13300,COMPLETE
U260412-08797,22397,2026-04-12 18:32:03,129500,COMPLETE
U260511-08798,22397,2026-05-11 09:01:59,132200,RETURNED
U260704-08799,22398,2026-07-04 19:49:44,39000,COMPLETE
U260729-08800,22399,2026-07-29 21:44:47,73000,COMPLETE
U251101-08801,22399,2025-11-01 10:44:19,38400,CANCELED
U260718-08802,22401,2026-07-18 13:25:48,183300,COMPLETE
U260619-08803,22402,2026-06-19 11:54:17,29500,COMPLETE
U260824-08804,22402,2026-08-24 21:20:56,85600,COMPLETE
U260708-08805,22402,2026-07-08 00:49:16,124900,COMPLETE
U260712-08806,22402,2026-07-12 17:31:06,90400,COMPLETE
U260624-08807,22402,2026-06-24 12:50:58,53700,COMPLETE
U260827-08808,22402,2026-08-27 20:04:51,103400,COMPLETE
U260814-08809,22402,2026-08-14 17:36:07,348300,CANCELED
U260722-08810,22402,2026-07-22 21:33:56,28500,COMPLETE
U250622-08811,22403,2025-06-22 17:43:49,113300,COMPLETE
U250903-08812,22404,2025-09-03 08:23:55,582700,COMPLETE
U260721-08813,22404,2026-07-21 21:53:47,535000,COMPLETE
U251114-08814,22404,2025-11-14 17:16:20,39800,COMPLETE
U250620-08815,22405,2025-06-20 12:28:14,111300,CANCELED
U260428-08816,22405,2026-04-28 09:24:24,184100,COMPLETE
U251005-08817,22405,2025-10-05 16:34:10,115500,COMPLETE
U260514-08818,22405,2026-05-14 12:15:44,85200,COMPLETE
U260112-08819,22405,2026-01-12 12:51:31,179000,COMPLETE
U250226-08820,22405,2025-02-26 21:31:36,153900,COMPLETE
U250327-08821,22405,2025-03-27 10:08:58,307600,COMPLETE
U250311-08822,22405,2025-03-11 15:07:07,107800,COMPLETE
U250315-08823,22405,2025-03-15 13:29:33,181400,COMPLETE
U250527-08824,22405,2025-05-27 16:45:22,190500,COMPLETE
U250602-08825,22405,2025-06-02 18:38:09,46500,COMPLETE
U260310-08826,22405,2026-03-10 15:08:39,1466000,COMPLETE
U251221-08827,22405,2025-12-21 21:18:31,367300,COMPLETE
U251121-08828,22405,2025-11-21 15:55:24,146700,CANCELED
U260227-08829,22406,2026-02-27 17:03:24,14200,COMPLETE
U260526-08830,22406,2026-05-26 19:16:06,294400,COMPLETE
U260105-08831,22406,2026-01-05 20:41:09,249400,COMPLETE
U260426-08832,22406,2026-04-26 21:16:54,126500,COMPLETE
U260719-08833,22406,2026-07-19 10:16:11,279700,COMPLETE
U260404-08834,22406,2026-04-04 20:20:01,433000,COMPLETE
U260603-08835,22406,2026-06-03 18:31:04,39600,COMPLETE
U251113-08836,22406,2025-11-13 21:52:16,76700,COMPLETE
U260409-08837,22407,2026-04-09 17:10:22,78900,COMPLETE
U251218-08838,22407,2025-12-18 19:30:55,368400,COMPLETE
U260527-08839,22407,2026-05-27 13:23:03,156200,COMPLETE
U251207-08840,22408,2025-12-07 21:31:34,130000,COMPLETE
U260902-08841,22409,2026-09-02 00:53:00,423100,RETURNED
U260813-08842,22409,2026-08-13 09:53:26,34600,COMPLETE
U260828-08843,22409,2026-08-28 21:37:16,408600,COMPLETE
U260817-08844,22409,2026-08-17 21:07:43,238700,COMPLETE
U250721-08845,22410,2025-07-21 08:30:27,87700,COMPLETE
U260701-08846,22410,2026-07-01 19:18:53,289200,COMPLETE
U251226-08847,22410,2025-12-26 20:02:44,48600,CANCELED
U260318-08848,22411,2026-03-18 14:03:52,17700,COMPLETE
U241214-08849,22412,2024-12-14 14:27:16,155700,COMPLETE
U230429-08850,22412,2023-04-29 19:17:15,186500,COMPLETE
U240102-08851,22412,2024-01-02 13:23:25,330700,COMPLETE
U260811-08852,22413,2026-08-11 22:52:01,107900,COMPLETE
U260203-08853,22413,2026-02-03 15:26:48,228800,COMPLETE
U251104-08854,22413,2025-11-04 17:59:54,1117900,CANCELED
U260604-08855,22413,2026-06-04 19:57:30,95100,COMPLETE
U250920-08856,22414,2025-09-20 00:00:45,33500,CANCELED
U250921-08857,22414,2025-09-21 12:07:38,60100,COMPLETE
U260711-08858,22415,2026-07-11 16:29:47,101400,COMPLETE
U241025-08859,22415,2024-10-25 19:15:45,106200,COMPLETE
U250912-08860,22415,2025-09-12 15:37:47,119700,COMPLETE
U250701-08861,22415,2025-07-01 23:41:27,191100,COMPLETE
U240608-08862,22415,2024-06-08 22:24:24,75700,COMPLETE
U260617-08863,22415,2026-06-17 21:41:17,41000,RETURNED
U260325-08864,22415,2026-03-25 20:51:35,154800,COMPLETE
U240717-08865,22415,2024-07-17 12:48:17,169000,COMPLETE
U260228-08866,22416,2026-02-28 22:24:37,492300,COMPLETE
U230423-08867,22416,2023-04-23 08:28:15,511400,COMPLETE
U260813-08868,22416,2026-08-13 20:37:13,98100,COMPLETE
U230914-08869,22416,2023-09-14 00:28:20,401500,COMPLETE
U250809-08870,22416,2025-08-09 21:39:59,302300,COMPLETE
U241220-08871,22416,2024-12-20 13:17:29,122600,CANCELED
U250216-08872,22416,2025-02-16 12:05:17,51200,COMPLETE
U250126-08873,22416,2025-01-26 22:03:52,40200,COMPLETE
U240812-08874,22417,2024-08-12 19:16:24,373700,CANCELED
U260502-08875,22417,2026-05-02 11:28:51,59600,COMPLETE
U260811-08876,22417,2026-08-11 21:01:02,80100,RETURNED
U250601-08877,22417,2025-06-01 19:11:43,30100,COMPLETE
U260110-08878,22417,2026-01-10 10:28:42,324900,COMPLETE
U240820-08879,22417,2024-08-20 11:25:01,81800,COMPLETE
U250508-08880,22417,2025-05-08 22:13:59,196100,COMPLETE
U250405-08881,22417,2025-04-05 12:27:01,190500,COMPLETE
U260802-08882,22417,2026-08-02 18:30:03,157000,COMPLETE
U240504-08883,22417,2024-05-04 23:30:42,286600,COMPLETE
U260901-08884,22417,2026-09-01 16:39:19,47000,COMPLETE
U251204-08885,22417,2025-12-04 15:54:00,33500,COMPLETE
U250828-08886,22417,2025-08-28 20:48:59,267700,COMPLETE
U250114-08887,22417,2025-01-14 22:41:26,68700,COMPLETE
U250830-08888,22417,2025-08-30 22:50:00,77600,COMPLETE
U260621-08889,22417,2026-06-21 21:22:49,229800,COMPLETE
U260528-08890,22417,2026-05-28 19:41:22,147800,COMPLETE
U240901-08891,22417,2024-09-01 18:06:11,82900,RETURNED
U241130-08892,22417,2024-11-30 00:57:29,183700,COMPLETE
U260830-08893,22417,2026-08-30 14:26:48,23100,COMPLETE
U260506-08894,22418,2026-05-06 10:01:15,350400,COMPLETE
U260705-08895,22418,2026-07-05 14:24:01,10300,COMPLETE
U260615-08896,22418,2026-06-15 19:30:04,94400,COMPLETE
U260706-08897,22419,2026-07-06 22:52:11,819100,COMPLETE
U251106-08898,22420,2025-11-06 22:09:45,52600,CANCELED
U260729-08899,22421,2026-07-29 20:11:29,38300,CANCELED
U260113-08900,22421,2026-01-13 22:15:27,258100,COMPLETE
U250825-08901,22421,2025-08-25 08:56:00,87000,RETURNED
U260520-08902,22421,2026-05-20 20:50:39,254700,RETURNED
U251228-08903,22421,2025-12-28 10:52:50,261300,COMPLETE
U251101-08904,22422,2025-11-01 20:55:58,74600,CANCELED
U250512-08905,22423,2025-05-12 19:03:16,101000,COMPLETE
U260318-08906,22423,2026-03-18 11:35:33,1003500,COMPLETE
U251002-08907,22423,2025-10-02 11:42:57,523400,COMPLETE
U260108-08908,22423,2026-01-08 21:30:23,323200,COMPLETE
U241222-08909,22423,2024-12-22 11:59:14,400300,COMPLETE
U260702-08910,22424,2026-07-02 11:21:18,101800,COMPLETE
U240909-08911,22424,2024-09-09 11:19:17,28500,COMPLETE
U260110-08912,22425,2026-01-10 20:49:21,320900,COMPLETE
U260108-08913,22425,2026-01-08 10:40:03,60000,COMPLETE
U260110-08914,22425,2026-01-10 15:32:53,175300,COMPLETE
U251115-08915,22427,2025-11-15 16:36:05,37100,COMPLETE
U260427-08916,22427,2026-04-27 17:34:32,99900,COMPLETE
U260429-08917,22428,2026-04-29 13:48:39,48100,CANCELED
U251118-08918,22428,2025-11-18 23:47:48,47700,COMPLETE
U251207-08919,22428,2025-12-07 18:18:00,443300,COMPLETE
U260331-08920,22428,2026-03-31 15:11:10,76500,COMPLETE
U260715-08921,22428,2026-07-15 22:26:21,42600,COMPLETE
U251228-08922,22428,2025-12-28 21:05:56,22100,RETURNED
U260418-08923,22428,2026-04-18 00:15:37,171600,COMPLETE
U260330-08924,22428,2026-03-30 10:03:36,71700,COMPLETE
U260515-08925,22429,2026-05-15 10:24:38,33500,COMPLETE
U260515-08926,22429,2026-05-15 22:18:43,239800,COMPLETE
U251001-08927,22430,2025-10-01 21:28:25,256700,COMPLETE
U241129-08928,22431,2024-11-29 21:16:26,154500,RETURNED
U260705-08929,22432,2026-07-05 17:01:31,226800,RETURNED
U241130-08930,22433,2024-11-30 23:50:50,12800,COMPLETE
U231230-08931,22433,2023-12-30 20:24:39,157200,COMPLETE
U260626-08932,22433,2026-06-26 15:10:42,94600,COMPLETE
U250808-08933,22434,2025-08-08 21:00:25,220200,COMPLETE
U250919-08934,22434,2025-09-19 20:13:17,286500,COMPLETE
U241006-08935,22434,2024-10-06 20:49:44,21700,COMPLETE
U260305-08936,22434,2026-03-05 17:40:02,333100,COMPLETE
U250306-08937,22434,2025-03-06 22:06:02,132700,COMPLETE
U250122-08938,22435,2025-01-22 10:46:25,84100,COMPLETE
U250122-08939,22435,2025-01-22 20:42:14,11000,COMPLETE
U250120-08940,22435,2025-01-20 13:56:48,63800,COMPLETE
U260708-08941,22437,2026-07-08 20:46:45,268700,COMPLETE
U260808-08942,22437,2026-08-08 22:21:48,367000,COMPLETE
U260903-08943,22438,2026-09-03 22:17:08,536800,COMPLETE
U260818-08944,22438,2026-08-18 22:56:53,346800,RETURNED
U260513-08945,22438,2026-05-13 11:06:23,194600,COMPLETE
U260827-08946,22439,2026-08-27 23:29:58,78700,CANCELED
U260709-08947,22439,2026-07-09 18:22:06,361000,RETURNED
U251209-08948,22440,2025-12-09 14:26:02,512800,COMPLETE
U250501-08949,22440,2025-05-01 23:03:37,50200,COMPLETE
U250729-08950,22440,2025-07-29 11:51:33,206900,COMPLETE
U260817-08951,22441,2026-08-17 12:51:27,136000,COMPLETE
U260829-08952,22441,2026-08-29 12:06:26,199200,COMPLETE
U260605-08953,22441,2026-06-05 17:30:15,196000,CANCELED
U260728-08954,22441,2026-07-28 18:38:31,37100,COMPLETE
U260409-08955,22441,2026-04-09 20:32:33,37900,COMPLETE
U260119-08956,22441,2026-01-19 17:43:33,82400,CANCELED
U260309-08957,22441,2026-03-09 20:22:33,90400,CANCELED
U260701-08958,22441,2026-07-01 11:41:26,300000,COMPLETE
U240620-08959,22442,2024-06-20 16:32:17,387800,COMPLETE
U240314-08960,22442,2024-03-14 23:06:25,354700,COMPLETE
U240520-08961,22442,2024-05-20 14:08:57,35300,COMPLETE
U260317-08962,22443,2026-03-17 14:24:55,346500,COMPLETE
U260530-08963,22444,2026-05-30 11:22:25,117700,COMPLETE
U250111-08964,22445,2025-01-11 18:32:38,218500,COMPLETE
U241030-08965,22445,2024-10-30 20:21:21,240700,COMPLETE
U260901-08966,22445,2026-09-01 12:09:10,176700,COMPLETE
U240810-08967,22445,2024-08-10 18:01:17,369500,COMPLETE
U240628-08968,22445,2024-06-28 17:21:58,77000,COMPLETE
U260111-08969,22447,2026-01-11 13:29:03,106400,COMPLETE
U250729-08970,22447,2025-07-29 23:14:15,302700,COMPLETE
U240725-08971,22447,2024-07-25 21:22:45,66100,COMPLETE
U260501-08972,22448,2026-05-01 21:18:30,339900,COMPLETE
U251111-08973,22449,2025-11-11 08:55:58,577600,COMPLETE
U250220-08974,22450,2025-02-20 20:43:09,276500,COMPLETE
U260621-08975,22452,2026-06-21 18:04:13,33900,COMPLETE
U260712-08976,22452,2026-07-12 22:23:12,304600,COMPLETE
U260901-08977,22452,2026-09-01 11:14:19,121200,COMPLETE
U260808-08978,22452,2026-08-08 19:13:43,422900,COMPLETE
U260725-08979,22452,2026-07-25 17:54:46,263200,COMPLETE
U260628-08980,22452,2026-06-28 10:53:48,46600,COMPLETE
U260609-08981,22452,2026-06-09 14:40:24,178700,COMPLETE
U260519-08982,22452,2026-05-19 20:39:13,80700,COMPLETE
U260526-08983,22452,2026-05-26 21:15:26,42800,COMPLETE
U260731-08984,22452,2026-07-31 23:58:45,64500,COMPLETE
U260520-08985,22453,2026-05-20 20:53:30,44100,COMPLETE
U251225-08986,22453,2025-12-25 09:02:03,117900,COMPLETE
U260801-08987,22453,2026-08-01 13:41:31,73800,COMPLETE
U260801-08988,22453,2026-08-01 16:19:49,84600,COMPLETE
U250828-08989,22453,2025-08-28 13:13:40,297200,COMPLETE
U250704-08990,22453,2025-07-04 12:21:25,136700,COMPLETE
U260208-08991,22453,2026-02-08 00:07:20,69300,COMPLETE
U260621-08992,22453,2026-06-21 21:44:38,161100,COMPLETE
U260331-08993,22453,2026-03-31 15:15:37,107100,COMPLETE
U250510-08994,22453,2025-05-10 10:35:41,655300,COMPLETE
U251113-08995,22453,2025-11-13 20:18:25,371800,COMPLETE
U260331-08996,22453,2026-03-31 19:26:05,39700,COMPLETE
U250724-08997,22453,2025-07-24 00:17:17,144100,COMPLETE
U251018-08998,22453,2025-10-18 15:59:52,473500,COMPLETE
U260727-08999,22453,2026-07-27 22:01:05,219900,COMPLETE
U260719-09000,22453,2026-07-19 13:52:25,60900,COMPLETE
U251027-09001,22454,2025-10-27 00:05:40,159400,COMPLETE
U260901-09002,22454,2026-09-01 12:55:03,100000,RETURNED
U251013-09003,22454,2025-10-13 20:43:44,253800,COMPLETE
U260216-09004,22454,2026-02-16 15:46:59,59400,COMPLETE
U251026-09005,22455,2025-10-26 20:44:59,178600,RETURNED
U260117-09006,22456,2026-01-17 08:32:11,362000,COMPLETE
U230719-09007,22457,2023-07-19 00:51:48,845700,COMPLETE
U260818-09008,22459,2026-08-18 10:57:09,40800,COMPLETE
U260614-09009,22459,2026-06-14 19:57:47,57400,COMPLETE
U260829-09010,22459,2026-08-29 22:36:36,115000,COMPLETE
U240402-09011,22460,2024-04-02 14:57:03,44700,COMPLETE
U240507-09012,22460,2024-05-07 11:47:42,121200,COMPLETE
U260401-09013,22461,2026-04-01 20:52:26,75400,COMPLETE
U260313-09014,22461,2026-03-13 10:48:50,231600,COMPLETE
U260516-09015,22461,2026-05-16 21:56:38,215000,COMPLETE
U260820-09016,22461,2026-08-20 11:36:14,336700,COMPLETE
U260303-09017,22462,2026-03-03 08:40:08,87800,COMPLETE
U260820-09018,22462,2026-08-20 10:52:31,340100,COMPLETE
U260605-09019,22462,2026-06-05 08:19:59,28000,COMPLETE
U250813-09020,22463,2025-08-13 14:52:10,24500,COMPLETE
U260807-09021,22463,2026-08-07 13:42:26,281600,COMPLETE
U251027-09022,22463,2025-10-27 22:35:41,228200,COMPLETE
U260610-09023,22463,2026-06-10 20:58:11,183000,COMPLETE
U260812-09024,22463,2026-08-12 23:05:36,153800,COMPLETE
U260902-09025,22463,2026-09-02 11:17:20,192800,COMPLETE
U260108-09026,22463,2026-01-08 22:29:15,267000,RETURNED
U260422-09027,22463,2026-04-22 14:39:06,449300,COMPLETE
U260607-09028,22464,2026-06-07 21:02:05,219500,COMPLETE
U260502-09029,22464,2026-05-02 18:29:38,65700,COMPLETE
U240214-09030,22465,2024-02-14 12:46:06,170000,COMPLETE
U231116-09031,22465,2023-11-16 18:11:10,133400,CANCELED
U241001-09032,22466,2024-10-01 13:19:33,100000,RETURNED
U260523-09033,22466,2026-05-23 11:16:17,193400,COMPLETE
U260609-09034,22466,2026-06-09 00:36:13,39000,COMPLETE
U251216-09035,22466,2025-12-16 18:11:05,63800,RETURNED
U250804-09036,22466,2025-08-04 16:18:55,45300,COMPLETE
U260903-09037,22467,2026-09-03 15:25:09,39400,COMPLETE
U260211-09038,22468,2026-02-11 22:31:14,161300,COMPLETE
U260211-09039,22468,2026-02-11 18:53:51,71900,COMPLETE
U260212-09040,22468,2026-02-12 16:21:35,40200,COMPLETE
U250610-09041,22469,2025-06-10 16:47:26,54900,COMPLETE
U260614-09042,22469,2026-06-14 18:39:13,57500,COMPLETE
U260626-09043,22470,2026-06-26 13:56:31,341400,COMPLETE
U260828-09044,22471,2026-08-28 14:43:31,172700,COMPLETE
U260810-09045,22471,2026-08-10 15:44:10,63300,COMPLETE
U260613-09046,22472,2026-06-13 21:58:49,72900,COMPLETE
U260822-09047,22473,2026-08-22 00:18:07,349000,COMPLETE
U260901-09048,22473,2026-09-01 21:43:32,350100,COMPLETE
U250913-09049,22474,2025-09-13 11:31:43,86900,COMPLETE
U260831-09050,22475,2026-08-31 00:29:49,67200,COMPLETE
U260622-09051,22475,2026-06-22 22:06:32,565000,RETURNED
U260426-09052,22475,2026-04-26 11:35:04,35800,COMPLETE
U260821-09053,22476,2026-08-21 19:45:26,232400,COMPLETE
U260826-09054,22476,2026-08-26 15:59:05,61700,COMPLETE
U251206-09055,22477,2025-12-06 09:02:57,871300,COMPLETE
U251208-09056,22477,2025-12-08 22:10:27,74800,COMPLETE
U260824-09057,22479,2026-08-24 12:15:41,327000,COMPLETE
U260619-09058,22480,2026-06-19 17:35:52,249300,COMPLETE
U260104-09059,22480,2026-01-04 23:42:17,27600,COMPLETE
U260529-09060,22480,2026-05-29 17:58:55,120600,COMPLETE
U260409-09061,22480,2026-04-09 17:23:25,198800,COMPLETE
U260828-09062,22480,2026-08-28 16:13:33,88900,CANCELED
U260831-09063,22480,2026-08-31 22:14:25,98000,COMPLETE
U260706-09064,22480,2026-07-06 20:30:47,120900,COMPLETE
U260605-09065,22480,2026-06-05 20:43:46,71400,COMPLETE
U260722-09066,22481,2026-07-22 17:56:27,134900,COMPLETE
U260608-09067,22482,2026-06-08 22:22:42,146800,COMPLETE
U250318-09068,22483,2025-03-18 20:08:20,54400,COMPLETE
U251020-09069,22484,2025-10-20 11:46:10,13600,COMPLETE
U260731-09070,22485,2026-07-31 14:59:07,334000,COMPLETE
U260518-09071,22485,2026-05-18 10:54:27,19000,COMPLETE
U260729-09072,22485,2026-07-29 18:53:57,200100,COMPLETE
U260418-09073,22485,2026-04-18 20:49:20,55100,RETURNED
U260711-09074,22487,2026-07-11 08:49:41,200300,COMPLETE
U260615-09075,22487,2026-06-15 14:45:17,87000,RETURNED
U260523-09076,22487,2026-05-23 15:03:13,45000,COMPLETE
U260503-09077,22487,2026-05-03 21:35:58,94200,COMPLETE
U250626-09078,22489,2025-06-26 10:27:53,314600,COMPLETE
U240601-09079,22489,2024-06-01 08:49:52,189800,COMPLETE
U260321-09080,22489,2026-03-21 15:36:33,405600,COMPLETE
U251222-09081,22489,2025-12-22 21:59:19,209400,COMPLETE
U260710-09082,22490,2026-07-10 13:13:00,19000,COMPLETE
U260709-09083,22490,2026-07-09 22:26:12,127400,COMPLETE
U260711-09084,22490,2026-07-11 14:52:07,124500,COMPLETE
U260525-09085,22491,2026-05-25 10:26:01,166100,COMPLETE
U260329-09086,22492,2026-03-29 19:04:09,52200,COMPLETE
U260131-09087,22492,2026-01-31 11:16:12,475300,COMPLETE
U250103-09088,22493,2025-01-03 10:48:43,152700,COMPLETE
U231105-09089,22494,2023-11-05 19:26:55,282100,CANCELED
U260207-09090,22496,2026-02-07 14:26:21,643900,COMPLETE
U260803-09091,22497,2026-08-03 00:41:46,731600,COMPLETE
U260525-09092,22497,2026-05-25 20:12:06,64100,COMPLETE
U260412-09093,22497,2026-04-12 22:48:55,397300,CANCELED
U260406-09094,22497,2026-04-06 11:25:21,51000,CANCELED
U260630-09095,22497,2026-06-30 11:56:34,40300,COMPLETE
U260223-09096,22497,2026-02-23 17:23:10,14700,COMPLETE
U260205-09097,22497,2026-02-05 14:04:10,351200,COMPLETE
U260813-09098,22499,2026-08-13 19:00:45,534300,COMPLETE
U260519-09099,22499,2026-05-19 21:32:46,164800,COMPLETE
U260821-09100,22499,2026-08-21 11:41:17,165800,COMPLETE
U260821-09101,22499,2026-08-21 20:11:18,47900,COMPLETE
U260821-09102,22499,2026-08-21 19:30:27,47800,COMPLETE
U260613-09103,22499,2026-06-13 20:11:27,42400,COMPLETE
U260526-09104,22499,2026-05-26 18:09:15,231100,COMPLETE
U260814-09105,22499,2026-08-14 21:42:43,65200,COMPLETE
U260829-09106,22499,2026-08-29 18:19:41,141100,COMPLETE
U260816-09107,22499,2026-08-16 21:40:08,595900,COMPLETE
U260528-09108,22499,2026-05-28 21:45:25,221600,COMPLETE
U260721-09109,22499,2026-07-21 22:55:06,402000,COMPLETE
U260416-09110,22500,2026-04-16 20:38:43,518900,COMPLETE
U260105-09111,22500,2026-01-05 22:18:22,33400,COMPLETE
U260528-09112,22500,2026-05-28 09:59:22,338300,COMPLETE
U251112-09113,22500,2025-11-12 17:18:33,116100,COMPLETE
U260516-09114,22500,2026-05-16 14:49:02,138900,RETURNED
U250907-09115,22500,2025-09-07 16:41:56,223700,COMPLETE
U260727-09116,22501,2026-07-27 11:45:31,234200,COMPLETE
U260523-09117,22502,2026-05-23 21:34:44,112000,RETURNED
U260624-09118,22502,2026-06-24 21:12:05,27400,COMPLETE
U260728-09119,22502,2026-07-28 13:43:41,173600,COMPLETE
U260807-09120,22502,2026-08-07 12:56:27,98700,CANCELED
U260821-09121,22503,2026-08-21 17:12:52,57000,RETURNED
U260106-09122,22504,2026-01-06 11:51:38,33000,COMPLETE
U260804-09123,22504,2026-08-04 11:11:11,162600,RETURNED
U260302-09124,22504,2026-03-02 13:34:35,164300,COMPLETE
U260630-09125,22505,2026-06-30 18:22:43,132400,COMPLETE
U260530-09126,22507,2026-05-30 21:36:32,300800,COMPLETE
U260814-09127,22507,2026-08-14 22:22:56,79800,COMPLETE
U260716-09128,22507,2026-07-16 16:52:14,120000,COMPLETE
U260710-09129,22507,2026-07-10 17:18:18,48300,COMPLETE
U260701-09130,22507,2026-07-01 08:13:50,632300,COMPLETE
U260612-09131,22507,2026-06-12 21:33:43,151400,COMPLETE
U260603-09132,22507,2026-06-03 15:56:00,46400,CANCELED
U260427-09133,22507,2026-04-27 15:33:49,47800,COMPLETE
U260724-09134,22507,2026-07-24 20:16:12,590900,CANCELED
U260727-09135,22507,2026-07-27 16:57:58,196000,COMPLETE
U260614-09136,22509,2026-06-14 10:45:33,96000,RETURNED
U260411-09137,22509,2026-04-11 15:05:30,53600,COMPLETE
U260901-09138,22509,2026-09-01 18:29:53,134400,COMPLETE
U260419-09139,22509,2026-04-19 12:35:12,102300,COMPLETE
U251219-09140,22510,2025-12-19 22:30:54,518200,COMPLETE
U260131-09141,22510,2026-01-31 10:14:58,761600,COMPLETE
U260408-09142,22510,2026-04-08 21:54:31,39600,COMPLETE
U260501-09143,22510,2026-05-01 19:03:39,531500,COMPLETE
U240306-09144,22511,2024-03-06 10:36:54,33800,COMPLETE
U230922-09145,22511,2023-09-22 21:07:03,303800,COMPLETE
U231122-09146,22511,2023-11-22 00:07:52,357900,COMPLETE
U260412-09147,22512,2026-04-12 20:29:12,212600,COMPLETE
U260430-09148,22512,2026-04-30 23:52:35,138100,COMPLETE
U260807-09149,22512,2026-08-07 22:47:10,273600,COMPLETE
U260206-09150,22512,2026-02-06 20:01:29,888900,RETURNED
U260529-09151,22512,2026-05-29 18:33:05,192000,COMPLETE
U260614-09152,22512,2026-06-14 12:21:58,438600,CANCELED
U260119-09153,22513,2026-01-19 11:20:44,89800,COMPLETE
U250903-09154,22513,2025-09-03 22:20:17,251800,CANCELED
U260602-09155,22513,2026-06-02 18:36:53,76200,CANCELED
U241126-09156,22514,2024-11-26 10:51:11,162800,COMPLETE
U260329-09157,22514,2026-03-29 14:55:42,134700,COMPLETE
U251123-09158,22514,2025-11-23 20:21:31,50600,COMPLETE
U260726-09159,22514,2026-07-26 13:40:16,37000,COMPLETE
U260325-09160,22514,2026-03-25 20:26:56,29000,CANCELED
U250401-09161,22515,2025-04-01 12:01:13,312000,COMPLETE
U230317-09162,22516,2023-03-17 18:01:21,262600,COMPLETE
U250922-09163,22516,2025-09-22 20:10:45,578600,COMPLETE
U260614-09164,22516,2026-06-14 18:20:03,163600,COMPLETE
U250810-09165,22516,2025-08-10 22:11:58,187300,COMPLETE
U250219-09166,22516,2025-02-19 21:02:32,57500,COMPLETE
U260829-09167,22516,2026-08-29 15:47:38,214500,COMPLETE
U220730-09168,22516,2022-07-30 18:34:09,51600,COMPLETE
U260415-09169,22516,2026-04-15 21:37:02,377200,COMPLETE
U250127-09170,22516,2025-01-27 21:41:15,249900,CANCELED
U231028-09171,22516,2023-10-28 10:26:53,45700,COMPLETE
U260101-09172,22516,2026-01-01 21:31:43,79100,COMPLETE
U260221-09173,22516,2026-02-21 21:24:13,162000,COMPLETE
U231025-09174,22516,2023-10-25 11:44:00,359000,RETURNED
U260509-09175,22516,2026-05-09 16:48:29,179500,COMPLETE
U250505-09176,22517,2025-05-05 18:26:27,82400,COMPLETE
U250429-09177,22517,2025-04-29 19:12:19,352400,COMPLETE
U250316-09178,22517,2025-03-16 10:19:11,251400,COMPLETE
U250309-09179,22517,2025-03-09 08:41:08,217100,COMPLETE
U251101-09180,22517,2025-11-01 11:07:12,27600,COMPLETE
U250518-09181,22517,2025-05-18 15:54:56,117200,COMPLETE
U240316-09182,22518,2024-03-16 10:52:05,165100,COMPLETE
U260901-09183,22519,2026-09-01 14:38:33,944700,COMPLETE
U260827-09184,22520,2026-08-27 10:34:39,270800,COMPLETE
U260902-09185,22520,2026-09-02 08:03:58,99000,COMPLETE
U260827-09186,22520,2026-08-27 16:54:30,292700,COMPLETE
U260901-09187,22520,2026-09-01 19:58:33,75000,COMPLETE
U260520-09188,22521,2026-05-20 10:08:35,215800,COMPLETE
U241213-09189,22522,2024-12-13 23:10:43,310200,COMPLETE
U260218-09190,22523,2026-02-18 22:09:30,121500,COMPLETE
U241211-09191,22524,2024-12-11 21:35:50,264600,RETURNED
U241211-09192,22524,2024-12-11 18:42:29,196300,COMPLETE
U260718-09193,22525,2026-07-18 18:34:23,109200,COMPLETE
U260226-09194,22525,2026-02-26 14:22:35,241400,COMPLETE
U260718-09195,22525,2026-07-18 11:23:01,248100,COMPLETE
U260704-09196,22525,2026-07-04 00:12:58,215800,COMPLETE
U260829-09197,22526,2026-08-29 19:12:32,350300,COMPLETE
U260625-09198,22527,2026-06-25 16:52:05,23700,RETURNED
U260818-09199,22527,2026-08-18 22:45:46,98500,COMPLETE
U260731-09200,22527,2026-07-31 23:24:16,233400,COMPLETE
U260726-09201,22527,2026-07-26 20:32:01,51400,COMPLETE
U260902-09202,22527,2026-09-02 15:09:01,35400,COMPLETE
U260722-09203,22527,2026-07-22 21:31:09,64800,COMPLETE
U260831-09204,22527,2026-08-31 17:46:43,48300,RETURNED
U260814-09205,22527,2026-08-14 18:17:58,240700,COMPLETE
U260820-09206,22527,2026-08-20 20:08:35,132400,COMPLETE
U260626-09207,22527,2026-06-26 14:08:54,373800,COMPLETE
U230524-09208,22528,2023-05-24 19:52:10,58500,COMPLETE
U250929-09209,22529,2025-09-29 17:06:39,78700,COMPLETE
U260421-09210,22529,2026-04-21 08:47:21,127000,COMPLETE
U251120-09211,22529,2025-11-20 18:10:05,122700,CANCELED
U260113-09212,22529,2026-01-13 20:01:31,441100,COMPLETE
U250903-09213,22529,2025-09-03 20:56:32,30000,COMPLETE
U260405-09214,22530,2026-04-05 14:18:27,94100,COMPLETE
U251202-09215,22530,2025-12-02 09:31:36,357800,COMPLETE
U260703-09216,22530,2026-07-03 11:04:50,143100,CANCELED
U251008-09217,22532,2025-10-08 00:37:26,76400,COMPLETE
U230210-09218,22533,2023-02-10 23:34:25,388900,COMPLETE
U260830-09219,22534,2026-08-30 17:28:27,159400,COMPLETE
U260726-09220,22534,2026-07-26 21:34:43,72200,COMPLETE
U251228-09221,22534,2025-12-28 21:41:19,394700,COMPLETE
U260729-09222,22535,2026-07-29 20:36:13,21600,RETURNED
U260523-09223,22535,2026-05-23 16:34:53,95000,RETURNED
U260717-09224,22535,2026-07-17 22:32:52,291400,COMPLETE
U260723-09225,22535,2026-07-23 21:26:50,128400,COMPLETE
U260105-09226,22536,2026-01-05 12:54:52,304700,COMPLETE
U251001-09227,22536,2025-10-01 20:56:39,568800,COMPLETE
U260814-09228,22536,2026-08-14 20:35:45,288900,COMPLETE
U260426-09229,22536,2026-04-26 11:26:51,73000,COMPLETE
U260725-09230,22537,2026-07-25 19:13:39,214500,COMPLETE
U260804-09231,22537,2026-08-04 14:01:01,56900,COMPLETE
U260810-09232,22537,2026-08-10 19:51:58,157100,RETURNED
U260730-09233,22537,2026-07-30 12:48:20,813200,COMPLETE
U260113-09234,22538,2026-01-13 15:07:14,173700,COMPLETE
U260816-09235,22538,2026-08-16 21:35:13,284600,CANCELED
U260717-09236,22538,2026-07-17 22:50:08,207300,COMPLETE
U260526-09237,22538,2026-05-26 22:23:47,36100,COMPLETE
U260524-09238,22538,2026-05-24 11:08:30,134500,COMPLETE
U260429-09239,22538,2026-04-29 17:49:08,167500,COMPLETE
U260814-09240,22538,2026-08-14 23:29:25,69000,COMPLETE
U260728-09241,22539,2026-07-28 15:00:36,421400,COMPLETE
U260811-09242,22539,2026-08-11 20:05:21,47400,CANCELED
U260827-09243,22539,2026-08-27 10:40:51,224700,COMPLETE
U260831-09244,22539,2026-08-31 09:55:50,103700,COMPLETE
U260806-09245,22539,2026-08-06 23:18:38,160100,COMPLETE
U260831-09246,22540,2026-08-31 22:09:43,46700,COMPLETE
U260706-09247,22541,2026-07-06 19:20:12,194300,CANCELED
U250714-09248,22542,2025-07-14 16:12:16,101800,COMPLETE
U260106-09249,22542,2026-01-06 00:58:30,373000,COMPLETE
U260516-09250,22542,2026-05-16 00:51:04,278200,COMPLETE
U251228-09251,22543,2025-12-28 16:11:08,125100,CANCELED
U250424-09252,22543,2025-04-24 17:27:47,100600,CANCELED
U260327-09253,22543,2026-03-27 21:59:58,239300,COMPLETE
U251201-09254,22543,2025-12-01 22:01:55,76400,COMPLETE
U250322-09255,22543,2025-03-22 21:46:32,300000,COMPLETE
U251228-09256,22543,2025-12-28 19:34:20,379600,COMPLETE
U260419-09257,22543,2026-04-19 22:07:30,85000,COMPLETE
U260128-09258,22543,2026-01-28 13:30:17,47000,COMPLETE
U251211-09259,22543,2025-12-11 21:54:59,106900,COMPLETE
U250729-09260,22543,2025-07-29 18:04:01,138500,COMPLETE
U260612-09261,22545,2026-06-12 22:02:42,198400,COMPLETE
U260419-09262,22545,2026-04-19 19:35:29,114000,COMPLETE
U260120-09263,22546,2026-01-20 14:52:24,263500,COMPLETE
U240708-09264,22547,2024-07-08 21:26:26,584600,COMPLETE
U231113-09265,22548,2023-11-13 20:26:04,134500,COMPLETE
U231111-09266,22548,2023-11-11 22:08:05,53400,COMPLETE
U241023-09267,22549,2024-10-23 00:35:24,19600,COMPLETE
U240614-09268,22549,2024-06-14 12:37:43,152300,COMPLETE
U260123-09269,22549,2026-01-23 19:14:06,156500,COMPLETE
U260227-09270,22549,2026-02-27 11:35:35,220700,CANCELED
U230801-09271,22550,2023-08-01 16:55:10,64400,COMPLETE
U240917-09272,22551,2024-09-17 00:25:13,214700,COMPLETE
U251202-09273,22552,2025-12-02 16:57:23,224200,COMPLETE
U260706-09274,22553,2026-07-06 21:19:16,134800,COMPLETE
U240211-09275,22554,2024-02-11 12:33:02,181900,COMPLETE
U260622-09276,22555,2026-06-22 11:49:45,68900,CANCELED
U260417-09277,22555,2026-04-17 21:46:18,33400,CANCELED
U260125-09278,22555,2026-01-25 21:50:43,143900,COMPLETE
U250921-09279,22556,2025-09-21 00:41:39,98900,COMPLETE
U260804-09280,22556,2026-08-04 18:50:01,154700,RETURNED
U240214-09281,22557,2024-02-14 18:14:07,67000,COMPLETE
U230703-09282,22557,2023-07-03 23:12:29,82400,COMPLETE
U241121-09283,22557,2024-11-21 20:34:13,232600,COMPLETE
U230303-09284,22557,2023-03-03 14:14:15,150200,COMPLETE
U260213-09285,22557,2026-02-13 08:15:31,82900,COMPLETE
U260830-09286,22558,2026-08-30 19:06:07,266000,CANCELED
U260823-09287,22558,2026-08-23 21:44:02,33200,COMPLETE
U260901-09288,22558,2026-09-01 10:56:44,441000,COMPLETE
U240610-09289,22559,2024-06-10 19:19:44,194800,COMPLETE
U251226-09290,22560,2025-12-26 22:08:51,77400,COMPLETE
U260413-09291,22561,2026-04-13 15:18:44,78300,COMPLETE
U260616-09292,22561,2026-06-16 11:03:15,76900,COMPLETE
U260213-09293,22561,2026-02-13 18:51:20,387500,COMPLETE
U240813-09294,22561,2024-08-13 18:16:33,115800,COMPLETE
U260118-09295,22561,2026-01-18 20:22:55,504100,COMPLETE
U251011-09296,22561,2025-10-11 21:21:26,72500,COMPLETE
U250925-09297,22561,2025-09-25 17:30:27,98800,COMPLETE
U240712-09298,22562,2024-07-12 16:58:49,241800,COMPLETE
U260501-09299,22562,2026-05-01 16:11:45,214900,COMPLETE
U260323-09300,22562,2026-03-23 22:25:28,178000,COMPLETE
U251202-09301,22562,2025-12-02 15:37:39,116900,COMPLETE
U250426-09302,22562,2025-04-26 11:13:48,31200,COMPLETE
U250719-09303,22562,2025-07-19 20:47:25,136600,COMPLETE
U260703-09304,22562,2026-07-03 22:55:37,91400,COMPLETE
U240730-09305,22562,2024-07-30 11:42:47,190000,COMPLETE
U241015-09306,22562,2024-10-15 21:59:42,109600,COMPLETE
U260720-09307,22562,2026-07-20 20:35:39,299500,COMPLETE
U250608-09308,22562,2025-06-08 12:47:35,41100,COMPLETE
U251107-09309,22562,2025-11-07 21:50:49,284600,COMPLETE
U260830-09310,22562,2026-08-30 19:51:35,21700,COMPLETE
U251009-09311,22562,2025-10-09 19:31:43,56000,COMPLETE
U250427-09312,22563,2025-04-27 20:49:23,24000,COMPLETE
U260205-09313,22564,2026-02-05 14:06:25,669500,COMPLETE
U260804-09314,22565,2026-08-04 22:36:37,297100,CANCELED
U260817-09315,22565,2026-08-17 22:23:08,438000,CANCELED
U260725-09316,22565,2026-07-25 00:32:19,172900,COMPLETE
U260811-09317,22565,2026-08-11 10:37:11,44000,CANCELED
U250616-09318,22566,2025-06-16 18:56:08,523000,COMPLETE
U260630-09319,22567,2026-06-30 21:46:27,222000,COMPLETE
U241017-09320,22567,2024-10-17 22:42:35,153500,COMPLETE
U250924-09321,22567,2025-09-24 21:20:16,227100,COMPLETE
U260412-09322,22567,2026-04-12 23:11:27,88600,COMPLETE
U250118-09323,22567,2025-01-18 20:40:36,102900,COMPLETE
U241211-09324,22567,2024-12-11 15:23:02,71700,RETURNED
U260605-09325,22567,2026-06-05 21:39:40,150800,CANCELED
U251030-09326,22567,2025-10-30 16:37:46,279500,COMPLETE
U251220-09327,22567,2025-12-20 13:49:52,86700,COMPLETE
U241215-09328,22567,2024-12-15 23:36:41,94700,COMPLETE
U260902-09329,22568,2026-09-02 15:43:47,207000,COMPLETE
U260820-09330,22568,2026-08-20 17:51:11,255900,COMPLETE
U260816-09331,22568,2026-08-16 20:16:53,201600,COMPLETE
U260901-09332,22568,2026-09-01 10:59:19,321100,COMPLETE
U260829-09333,22568,2026-08-29 12:57:25,151400,COMPLETE
U260821-09334,22568,2026-08-21 12:23:12,239400,COMPLETE
U260823-09335,22568,2026-08-23 19:42:01,165400,COMPLETE
U260830-09336,22568,2026-08-30 20:27:34,36400,COMPLETE
U260903-09337,22568,2026-09-03 23:42:59,70500,COMPLETE
U260901-09338,22568,2026-09-01 12:51:10,238100,COMPLETE
U260825-09339,22568,2026-08-25 14:00:49,399000,COMPLETE
U260902-09340,22568,2026-09-02 12:03:26,243500,COMPLETE
U260825-09341,22568,2026-08-25 00:35:41,293600,COMPLETE
U260815-09342,22568,2026-08-15 00:19:55,642100,COMPLETE
U260831-09343,22568,2026-08-31 10:28:55,12600,COMPLETE
U260830-09344,22568,2026-08-30 20:12:15,12600,COMPLETE
U260104-09345,22569,2026-01-04 22:35:41,257400,COMPLETE
U250702-09346,22569,2025-07-02 11:48:55,138500,COMPLETE
U260409-09347,22569,2026-04-09 18:59:25,112100,COMPLETE
U260519-09348,22570,2026-05-19 21:50:32,323700,COMPLETE
U251222-09349,22571,2025-12-22 16:32:51,132000,COMPLETE
U240525-09350,22572,2024-05-25 19:46:01,44900,COMPLETE
U240817-09351,22573,2024-08-17 12:32:46,331000,COMPLETE
U260702-09352,22573,2026-07-02 14:11:32,270500,COMPLETE
U240626-09353,22573,2024-06-26 14:10:56,376300,COMPLETE
U260606-09354,22573,2026-06-06 13:23:50,456600,RETURNED
U240929-09355,22573,2024-09-29 18:41:49,72000,COMPLETE
U260403-09356,22573,2026-04-03 18:11:12,329700,COMPLETE
U250923-09357,22574,2025-09-23 20:55:48,298300,COMPLETE
U250922-09358,22574,2025-09-22 14:35:43,295800,RETURNED
U240715-09359,22575,2024-07-15 19:26:30,63400,COMPLETE
U240627-09360,22575,2024-06-27 15:05:59,485400,COMPLETE
U240911-09361,22576,2024-09-11 18:31:50,16100,RETURNED
U260319-09362,22577,2026-03-19 22:17:44,159100,COMPLETE
U251209-09363,22577,2025-12-09 18:49:00,248200,COMPLETE
U251226-09364,22577,2025-12-26 09:24:16,12600,RETURNED
U260801-09365,22577,2026-08-01 14:15:20,121600,COMPLETE
U260711-09366,22577,2026-07-11 22:00:32,605500,COMPLETE
U250109-09367,22580,2025-01-09 10:14:00,154700,COMPLETE
U231203-09368,22581,2023-12-03 15:59:20,574200,COMPLETE
U260813-09369,22581,2026-08-13 19:10:27,150900,COMPLETE
U260228-09370,22583,2026-02-28 23:23:53,147100,COMPLETE
U250525-09371,22583,2025-05-25 13:48:03,177400,COMPLETE
U260224-09372,22583,2026-02-24 21:49:32,671300,COMPLETE
U260613-09373,22583,2026-06-13 12:47:21,350200,COMPLETE
U260901-09374,22584,2026-09-01 14:09:28,79800,COMPLETE
U260814-09375,22584,2026-08-14 19:07:05,471800,COMPLETE
U260322-09376,22584,2026-03-22 16:38:56,74900,COMPLETE
U260122-09377,22585,2026-01-22 09:22:14,44100,COMPLETE
U251208-09378,22585,2025-12-08 14:02:33,265400,COMPLETE
U260629-09379,22585,2026-06-29 19:49:23,87700,COMPLETE
U260527-09380,22585,2026-05-27 15:28:59,184600,COMPLETE
U260203-09381,22586,2026-02-03 22:59:35,61900,COMPLETE
U250204-09382,22586,2025-02-04 14:31:43,103600,RETURNED
U260813-09383,22586,2026-08-13 21:05:51,158100,COMPLETE
U260309-09384,22586,2026-03-09 19:02:11,137400,COMPLETE
U260202-09385,22586,2026-02-02 21:33:58,445200,COMPLETE
U260809-09386,22586,2026-08-09 19:37:55,80800,COMPLETE
U250425-09387,22586,2025-04-25 17:15:55,177900,COMPLETE
U260815-09388,22586,2026-08-15 19:36:00,202800,COMPLETE
U251004-09389,22586,2025-10-04 14:56:51,189000,CANCELED
U260514-09390,22586,2026-05-14 20:04:24,61600,COMPLETE
U260819-09391,22586,2026-08-19 18:54:28,338500,COMPLETE
U250718-09392,22586,2025-07-18 12:46:08,23000,COMPLETE
U251030-09393,22587,2025-10-30 00:40:41,250400,CANCELED
U250718-09394,22587,2025-07-18 00:06:38,231200,COMPLETE
U260709-09395,22588,2026-07-09 19:31:36,200800,COMPLETE
U250911-09396,22589,2025-09-11 09:03:14,54600,COMPLETE
U260831-09397,22589,2026-08-31 22:28:22,215200,COMPLETE
U260620-09398,22589,2026-06-20 16:17:41,329400,COMPLETE
U251001-09399,22589,2025-10-01 19:44:43,215300,COMPLETE
U251023-09400,22590,2025-10-23 09:15:39,246200,CANCELED
U260716-09401,22591,2026-07-16 15:36:28,52700,COMPLETE
U251129-09402,22591,2025-11-29 12:36:19,269700,COMPLETE
U260425-09403,22591,2026-04-25 20:28:45,74500,COMPLETE
U250815-09404,22591,2025-08-15 11:14:44,21400,RETURNED
U260513-09405,22591,2026-05-13 19:42:49,53100,COMPLETE
U260127-09406,22591,2026-01-27 10:40:24,72700,COMPLETE
U250816-09407,22591,2025-08-16 22:17:35,231300,CANCELED
U251103-09408,22591,2025-11-03 18:16:05,46900,COMPLETE
U260811-09409,22592,2026-08-11 15:35:35,113600,CANCELED
U260729-09410,22592,2026-07-29 12:10:00,65000,COMPLETE
U260321-09411,22592,2026-03-21 19:29:54,108100,COMPLETE
U260224-09412,22592,2026-02-24 18:20:17,37500,COMPLETE
U260818-09413,22593,2026-08-18 19:42:37,188600,COMPLETE
U260828-09414,22593,2026-08-28 11:37:09,14800,COMPLETE
U260821-09415,22593,2026-08-21 19:01:11,631000,RETURNED
U260830-09416,22593,2026-08-30 13:37:35,91900,COMPLETE
U260819-09417,22593,2026-08-19 09:42:08,186200,COMPLETE
U260902-09418,22593,2026-09-02 10:09:41,617600,COMPLETE
U260901-09419,22593,2026-09-01 11:17:37,42000,COMPLETE
U260902-09420,22593,2026-09-02 08:37:18,115000,COMPLETE
U260702-09421,22594,2026-07-02 00:26:09,156700,COMPLETE
U260827-09422,22594,2026-08-27 19:45:21,28000,COMPLETE
U260806-09423,22595,2026-08-06 14:56:54,78200,COMPLETE
U260512-09424,22596,2026-05-12 12:59:56,95600,COMPLETE
U260326-09425,22596,2026-03-26 09:25:35,98000,COMPLETE
U260415-09426,22596,2026-04-15 18:05:54,89800,COMPLETE
U260610-09427,22596,2026-06-10 10:47:27,172000,COMPLETE
U260730-09428,22596,2026-07-30 09:00:53,230400,COMPLETE
U260705-09429,22596,2026-07-05 23:41:37,83400,COMPLETE
U260718-09430,22597,2026-07-18 21:17:22,139100,COMPLETE
U260814-09431,22597,2026-08-14 21:37:10,117000,COMPLETE
U260726-09432,22597,2026-07-26 19:29:38,42800,COMPLETE
U260702-09433,22598,2026-07-02 08:08:01,206400,COMPLETE
U260903-09434,22598,2026-09-03 12:26:51,238500,COMPLETE
U260713-09435,22598,2026-07-13 22:07:41,92900,RETURNED
U230313-09436,22600,2023-03-13 18:35:18,237800,COMPLETE
U250422-09437,22601,2025-04-22 12:50:15,276100,COMPLETE
U250804-09438,22601,2025-08-04 12:44:35,144900,COMPLETE
U251221-09439,22601,2025-12-21 14:58:46,67900,COMPLETE
U260526-09440,22603,2026-05-26 15:43:12,337000,COMPLETE
U260721-09441,22604,2026-07-21 12:14:02,482400,COMPLETE
U260801-09442,22604,2026-08-01 00:01:27,341400,COMPLETE
U251215-09443,22604,2025-12-15 16:56:07,114800,COMPLETE
U260630-09444,22604,2026-06-30 12:14:05,73500,COMPLETE
U260713-09445,22604,2026-07-13 20:03:14,786100,COMPLETE
U260802-09446,22604,2026-08-02 20:02:45,790800,COMPLETE
U260627-09447,22605,2026-06-27 13:49:58,138400,CANCELED
U260529-09448,22605,2026-05-29 13:03:12,202600,RETURNED
U260415-09449,22607,2026-04-15 10:43:19,261100,COMPLETE
U241116-09450,22607,2024-11-16 21:38:01,28300,COMPLETE
U241114-09451,22607,2024-11-14 23:09:50,78800,COMPLETE
U260615-09452,22608,2026-06-15 10:27:21,19000,RETURNED
U251028-09453,22608,2025-10-28 15:08:44,183600,COMPLETE
U260613-09454,22608,2026-06-13 17:03:43,639600,COMPLETE
U250112-09455,22609,2025-01-12 11:10:57,375500,COMPLETE
U260430-09456,22610,2026-04-30 17:06:26,373000,CANCELED
U260517-09457,22610,2026-05-17 16:03:15,90300,COMPLETE
U260525-09458,22610,2026-05-25 13:00:52,756600,COMPLETE
U250705-09459,22610,2025-07-05 12:51:50,141700,COMPLETE
U251122-09460,22610,2025-11-22 17:27:09,324500,COMPLETE
U250210-09461,22610,2025-02-10 11:55:09,386000,COMPLETE
U260729-09462,22610,2026-07-29 10:17:09,520500,COMPLETE
U260510-09463,22610,2026-05-10 13:42:56,93700,COMPLETE
U251120-09464,22610,2025-11-20 14:56:51,705600,COMPLETE
U260213-09465,22610,2026-02-13 17:21:25,152400,COMPLETE
U260530-09466,22611,2026-05-30 11:10:41,95600,COMPLETE
U260715-09467,22612,2026-07-15 19:33:57,566100,COMPLETE
U260217-09468,22612,2026-02-17 21:01:26,68200,COMPLETE
U250918-09469,22612,2025-09-18 18:42:57,456700,COMPLETE
U260129-09470,22613,2026-01-29 09:50:51,193700,COMPLETE
U260827-09471,22613,2026-08-27 11:21:15,170600,COMPLETE
U260724-09472,22613,2026-07-24 22:28:08,493800,COMPLETE
U260727-09473,22613,2026-07-27 21:04:30,562200,COMPLETE
U260304-09474,22613,2026-03-04 14:42:00,309600,COMPLETE
U250728-09475,22613,2025-07-28 10:39:08,78600,COMPLETE
U250701-09476,22613,2025-07-01 12:35:47,167600,COMPLETE
U260308-09477,22613,2026-03-08 23:12:54,264500,COMPLETE
U260727-09478,22613,2026-07-27 22:10:23,51900,COMPLETE
U260427-09479,22613,2026-04-27 19:46:22,183400,COMPLETE
U260216-09480,22613,2026-02-16 21:36:00,17100,COMPLETE
U251227-09481,22613,2025-12-27 20:54:54,75700,COMPLETE
U260707-09482,22613,2026-07-07 14:29:31,165800,COMPLETE
U260112-09483,22613,2026-01-12 16:29:55,370800,COMPLETE
U260527-09484,22613,2026-05-27 00:02:04,159300,COMPLETE
U251220-09485,22613,2025-12-20 09:31:51,136900,COMPLETE
U260628-09486,22613,2026-06-28 08:30:33,89300,COMPLETE
U250908-09487,22613,2025-09-08 09:52:53,19100,COMPLETE
U250814-09488,22613,2025-08-14 20:27:41,276500,COMPLETE
U260208-09489,22613,2026-02-08 21:44:55,74700,COMPLETE
U260808-09490,22614,2026-08-08 21:28:48,431400,COMPLETE
U260810-09491,22614,2026-08-10 00:11:02,111300,COMPLETE
U260810-09492,22614,2026-08-10 17:16:45,72500,COMPLETE
U260414-09493,22615,2026-04-14 21:08:41,81400,COMPLETE
U250531-09494,22615,2025-05-31 21:13:44,37300,COMPLETE
U241213-09495,22615,2024-12-13 11:48:39,142500,COMPLETE
U260519-09496,22615,2026-05-19 14:58:49,306900,COMPLETE
U241210-09497,22615,2024-12-10 21:37:17,131700,COMPLETE
U250622-09498,22615,2025-06-22 09:06:52,131100,COMPLETE
U240821-09499,22615,2024-08-21 12:27:22,29600,RETURNED
U251223-09500,22615,2025-12-23 16:04:01,111600,COMPLETE
U260213-09501,22615,2026-02-13 12:54:41,76000,COMPLETE
U260506-09502,22615,2026-05-06 21:10:14,66900,COMPLETE
U260108-09503,22615,2026-01-08 09:33:02,349700,COMPLETE
U260511-09504,22615,2026-05-11 14:03:32,116700,COMPLETE
U260318-09505,22616,2026-03-18 12:42:39,33000,COMPLETE
U260319-09506,22616,2026-03-19 15:32:35,57400,RETURNED
U240324-09507,22617,2024-03-24 20:51:05,181300,COMPLETE
U260814-09508,22617,2026-08-14 21:11:45,249100,COMPLETE
U251103-09509,22617,2025-11-03 20:05:04,182800,COMPLETE
U260228-09510,22617,2026-02-28 12:03:17,104600,COMPLETE
U250505-09511,22617,2025-05-05 13:33:05,53900,COMPLETE
U250901-09512,22617,2025-09-01 10:31:29,112000,COMPLETE
U250301-09513,22617,2025-03-01 14:24:43,124800,CANCELED
U260627-09514,22617,2026-06-27 18:46:13,546600,COMPLETE
U260422-09515,22617,2026-04-22 20:31:09,108300,COMPLETE
U250302-09516,22617,2025-03-02 13:31:45,93800,COMPLETE
U241028-09517,22617,2024-10-28 19:36:18,154500,COMPLETE
U250620-09518,22617,2025-06-20 22:27:09,116200,COMPLETE
U250614-09519,22617,2025-06-14 11:11:16,35300,COMPLETE
U260625-09520,22617,2026-06-25 21:55:26,262000,COMPLETE
U260305-09521,22617,2026-03-05 17:25:36,400300,COMPLETE
U250129-09522,22617,2025-01-29 08:06:19,61600,COMPLETE
U250626-09523,22617,2025-06-26 21:09:17,572900,COMPLETE
U230329-09524,22617,2023-03-29 14:54:28,68400,COMPLETE
U231129-09525,22617,2023-11-29 11:59:23,202500,COMPLETE
U240731-09526,22617,2024-07-31 23:51:59,22500,COMPLETE
U260305-09527,22618,2026-03-05 22:16:40,59700,COMPLETE
U260715-09528,22618,2026-07-15 11:48:34,381900,CANCELED
U260426-09529,22618,2026-04-26 10:22:51,542100,COMPLETE
U260518-09530,22618,2026-05-18 15:19:43,189900,COMPLETE
U260502-09531,22618,2026-05-02 14:38:47,279900,COMPLETE
U260626-09532,22618,2026-06-26 19:51:30,511300,COMPLETE
U260314-09533,22618,2026-03-14 11:45:41,216900,COMPLETE
U260805-09534,22618,2026-08-05 15:50:12,85300,COMPLETE
U260705-09535,22618,2026-07-05 14:51:39,82500,COMPLETE
U260722-09536,22618,2026-07-22 13:48:47,38600,COMPLETE
U260525-09537,22619,2026-05-25 19:21:24,580200,COMPLETE
U260314-09538,22620,2026-03-14 23:15:29,314700,COMPLETE
U260410-09539,22620,2026-04-10 14:57:37,69700,COMPLETE
U251113-09540,22620,2025-11-13 00:42:53,60900,COMPLETE
U260713-09541,22620,2026-07-13 12:57:01,300700,COMPLETE
U251108-09542,22621,2025-11-08 19:37:01,302600,COMPLETE
U240922-09543,22621,2024-09-22 19:55:10,37700,COMPLETE
U260612-09544,22621,2026-06-12 21:26:18,281100,COMPLETE
U260306-09545,22622,2026-03-06 17:23:19,319500,COMPLETE
U260417-09546,22622,2026-04-17 20:07:26,304800,COMPLETE
U260726-09547,22622,2026-07-26 23:24:12,488300,COMPLETE
U260708-09548,22622,2026-07-08 14:44:23,188600,CANCELED
U260115-09549,22622,2026-01-15 11:14:55,161000,COMPLETE
U250820-09550,22622,2025-08-20 09:31:04,424400,COMPLETE
U260313-09551,22622,2026-03-13 20:29:45,91100,COMPLETE
U260831-09552,22622,2026-08-31 20:20:35,51500,COMPLETE
U260222-09553,22622,2026-02-22 22:33:35,58200,COMPLETE
U260408-09554,22622,2026-04-08 11:45:54,65000,COMPLETE
U251125-09555,22622,2025-11-25 18:57:23,147800,RETURNED
U260719-09556,22622,2026-07-19 21:49:22,236100,CANCELED
U260804-09557,22623,2026-08-04 14:45:35,50900,COMPLETE
U260902-09558,22623,2026-09-02 21:54:15,51800,COMPLETE
U260825-09559,22623,2026-08-25 22:11:55,20500,RETURNED
U251002-09560,22624,2025-10-02 18:32:47,451400,COMPLETE
U260823-09561,22624,2026-08-23 11:26:31,155700,RETURNED
U260621-09562,22624,2026-06-21 10:41:40,177300,COMPLETE
U260501-09563,22624,2026-05-01 20:59:12,243000,COMPLETE
U260818-09564,22624,2026-08-18 15:05:10,386500,COMPLETE
U260329-09565,22624,2026-03-29 22:58:12,332800,CANCELED
U260829-09566,22626,2026-08-29 13:42:27,211900,COMPLETE
U260827-09567,22626,2026-08-27 15:31:17,19600,COMPLETE
U260902-09568,22626,2026-09-02 16:35:34,653900,CANCELED
U260802-09569,22627,2026-08-02 10:36:58,111500,COMPLETE
U260730-09570,22627,2026-07-30 20:49:08,121300,COMPLETE
U251213-09571,22628,2025-12-13 12:42:29,362300,COMPLETE
U250208-09572,22628,2025-02-08 14:40:25,155600,COMPLETE
U260430-09573,22629,2026-04-30 14:58:14,124800,COMPLETE
U250918-09574,22629,2025-09-18 21:24:10,315100,COMPLETE
U260802-09575,22629,2026-08-02 08:28:18,345700,RETURNED
U260803-09576,22630,2026-08-03 21:20:54,75700,COMPLETE
U250918-09577,22630,2025-09-18 15:33:26,77200,COMPLETE
U260617-09578,22630,2026-06-17 16:08:43,254500,COMPLETE
U260610-09579,22630,2026-06-10 16:46:21,35200,COMPLETE
U260613-09580,22632,2026-06-13 14:11:34,69700,COMPLETE
U260611-09581,22632,2026-06-11 19:39:57,429400,COMPLETE
U260612-09582,22632,2026-06-12 23:59:17,518800,COMPLETE
U260818-09583,22633,2026-08-18 17:37:26,109000,COMPLETE
U260419-09584,22635,2026-04-19 19:29:22,208700,COMPLETE
U260823-09585,22635,2026-08-23 08:10:50,47400,COMPLETE
U221110-09586,22636,2022-11-10 16:04:05,205300,COMPLETE
U220807-09587,22636,2022-08-07 20:02:43,31100,COMPLETE
U231016-09588,22636,2023-10-16 19:16:07,204900,COMPLETE
U250725-09589,22638,2025-07-25 17:03:59,514300,RETURNED
U260821-09590,22639,2026-08-21 19:45:28,106400,COMPLETE
U260506-09591,22639,2026-05-06 12:18:34,250600,COMPLETE
U251021-09592,22640,2025-10-21 08:34:51,71800,COMPLETE
U260828-09593,22640,2026-08-28 19:46:44,36100,COMPLETE
U260119-09594,22640,2026-01-19 23:09:12,268900,COMPLETE
U250902-09595,22640,2025-09-02 21:30:10,290800,COMPLETE
U260120-09596,22640,2026-01-20 23:13:05,188800,COMPLETE
U260417-09597,22641,2026-04-17 12:05:31,218000,COMPLETE
U260803-09598,22642,2026-08-03 11:29:51,286900,COMPLETE
U260706-09599,22642,2026-07-06 21:10:19,203000,COMPLETE
U260702-09600,22642,2026-07-02 23:46:53,40900,COMPLETE
U260602-09601,22642,2026-06-02 23:27:37,44900,COMPLETE
U260728-09602,22642,2026-07-28 21:33:03,133400,CANCELED
U260716-09603,22642,2026-07-16 17:14:34,141300,COMPLETE
U240225-09604,22643,2024-02-25 12:02:57,113400,COMPLETE
U260702-09605,22643,2026-07-02 17:02:26,142300,COMPLETE
U231025-09606,22643,2023-10-25 16:17:36,57400,COMPLETE
U250506-09607,22643,2025-05-06 23:32:33,193900,COMPLETE
U250712-09608,22643,2025-07-12 23:54:48,215900,COMPLETE
U241029-09609,22643,2024-10-29 20:02:34,319900,COMPLETE
U240922-09610,22643,2024-09-22 20:38:28,26700,COMPLETE
U250407-09611,22644,2025-04-07 00:19:40,84000,COMPLETE
U260823-09612,22644,2026-08-23 20:55:54,255200,COMPLETE
U250130-09613,22644,2025-01-30 17:59:59,95700,COMPLETE
U251102-09614,22644,2025-11-02 22:53:03,268200,RETURNED
U250201-09615,22645,2025-02-01 17:41:30,93700,COMPLETE
U250117-09616,22645,2025-01-17 21:25:52,456500,COMPLETE
U240704-09617,22645,2024-07-04 22:56:33,30000,COMPLETE
U241230-09618,22645,2024-12-30 10:25:52,216300,COMPLETE
U260702-09619,22645,2026-07-02 20:59:37,701800,COMPLETE
U251222-09620,22645,2025-12-22 13:28:12,422800,RETURNED
U241012-09621,22645,2024-10-12 14:09:52,166700,COMPLETE
U260702-09622,22645,2026-07-02 14:04:16,35900,COMPLETE
U260102-09623,22646,2026-01-02 19:46:47,398100,CANCELED
U260429-09624,22648,2026-04-29 20:15:07,38500,RETURNED
U260221-09625,22648,2026-02-21 12:35:47,276000,COMPLETE
U260609-09626,22648,2026-06-09 12:34:08,133100,COMPLETE
U260821-09627,22648,2026-08-21 20:49:06,179700,COMPLETE
U260716-09628,22648,2026-07-16 16:46:39,103300,COMPLETE
U250907-09629,22649,2025-09-07 18:45:32,122900,COMPLETE
U241127-09630,22650,2024-11-27 20:50:57,23300,COMPLETE
U241126-09631,22650,2024-11-26 21:23:15,283600,COMPLETE
U241127-09632,22650,2024-11-27 22:03:22,17300,COMPLETE
U250318-09633,22651,2025-03-18 16:48:37,53800,COMPLETE
U260219-09634,22651,2026-02-19 13:34:34,290700,COMPLETE
U241027-09635,22651,2024-10-27 18:37:27,42200,CANCELED
U250916-09636,22651,2025-09-16 16:12:51,253400,COMPLETE
U260805-09637,22651,2026-08-05 12:56:36,95500,RETURNED
U260403-09638,22651,2026-04-03 16:19:03,162300,COMPLETE
U251213-09639,22651,2025-12-13 15:30:10,52700,RETURNED
U260801-09640,22651,2026-08-01 21:45:19,149300,RETURNED
U250728-09641,22651,2025-07-28 23:43:07,635100,RETURNED
U260127-09642,22651,2026-01-27 19:52:42,302800,COMPLETE
U250211-09643,22651,2025-02-11 14:59:32,382500,COMPLETE
U251229-09644,22651,2025-12-29 21:09:10,202200,COMPLETE
U260417-09645,22651,2026-04-17 21:00:00,227600,CANCELED
U260522-09646,22651,2026-05-22 16:48:31,296500,COMPLETE
U260728-09647,22652,2026-07-28 22:55:35,108900,COMPLETE
U260811-09648,22652,2026-08-11 20:45:14,527700,COMPLETE
U260811-09649,22652,2026-08-11 14:14:16,26200,CANCELED
U260901-09650,22652,2026-09-01 20:12:52,36900,COMPLETE
U260727-09651,22652,2026-07-27 14:16:54,241200,COMPLETE
U260714-09652,22652,2026-07-14 15:14:24,75400,COMPLETE
U260731-09653,22653,2026-07-31 14:08:02,80100,COMPLETE
U260720-09654,22654,2026-07-20 13:14:01,189800,COMPLETE
U260804-09655,22654,2026-08-04 21:08:39,137100,COMPLETE
U260812-09656,22654,2026-08-12 16:47:11,171400,COMPLETE
U260728-09657,22654,2026-07-28 11:00:42,231400,COMPLETE
U260707-09658,22654,2026-07-07 08:06:39,146400,COMPLETE
U260814-09659,22654,2026-08-14 18:14:48,231100,COMPLETE
U260730-09660,22654,2026-07-30 20:05:05,51700,RETURNED
U260731-09661,22654,2026-07-31 12:27:54,48300,COMPLETE
U260717-09662,22654,2026-07-17 20:32:54,43600,COMPLETE
U260823-09663,22654,2026-08-23 14:49:29,216700,COMPLETE
U260721-09664,22654,2026-07-21 14:44:38,190900,COMPLETE
U260713-09665,22654,2026-07-13 22:11:18,230600,COMPLETE
U260222-09666,22655,2026-02-22 14:30:38,95600,COMPLETE
U260320-09667,22656,2026-03-20 12:31:30,185400,COMPLETE
U250213-09668,22656,2025-02-13 14:48:56,266600,COMPLETE
U260728-09669,22656,2026-07-28 21:25:30,257600,COMPLETE
U240910-09670,22656,2024-09-10 16:08:27,389900,COMPLETE
U260902-09671,22657,2026-09-02 00:05:11,306300,COMPLETE
U250901-09672,22658,2025-09-01 21:52:49,210700,COMPLETE
U240715-09673,22658,2024-07-15 14:03:43,64900,COMPLETE
U241230-09674,22658,2024-12-30 21:24:40,347300,COMPLETE
U250628-09675,22658,2025-06-28 16:29:59,214400,COMPLETE
U250705-09676,22658,2025-07-05 20:48:29,976900,COMPLETE
U251125-09677,22661,2025-11-25 11:54:58,36300,COMPLETE
U260529-09678,22661,2026-05-29 17:09:55,261500,COMPLETE
U250909-09679,22661,2025-09-09 10:26:36,759700,COMPLETE
U260810-09680,22661,2026-08-10 11:13:05,100100,COMPLETE
U260112-09681,22661,2026-01-12 17:41:58,143200,COMPLETE
U260427-09682,22661,2026-04-27 21:59:14,172900,COMPLETE
U260417-09683,22661,2026-04-17 14:43:16,204000,COMPLETE
U241029-09684,22661,2024-10-29 23:16:47,537000,COMPLETE
U241118-09685,22662,2024-11-18 15:44:26,36600,COMPLETE
U250502-09686,22662,2025-05-02 12:04:02,341400,COMPLETE
U251124-09687,22662,2025-11-24 21:02:53,363100,COMPLETE
U260325-09688,22665,2026-03-25 23:06:31,89400,COMPLETE
U260301-09689,22665,2026-03-01 16:11:44,214800,COMPLETE
U250705-09690,22665,2025-07-05 00:18:26,86800,COMPLETE
U260903-09691,22665,2026-09-03 22:50:29,241800,COMPLETE
U260627-09692,22665,2026-06-27 11:44:28,289400,COMPLETE
U260726-09693,22665,2026-07-26 21:30:39,49400,COMPLETE
U260615-09694,22665,2026-06-15 16:25:57,45600,COMPLETE
U260426-09695,22665,2026-04-26 10:24:36,315500,COMPLETE
U251112-09696,22666,2025-11-12 23:52:06,294300,COMPLETE
U260705-09697,22666,2026-07-05 14:07:53,83500,COMPLETE
U251120-09698,22666,2025-11-20 13:35:43,343600,CANCELED
U260524-09699,22666,2026-05-24 22:19:13,328600,COMPLETE
U260323-09700,22666,2026-03-23 21:02:30,249300,COMPLETE
U260813-09701,22666,2026-08-13 08:16:27,90600,COMPLETE
U260824-09702,22666,2026-08-24 23:10:43,125800,RETURNED
U260612-09703,22666,2026-06-12 00:17:02,207700,COMPLETE
U260716-09704,22667,2026-07-16 20:09:16,186300,CANCELED
U240629-09705,22667,2024-06-29 18:24:34,144900,CANCELED
U260122-09706,22667,2026-01-22 13:59:35,81200,COMPLETE
U250628-09707,22667,2025-06-28 19:16:17,79400,COMPLETE
U260704-09708,22667,2026-07-04 22:23:11,139300,COMPLETE
U260720-09709,22667,2026-07-20 10:48:43,84900,COMPLETE
U251112-09710,22667,2025-11-12 20:29:21,151200,CANCELED
U250225-09711,22667,2025-02-25 20:17:49,66300,COMPLETE
U260704-09712,22667,2026-07-04 22:06:30,45400,CANCELED
U260205-09713,22667,2026-02-05 11:20:35,156200,CANCELED
U260824-09714,22667,2026-08-24 16:40:15,127400,COMPLETE
U251220-09715,22667,2025-12-20 08:41:56,70700,COMPLETE
U240122-09716,22668,2024-01-22 22:30:49,56900,COMPLETE
U260211-09717,22669,2026-02-11 09:20:02,79700,COMPLETE
U251117-09718,22669,2025-11-17 16:05:00,34300,COMPLETE
U240831-09719,22669,2024-08-31 08:32:42,47100,COMPLETE
U250420-09720,22670,2025-04-20 23:49:45,417600,COMPLETE
U260210-09721,22670,2026-02-10 20:18:42,105800,COMPLETE
U260805-09722,22670,2026-08-05 21:47:44,339700,COMPLETE
U250818-09723,22670,2025-08-18 22:29:18,41600,COMPLETE
U260715-09724,22670,2026-07-15 11:52:24,278100,COMPLETE
U260330-09725,22670,2026-03-30 23:10:03,106200,COMPLETE
U260123-09726,22670,2026-01-23 22:16:29,41700,COMPLETE
U250909-09727,22671,2025-09-09 18:23:25,296600,COMPLETE
U250701-09728,22671,2025-07-01 13:49:00,145000,RETURNED
U250209-09729,22671,2025-02-09 19:49:05,683500,COMPLETE
U260824-09730,22671,2026-08-24 10:28:24,394900,COMPLETE
U260826-09731,22671,2026-08-26 16:48:10,161000,COMPLETE
U250420-09732,22671,2025-04-20 14:40:23,43100,COMPLETE
U260423-09733,22671,2026-04-23 12:23:38,55600,COMPLETE
U250526-09734,22671,2025-05-26 11:03:24,381300,COMPLETE
U260611-09735,22672,2026-06-11 20:12:30,509400,COMPLETE
U260721-09736,22672,2026-07-21 10:48:15,141700,COMPLETE
U260617-09737,22672,2026-06-17 19:49:43,109300,COMPLETE
U260811-09738,22672,2026-08-11 17:06:48,334600,COMPLETE
U260517-09739,22672,2026-05-17 00:19:35,55100,COMPLETE
U260818-09740,22672,2026-08-18 16:31:53,180800,COMPLETE
U250201-09741,22674,2025-02-01 22:23:08,269100,COMPLETE
U260830-09742,22674,2026-08-30 14:18:31,239100,COMPLETE
U230913-09743,22674,2023-09-13 10:34:50,346600,COMPLETE
U240506-09744,22675,2024-05-06 20:01:01,337100,COMPLETE
U260414-09745,22676,2026-04-14 21:22:07,335200,COMPLETE
U260312-09746,22676,2026-03-12 23:33:15,189300,COMPLETE
U260811-09747,22677,2026-08-11 22:45:49,347800,CANCELED
U260810-09748,22677,2026-08-10 11:49:38,43900,COMPLETE
U260703-09749,22677,2026-07-03 08:54:32,346500,COMPLETE
U260830-09750,22678,2026-08-30 14:26:57,185900,COMPLETE
U260819-09751,22678,2026-08-19 20:44:20,173700,COMPLETE
U260320-09752,22678,2026-03-20 21:47:52,307000,COMPLETE
U250305-09753,22679,2025-03-05 21:33:30,276100,COMPLETE
U260511-09754,22680,2026-05-11 20:53:06,133300,COMPLETE
U260901-09755,22681,2026-09-01 22:19:33,646800,COMPLETE
U250816-09756,22681,2025-08-16 16:43:07,83100,COMPLETE
U250911-09757,22681,2025-09-11 11:56:11,67900,COMPLETE
U250325-09758,22682,2025-03-25 18:23:57,495600,COMPLETE
U260303-09759,22682,2026-03-03 12:51:04,61200,COMPLETE
U240409-09760,22682,2024-04-09 20:29:49,443400,COMPLETE
U260818-09761,22682,2026-08-18 22:21:51,159800,COMPLETE
U250218-09762,22682,2025-02-18 19:16:18,134400,COMPLETE
U260721-09763,22682,2026-07-21 21:14:13,251000,COMPLETE
U250225-09764,22682,2025-02-25 15:16:26,441400,COMPLETE
U250923-09765,22682,2025-09-23 15:57:59,89300,COMPLETE
U250107-09766,22682,2025-01-07 19:33:30,106900,COMPLETE
U260303-09767,22682,2026-03-03 17:18:04,216500,COMPLETE
U251201-09768,22682,2025-12-01 19:09:35,262000,COMPLETE
U231026-09769,22682,2023-10-26 22:46:45,138300,COMPLETE
U240829-09770,22683,2024-08-29 22:47:38,25500,COMPLETE
U250325-09771,22683,2025-03-25 20:39:27,805100,COMPLETE
U250607-09772,22683,2025-06-07 20:44:51,306500,COMPLETE
U260731-09773,22684,2026-07-31 18:04:58,71000,COMPLETE
U260616-09774,22684,2026-06-16 15:56:46,67800,COMPLETE
U260828-09775,22684,2026-08-28 10:36:05,51700,COMPLETE
U260818-09776,22684,2026-08-18 21:44:51,368200,COMPLETE
U251231-09777,22685,2025-12-31 23:11:42,164100,COMPLETE
U250126-09778,22687,2025-01-26 22:27:15,65100,COMPLETE
U260726-09779,22687,2026-07-26 21:16:57,105400,COMPLETE
U251120-09780,22687,2025-11-20 20:24:54,114800,COMPLETE
U240921-09781,22688,2024-09-21 13:08:38,160200,COMPLETE
U241226-09782,22688,2024-12-26 15:06:29,446800,COMPLETE
U250119-09783,22688,2025-01-19 21:30:43,308800,COMPLETE
U260811-09784,22689,2026-08-11 20:15:19,361800,COMPLETE
U260815-09785,22689,2026-08-15 19:39:37,161600,COMPLETE
U260726-09786,22689,2026-07-26 16:25:55,101100,COMPLETE
U260716-09787,22689,2026-07-16 10:36:20,91100,COMPLETE
U260505-09788,22690,2026-05-05 16:16:01,116700,COMPLETE
U250730-09789,22690,2025-07-30 20:58:42,147200,COMPLETE
U250417-09790,22692,2025-04-17 12:49:47,37800,CANCELED
U250418-09791,22692,2025-04-18 12:55:05,79700,COMPLETE
U250417-09792,22692,2025-04-17 19:08:11,33000,COMPLETE
U260122-09793,22693,2026-01-22 13:35:50,217700,COMPLETE
U251003-09794,22693,2025-10-03 22:32:53,168700,COMPLETE
U260405-09795,22693,2026-04-05 00:48:59,74200,COMPLETE
U260430-09796,22693,2026-04-30 12:25:06,84500,COMPLETE
U251002-09797,22693,2025-10-02 08:29:14,117600,COMPLETE
U250402-09798,22694,2025-04-02 17:30:42,74200,COMPLETE
U251104-09799,22694,2025-11-04 18:32:33,157700,COMPLETE
U251022-09800,22694,2025-10-22 00:47:17,243900,COMPLETE
U250729-09801,22694,2025-07-29 22:59:41,478000,COMPLETE
U231118-09802,22694,2023-11-18 22:34:07,277000,COMPLETE
U240910-09803,22694,2024-09-10 13:30:16,88500,COMPLETE
U260316-09804,22695,2026-03-16 20:31:48,354400,COMPLETE
U251102-09805,22695,2025-11-02 22:11:28,37800,COMPLETE
U260524-09806,22698,2026-05-24 09:05:16,149800,COMPLETE
U250510-09807,22698,2025-05-10 20:14:05,478900,COMPLETE
U250819-09808,22699,2025-08-19 21:59:21,157600,RETURNED
U260731-09809,22699,2026-07-31 14:39:01,185800,COMPLETE
U260102-09810,22699,2026-01-02 21:32:53,47700,COMPLETE
U260715-09811,22699,2026-07-15 10:43:20,117900,COMPLETE
U260510-09812,22699,2026-05-10 12:45:43,170000,COMPLETE
U260112-09813,22700,2026-01-12 16:43:44,173400,COMPLETE
U260531-09814,22700,2026-05-31 20:27:37,128700,COMPLETE
U251204-09815,22700,2025-12-04 23:51:13,126800,CANCELED
U260816-09816,22700,2026-08-16 14:14:39,108000,RETURNED
U260831-09817,22700,2026-08-31 18:26:36,171000,COMPLETE
U260117-09818,22700,2026-01-17 20:03:03,250400,COMPLETE
U260824-09819,22700,2026-08-24 23:56:10,61600,COMPLETE
U251010-09820,22700,2025-10-10 14:20:29,12700,COMPLETE
U260128-09821,22701,2026-01-28 18:04:07,178800,COMPLETE
U251029-09822,22702,2025-10-29 18:27:58,75600,COMPLETE
U260517-09823,22702,2026-05-17 10:12:23,159400,COMPLETE
U240302-09824,22702,2024-03-02 18:28:27,433000,COMPLETE
U250205-09825,22702,2025-02-05 08:23:01,184800,COMPLETE
U260824-09826,22703,2026-08-24 11:36:43,179600,COMPLETE
U260813-09827,22703,2026-08-13 19:06:07,46100,COMPLETE
U250712-09828,22704,2025-07-12 19:08:23,362000,COMPLETE
U260723-09829,22704,2026-07-23 13:31:12,95200,COMPLETE
U241123-09830,22704,2024-11-23 18:16:40,276800,RETURNED
U250222-09831,22704,2025-02-22 14:42:36,295000,COMPLETE
U240920-09832,22704,2024-09-20 19:52:45,71900,COMPLETE
U250303-09833,22704,2025-03-03 21:44:24,120400,COMPLETE
U260901-09834,22705,2026-09-01 22:20:04,71600,COMPLETE
U260128-09835,22706,2026-01-28 11:01:08,51700,COMPLETE
U231030-09836,22707,2023-10-30 22:25:02,78400,COMPLETE
U231117-09837,22707,2023-11-17 12:52:45,619800,COMPLETE
U260609-09838,22708,2026-06-09 22:09:44,451900,COMPLETE
U260413-09839,22708,2026-04-13 19:13:56,53000,COMPLETE
U260718-09840,22708,2026-07-18 17:58:32,302600,COMPLETE
U260802-09841,22708,2026-08-02 22:26:02,150100,COMPLETE
U260403-09842,22708,2026-04-03 15:39:03,96200,COMPLETE
U260621-09843,22708,2026-06-21 17:15:13,93700,COMPLETE
U260428-09844,22708,2026-04-28 22:51:22,234500,COMPLETE
U260224-09845,22708,2026-02-24 16:54:30,375300,COMPLETE
U260714-09846,22708,2026-07-14 18:27:23,230700,COMPLETE
U260812-09847,22708,2026-08-12 13:43:44,112500,COMPLETE
U260405-09848,22708,2026-04-05 16:15:22,73800,COMPLETE
U260405-09849,22708,2026-04-05 12:02:33,226500,CANCELED
U260629-09850,22708,2026-06-29 10:51:53,156200,COMPLETE
U260807-09851,22708,2026-08-07 12:57:15,30500,COMPLETE
U260305-09852,22708,2026-03-05 12:43:45,39500,COMPLETE
U260322-09853,22708,2026-03-22 21:23:00,198100,COMPLETE
U260601-09854,22709,2026-06-01 12:31:29,175300,COMPLETE
U260707-09855,22709,2026-07-07 13:35:38,286600,COMPLETE
U260815-09856,22711,2026-08-15 20:03:54,385300,COMPLETE
U260805-09857,22711,2026-08-05 22:27:09,331500,COMPLETE
U260706-09858,22711,2026-07-06 13:01:37,451000,COMPLETE
U260207-09859,22711,2026-02-07 20:26:02,437000,CANCELED
U260216-09860,22711,2026-02-16 18:26:04,206700,COMPLETE
U260630-09861,22711,2026-06-30 21:09:22,115200,COMPLETE
U260212-09862,22711,2026-02-12 19:06:41,39100,COMPLETE
U260822-09863,22711,2026-08-22 22:59:33,190900,COMPLETE
U260530-09864,22711,2026-05-30 17:23:24,128700,COMPLETE
U260803-09865,22711,2026-08-03 18:31:54,199900,COMPLETE
U240518-09866,22713,2024-05-18 21:19:40,61800,COMPLETE
U240820-09867,22713,2024-08-20 00:38:14,125100,COMPLETE
U230528-09868,22714,2023-05-28 18:13:04,108500,COMPLETE
U240422-09869,22714,2024-04-22 18:25:02,37200,COMPLETE
U260327-09870,22715,2026-03-27 23:54:29,178900,COMPLETE
U260519-09871,22715,2026-05-19 14:50:22,320900,COMPLETE
U250502-09872,22715,2025-05-02 12:33:25,60200,COMPLETE
U260619-09873,22715,2026-06-19 18:10:51,284300,COMPLETE
U251228-09874,22715,2025-12-28 00:30:27,66900,COMPLETE
U241231-09875,22715,2024-12-31 20:16:08,357600,COMPLETE
U260616-09876,22715,2026-06-16 18:31:57,185300,COMPLETE
U260508-09877,22716,2026-05-08 10:50:49,60100,COMPLETE
U260125-09878,22716,2026-01-25 21:21:36,190400,COMPLETE
U240908-09879,22716,2024-09-08 22:03:50,56900,COMPLETE
U250106-09880,22717,2025-01-06 22:40:26,75300,COMPLETE
U241109-09881,22717,2024-11-09 18:27:04,100200,COMPLETE
U250819-09882,22718,2025-08-19 19:15:19,187000,COMPLETE
U251011-09883,22718,2025-10-11 16:54:33,25000,COMPLETE
U260622-09884,22718,2026-06-22 12:33:03,150800,COMPLETE
U260709-09885,22718,2026-07-09 18:00:51,40100,COMPLETE
U251229-09886,22718,2025-12-29 20:26:00,212400,COMPLETE
U260410-09887,22718,2026-04-10 12:35:01,60700,COMPLETE
U250921-09888,22718,2025-09-21 21:50:54,337600,RETURNED
U251105-09889,22718,2025-11-05 18:00:04,172400,COMPLETE
U260810-09890,22718,2026-08-10 23:39:10,67000,COMPLETE
U251210-09891,22718,2025-12-10 14:06:43,384300,COMPLETE
U260813-09892,22718,2026-08-13 14:29:41,226700,COMPLETE
U260201-09893,22718,2026-02-01 19:12:38,70800,COMPLETE
U260614-09894,22718,2026-06-14 20:29:08,93300,COMPLETE
U260803-09895,22718,2026-08-03 21:55:17,198400,COMPLETE
U260115-09896,22720,2026-01-15 20:02:23,459100,COMPLETE
U250627-09897,22720,2025-06-27 22:28:57,410300,COMPLETE
U250514-09898,22720,2025-05-14 15:21:33,64500,COMPLETE
U260626-09899,22720,2026-06-26 20:12:57,82000,COMPLETE
U260214-09900,22720,2026-02-14 00:50:52,384800,COMPLETE
U260319-09901,22720,2026-03-19 20:56:42,346500,COMPLETE
U260426-09902,22720,2026-04-26 23:07:15,46800,COMPLETE
U260407-09903,22720,2026-04-07 20:08:14,120200,COMPLETE
U260831-09904,22721,2026-08-31 00:25:08,40400,COMPLETE
U260824-09905,22721,2026-08-24 10:12:21,111400,COMPLETE
U260819-09906,22721,2026-08-19 11:12:39,163600,CANCELED
U260816-09907,22721,2026-08-16 00:38:14,146500,COMPLETE
U260808-09908,22721,2026-08-08 10:54:34,567800,COMPLETE
U260803-09909,22722,2026-08-03 09:36:09,239700,COMPLETE
U260804-09910,22722,2026-08-04 19:59:09,397100,COMPLETE
U260707-09911,22722,2026-07-07 09:49:01,62700,COMPLETE
U260510-09912,22722,2026-05-10 18:23:48,66100,COMPLETE
U260802-09913,22722,2026-08-02 18:38:07,152400,RETURNED
U260326-09914,22722,2026-03-26 14:21:39,192000,COMPLETE
U260517-09915,22722,2026-05-17 20:02:33,198400,COMPLETE
U260524-09916,22722,2026-05-24 13:32:25,326200,COMPLETE
U260902-09917,22722,2026-09-02 12:31:39,51900,COMPLETE
U260731-09918,22722,2026-07-31 13:31:53,603400,CANCELED
U260709-09919,22722,2026-07-09 08:07:55,70300,COMPLETE
U260307-09920,22722,2026-03-07 18:06:00,418600,COMPLETE
U260228-09921,22722,2026-02-28 00:00:00,160800,COMPLETE
U260122-09922,22722,2026-01-22 14:12:43,73700,COMPLETE
U260826-09923,22722,2026-08-26 20:50:45,791500,COMPLETE
U260103-09924,22722,2026-01-03 23:21:21,42400,CANCELED
U260830-09925,22723,2026-08-30 18:18:44,102400,COMPLETE
U260830-09926,22723,2026-08-30 15:05:47,158800,COMPLETE
U260828-09927,22723,2026-08-28 11:30:27,26800,COMPLETE
U260810-09928,22724,2026-08-10 22:56:41,384400,COMPLETE
U260818-09929,22724,2026-08-18 17:28:51,222600,COMPLETE
U260828-09930,22724,2026-08-28 14:12:02,317400,COMPLETE
U260823-09931,22724,2026-08-23 21:12:20,203600,COMPLETE
U260726-09932,22725,2026-07-26 23:52:46,40000,COMPLETE
U260725-09933,22725,2026-07-25 20:51:31,118600,RETURNED
U260420-09934,22726,2026-04-20 23:18:45,319400,COMPLETE
U251201-09935,22727,2025-12-01 11:36:11,205200,COMPLETE
U260204-09936,22727,2026-02-04 21:34:52,60400,COMPLETE
U260519-09937,22728,2026-05-19 15:33:53,15800,COMPLETE
U241025-09938,22728,2024-10-25 21:24:23,580800,RETURNED
U250306-09939,22728,2025-03-06 00:25:36,254000,COMPLETE
U260211-09940,22728,2026-02-11 23:27:44,334800,COMPLETE
U251002-09941,22728,2025-10-02 15:17:02,74700,COMPLETE
U260220-09942,22728,2026-02-20 00:34:24,194200,COMPLETE
U260525-09943,22728,2026-05-25 13:04:38,630600,COMPLETE
U260819-09944,22728,2026-08-19 12:53:58,108700,RETURNED
U260823-09945,22729,2026-08-23 20:56:06,545700,COMPLETE
U250206-09946,22731,2025-02-06 09:09:13,245300,COMPLETE
U250204-09947,22731,2025-02-04 22:00:11,58800,COMPLETE
U250206-09948,22731,2025-02-06 10:29:49,296000,COMPLETE
U251027-09949,22732,2025-10-27 16:45:26,442100,COMPLETE
U240515-09950,22732,2024-05-15 20:12:58,12500,RETURNED
U260531-09951,22732,2026-05-31 21:30:29,44600,RETURNED
U250624-09952,22733,2025-06-24 22:30:22,185800,COMPLETE
U250803-09953,22733,2025-08-03 20:53:44,113800,COMPLETE
U250923-09954,22733,2025-09-23 18:14:54,113700,COMPLETE
U260507-09955,22733,2026-05-07 19:54:58,239700,COMPLETE
U260401-09956,22733,2026-04-01 11:09:54,276400,COMPLETE
U260313-09957,22733,2026-03-13 12:38:21,41800,COMPLETE
U260528-09958,22733,2026-05-28 19:21:22,40800,COMPLETE
U260321-09959,22733,2026-03-21 17:54:01,43600,COMPLETE
U260503-09960,22733,2026-05-03 13:06:33,179000,COMPLETE
U250929-09961,22733,2025-09-29 19:32:37,62400,COMPLETE
U260819-09962,22733,2026-08-19 00:48:41,32300,COMPLETE
U260712-09963,22733,2026-07-12 21:36:32,85900,COMPLETE
U260501-09964,22733,2026-05-01 20:54:14,73300,COMPLETE
U260504-09965,22733,2026-05-04 13:27:38,470000,COMPLETE
U260723-09966,22734,2026-07-23 16:09:40,62000,COMPLETE
U260823-09967,22735,2026-08-23 16:02:43,34800,RETURNED
U260811-09968,22735,2026-08-11 12:22:53,46300,COMPLETE
U260713-09969,22735,2026-07-13 08:39:09,378100,COMPLETE
U260812-09970,22735,2026-08-12 22:41:30,64600,COMPLETE
U250911-09971,22736,2025-09-11 13:29:43,709700,COMPLETE
U250425-09972,22737,2025-04-25 21:11:59,30300,COMPLETE
U260106-09973,22737,2026-01-06 22:40:10,176100,COMPLETE
U250113-09974,22737,2025-01-13 22:25:44,52900,COMPLETE
U251218-09975,22737,2025-12-18 10:05:25,500200,COMPLETE
U250603-09976,22737,2025-06-03 21:07:40,306300,COMPLETE
U260320-09977,22737,2026-03-20 10:53:11,272200,COMPLETE
U260105-09978,22737,2026-01-05 12:34:50,482900,COMPLETE
U250716-09979,22737,2025-07-16 09:23:22,139900,COMPLETE
U240526-09980,22738,2024-05-26 20:18:44,78700,CANCELED
U241027-09981,22738,2024-10-27 22:09:15,376200,COMPLETE
U250518-09982,22739,2025-05-18 16:06:55,251200,CANCELED
U260519-09983,22739,2026-05-19 22:25:42,307900,COMPLETE
U260611-09984,22740,2026-06-11 14:52:52,422700,COMPLETE
U260803-09985,22741,2026-08-03 23:30:38,229500,COMPLETE
U260804-09986,22741,2026-08-04 16:56:00,117800,COMPLETE
U260520-09987,22744,2026-05-20 16:04:14,76300,CANCELED
U260328-09988,22744,2026-03-28 11:57:22,767200,COMPLETE
U260518-09989,22744,2026-05-18 15:09:41,236900,COMPLETE
U260502-09990,22744,2026-05-02 17:45:26,73900,COMPLETE
U260416-09991,22744,2026-04-16 19:43:50,28200,COMPLETE
U260406-09992,22744,2026-04-06 11:12:16,14600,COMPLETE
U260205-09993,22744,2026-02-05 14:47:24,53700,COMPLETE
U260523-09994,22745,2026-05-23 20:58:04,122800,COMPLETE
U260624-09995,22745,2026-06-24 09:56:35,49400,COMPLETE
U260627-09996,22745,2026-06-27 20:01:33,27300,COMPLETE
U260817-09997,22746,2026-08-17 09:06:21,55800,COMPLETE
U260609-09998,22747,2026-06-09 23:29:41,490200,COMPLETE
U260228-09999,22747,2026-02-28 15:13:20,192700,COMPLETE
U260321-10000,22747,2026-03-21 09:55:54,38100,COMPLETE
U260319-10001,22747,2026-03-19 16:49:45,80300,COMPLETE
U260612-10002,22747,2026-06-12 14:48:21,48400,RETURNED
U250828-10003,22748,2025-08-28 16:17:23,34600,COMPLETE
U250823-10004,22750,2025-08-23 20:03:52,130700,COMPLETE
U250822-10005,22750,2025-08-22 14:24:55,130100,COMPLETE
U250822-10006,22750,2025-08-22 12:35:40,111700,COMPLETE
U260816-10007,22751,2026-08-16 10:16:55,109000,COMPLETE
U251218-10008,22752,2025-12-18 09:34:59,84400,RETURNED
U251219-10009,22752,2025-12-19 17:28:55,58800,COMPLETE
U260830-10010,22753,2026-08-30 21:21:37,409300,COMPLETE
U260510-10011,22753,2026-05-10 22:25:50,407400,COMPLETE
U260825-10012,22753,2026-08-25 22:52:17,106900,COMPLETE
U260723-10013,22754,2026-07-23 22:19:30,40400,COMPLETE
U260519-10014,22754,2026-05-19 15:39:43,341100,COMPLETE
U250101-10015,22754,2025-01-01 21:17:41,311600,COMPLETE
U250413-10016,22754,2025-04-13 18:08:40,429000,COMPLETE
U260524-10017,22754,2026-05-24 14:10:52,333500,COMPLETE
U260327-10018,22755,2026-03-27 22:13:33,64700,COMPLETE
U260825-10019,22755,2026-08-25 10:48:12,29100,CANCELED
U260105-10020,22755,2026-01-05 22:27:17,569200,COMPLETE
U250826-10021,22755,2025-08-26 15:35:09,384400,COMPLETE
U260615-10022,22756,2026-06-15 14:43:57,93500,CANCELED
U260615-10023,22756,2026-06-15 20:29:40,179500,COMPLETE
U260122-10024,22757,2026-01-22 20:25:21,158500,COMPLETE
U260311-10025,22758,2026-03-11 00:34:04,270500,COMPLETE
U260605-10026,22759,2026-06-05 10:57:26,192100,COMPLETE
U260820-10027,22759,2026-08-20 20:52:30,476500,COMPLETE
U260603-10028,22759,2026-06-03 12:00:15,471600,COMPLETE
U260706-10029,22759,2026-07-06 00:01:49,385900,COMPLETE
U260812-10030,22759,2026-08-12 20:51:08,34300,COMPLETE
U260611-10031,22759,2026-06-11 13:21:27,429600,COMPLETE
U260106-10032,22760,2026-01-06 21:40:38,768000,COMPLETE
U250715-10033,22760,2025-07-15 09:57:47,355000,COMPLETE
U251122-10034,22760,2025-11-22 23:34:22,10800,COMPLETE
U260715-10035,22760,2026-07-15 19:56:59,189600,RETURNED
U241024-10036,22760,2024-10-24 18:34:48,102700,COMPLETE
U250313-10037,22760,2025-03-13 20:29:37,313800,COMPLETE
U260723-10038,22761,2026-07-23 16:42:56,104900,COMPLETE
U260415-10039,22761,2026-04-15 16:03:02,149100,RETURNED
U251127-10040,22761,2025-11-27 16:26:50,112300,COMPLETE
U250717-10041,22762,2025-07-17 09:48:32,316000,COMPLETE
U260822-10042,22763,2026-08-22 15:13:43,378600,COMPLETE
U260502-10043,22763,2026-05-02 10:40:05,63300,COMPLETE
U260531-10044,22763,2026-05-31 20:37:05,79800,COMPLETE
U260822-10045,22764,2026-08-22 14:36:35,213800,COMPLETE
U250901-10046,22764,2025-09-01 15:45:00,120200,COMPLETE
U250721-10047,22765,2025-07-21 23:14:19,37000,COMPLETE
U240728-10048,22766,2024-07-28 08:35:38,85100,COMPLETE
U260530-10049,22766,2026-05-30 15:35:56,415400,COMPLETE
U241019-10050,22766,2024-10-19 11:05:38,38800,COMPLETE
U260729-10051,22766,2026-07-29 09:37:29,24600,COMPLETE
U240701-10052,22766,2024-07-01 17:59:05,459900,COMPLETE
U250912-10053,22766,2025-09-12 16:09:18,46900,CANCELED
U260820-10054,22766,2026-08-20 20:10:07,263500,COMPLETE
U250727-10055,22766,2025-07-27 20:03:45,598800,COMPLETE
U250323-10056,22767,2025-03-23 20:53:18,207000,COMPLETE
U250325-10057,22767,2025-03-25 11:55:53,381300,COMPLETE
U260331-10058,22768,2026-03-31 19:03:37,147200,COMPLETE
U260323-10059,22768,2026-03-23 12:44:55,92300,COMPLETE
U251015-10060,22768,2025-10-15 19:19:10,216000,COMPLETE
U250615-10061,22768,2025-06-15 19:23:21,474000,COMPLETE
U250707-10062,22768,2025-07-07 18:46:57,158800,COMPLETE
U240803-10063,22768,2024-08-03 10:48:48,304100,COMPLETE
U260330-10064,22768,2026-03-30 11:35:17,42200,COMPLETE
U251203-10065,22768,2025-12-03 20:27:19,535200,COMPLETE
U250430-10066,22768,2025-04-30 20:10:15,195100,COMPLETE
U250803-10067,22768,2025-08-03 12:15:48,221400,COMPLETE
U260725-10068,22769,2026-07-25 21:20:49,555600,COMPLETE
U260630-10069,22769,2026-06-30 13:59:02,139100,COMPLETE
U260803-10070,22770,2026-08-03 15:52:58,45400,COMPLETE
U260625-10071,22770,2026-06-25 12:10:37,169900,COMPLETE
U260819-10072,22770,2026-08-19 00:06:05,116100,COMPLETE
U260620-10073,22770,2026-06-20 16:56:46,42000,COMPLETE
U260827-10074,22771,2026-08-27 09:45:10,320600,COMPLETE
U251010-10075,22772,2025-10-10 00:03:00,82300,COMPLETE
U260830-10076,22773,2026-08-30 10:33:32,82100,COMPLETE
U260507-10077,22774,2026-05-07 19:22:19,49500,RETURNED
U260116-10078,22775,2026-01-16 22:16:27,390100,COMPLETE
U260623-10079,22776,2026-06-23 17:40:07,67800,COMPLETE
U260828-10080,22776,2026-08-28 10:49:18,67800,COMPLETE
U260419-10081,22776,2026-04-19 20:33:35,336000,COMPLETE
U260628-10082,22776,2026-06-28 20:33:08,374200,COMPLETE
U260801-10083,22776,2026-08-01 09:15:16,35600,COMPLETE
U260816-10084,22776,2026-08-16 17:52:41,660600,CANCELED
U260718-10085,22776,2026-07-18 22:27:35,178100,CANCELED
U260805-10086,22776,2026-08-05 18:22:38,165300,COMPLETE
U251221-10087,22777,2025-12-21 12:55:00,520800,COMPLETE
U260422-10088,22777,2026-04-22 21:25:56,348200,COMPLETE
U260605-10089,22777,2026-06-05 09:52:03,150100,COMPLETE
U260617-10090,22777,2026-06-17 10:40:50,328300,COMPLETE
U260821-10091,22777,2026-08-21 12:00:13,425100,COMPLETE
U250920-10092,22778,2025-09-20 12:41:32,224500,COMPLETE
U250921-10093,22778,2025-09-21 12:07:46,69800,CANCELED
U260310-10094,22779,2026-03-10 13:12:43,286700,COMPLETE
U260416-10095,22779,2026-04-16 20:28:20,107900,CANCELED
U260315-10096,22779,2026-03-15 12:29:44,424000,COMPLETE
U260204-10097,22779,2026-02-04 10:41:07,120200,COMPLETE
U250924-10098,22779,2025-09-24 13:58:32,107900,COMPLETE
U241230-10099,22779,2024-12-30 22:33:00,70400,CANCELED
U240810-10100,22779,2024-08-10 19:53:38,81100,RETURNED
U251124-10101,22780,2025-11-24 19:26:51,38700,CANCELED
U251124-10102,22780,2025-11-24 13:23:04,140600,COMPLETE
U250504-10103,22781,2025-05-04 09:58:19,128800,COMPLETE
U260111-10104,22781,2026-01-11 15:17:06,141000,COMPLETE
U260126-10105,22781,2026-01-26 21:46:04,150800,COMPLETE
U260603-10106,22781,2026-06-03 15:23:37,421100,COMPLETE
U250404-10107,22782,2025-04-04 17:26:21,170200,COMPLETE
U250307-10108,22782,2025-03-07 22:45:03,68100,COMPLETE
U260602-10109,22785,2026-06-02 19:59:46,651900,COMPLETE
U250714-10110,22785,2025-07-14 16:41:24,31100,COMPLETE
U241115-10111,22785,2024-11-15 17:18:21,752600,COMPLETE
U250906-10112,22785,2025-09-06 17:44:36,214900,COMPLETE
U250507-10113,22785,2025-05-07 20:11:28,40100,COMPLETE
U251114-10114,22785,2025-11-14 19:34:39,166900,COMPLETE
U240716-10115,22786,2024-07-16 23:50:19,346500,COMPLETE
U241217-10116,22787,2024-12-17 22:21:19,197200,COMPLETE
U260824-10117,22788,2026-08-24 21:09:07,117600,COMPLETE
U251225-10118,22788,2025-12-25 17:12:21,352300,COMPLETE
U250523-10119,22788,2025-05-23 11:57:20,430600,COMPLETE
U260310-10120,22788,2026-03-10 16:19:18,187700,RETURNED
U260201-10121,22788,2026-02-01 20:00:33,45600,CANCELED
U260513-10122,22788,2026-05-13 19:37:28,284400,RETURNED
U250616-10123,22788,2025-06-16 23:05:11,234900,COMPLETE
U251106-10124,22788,2025-11-06 10:03:36,141300,COMPLETE
U260313-10125,22788,2026-03-13 22:33:37,176900,COMPLETE
U250324-10126,22788,2025-03-24 17:11:27,154000,COMPLETE
U260516-10127,22789,2026-05-16 18:31:14,92600,COMPLETE
U260723-10128,22789,2026-07-23 10:45:11,46100,COMPLETE
U260328-10129,22789,2026-03-28 23:33:50,24200,COMPLETE
U260509-10130,22789,2026-05-09 22:07:03,550500,COMPLETE
U251210-10131,22789,2025-12-10 22:02:39,111100,COMPLETE
U260109-10132,22789,2026-01-09 16:15:45,47800,COMPLETE
U251212-10133,22789,2025-12-12 18:27:24,226000,CANCELED
U260313-10134,22789,2026-03-13 20:50:56,82500,COMPLETE
U260205-10135,22789,2026-02-05 23:22:43,157800,COMPLETE
U260124-10136,22789,2026-01-24 15:54:46,733300,COMPLETE
U260601-10137,22789,2026-06-01 09:27:37,337100,CANCELED
U260413-10138,22789,2026-04-13 18:01:29,50500,COMPLETE
U241109-10139,22790,2024-11-09 22:11:16,259400,COMPLETE
U260328-10140,22790,2026-03-28 14:13:53,470200,COMPLETE
U251020-10141,22790,2025-10-20 20:05:03,365400,COMPLETE
U251227-10142,22790,2025-12-27 18:42:30,335400,CANCELED
U260815-10143,22792,2026-08-15 21:39:19,52900,COMPLETE
U260831-10144,22792,2026-08-31 20:52:02,50700,COMPLETE
U260731-10145,22792,2026-07-31 21:33:42,140400,COMPLETE
U260726-10146,22792,2026-07-26 09:01:35,636700,COMPLETE
U250917-10147,22793,2025-09-17 21:59:45,263400,COMPLETE
U250411-10148,22793,2025-04-11 22:57:35,484200,COMPLETE
U260821-10149,22793,2026-08-21 19:03:35,227100,COMPLETE
U260805-10150,22794,2026-08-05 18:57:40,134200,COMPLETE
U230817-10151,22795,2023-08-17 16:12:03,182100,COMPLETE
U230707-10152,22796,2023-07-07 21:47:15,29400,COMPLETE
U250128-10153,22796,2025-01-28 14:16:45,27700,COMPLETE
U251129-10154,22796,2025-11-29 17:47:28,51200,COMPLETE
U250828-10155,22796,2025-08-28 23:19:50,283500,COMPLETE
U230218-10156,22796,2023-02-18 19:47:18,64400,COMPLETE
U250114-10157,22796,2025-01-14 20:59:23,349900,COMPLETE
U251123-10158,22797,2025-11-23 08:53:59,381300,COMPLETE
U251127-10159,22797,2025-11-27 23:10:02,20600,CANCELED
U260601-10160,22797,2026-06-01 10:40:48,20500,COMPLETE
U260709-10161,22798,2026-07-09 17:27:00,81800,RETURNED
U260522-10162,22798,2026-05-22 18:20:24,220300,COMPLETE
U260716-10163,22798,2026-07-16 16:50:57,262400,COMPLETE
U260412-10164,22799,2026-04-12 18:18:32,36600,COMPLETE
U260820-10165,22799,2026-08-20 22:29:49,174500,COMPLETE
U260528-10166,22799,2026-05-28 21:38:08,48900,COMPLETE
U260326-10167,22799,2026-03-26 16:29:43,135000,COMPLETE
U260522-10168,22799,2026-05-22 15:43:09,265000,COMPLETE
U251120-10169,22799,2025-11-20 00:20:12,39200,COMPLETE
U260901-10170,22800,2026-09-01 18:07:44,106100,COMPLETE
U260801-10171,22800,2026-08-01 20:21:22,548900,COMPLETE
U260828-10172,22800,2026-08-28 10:17:44,157600,COMPLETE
U260824-10173,22800,2026-08-24 15:55:51,85000,RETURNED
U260823-10174,22800,2026-08-23 15:25:09,76800,COMPLETE
U260816-10175,22800,2026-08-16 21:59:54,306600,COMPLETE
U260801-10176,22800,2026-08-01 13:34:06,89200,RETURNED
U260811-10177,22800,2026-08-11 18:55:01,115300,COMPLETE
U250204-10178,22801,2025-02-04 23:27:19,148500,COMPLETE
U250916-10179,22803,2025-09-16 23:44:41,114300,COMPLETE
U251113-10180,22804,2025-11-13 20:12:19,122900,COMPLETE
U250819-10181,22805,2025-08-19 09:46:40,130000,COMPLETE
U260712-10182,22805,2026-07-12 14:10:10,119900,COMPLETE
U241127-10183,22805,2024-11-27 17:21:19,237400,COMPLETE
U260714-10184,22805,2026-07-14 20:23:55,81300,COMPLETE
U231124-10185,22805,2023-11-24 15:30:30,189800,COMPLETE
U250901-10186,22805,2025-09-01 19:12:49,134900,COMPLETE
U241219-10187,22805,2024-12-19 19:38:24,205600,COMPLETE
U250810-10188,22805,2025-08-10 10:52:26,43500,COMPLETE
U260321-10189,22805,2026-03-21 10:43:14,166300,COMPLETE
U250408-10190,22805,2025-04-08 12:57:36,358000,COMPLETE
U260411-10191,22806,2026-04-11 08:55:28,84500,COMPLETE
U240601-10192,22806,2024-06-01 18:04:41,60600,COMPLETE
U240102-10193,22806,2024-01-02 21:10:42,86800,COMPLETE
U250607-10194,22806,2025-06-07 22:03:00,247500,CANCELED
U250727-10195,22806,2025-07-27 21:44:55,376000,COMPLETE
U230807-10196,22806,2023-08-07 18:54:02,199500,COMPLETE
U230429-10197,22806,2023-04-29 23:03:54,349800,COMPLETE
U240421-10198,22807,2024-04-21 21:17:50,97600,COMPLETE
U260422-10199,22808,2026-04-22 12:10:33,34700,COMPLETE
U250225-10200,22808,2025-02-25 17:59:29,45500,CANCELED
U260112-10201,22808,2026-01-12 22:28:45,451000,COMPLETE
U260722-10202,22808,2026-07-22 22:26:07,126600,COMPLETE
U251215-10203,22809,2025-12-15 18:37:48,174900,CANCELED
U251106-10204,22809,2025-11-06 13:55:45,176300,COMPLETE
U250913-10205,22809,2025-09-13 19:28:59,234500,COMPLETE
U251008-10206,22809,2025-10-08 19:54:02,59900,COMPLETE
U260810-10207,22809,2026-08-10 22:41:17,31400,COMPLETE
U260420-10208,22810,2026-04-20 23:46:28,315000,COMPLETE
U260320-10209,22810,2026-03-20 13:27:44,1080400,COMPLETE
U260210-10210,22810,2026-02-10 14:19:32,63500,COMPLETE
U260324-10211,22810,2026-03-24 12:55:06,225800,COMPLETE
U251224-10212,22810,2025-12-24 20:22:47,123200,COMPLETE
U240826-10213,22810,2024-08-26 12:00:25,396800,CANCELED
U250718-10214,22810,2025-07-18 20:50:35,111800,COMPLETE
U250715-10215,22810,2025-07-15 19:21:44,169100,COMPLETE
U251007-10216,22810,2025-10-07 22:27:44,301000,CANCELED
U240905-10217,22810,2024-09-05 09:39:34,75400,COMPLETE
U260407-10218,22810,2026-04-07 21:50:12,112300,COMPLETE
U260414-10219,22810,2026-04-14 12:33:17,439400,COMPLETE
U260316-10220,22811,2026-03-16 10:19:24,200900,COMPLETE
U250115-10221,22813,2025-01-15 18:21:08,750700,RETURNED
U260604-10222,22813,2026-06-04 22:13:23,162100,COMPLETE
U250603-10223,22813,2025-06-03 18:28:01,32200,COMPLETE
U260501-10224,22813,2026-05-01 14:38:12,195500,CANCELED
U241118-10225,22813,2024-11-18 15:45:05,188000,COMPLETE
U241124-10226,22813,2024-11-24 00:47:38,38100,COMPLETE
U250627-10227,22813,2025-06-27 08:29:57,64500,CANCELED
U241112-10228,22813,2024-11-12 21:24:25,644300,COMPLETE
U260110-10229,22813,2026-01-10 21:07:59,30700,CANCELED
U260802-10230,22813,2026-08-02 11:36:38,39300,COMPLETE
U260718-10231,22813,2026-07-18 13:22:25,105500,COMPLETE
U251205-10232,22813,2025-12-05 15:12:12,111300,COMPLETE
U260129-10233,22813,2026-01-29 20:41:01,55600,COMPLETE
U260421-10234,22813,2026-04-21 17:54:54,171100,COMPLETE
U260826-10235,22813,2026-08-26 19:30:24,79400,COMPLETE
U260808-10236,22813,2026-08-08 21:16:03,590000,COMPLETE
U240210-10237,22814,2024-02-10 12:00:01,248300,COMPLETE
U250219-10238,22814,2025-02-19 17:07:46,203600,COMPLETE
U240116-10239,22814,2024-01-16 21:01:17,85700,COMPLETE
U240521-10240,22814,2024-05-21 13:56:20,714300,COMPLETE
U230808-10241,22814,2023-08-08 15:15:22,131400,COMPLETE
U260704-10242,22814,2026-07-04 19:08:49,52500,RETURNED
U231109-10243,22815,2023-11-09 14:57:30,244100,COMPLETE
U250503-10244,22816,2025-05-03 12:24:25,65600,COMPLETE
U260622-10245,22817,2026-06-22 11:25:27,381000,RETURNED
U260822-10246,22817,2026-08-22 22:32:26,240300,COMPLETE
U260620-10247,22818,2026-06-20 13:30:35,316500,COMPLETE
U251223-10248,22818,2025-12-23 18:18:02,1043300,COMPLETE
U250927-10249,22818,2025-09-27 21:56:12,205800,COMPLETE
U260803-10250,22818,2026-08-03 18:28:46,489700,COMPLETE
U260612-10251,22818,2026-06-12 11:24:43,403300,COMPLETE
U260713-10252,22818,2026-07-13 21:39:39,13000,COMPLETE
U260514-10253,22818,2026-05-14 09:09:25,47700,COMPLETE
U251019-10254,22818,2025-10-19 12:08:37,152900,COMPLETE
U250906-10255,22818,2025-09-06 20:53:37,35900,CANCELED
U251203-10256,22818,2025-12-03 17:19:07,147500,COMPLETE
U250925-10257,22818,2025-09-25 11:19:40,98200,COMPLETE
U260719-10258,22818,2026-07-19 14:44:48,460000,COMPLETE
U260429-10259,22818,2026-04-29 10:01:39,53100,RETURNED
U260712-10260,22818,2026-07-12 22:52:41,68200,COMPLETE
U260427-10261,22818,2026-04-27 15:05:48,28100,COMPLETE
U260222-10262,22818,2026-02-22 15:30:53,41200,COMPLETE
U260729-10263,22818,2026-07-29 21:58:25,317800,COMPLETE
U260324-10264,22818,2026-03-24 14:20:36,195300,COMPLETE
U260728-10265,22818,2026-07-28 15:34:27,345900,COMPLETE
U260730-10266,22818,2026-07-30 08:27:21,704300,COMPLETE
U260620-10267,22820,2026-06-20 14:24:21,70600,COMPLETE
U260114-10268,22820,2026-01-14 12:33:58,135900,COMPLETE
U260703-10269,22820,2026-07-03 23:57:32,80100,COMPLETE
U260424-10270,22820,2026-04-24 15:50:19,304400,COMPLETE
U260530-10271,22821,2026-05-30 20:27:03,192100,COMPLETE
U260505-10272,22822,2026-05-05 12:33:28,349200,COMPLETE
U260713-10273,22822,2026-07-13 10:53:38,109000,COMPLETE
U260815-10274,22822,2026-08-15 21:47:26,64600,CANCELED
U260608-10275,22822,2026-06-08 14:35:28,55800,COMPLETE
U260811-10276,22822,2026-08-11 15:31:24,201500,COMPLETE
U260327-10277,22822,2026-03-27 20:53:13,235700,COMPLETE
U260106-10278,22822,2026-01-06 00:37:35,85000,COMPLETE
U260722-10279,22822,2026-07-22 19:29:32,91000,RETURNED
U260814-10280,22823,2026-08-14 18:50:49,45200,CANCELED
U260513-10281,22823,2026-05-13 14:33:53,44600,COMPLETE
U260314-10282,22823,2026-03-14 20:59:03,392500,COMPLETE
U260830-10283,22823,2026-08-30 22:01:01,203900,COMPLETE
U260630-10284,22823,2026-06-30 18:03:13,104700,COMPLETE
U260902-10285,22823,2026-09-02 19:56:50,740100,COMPLETE
U251128-10286,22824,2025-11-28 20:24:05,168800,COMPLETE
U251026-10287,22824,2025-10-26 08:25:04,167300,COMPLETE
U251121-10288,22824,2025-11-21 12:48:13,32000,COMPLETE
U260209-10289,22825,2026-02-09 21:01:50,105300,COMPLETE
U260425-10290,22825,2026-04-25 11:30:03,245600,COMPLETE
U250223-10291,22825,2025-02-23 20:34:59,173100,CANCELED
U251127-10292,22826,2025-11-27 23:44:00,424400,COMPLETE
U251029-10293,22826,2025-10-29 19:02:13,357000,COMPLETE
U260514-10294,22826,2026-05-14 22:59:06,14100,COMPLETE
U260414-10295,22826,2026-04-14 21:15:01,110100,COMPLETE
U260418-10296,22826,2026-04-18 20:15:23,37400,CANCELED
U260213-10297,22826,2026-02-13 22:41:51,48400,COMPLETE
U260827-10298,22826,2026-08-27 21:54:10,57900,COMPLETE
U260812-10299,22827,2026-08-12 21:13:59,30800,COMPLETE
U260623-10300,22827,2026-06-23 12:57:17,132000,COMPLETE
U260826-10301,22827,2026-08-26 13:26:18,107200,COMPLETE
U260506-10302,22827,2026-05-06 22:35:51,58000,COMPLETE
U260731-10303,22827,2026-07-31 23:10:48,31300,CANCELED
U260417-10304,22827,2026-04-17 13:31:06,105800,COMPLETE
U260615-10305,22828,2026-06-15 22:05:31,46600,COMPLETE
U260808-10306,22829,2026-08-08 13:44:02,33000,COMPLETE
U260808-10307,22830,2026-08-08 17:57:07,75800,COMPLETE
U260317-10308,22830,2026-03-17 20:20:08,27100,COMPLETE
U250920-10309,22830,2025-09-20 20:19:22,40000,COMPLETE
U251020-10310,22830,2025-10-20 12:59:14,999000,COMPLETE
U260728-10311,22830,2026-07-28 17:01:05,194100,COMPLETE
U250611-10312,22830,2025-06-11 18:10:03,316500,COMPLETE
U260313-10313,22830,2026-03-13 14:23:13,444900,COMPLETE
U251016-10314,22830,2025-10-16 20:37:03,58200,COMPLETE
U260326-10315,22830,2026-03-26 12:53:26,72700,CANCELED
U260512-10316,22830,2026-05-12 23:16:44,17100,COMPLETE
U241007-10317,22830,2024-10-07 18:06:36,105500,COMPLETE
U260812-10318,22830,2026-08-12 13:04:51,604100,COMPLETE
U250527-10319,22830,2025-05-27 12:16:57,205800,COMPLETE
U251023-10320,22830,2025-10-23 18:33:31,169600,COMPLETE
U250323-10321,22830,2025-03-23 20:34:28,47600,COMPLETE
U260424-10322,22830,2026-04-24 13:12:45,154400,COMPLETE
U260612-10323,22830,2026-06-12 14:06:11,188600,COMPLETE
U250529-10324,22830,2025-05-29 21:31:12,189500,COMPLETE
U250627-10325,22830,2025-06-27 19:14:46,639600,COMPLETE
U250328-10326,22830,2025-03-28 20:54:17,976200,COMPLETE
U260712-10327,22831,2026-07-12 21:27:30,199800,COMPLETE
U250607-10328,22832,2025-06-07 18:35:22,214100,COMPLETE
U260224-10329,22833,2026-02-24 15:18:33,19900,COMPLETE
U260329-10330,22833,2026-03-29 10:37:03,24000,COMPLETE
U260828-10331,22833,2026-08-28 20:50:35,69800,COMPLETE
U260707-10332,22834,2026-07-07 20:27:05,136200,COMPLETE
U260706-10333,22834,2026-07-06 20:06:00,106600,COMPLETE
U260707-10334,22834,2026-07-07 18:14:02,158400,COMPLETE
U260507-10335,22835,2026-05-07 18:06:39,130300,COMPLETE
U260610-10336,22835,2026-06-10 20:50:13,244500,COMPLETE
U260330-10337,22835,2026-03-30 20:20:02,122800,COMPLETE
U260504-10338,22835,2026-05-04 13:30:19,36400,COMPLETE
U260616-10339,22837,2026-06-16 10:54:39,103500,COMPLETE
U260503-10340,22837,2026-05-03 15:49:59,213900,COMPLETE
U260601-10341,22837,2026-06-01 23:09:10,19200,COMPLETE
U260826-10342,22837,2026-08-26 17:41:35,158300,CANCELED
U260718-10343,22838,2026-07-18 22:57:48,46800,COMPLETE
U251007-10344,22838,2025-10-07 16:20:19,61200,COMPLETE
U260607-10345,22839,2026-06-07 17:30:09,193600,COMPLETE
U260811-10346,22839,2026-08-11 14:46:24,77800,COMPLETE
U260623-10347,22841,2026-06-23 00:10:45,148900,COMPLETE
U260625-10348,22841,2026-06-25 15:34:45,779300,COMPLETE
U260629-10349,22842,2026-06-29 09:26:06,77400,COMPLETE
U260318-10350,22842,2026-03-18 21:08:22,323700,COMPLETE
U260726-10351,22842,2026-07-26 08:18:42,954500,COMPLETE
U260713-10352,22843,2026-07-13 19:56:38,207800,COMPLETE
U260816-10353,22844,2026-08-16 17:45:51,108500,COMPLETE
U260314-10354,22844,2026-03-14 12:42:18,12100,CANCELED
U260805-10355,22844,2026-08-05 11:43:52,138800,COMPLETE
U260713-10356,22844,2026-07-13 13:58:57,73300,COMPLETE
U260124-10357,22844,2026-01-24 22:22:04,76200,COMPLETE
U260515-10358,22845,2026-05-15 11:22:10,74100,COMPLETE
U260609-10359,22845,2026-06-09 16:59:00,10000,COMPLETE
U260804-10360,22845,2026-08-04 20:47:13,69300,COMPLETE
U260808-10361,22845,2026-08-08 23:21:46,56200,COMPLETE
U250125-10362,22846,2025-01-25 08:29:16,79600,COMPLETE
U260824-10363,22847,2026-08-24 15:09:28,222000,CANCELED
U260731-10364,22847,2026-07-31 21:15:47,118500,COMPLETE
U260329-10365,22847,2026-03-29 12:25:23,173200,COMPLETE
U230813-10366,22848,2023-08-13 08:46:17,51300,COMPLETE
U230617-10367,22848,2023-06-17 12:13:46,79500,COMPLETE
U250829-10368,22850,2025-08-29 14:07:24,19200,COMPLETE
U250921-10369,22850,2025-09-21 10:19:21,208200,COMPLETE
U260624-10370,22850,2026-06-24 08:35:40,516900,COMPLETE
U260601-10371,22850,2026-06-01 20:58:59,178700,COMPLETE
U260709-10372,22851,2026-07-09 23:01:36,84800,COMPLETE
U260330-10373,22851,2026-03-30 11:20:41,22000,COMPLETE
U260829-10374,22851,2026-08-29 13:02:09,51200,COMPLETE
U240324-10375,22851,2024-03-24 11:42:59,19600,COMPLETE
U240918-10376,22851,2024-09-18 23:39:23,385000,COMPLETE
U250331-10377,22851,2025-03-31 16:38:14,23700,COMPLETE
U241218-10378,22851,2024-12-18 18:11:33,43500,COMPLETE
U260326-10379,22851,2026-03-26 15:53:01,130200,CANCELED
U260715-10380,22851,2026-07-15 14:06:29,60000,COMPLETE
U250216-10381,22851,2025-02-16 08:23:19,208700,COMPLETE
U250618-10382,22851,2025-06-18 22:46:09,534700,COMPLETE
U240812-10383,22851,2024-08-12 11:46:12,145700,COMPLETE
U250930-10384,22851,2025-09-30 22:17:07,156500,COMPLETE
U251019-10385,22851,2025-10-19 22:27:03,130100,COMPLETE
U250427-10386,22851,2025-04-27 19:06:45,268400,COMPLETE
U250130-10387,22851,2025-01-30 20:29:05,535600,COMPLETE
U260531-10388,22852,2026-05-31 10:26:49,122500,COMPLETE
U260528-10389,22852,2026-05-28 13:23:57,85300,COMPLETE
U260713-10390,22852,2026-07-13 20:06:07,175100,COMPLETE
U260902-10391,22852,2026-09-02 10:58:08,92100,COMPLETE
U260831-10392,22852,2026-08-31 22:26:20,140700,COMPLETE
U241207-10393,22853,2024-12-07 23:35:02,61400,COMPLETE
U241210-10394,22853,2024-12-10 18:30:47,575000,COMPLETE
U260719-10395,22854,2026-07-19 20:34:50,270500,COMPLETE
U230715-10396,22855,2023-07-15 21:51:32,517800,COMPLETE
U260701-10397,22855,2026-07-01 18:24:50,19800,COMPLETE
U260521-10398,22856,2026-05-21 00:08:38,86500,COMPLETE
U240921-10399,22856,2024-09-21 21:16:19,15200,COMPLETE
U260730-10400,22856,2026-07-30 13:12:20,253200,COMPLETE
U250823-10401,22856,2025-08-23 00:58:30,75400,COMPLETE
U260825-10402,22856,2026-08-25 23:06:52,39700,COMPLETE
U250515-10403,22856,2025-05-15 15:49:42,202000,COMPLETE
U251225-10404,22857,2025-12-25 11:17:02,89400,COMPLETE
U260528-10405,22857,2026-05-28 13:05:04,404900,COMPLETE
U260610-10406,22857,2026-06-10 16:29:31,91600,COMPLETE
U260226-10407,22858,2026-02-26 00:41:33,129800,COMPLETE
U260822-10408,22858,2026-08-22 22:30:12,353900,COMPLETE
U251110-10409,22858,2025-11-10 22:10:01,560900,COMPLETE
U250820-10410,22858,2025-08-20 11:19:58,206500,COMPLETE
U250722-10411,22859,2025-07-22 19:51:15,152200,COMPLETE
U260830-10412,22860,2026-08-30 13:30:03,761400,COMPLETE
U231130-10413,22861,2023-11-30 23:26:30,302700,RETURNED
U221014-10414,22862,2022-10-14 17:20:34,363700,COMPLETE
U230104-10415,22862,2023-01-04 20:23:53,88000,COMPLETE
U240104-10416,22862,2024-01-04 16:50:24,80100,COMPLETE
U241026-10417,22863,2024-10-26 21:26:42,68000,COMPLETE
U241028-10418,22863,2024-10-28 22:11:19,601100,CANCELED
U250926-10419,22864,2025-09-26 12:08:54,76900,COMPLETE
U250820-10420,22865,2025-08-20 16:05:40,299400,COMPLETE
U260628-10421,22865,2026-06-28 12:43:59,606200,CANCELED
U260429-10422,22866,2026-04-29 20:36:47,151700,COMPLETE
U251202-10423,22867,2025-12-02 14:30:09,298300,COMPLETE
U260619-10424,22867,2026-06-19 23:12:34,380200,COMPLETE
U260321-10425,22868,2026-03-21 19:16:35,50200,COMPLETE
U260803-10426,22868,2026-08-03 17:51:52,70200,COMPLETE
U251218-10427,22868,2025-12-18 19:37:20,207200,COMPLETE
U251109-10428,22868,2025-11-09 17:59:14,336700,COMPLETE
U260215-10429,22868,2026-02-15 22:27:37,82400,COMPLETE
U260506-10430,22868,2026-05-06 15:18:55,55600,COMPLETE
U260811-10431,22868,2026-08-11 10:13:49,93000,COMPLETE
U260220-10432,22868,2026-02-20 19:56:33,248600,COMPLETE
U260802-10433,22868,2026-08-02 23:22:40,52900,COMPLETE
U251220-10434,22868,2025-12-20 21:15:08,78900,COMPLETE
U260803-10435,22868,2026-08-03 20:01:47,427200,COMPLETE
U251008-10436,22868,2025-10-08 22:54:51,16900,COMPLETE
U260126-10437,22868,2026-01-26 14:14:19,34100,COMPLETE
U251220-10438,22868,2025-12-20 23:30:15,270800,COMPLETE
U260315-10439,22868,2026-03-15 10:56:20,260900,COMPLETE
U250811-10440,22868,2025-08-11 17:35:31,131200,RETURNED
U251104-10441,22869,2025-11-04 18:14:35,41000,COMPLETE
U260227-10442,22870,2026-02-27 21:12:04,22800,COMPLETE
U250827-10443,22870,2025-08-27 21:49:45,54600,COMPLETE
U260216-10444,22870,2026-02-16 21:07:49,50500,COMPLETE
U260328-10445,22870,2026-03-28 21:59:21,51100,COMPLETE
U250125-10446,22871,2025-01-25 20:20:08,167600,COMPLETE
U250825-10447,22872,2025-08-25 20:36:34,128900,COMPLETE
U260526-10448,22872,2026-05-26 09:40:43,289700,COMPLETE
U260731-10449,22872,2026-07-31 17:29:32,111800,COMPLETE
U260804-10450,22872,2026-08-04 20:12:48,96600,COMPLETE
U260312-10451,22872,2026-03-12 17:48:40,67100,COMPLETE
U260330-10452,22872,2026-03-30 20:48:05,162400,COMPLETE
U260326-10453,22872,2026-03-26 23:22:13,538200,COMPLETE
U260612-10454,22872,2026-06-12 17:57:54,223300,COMPLETE
U260211-10455,22872,2026-02-11 23:25:50,41000,RETURNED
U250404-10456,22872,2025-04-04 20:09:47,411900,COMPLETE
U260711-10457,22873,2026-07-11 17:20:18,391200,COMPLETE
U260526-10458,22873,2026-05-26 23:29:54,37400,COMPLETE
U260817-10459,22873,2026-08-17 23:30:58,67600,CANCELED
U260705-10460,22873,2026-07-05 22:59:16,29100,COMPLETE
U260712-10461,22873,2026-07-12 08:19:32,161500,COMPLETE
U260527-10462,22873,2026-05-27 19:54:12,49600,COMPLETE
U260804-10463,22873,2026-08-04 21:35:07,193800,RETURNED
U251214-10464,22874,2025-12-14 20:08:05,32700,RETURNED
U251216-10465,22874,2025-12-16 19:09:43,78800,COMPLETE
U251013-10466,22875,2025-10-13 20:24:18,493800,COMPLETE
U260429-10467,22875,2026-04-29 13:33:25,78400,COMPLETE
U250906-10468,22875,2025-09-06 09:29:29,38400,COMPLETE
U251222-10469,22875,2025-12-22 14:00:26,409000,COMPLETE
U251112-10470,22876,2025-11-12 20:32:07,88900,COMPLETE
U251208-10471,22877,2025-12-08 13:24:31,65200,COMPLETE
U241119-10472,22877,2024-11-19 20:08:57,335600,COMPLETE
U240627-10473,22877,2024-06-27 12:41:34,20400,COMPLETE
U260301-10474,22877,2026-03-01 12:05:38,281200,COMPLETE
U250830-10475,22877,2025-08-30 22:47:15,81600,COMPLETE
U260116-10476,22877,2026-01-16 21:50:22,185000,COMPLETE
U251129-10477,22877,2025-11-29 19:28:02,138400,COMPLETE
U260410-10478,22877,2026-04-10 16:26:53,68900,COMPLETE
U260122-10479,22877,2026-01-22 22:37:06,13100,RETURNED
U260401-10480,22877,2026-04-01 21:32:18,52000,COMPLETE
U260416-10481,22877,2026-04-16 23:24:31,51500,COMPLETE
U250603-10482,22877,2025-06-03 14:44:22,38900,RETURNED
U260511-10483,22877,2026-05-11 12:19:51,22400,COMPLETE
U240801-10484,22877,2024-08-01 11:09:27,75700,COMPLETE
U250410-10485,22877,2025-04-10 20:43:11,341700,CANCELED
U260321-10486,22877,2026-03-21 22:35:40,31700,COMPLETE
U260902-10487,22878,2026-09-02 13:48:31,27100,COMPLETE
U260902-10488,22878,2026-09-02 11:40:16,74200,COMPLETE
U240924-10489,22879,2024-09-24 09:54:43,36000,COMPLETE
U250116-10490,22879,2025-01-16 23:23:13,32100,COMPLETE
U250715-10491,22879,2025-07-15 19:16:29,191700,COMPLETE
U250721-10492,22879,2025-07-21 15:42:43,536500,CANCELED
U251125-10493,22880,2025-11-25 12:20:38,269900,COMPLETE
U260710-10494,22880,2026-07-10 11:32:17,101100,COMPLETE
U260615-10495,22880,2026-06-15 21:33:48,192600,COMPLETE
U260626-10496,22880,2026-06-26 11:14:38,42000,COMPLETE
U260831-10497,22881,2026-08-31 20:37:24,49400,COMPLETE
U240607-10498,22882,2024-06-07 21:45:15,51200,COMPLETE
U221025-10499,22882,2022-10-25 19:58:45,28000,COMPLETE
U231211-10500,22882,2023-12-11 15:37:01,337400,COMPLETE
U260707-10501,22883,2026-07-07 17:12:19,111000,COMPLETE
U260513-10502,22883,2026-05-13 21:44:32,51500,RETURNED
U251027-10503,22884,2025-10-27 20:54:54,107300,COMPLETE
U250828-10504,22884,2025-08-28 21:18:13,124700,COMPLETE
U260714-10505,22884,2026-07-14 22:07:09,151100,COMPLETE
U260830-10506,22885,2026-08-30 21:06:21,282300,RETURNED
U260819-10507,22885,2026-08-19 13:41:29,420600,COMPLETE
U260708-10508,22885,2026-07-08 15:41:51,663500,COMPLETE
U260503-10509,22886,2026-05-03 21:45:14,107000,COMPLETE
U260319-10510,22887,2026-03-19 23:01:37,28500,COMPLETE
U260624-10511,22887,2026-06-24 21:29:50,87000,COMPLETE
U260726-10512,22887,2026-07-26 11:36:41,211300,COMPLETE
U260615-10513,22887,2026-06-15 15:48:30,32400,COMPLETE
U260419-10514,22887,2026-04-19 10:29:21,392500,COMPLETE
U260816-10515,22887,2026-08-16 21:39:21,572800,CANCELED
U260819-10516,22887,2026-08-19 20:59:23,710900,COMPLETE
U250315-10517,22888,2025-03-15 23:16:38,66100,COMPLETE
U250410-10518,22888,2025-04-10 17:00:01,40700,COMPLETE
U241109-10519,22888,2024-11-09 21:04:54,198200,COMPLETE
U250815-10520,22888,2025-08-15 23:48:49,999400,COMPLETE
U260606-10521,22889,2026-06-06 16:55:47,37100,COMPLETE
U260129-10522,22889,2026-01-29 18:18:02,86700,COMPLETE
U260825-10523,22890,2026-08-25 18:10:41,272400,COMPLETE
U260809-10524,22890,2026-08-09 10:31:08,84600,COMPLETE
U260822-10525,22890,2026-08-22 09:28:01,468600,COMPLETE
U260818-10526,22890,2026-08-18 20:02:56,112500,COMPLETE
U260822-10527,22890,2026-08-22 23:29:15,220500,COMPLETE
U260901-10528,22890,2026-09-01 23:28:35,22500,COMPLETE
U260902-10529,22890,2026-09-02 16:31:35,520900,COMPLETE
U260826-10530,22890,2026-08-26 19:06:22,20200,COMPLETE
U260812-10531,22890,2026-08-12 15:17:25,41400,COMPLETE
U260824-10532,22890,2026-08-24 08:22:22,426300,COMPLETE
U260814-10533,22890,2026-08-14 19:27:52,372900,COMPLETE
U260821-10534,22890,2026-08-21 19:33:18,54600,COMPLETE
U260822-10535,22890,2026-08-22 08:40:53,372400,COMPLETE
U260820-10536,22890,2026-08-20 21:49:58,154100,COMPLETE
U260528-10537,22891,2026-05-28 16:23:54,349400,COMPLETE
U250116-10538,22892,2025-01-16 21:15:34,186600,COMPLETE
U260113-10539,22893,2026-01-13 21:03:12,415700,COMPLETE
U260212-10540,22893,2026-02-12 22:39:43,107300,RETURNED
U260611-10541,22893,2026-06-11 20:32:00,126400,COMPLETE
U260824-10542,22894,2026-08-24 22:44:52,84900,COMPLETE
U260121-10543,22894,2026-01-21 11:55:24,268700,COMPLETE
U240910-10544,22895,2024-09-10 21:36:17,122400,COMPLETE
U250118-10545,22895,2025-01-18 15:01:58,68400,COMPLETE
U260325-10546,22896,2026-03-25 21:24:10,187100,COMPLETE
U260827-10547,22897,2026-08-27 22:33:17,320500,COMPLETE
U260903-10548,22897,2026-09-03 19:25:38,189600,COMPLETE
U260901-10549,22898,2026-09-01 16:28:23,66000,COMPLETE
U260804-10550,22898,2026-08-04 19:56:31,383500,COMPLETE
U260724-10551,22898,2026-07-24 22:57:13,98800,COMPLETE
U260204-10552,22899,2026-02-04 16:15:21,124900,COMPLETE
U240614-10553,22899,2024-06-14 23:29:04,169300,COMPLETE
U250731-10554,22899,2025-07-31 19:31:42,39900,COMPLETE
U260521-10555,22899,2026-05-21 22:33:13,84400,COMPLETE
U250917-10556,22900,2025-09-17 17:43:19,60100,COMPLETE
U260526-10557,22900,2026-05-26 18:51:55,48000,COMPLETE
U260801-10558,22900,2026-08-01 11:36:03,415600,COMPLETE
U250617-10559,22900,2025-06-17 10:14:33,11200,COMPLETE
U260416-10560,22901,2026-04-16 21:41:54,212900,COMPLETE
U260324-10561,22903,2026-03-24 10:34:38,66300,COMPLETE
U260422-10562,22903,2026-04-22 20:35:32,189400,COMPLETE
U260713-10563,22904,2026-07-13 21:43:04,68100,COMPLETE
U260819-10564,22904,2026-08-19 11:59:17,440700,COMPLETE
U260824-10565,22904,2026-08-24 14:53:38,71400,CANCELED
U260830-10566,22904,2026-08-30 19:56:25,334900,COMPLETE
U260824-10567,22904,2026-08-24 15:30:18,84100,COMPLETE
U240602-10568,22905,2024-06-02 09:03:15,83600,COMPLETE
U241215-10569,22905,2024-12-15 17:43:21,97100,COMPLETE
U260517-10570,22905,2026-05-17 12:30:55,64400,COMPLETE
U250928-10571,22905,2025-09-28 12:47:21,148300,COMPLETE
U260617-10572,22905,2026-06-17 19:10:40,70700,COMPLETE
U260420-10573,22906,2026-04-20 21:26:58,35100,COMPLETE
U260315-10574,22906,2026-03-15 13:11:27,12800,COMPLETE
U250920-10575,22906,2025-09-20 12:48:28,74500,COMPLETE
U260717-10576,22907,2026-07-17 13:16:48,103000,COMPLETE
U250511-10577,22908,2025-05-11 13:35:08,85700,COMPLETE
U250408-10578,22909,2025-04-08 23:16:18,47000,COMPLETE
U260423-10579,22910,2026-04-23 18:16:01,199500,COMPLETE
U260831-10580,22910,2026-08-31 22:56:37,69900,COMPLETE
U240720-10581,22910,2024-07-20 16:47:12,125500,COMPLETE
U250605-10582,22910,2025-06-05 13:52:49,86200,COMPLETE
U251023-10583,22910,2025-10-23 18:09:57,243000,COMPLETE
U260203-10584,22911,2026-02-03 20:26:29,260200,COMPLETE
U251020-10585,22911,2025-10-20 09:17:06,167700,CANCELED
U240302-10586,22911,2024-03-02 12:36:24,39900,COMPLETE
U240610-10587,22912,2024-06-10 21:13:44,127100,COMPLETE
U250913-10588,22913,2025-09-13 20:38:07,85700,COMPLETE
U250512-10589,22914,2025-05-12 16:24:03,701800,COMPLETE
U250515-10590,22914,2025-05-15 13:33:38,41900,COMPLETE
U260506-10591,22914,2026-05-06 10:01:14,185900,COMPLETE
U251231-10592,22915,2025-12-31 16:53:08,124400,COMPLETE
U250725-10593,22915,2025-07-25 16:22:42,51500,COMPLETE
U260831-10594,22916,2026-08-31 16:19:13,138000,RETURNED
U260901-10595,22916,2026-09-01 17:29:36,23900,COMPLETE
U250401-10596,22917,2025-04-01 16:52:27,240900,COMPLETE
U250908-10597,22917,2025-09-08 22:24:22,659900,COMPLETE
U260322-10598,22917,2026-03-22 22:17:42,183800,COMPLETE
U251216-10599,22917,2025-12-16 21:41:16,60200,COMPLETE
U250826-10600,22918,2025-08-26 23:30:44,588500,COMPLETE
U250918-10601,22919,2025-09-18 22:39:42,103400,COMPLETE
U251023-10602,22919,2025-10-23 18:27:53,252100,COMPLETE
U250502-10603,22919,2025-05-02 22:52:38,439200,COMPLETE
U260225-10604,22919,2026-02-25 14:44:43,299300,COMPLETE
U250915-10605,22919,2025-09-15 20:50:27,30600,COMPLETE
U260407-10606,22919,2026-04-07 11:54:47,209300,COMPLETE
U260108-10607,22919,2026-01-08 20:14:52,34700,COMPLETE
U260824-10608,22919,2026-08-24 21:40:11,285900,COMPLETE
U260307-10609,22919,2026-03-07 21:43:35,77900,COMPLETE
U250313-10610,22919,2025-03-13 10:37:10,120500,COMPLETE
U260223-10611,22919,2026-02-23 16:09:53,29300,COMPLETE
U241019-10612,22919,2024-10-19 08:04:24,82800,COMPLETE
U250924-10613,22919,2025-09-24 16:38:55,50100,COMPLETE
U260527-10614,22919,2026-05-27 12:18:38,53600,COMPLETE
U260108-10615,22919,2026-01-08 11:48:14,218300,CANCELED
U260520-10616,22919,2026-05-20 21:17:37,254900,COMPLETE
U250107-10617,22920,2025-01-07 20:28:43,11300,COMPLETE
U250107-10618,22920,2025-01-07 19:41:44,347700,COMPLETE
U260901-10619,22921,2026-09-01 21:54:58,156500,COMPLETE
U260404-10620,22921,2026-04-04 20:52:17,90400,COMPLETE
U260814-10621,22922,2026-08-14 21:08:37,419900,COMPLETE
U260418-10622,22922,2026-04-18 12:27:18,188500,COMPLETE
U260528-10623,22922,2026-05-28 19:58:11,63300,COMPLETE
U260216-10624,22922,2026-02-16 13:01:34,280900,COMPLETE
U260820-10625,22923,2026-08-20 19:23:22,52200,CANCELED
U260711-10626,22924,2026-07-11 18:57:15,68000,COMPLETE
U260721-10627,22925,2026-07-21 18:21:04,254500,COMPLETE
U260826-10628,22925,2026-08-26 15:56:38,274500,COMPLETE
U260526-10629,22925,2026-05-26 21:05:28,227900,COMPLETE
U260313-10630,22925,2026-03-13 11:27:43,63300,COMPLETE
U260818-10631,22925,2026-08-18 12:29:29,474000,COMPLETE
U251109-10632,22925,2025-11-09 20:20:38,52800,COMPLETE
U260716-10633,22925,2026-07-16 21:25:06,40500,COMPLETE
U250813-10634,22925,2025-08-13 16:54:23,153500,COMPLETE
U251126-10635,22926,2025-11-26 12:12:23,125000,COMPLETE
U260310-10636,22926,2026-03-10 23:53:00,60200,COMPLETE
U260218-10637,22926,2026-02-18 19:35:07,400600,COMPLETE
U260522-10638,22927,2026-05-22 23:01:06,167900,COMPLETE
U251211-10639,22928,2025-12-11 18:02:38,682100,COMPLETE
U260314-10640,22928,2026-03-14 19:47:51,205100,CANCELED
U260810-10641,22929,2026-08-10 19:37:54,176700,COMPLETE
U251024-10642,22929,2025-10-24 19:10:03,35500,COMPLETE
U260129-10643,22929,2026-01-29 12:46:19,26600,COMPLETE
U260521-10644,22929,2026-05-21 12:37:06,91100,COMPLETE
U251212-10645,22929,2025-12-12 15:08:02,376500,COMPLETE
U250417-10646,22929,2025-04-17 17:07:53,45500,COMPLETE
U260321-10647,22929,2026-03-21 11:30:18,1005400,COMPLETE
U260823-10648,22929,2026-08-23 20:35:28,35100,COMPLETE
U260702-10649,22930,2026-07-02 22:46:04,212000,COMPLETE
U260607-10650,22930,2026-06-07 08:47:38,381300,COMPLETE
U260819-10651,22930,2026-08-19 15:22:53,196200,RETURNED
U260729-10652,22930,2026-07-29 00:14:50,47000,RETURNED
U250201-10653,22931,2025-02-01 18:45:48,29400,COMPLETE
U260218-10654,22932,2026-02-18 14:44:31,167800,COMPLETE
U260808-10655,22933,2026-08-08 11:34:00,291300,COMPLETE
U260814-10656,22933,2026-08-14 16:33:29,195500,COMPLETE
U250417-10657,22933,2025-04-17 19:24:42,26600,COMPLETE
U250904-10658,22933,2025-09-04 17:20:05,58000,COMPLETE
U250630-10659,22933,2025-06-30 14:17:53,214400,COMPLETE
U240417-10660,22933,2024-04-17 17:05:36,203900,COMPLETE
U250630-10661,22933,2025-06-30 12:05:32,79000,CANCELED
U251028-10662,22934,2025-10-28 00:55:08,195500,RETURNED
U251028-10663,22934,2025-10-28 22:49:10,141500,COMPLETE
U251028-10664,22934,2025-10-28 17:29:19,26100,COMPLETE
U251202-10665,22935,2025-12-02 23:33:06,244700,COMPLETE
U240316-10666,22935,2024-03-16 20:51:23,141200,COMPLETE
U240623-10667,22935,2024-06-23 08:23:18,107100,COMPLETE
U260624-10668,22937,2026-06-24 11:54:05,98900,COMPLETE
U260808-10669,22937,2026-08-08 18:43:20,90600,COMPLETE
U250819-10670,22937,2025-08-19 20:48:09,173600,COMPLETE
U260901-10671,22938,2026-09-01 09:18:49,256300,COMPLETE
U260821-10672,22938,2026-08-21 18:10:08,30200,COMPLETE
U260902-10673,22938,2026-09-02 19:21:02,324200,COMPLETE
U260725-10674,22938,2026-07-25 08:03:55,343300,COMPLETE
U260829-10675,22938,2026-08-29 19:04:46,75900,COMPLETE
U260720-10676,22938,2026-07-20 15:02:28,583000,COMPLETE
U260817-10677,22938,2026-08-17 18:12:32,311900,COMPLETE
U260808-10678,22938,2026-08-08 21:43:25,177800,COMPLETE
U260807-10679,22938,2026-08-07 20:13:15,30000,COMPLETE
U260708-10680,22938,2026-07-08 23:01:55,368200,COMPLETE
U260808-10681,22938,2026-08-08 09:35:06,194900,COMPLETE
U260715-10682,22938,2026-07-15 12:39:09,134800,COMPLETE
U260704-10683,22938,2026-07-04 21:59:17,113900,COMPLETE
U260818-10684,22938,2026-08-18 11:57:03,172800,COMPLETE
U230830-10685,22939,2023-08-30 13:11:04,83000,RETURNED
U260716-10686,22940,2026-07-16 15:01:01,113300,COMPLETE
U260818-10687,22940,2026-08-18 19:26:07,281500,COMPLETE
U260831-10688,22940,2026-08-31 19:56:03,232800,RETURNED
U250423-10689,22941,2025-04-23 19:11:41,103700,CANCELED
U260313-10690,22941,2026-03-13 23:57:34,38700,COMPLETE
U260408-10691,22942,2026-04-08 21:48:24,45400,RETURNED
U260620-10692,22942,2026-06-20 21:29:52,418900,COMPLETE
U260701-10693,22942,2026-07-01 10:24:07,237900,COMPLETE
U260404-10694,22942,2026-04-04 15:18:15,182400,COMPLETE
U260624-10695,22942,2026-06-24 22:21:02,94000,COMPLETE
U260725-10696,22942,2026-07-25 21:55:53,417600,COMPLETE
U260815-10697,22942,2026-08-15 21:24:22,53900,COMPLETE
U260622-10698,22942,2026-06-22 22:14:15,376500,COMPLETE
U260513-10699,22942,2026-05-13 23:01:16,246600,CANCELED
U260825-10700,22942,2026-08-25 08:48:27,62800,COMPLETE
U260622-10701,22942,2026-06-22 23:23:26,32300,COMPLETE
U260819-10702,22942,2026-08-19 21:41:37,387100,COMPLETE
U260707-10703,22942,2026-07-07 20:33:02,146600,COMPLETE
U260816-10704,22942,2026-08-16 20:23:05,110600,COMPLETE
U260816-10705,22942,2026-08-16 13:47:58,180600,COMPLETE
U260823-10706,22942,2026-08-23 00:53:55,46100,COMPLETE
U260803-10707,22943,2026-08-03 15:27:28,44100,COMPLETE
U260825-10708,22943,2026-08-25 17:38:55,135800,COMPLETE
U260824-10709,22943,2026-08-24 16:44:41,140900,COMPLETE
U250708-10710,22944,2025-07-08 00:12:27,153400,COMPLETE
U260902-10711,22946,2026-09-02 18:39:36,134800,COMPLETE
U260903-10712,22946,2026-09-03 13:12:42,78500,COMPLETE
U260831-10713,22946,2026-08-31 23:49:02,69300,COMPLETE
U231122-10714,22947,2023-11-22 14:40:51,26300,COMPLETE
U230531-10715,22947,2023-05-31 20:08:10,237200,COMPLETE
U241225-10716,22948,2024-12-25 12:17:35,165000,COMPLETE
U250705-10717,22948,2025-07-05 11:19:42,40900,COMPLETE
U251211-10718,22948,2025-12-11 13:54:58,109100,COMPLETE
U260127-10719,22948,2026-01-27 00:23:38,260900,COMPLETE
U260423-10720,22949,2026-04-23 13:56:52,691100,COMPLETE
U260716-10721,22949,2026-07-16 11:56:37,150500,COMPLETE
U230421-10722,22950,2023-04-21 19:10:56,96200,COMPLETE
U250223-10723,22951,2025-02-23 10:13:14,107100,COMPLETE
U260710-10724,22951,2026-07-10 20:36:38,581700,COMPLETE
U260227-10725,22951,2026-02-27 19:41:28,44000,COMPLETE
U250622-10726,22951,2025-06-22 21:22:52,228300,COMPLETE
U260407-10727,22951,2026-04-07 11:48:49,247300,CANCELED
U260514-10728,22951,2026-05-14 20:58:34,99500,COMPLETE
U260420-10729,22951,2026-04-20 08:09:01,227700,COMPLETE
U250715-10730,22951,2025-07-15 14:11:47,30200,COMPLETE
U260511-10731,22951,2026-05-11 19:36:05,432500,RETURNED
U251127-10732,22951,2025-11-27 23:43:33,26400,COMPLETE
U241122-10733,22951,2024-11-22 21:09:23,62700,COMPLETE
U250723-10734,22951,2025-07-23 12:10:34,79200,CANCELED
U260610-10735,22951,2026-06-10 23:05:54,30800,COMPLETE
U251220-10736,22951,2025-12-20 20:32:18,180300,COMPLETE
U250618-10737,22952,2025-06-18 11:17:05,97400,COMPLETE
U260701-10738,22952,2026-07-01 16:48:54,107400,COMPLETE
U260218-10739,22952,2026-02-18 08:16:32,787200,COMPLETE
U251225-10740,22952,2025-12-25 14:27:02,132600,COMPLETE
U260624-10741,22954,2026-06-24 16:27:52,197000,COMPLETE
U260722-10742,22954,2026-07-22 21:26:32,46600,COMPLETE
U260628-10743,22954,2026-06-28 00:11:46,91000,COMPLETE
U251229-10744,22955,2025-12-29 11:08:37,269400,COMPLETE
U260313-10745,22955,2026-03-13 22:13:27,214900,COMPLETE
U250307-10746,22955,2025-03-07 20:55:29,81100,COMPLETE
U240730-10747,22955,2024-07-30 10:42:14,145200,COMPLETE
U260404-10748,22955,2026-04-04 09:20:39,252900,COMPLETE
U260111-10749,22955,2026-01-11 20:15:41,80100,COMPLETE
U260610-10750,22955,2026-06-10 11:32:44,361200,COMPLETE
U260821-10751,22955,2026-08-21 08:35:04,46200,COMPLETE
U251221-10752,22955,2025-12-21 19:15:09,215100,COMPLETE
U260401-10753,22955,2026-04-01 21:21:56,73500,COMPLETE
U240528-10754,22956,2024-05-28 10:44:40,96300,COMPLETE
U241213-10755,22957,2024-12-13 19:02:18,238700,COMPLETE
U260903-10756,22958,2026-09-03 22:54:03,92100,COMPLETE
U260901-10757,22958,2026-09-01 09:41:58,57100,COMPLETE
U260902-10758,22958,2026-09-02 15:00:04,13700,COMPLETE
U260831-10759,22958,2026-08-31 16:55:13,65400,COMPLETE
U260902-10760,22958,2026-09-02 20:01:02,85000,COMPLETE
U260831-10761,22958,2026-08-31 22:32:50,198700,COMPLETE
U240108-10762,22959,2024-01-08 21:36:08,253300,CANCELED
U260510-10763,22960,2026-05-10 12:22:00,260400,COMPLETE
U260507-10764,22961,2026-05-07 15:19:50,44300,COMPLETE
U250812-10765,22961,2025-08-12 14:04:09,45100,CANCELED
U251206-10766,22961,2025-12-06 22:06:56,570400,COMPLETE
U250729-10767,22963,2025-07-29 17:02:48,468800,RETURNED
U250411-10768,22963,2025-04-11 10:11:09,231900,COMPLETE
U251007-10769,22963,2025-10-07 20:24:09,326300,COMPLETE
U260216-10770,22963,2026-02-16 14:18:17,112200,COMPLETE
U250626-10771,22965,2025-06-26 10:00:39,302200,COMPLETE
U251002-10772,22965,2025-10-02 19:14:04,128200,COMPLETE
U260714-10773,22965,2026-07-14 12:18:10,43600,COMPLETE
U260330-10774,22965,2026-03-30 21:55:38,72300,COMPLETE
U260530-10775,22966,2026-05-30 21:51:30,177900,COMPLETE
U260507-10776,22966,2026-05-07 20:15:21,297500,COMPLETE
U260731-10777,22966,2026-07-31 18:28:18,105000,COMPLETE
U250309-10778,22967,2025-03-09 18:35:47,67800,COMPLETE
U231031-10779,22967,2023-10-31 16:42:00,78200,COMPLETE
U240616-10780,22967,2024-06-16 18:40:01,32900,COMPLETE
U260718-10781,22967,2026-07-18 21:18:04,274100,COMPLETE
U241012-10782,22967,2024-10-12 14:25:00,109600,COMPLETE
U240711-10783,22967,2024-07-11 18:02:24,29100,COMPLETE
U241226-10784,22967,2024-12-26 21:47:12,242200,COMPLETE
U250315-10785,22967,2025-03-15 11:23:11,149300,COMPLETE
U240722-10786,22967,2024-07-22 09:57:39,98700,COMPLETE
U250721-10787,22967,2025-07-21 19:03:22,47900,COMPLETE
U260819-10788,22968,2026-08-19 09:31:17,367100,COMPLETE
U260126-10789,22968,2026-01-26 08:15:47,302000,COMPLETE
U250727-10790,22968,2025-07-27 22:07:39,161300,COMPLETE
U260318-10791,22968,2026-03-18 21:15:41,30500,COMPLETE
U260130-10792,22969,2026-01-30 18:06:13,55900,COMPLETE
U260711-10793,22970,2026-07-11 20:22:28,330000,COMPLETE
U260801-10794,22971,2026-08-01 18:44:55,120800,COMPLETE
U260815-10795,22971,2026-08-15 09:37:08,130700,COMPLETE
U260713-10796,22971,2026-07-13 16:25:11,139500,RETURNED
U260813-10797,22971,2026-08-13 20:18:19,182500,CANCELED
U250601-10798,22972,2025-06-01 20:05:36,177300,COMPLETE
U260107-10799,22972,2026-01-07 10:09:45,162300,RETURNED
U240220-10800,22972,2024-02-20 21:39:42,75500,CANCELED
U260830-10801,22974,2026-08-30 00:26:19,274200,COMPLETE
U260715-10802,22974,2026-07-15 08:50:47,163200,COMPLETE
U260901-10803,22974,2026-09-01 13:13:19,180200,COMPLETE
U251209-10804,22975,2025-12-09 18:16:11,352800,COMPLETE
U260308-10805,22976,2026-03-08 19:05:10,265300,COMPLETE
U240215-10806,22976,2024-02-15 19:45:08,24900,COMPLETE
U260302-10807,22976,2026-03-02 15:00:20,226700,COMPLETE
U240910-10808,22976,2024-09-10 17:04:40,338700,COMPLETE
U251219-10809,22976,2025-12-19 22:38:35,252400,COMPLETE
U240927-10810,22976,2024-09-27 12:07:14,128500,COMPLETE
U251021-10811,22976,2025-10-21 21:30:24,124000,COMPLETE
U250806-10812,22977,2025-08-06 17:42:49,291200,RETURNED
U260525-10813,22977,2026-05-25 20:47:44,319000,CANCELED
U260808-10814,22979,2026-08-08 09:20:37,124400,COMPLETE
U260610-10815,22979,2026-06-10 19:21:08,169000,COMPLETE
U260506-10816,22979,2026-05-06 21:45:49,175400,COMPLETE
U260805-10817,22979,2026-08-05 00:56:33,63400,COMPLETE
U260711-10818,22979,2026-07-11 22:11:04,119200,COMPLETE
U260607-10819,22979,2026-06-07 10:27:32,127700,COMPLETE
U260701-10820,22979,2026-07-01 11:01:45,82400,COMPLETE
U260725-10821,22979,2026-07-25 15:05:43,104800,COMPLETE
U260730-10822,22979,2026-07-30 14:01:37,41700,COMPLETE
U260812-10823,22979,2026-08-12 20:51:11,80300,COMPLETE
U260626-10824,22979,2026-06-26 15:08:56,657300,COMPLETE
U260815-10825,22979,2026-08-15 18:39:51,346200,COMPLETE
U230525-10826,22980,2023-05-25 18:02:45,44200,COMPLETE
U231107-10827,22980,2023-11-07 20:27:31,68600,COMPLETE
U240804-10828,22981,2024-08-04 19:10:03,34300,COMPLETE
U240811-10829,22981,2024-08-11 10:41:13,328100,COMPLETE
U240821-10830,22981,2024-08-21 16:59:05,81300,COMPLETE
U260724-10831,22982,2026-07-24 21:13:56,290800,COMPLETE
U250829-10832,22984,2025-08-29 20:27:44,297500,COMPLETE
U250503-10833,22985,2025-05-03 15:21:45,45400,COMPLETE
U260822-10834,22986,2026-08-22 11:14:15,343400,COMPLETE
U260831-10835,22986,2026-08-31 15:56:13,92000,COMPLETE
U260826-10836,22986,2026-08-26 09:38:57,42000,COMPLETE
U260829-10837,22986,2026-08-29 20:33:38,318400,COMPLETE
U260825-10838,22986,2026-08-25 21:09:30,133500,COMPLETE
U260824-10839,22986,2026-08-24 20:33:40,110200,COMPLETE
U260528-10840,22987,2026-05-28 23:08:55,348200,COMPLETE
U250124-10841,22987,2025-01-24 11:44:07,303600,COMPLETE
U251228-10842,22987,2025-12-28 21:12:00,12200,COMPLETE
U250504-10843,22988,2025-05-04 21:54:57,74600,COMPLETE
U260301-10844,22988,2026-03-01 22:07:55,52600,COMPLETE
U250812-10845,22988,2025-08-12 20:56:37,288000,COMPLETE
U260716-10846,22989,2026-07-16 14:04:17,128400,COMPLETE
U260622-10847,22989,2026-06-22 00:13:19,38800,COMPLETE
U250713-10848,22989,2025-07-13 13:35:17,52000,COMPLETE
U250312-10849,22989,2025-03-12 10:01:49,200400,COMPLETE
U260705-10850,22992,2026-07-05 13:53:19,73500,COMPLETE
U260408-10851,22992,2026-04-08 00:20:02,163500,COMPLETE
U260613-10852,22993,2026-06-13 16:32:13,88800,COMPLETE
U260803-10853,22993,2026-08-03 20:54:09,480400,COMPLETE
U260823-10854,22993,2026-08-23 20:34:57,59500,COMPLETE
U260720-10855,22993,2026-07-20 12:50:01,215000,COMPLETE
U260817-10856,22993,2026-08-17 19:25:04,91800,COMPLETE
U260829-10857,22993,2026-08-29 19:11:24,245500,COMPLETE
U260821-10858,22993,2026-08-21 19:03:27,115700,COMPLETE
U260826-10859,22993,2026-08-26 15:34:45,82000,CANCELED
U260820-10860,22993,2026-08-20 22:36:22,56000,COMPLETE
U260717-10861,22993,2026-07-17 14:19:38,218300,COMPLETE
U260811-10862,22993,2026-08-11 21:01:11,249000,COMPLETE
U260828-10863,22993,2026-08-28 15:11:57,70600,COMPLETE
U260828-10864,22993,2026-08-28 20:20:25,405200,COMPLETE
U260831-10865,22993,2026-08-31 14:09:15,21900,COMPLETE
U260526-10866,22994,2026-05-26 21:16:53,179100,COMPLETE
U260729-10867,22995,2026-07-29 11:46:24,88800,COMPLETE
U260809-10868,22995,2026-08-09 21:33:29,170200,COMPLETE
U260820-10869,22995,2026-08-20 09:43:14,112200,COMPLETE
U260828-10870,22995,2026-08-28 23:10:37,94100,COMPLETE
U260808-10871,22995,2026-08-08 21:49:10,95300,COMPLETE
U260821-10872,22995,2026-08-21 20:38:08,202100,COMPLETE
U260722-10873,22996,2026-07-22 23:42:50,368100,COMPLETE
U251205-10874,22996,2025-12-05 21:32:00,489200,CANCELED
U231028-10875,22996,2023-10-28 13:28:03,45000,COMPLETE
U260405-10876,22996,2026-04-05 19:13:35,132000,COMPLETE
U260129-10877,22996,2026-01-29 19:42:39,89300,COMPLETE
U250325-10878,22996,2025-03-25 16:05:46,84800,COMPLETE
U240524-10879,22996,2024-05-24 19:33:48,93100,COMPLETE
U250415-10880,22997,2025-04-15 15:49:05,358100,COMPLETE
U250726-10881,22997,2025-07-26 18:17:32,58400,COMPLETE
U260829-10882,22998,2026-08-29 17:46:21,209700,COMPLETE
U260709-10883,22999,2026-07-09 16:55:55,318900,COMPLETE
U260819-10884,23000,2026-08-19 12:42:13,154200,COMPLETE
U251101-10885,23000,2025-11-01 22:24:48,620700,COMPLETE
U251124-10886,23000,2025-11-24 11:39:02,554900,COMPLETE
