ORDER_ITEM_SEQ,ORDER_ID,ITEM_CD,ORD_QTY,UNIT_PRC
1,U251224-00001,UM-TS-002,2,32400
2,U260105-00002,UM-SH-022,1,118900
3,U260105-00002,UM-BT-014,1,68200
4,U260801-00003,UM-BT-015,1,92400
5,U260801-00003,UM-TS-028,1,79000
6,U260801-00003,UM-BT-019,2,28800
7,U260414-00004,UM-TS-025,2,59900
8,U260215-00005,UM-OT-002,3,252300
9,U260215-00005,UM-BT-003,1,66300
10,U260215-00005,UM-AC-009,1,55800
11,U250810-00006,UM-BT-009,1,51600
12,U250810-00006,UM-OT-001,2,353600
13,U260519-00007,UM-TS-019,1,63900
14,U250128-00008,UM-AC-025,2,73500
15,U251215-00009,UM-OT-021,1,122000
16,U251215-00009,UM-BT-018,2,79000
17,U260302-00010,UM-TS-016,1,76800
18,U260302-00010,UM-OT-010,1,164000
19,U260302-00010,UM-TS-024,1,19600
20,U260302-00010,UM-BT-009,1,59300
21,U260302-00010,UM-SH-016,1,161600
22,U260327-00011,UM-BT-020,1,84200
23,U260327-00011,UM-SH-003,1,189000
24,U260327-00011,UM-OT-008,1,201700
25,U260330-00012,UM-SH-007,1,87100
26,U260330-00012,UM-OT-003,1,305600
27,U260330-00012,UM-BT-001,1,38900
28,U260330-00012,UM-TS-009,3,56800
29,U260327-00013,UM-BT-021,1,83300
30,U260517-00014,UM-AC-008,1,13600
31,U260517-00014,UM-AC-004,2,14600
32,U230906-00015,UM-TS-002,1,35600
33,U230906-00015,UM-TS-017,1,49100
34,U250903-00016,UM-BT-001,1,43300
35,U250903-00016,UM-OT-014,1,159200
36,U250903-00016,UM-OT-021,1,146200
37,U260111-00017,UM-BT-016,3,92600
38,U260111-00017,UM-AC-015,1,53100
39,U260111-00017,UM-TS-015,1,17900
40,U260627-00018,UM-SH-013,1,179500
41,U260620-00019,UM-AC-024,1,50100
42,U260620-00019,UM-SH-022,1,120200
43,U260820-00020,UM-TS-037,2,26400
44,U260901-00021,UM-OT-012,1,201500
45,U260901-00021,UM-OT-018,1,293200
46,U260730-00022,UM-TS-019,1,61700
47,U260815-00023,UM-SH-019,1,167900
48,U260815-00023,UM-TS-010,1,32800
49,U260815-00023,UM-BT-021,1,75300
50,U260813-00024,UM-BT-016,1,101300
51,U260826-00025,UM-SH-023,1,86200
52,U260826-00025,UM-SH-014,1,89100
53,U260826-00025,UM-AC-024,1,41500
54,U260901-00026,UM-TS-026,1,35500
55,U260901-00026,UM-TS-022,3,38800
56,U241231-00027,UM-TS-011,1,76900
57,U250823-00028,UM-TS-009,2,55200
58,U250823-00028,UM-SH-024,1,104600
59,U250823-00028,UM-TS-036,1,52500
60,U250823-00028,UM-TS-028,1,61100
61,U260814-00029,UM-OT-001,1,340700
62,U260814-00029,UM-TS-019,1,87300
63,U260814-00029,UM-AC-025,2,70400
64,U260814-00029,UM-BT-006,1,51600
65,U250306-00030,UM-TS-021,1,54500
66,U250306-00030,UM-TS-023,1,29600
67,U250306-00030,UM-SH-022,1,117300
68,U241022-00031,UM-SH-011,1,142300
69,U250905-00032,UM-SH-015,1,110900
70,U250905-00032,UM-BT-025,1,79300
71,U250504-00033,UM-SH-021,1,138600
72,U251014-00034,UM-AC-019,1,58800
73,U260316-00035,UM-BT-019,1,34200
74,U260316-00035,UM-TS-014,1,45100
75,U250501-00036,UM-AC-007,1,10300
76,U250501-00036,UM-TS-016,1,75600
77,U250904-00037,UM-TS-036,1,37300
78,U250904-00037,UM-AC-013,1,51700
79,U250904-00037,UM-TS-036,2,50000
80,U250917-00038,UM-OT-013,1,167700
81,U260512-00039,UM-BT-018,1,64900
82,U250412-00040,UM-TS-019,3,83500
83,U250412-00040,UM-BT-011,1,84600
84,U250316-00041,UM-AC-011,1,73700
85,U250316-00041,UM-TS-026,1,34800
86,U250614-00042,UM-TS-015,2,15000
87,U250614-00042,UM-BT-024,1,44600
88,U250614-00042,UM-TS-027,1,70500
89,U250118-00043,UM-SH-018,1,187200
90,U250118-00043,UM-TS-009,1,49300
91,U250118-00043,UM-TS-027,2,84200
92,U250826-00044,UM-AC-002,1,66600
93,U250826-00044,UM-BT-003,2,67100
94,U250826-00044,UM-BT-017,1,42200
95,U240802-00045,UM-BT-024,1,43500
96,U240802-00045,UM-BT-008,2,81000
97,U250206-00046,UM-SH-010,2,140700
98,U241229-00047,UM-OT-003,1,269700
99,U241229-00047,UM-OT-002,1,340500
100,U241229-00047,UM-SH-015,1,92800
101,U230501-00048,UM-SH-004,1,108100
102,U260314-00049,UM-BT-019,1,28300
103,U260314-00049,UM-TS-005,1,38700
104,U260314-00049,UM-TS-036,1,49700
105,U240814-00050,UM-TS-003,1,62800
106,U250715-00051,UM-OT-013,2,129000
107,U250715-00051,UM-OT-009,2,321000
108,U250715-00051,UM-OT-022,1,215600
109,U260727-00052,UM-SH-021,1,148000
110,U260727-00052,UM-TS-033,2,44500
111,U260518-00053,UM-TS-004,1,40800
112,U260801-00054,UM-TS-002,1,43700
113,U260801-00054,UM-OT-019,1,183000
114,U260801-00054,UM-SH-007,1,82800
115,U260123-00055,UM-AC-030,2,13900
116,U260123-00055,UM-BT-018,1,64800
117,U251220-00056,UM-TS-010,1,28100
118,U260902-00057,UM-TS-001,1,49800
119,U260902-00057,UM-OT-020,1,170000
120,U260903-00058,UM-SH-008,1,189600
121,U260903-00058,UM-TS-023,1,27600
122,U260903-00058,UM-TS-008,3,52500
123,U260903-00059,UM-BT-006,1,64500
124,U260903-00059,UM-AC-017,1,27800
125,U250623-00060,UM-AC-012,1,36600
126,U250623-00060,UM-TS-018,1,65200
127,U250623-00060,UM-SH-002,1,218800
128,U260529-00061,UM-SH-023,1,91400
129,U260611-00062,UM-BT-003,2,61000
130,U260611-00062,UM-OT-025,1,338700
131,U260611-00062,UM-BT-009,1,65300
132,U260502-00063,UM-TS-026,1,31600
133,U260127-00064,UM-SH-022,1,120200
134,U260127-00064,UM-BT-010,1,99600
135,U260127-00064,UM-BT-017,1,40900
136,U260406-00065,UM-TS-023,2,27500
137,U250910-00066,UM-BT-020,1,75200
138,U260606-00067,UM-AC-018,1,47700
139,U260606-00067,UM-SH-020,1,191000
140,U260515-00068,UM-TS-007,1,44100
141,U260515-00068,UM-BT-013,1,115900
142,U260526-00069,UM-BT-018,1,63100
143,U260322-00070,UM-SH-005,1,83400
144,U260322-00070,UM-TS-012,1,47000
145,U260227-00071,UM-BT-012,1,59200
146,U260227-00071,UM-TS-028,1,83700
147,U260227-00071,UM-AC-014,1,29600
148,U260227-00071,UM-TS-020,1,37900
149,U251209-00072,UM-TS-023,1,25500
150,U251209-00072,UM-TS-031,1,32900
151,U260708-00073,UM-BT-018,1,72600
152,U260708-00073,UM-BT-025,1,83600
153,U260708-00073,UM-SH-019,1,158000
154,U260708-00073,UM-TS-033,2,40400
155,U260106-00074,UM-TS-031,1,30700
156,U250604-00075,UM-OT-014,1,148400
157,U260226-00076,UM-AC-012,1,47800
158,U260226-00076,UM-TS-003,1,68100
159,U260226-00076,UM-SH-015,1,95500
160,U260226-00076,UM-TS-029,1,45000
161,U260226-00076,UM-SH-016,1,134700
162,U260722-00077,UM-OT-004,1,230300
163,U260722-00077,UM-TS-002,1,42200
164,U260722-00077,UM-SH-006,1,219900
165,U260722-00077,UM-BT-010,1,78900
166,U260722-00077,UM-BT-002,3,69000
167,U260401-00078,UM-TS-033,1,42800
168,U260401-00078,UM-BT-008,1,87100
169,U251223-00079,UM-SH-011,1,140000
170,U251223-00079,UM-OT-008,1,254000
171,U251223-00079,UM-SH-016,3,160300
172,U260410-00080,UM-OT-016,1,110100
173,U260410-00080,UM-OT-011,1,58200
174,U260410-00080,UM-TS-013,1,21700
175,U260410-00080,UM-TS-004,1,40700
176,U260815-00081,UM-TS-001,1,48500
177,U260815-00081,UM-BT-016,1,96300
178,U260713-00082,UM-OT-014,1,135900
179,U260828-00083,UM-SH-007,1,97500
180,U260803-00084,UM-SH-001,1,93700
181,U260629-00085,UM-SH-010,2,164400
182,U260704-00086,UM-AC-015,3,63600
183,U260704-00086,UM-SH-010,1,154200
184,U260701-00087,UM-OT-002,1,327900
185,U260701-00087,UM-TS-034,1,52200
186,U260717-00088,UM-TS-002,2,39000
187,U260717-00088,UM-OT-007,1,106900
188,U260704-00089,UM-OT-016,1,131600
189,U260704-00089,UM-SH-013,1,181200
190,U260813-00090,UM-OT-021,1,152100
191,U260813-00090,UM-BT-011,1,69700
192,U260725-00091,UM-BT-005,1,91300
193,U260725-00091,UM-BT-015,1,87400
194,U260725-00091,UM-AC-013,1,47400
195,U260725-00091,UM-SH-003,1,160100
196,U260417-00092,UM-OT-003,1,309700
197,U260417-00092,UM-TS-031,1,27800
198,U260417-00092,UM-OT-013,1,130000
199,U260417-00092,UM-TS-030,1,60700
200,U251125-00093,UM-TS-032,1,41600
201,U251125-00093,UM-OT-003,1,277800
202,U251125-00093,UM-SH-006,1,230700
203,U251125-00093,UM-AC-023,1,66000
204,U251129-00094,UM-TS-033,1,39800
205,U260115-00095,UM-SH-005,1,76700
206,U260115-00095,UM-SH-005,1,66100
207,U240806-00096,UM-AC-026,1,50700
208,U240823-00097,UM-OT-015,3,94700
209,U240821-00098,UM-OT-011,2,61500
210,U240821-00098,UM-OT-002,1,330000
211,U260729-00099,UM-AC-001,1,51200
212,U260729-00099,UM-TS-014,1,53700
213,U260513-00100,UM-TS-036,1,51500
214,U260513-00100,UM-TS-019,1,70900
215,U260513-00100,UM-AC-003,1,11600
216,U260513-00100,UM-BT-023,1,101700
217,U260422-00101,UM-TS-019,2,87800
218,U240616-00102,UM-AC-009,1,72800
219,U240616-00102,UM-TS-022,1,34600
220,U240616-00102,UM-AC-006,1,20400
221,U250118-00103,UM-OT-018,2,331100
222,U250408-00104,UM-OT-003,1,329600
223,U250408-00104,UM-BT-010,1,94200
224,U240423-00105,UM-TS-035,1,19300
225,U250910-00106,UM-OT-010,2,219000
226,U240524-00107,UM-SH-001,1,111800
227,U240524-00107,UM-TS-016,1,72500
228,U240524-00107,UM-TS-031,1,24900
229,U240524-00107,UM-AC-007,2,11200
230,U260731-00108,UM-OT-024,1,312800
231,U260731-00108,UM-OT-010,1,208000
232,U260731-00108,UM-TS-012,2,41400
233,U260731-00108,UM-SH-015,1,106400
234,U250603-00109,UM-AC-023,1,70000
235,U250603-00109,UM-BT-023,1,110100
236,U260320-00110,UM-TS-013,1,22700
237,U260320-00110,UM-BT-023,1,108600
238,U240119-00111,UM-SH-005,2,83400
239,U260623-00112,UM-BT-007,1,82600
240,U260623-00112,UM-TS-026,1,33900
241,U260623-00112,UM-SH-012,1,181300
242,U241004-00113,UM-BT-010,1,78000
243,U241004-00113,UM-OT-011,1,71800
244,U241004-00113,UM-BT-020,1,74800
245,U250511-00114,UM-TS-025,1,45600
246,U250511-00114,UM-BT-022,1,57600
247,U260217-00115,UM-SH-014,1,81400
248,U250820-00116,UM-TS-037,1,23800
249,U250820-00116,UM-TS-015,1,14300
250,U250921-00117,UM-TS-003,1,66100
251,U250921-00117,UM-TS-037,1,30300
252,U230711-00118,UM-TS-001,1,41300
253,U260730-00119,UM-BT-007,1,92100
254,U260730-00120,UM-BT-024,2,50200
255,U260730-00120,UM-TS-037,1,25600
256,U260730-00120,UM-BT-018,1,69000
257,U260730-00120,UM-AC-009,3,69700
258,U260804-00121,UM-BT-012,2,62200
259,U250729-00122,UM-SH-005,1,81000
260,U260727-00123,UM-BT-023,1,95100
261,U260727-00123,UM-TS-029,1,45000
262,U260712-00124,UM-BT-008,1,87800
263,U251228-00125,UM-SH-011,1,137800
264,U250901-00126,UM-SH-023,2,85300
265,U250901-00126,UM-BT-005,2,106100
266,U260328-00127,UM-SH-005,1,64100
267,U260822-00128,UM-BT-016,1,82200
268,U260408-00129,UM-BT-002,1,62500
269,U260515-00130,UM-BT-018,1,75100
270,U260515-00130,UM-OT-002,1,331100
271,U260423-00131,UM-SH-001,2,122100
272,U250218-00132,UM-SH-015,1,100500
273,U250218-00132,UM-SH-008,1,156100
274,U260401-00133,UM-TS-011,1,77300
275,U260401-00133,UM-AC-006,2,23000
276,U260401-00133,UM-BT-011,1,66300
277,U260805-00134,UM-TS-033,1,39700
278,U260805-00134,UM-BT-011,2,76400
279,U260324-00135,UM-SH-006,1,202300
280,U260324-00135,UM-TS-012,3,34100
281,U260324-00135,UM-TS-029,1,47600
282,U260511-00136,UM-SH-011,3,131700
283,U260511-00136,UM-AC-011,1,56400
284,U260511-00136,UM-TS-031,1,33200
285,U260506-00137,UM-TS-001,1,46100
286,U260506-00137,UM-BT-001,1,38700
287,U260506-00137,UM-TS-031,1,24300
288,U260425-00138,UM-BT-016,1,112100
289,U260702-00139,UM-TS-035,1,17200
290,U260702-00139,UM-TS-034,1,63400
291,U251221-00140,UM-TS-035,1,18300
292,U260411-00141,UM-BT-014,1,59400
293,U251225-00142,UM-BT-011,1,69000
294,U251225-00142,UM-SH-023,1,90900
295,U260622-00143,UM-TS-015,1,17600
296,U260622-00143,UM-TS-008,2,47200
297,U260828-00144,UM-BT-017,1,34000
298,U260831-00145,UM-SH-005,1,74200
299,U260824-00146,UM-TS-036,1,43400
300,U260824-00146,UM-SH-007,1,96800
301,U260829-00147,UM-TS-034,1,64500
302,U260826-00148,UM-BT-016,1,89100
303,U260826-00148,UM-OT-017,1,249600
304,U260831-00149,UM-TS-027,1,69200
305,U260831-00149,UM-SH-002,1,227400
306,U260831-00149,UM-BT-024,1,40900
307,U260822-00150,UM-OT-021,2,154500
308,U260901-00151,UM-TS-007,1,47800
309,U260827-00152,UM-OT-006,1,291700
310,U260827-00153,UM-TS-018,1,77100
311,U260829-00154,UM-TS-023,1,28800
312,U260829-00154,UM-BT-025,3,81100
313,U260819-00155,UM-AC-002,2,84500
314,U260819-00155,UM-OT-023,1,308000
315,U260831-00156,UM-TS-031,1,24300
316,U260831-00156,UM-TS-016,1,67900
317,U260829-00157,UM-BT-011,1,86800
318,U260829-00157,UM-BT-004,1,59900
319,U260829-00157,UM-BT-011,2,78600
320,U260824-00158,UM-AC-007,1,9900
321,U260824-00158,UM-OT-017,2,279400
322,U260824-00158,UM-TS-033,1,36600
323,U260824-00158,UM-BT-011,3,63600
324,U260824-00159,UM-TS-012,3,36100
325,U260530-00160,UM-TS-027,1,85200
326,U260530-00160,UM-TS-011,2,68100
327,U260530-00160,UM-TS-028,1,71000
328,U260110-00161,UM-TS-035,1,18000
329,U260613-00162,UM-BT-018,1,57200
330,U260613-00162,UM-TS-013,2,22700
331,U260613-00162,UM-BT-023,1,112400
332,U251212-00163,UM-BT-004,1,53000
333,U251212-00163,UM-BT-015,1,89300
334,U251212-00163,UM-BT-012,1,50500
335,U240823-00164,UM-BT-007,1,95900
336,U240831-00165,UM-TS-032,1,42200
337,U260208-00166,UM-TS-013,1,21500
338,U230902-00167,UM-OT-022,1,204100
339,U250226-00168,UM-TS-019,1,64100
340,U250226-00168,UM-SH-006,1,245600
341,U250409-00169,UM-TS-013,1,21700
342,U240509-00170,UM-BT-025,1,81200
343,U240509-00170,UM-AC-008,3,16300
344,U240509-00170,UM-BT-002,1,71600
345,U240509-00170,UM-TS-019,1,67700
346,U251027-00171,UM-BT-005,1,97600
347,U251027-00171,UM-SH-003,1,174500
348,U241126-00172,UM-BT-010,1,101800
349,U241126-00172,UM-TS-030,1,69200
350,U241126-00172,UM-AC-015,1,47500
351,U231130-00173,UM-AC-015,1,49800
352,U260707-00174,UM-TS-022,1,36300
353,U260707-00174,UM-OT-023,1,360100
354,U260707-00174,UM-OT-024,2,294900
355,U260707-00174,UM-TS-022,1,37600
356,U241126-00175,UM-SH-023,1,102700
357,U250327-00176,UM-BT-007,1,87800
358,U260515-00177,UM-BT-015,1,85400
359,U260515-00177,UM-TS-018,1,64100
360,U260515-00177,UM-BT-021,2,77700
361,U260515-00177,UM-OT-023,1,368600
362,U260515-00177,UM-SH-014,1,97500
363,U241116-00178,UM-SH-002,1,177000
364,U241116-00178,UM-TS-024,2,22500
365,U241116-00178,UM-BT-007,1,98800
366,U260620-00179,UM-BT-007,1,77600
367,U251005-00180,UM-AC-009,1,70100
368,U251005-00180,UM-SH-010,2,150900
369,U250114-00181,UM-SH-022,1,111700
370,U251122-00182,UM-AC-021,1,18200
371,U260605-00183,UM-AC-019,1,63200
372,U260605-00183,UM-TS-003,1,64400
373,U260530-00184,UM-TS-007,1,49700
374,U250910-00185,UM-OT-008,1,274300
375,U250910-00185,UM-BT-008,1,64300
376,U250910-00185,UM-TS-013,1,17900
377,U250910-00185,UM-TS-013,1,18200
378,U231115-00186,UM-TS-007,1,44800
379,U231115-00186,UM-BT-013,1,103900
380,U241213-00187,UM-TS-003,1,63100
381,U241213-00187,UM-BT-013,2,92000
382,U251222-00188,UM-AC-012,1,39700
383,U260115-00189,UM-SH-016,1,137700
384,U260115-00189,UM-OT-007,1,95700
385,U241216-00190,UM-SH-019,1,178500
386,U241216-00190,UM-TS-024,1,23500
387,U260831-00191,UM-OT-026,1,108500
388,U260831-00191,UM-TS-031,1,25200
389,U260324-00192,UM-SH-005,1,76400
390,U260324-00192,UM-OT-013,1,156500
391,U260324-00192,UM-TS-017,1,50200
392,U250722-00193,UM-OT-008,1,264000
393,U240730-00194,UM-TS-024,1,22200
394,U260901-00195,UM-TS-008,1,63800
395,U260819-00196,UM-AC-003,1,15300
396,U260819-00196,UM-AC-014,1,22500
397,U260819-00196,UM-BT-022,1,70800
398,U260807-00197,UM-OT-024,3,285000
399,U260122-00198,UM-BT-010,1,97900
400,U260122-00198,UM-TS-013,1,21300
401,U260423-00199,UM-SH-001,2,124000
402,U260423-00199,UM-TS-019,1,82200
403,U260423-00199,UM-BT-020,1,66800
404,U260423-00199,UM-BT-009,1,53800
405,U260808-00200,UM-BT-013,1,125600
406,U260808-00200,UM-AC-027,2,57100
407,U260808-00200,UM-TS-015,2,17700
408,U231025-00201,UM-BT-005,1,98500
409,U231025-00201,UM-TS-017,1,50800
410,U231026-00202,UM-TS-032,1,38100
411,U231026-00202,UM-TS-006,1,63100
412,U250920-00203,UM-TS-016,1,61800
413,U250920-00203,UM-BT-014,1,61800
414,U250920-00203,UM-AC-021,1,24600
415,U231103-00204,UM-OT-021,1,114500
416,U241104-00205,UM-OT-019,1,166100
417,U241104-00205,UM-BT-013,1,100200
418,U241104-00205,UM-AC-013,2,39300
419,U240529-00206,UM-BT-011,1,85800
420,U240529-00206,UM-AC-029,1,10400
421,U240529-00206,UM-AC-028,1,37700
422,U260424-00207,UM-SH-016,1,144400
423,U260424-00207,UM-BT-012,1,53500
424,U260424-00207,UM-TS-004,1,45400
425,U241231-00208,UM-SH-021,2,189700
426,U260531-00209,UM-TS-017,2,44800
427,U260407-00210,UM-BT-012,1,52900
428,U260118-00211,UM-BT-009,1,56100
429,U260902-00212,UM-TS-034,1,62700
430,U260324-00213,UM-BT-025,1,89500
431,U260324-00213,UM-TS-011,1,81400
432,U260324-00213,UM-AC-005,1,32100
433,U260107-00214,UM-TS-018,1,60500
434,U260107-00214,UM-SH-011,2,117400
435,U260107-00214,UM-AC-009,1,62100
436,U260107-00214,UM-SH-014,1,92300
437,U260107-00214,UM-TS-018,1,74100
438,U260119-00215,UM-TS-011,1,78000
439,U260323-00216,UM-TS-026,1,33300
440,U260323-00216,UM-SH-018,1,184000
441,U260323-00216,UM-OT-016,1,131000
442,U260731-00217,UM-BT-018,1,67200
443,U260813-00218,UM-OT-017,1,256800
444,U260813-00218,UM-AC-013,1,45100
445,U260813-00218,UM-AC-009,1,69700
446,U260621-00219,UM-TS-025,1,56600
447,U260621-00219,UM-OT-012,1,211300
448,U260315-00220,UM-SH-021,1,144900
449,U260828-00221,UM-SH-009,2,120100
450,U260611-00222,UM-BT-013,1,91500
451,U260430-00223,UM-AC-002,1,84400
452,U260430-00223,UM-TS-032,1,36000
453,U260430-00223,UM-BT-020,2,74400
454,U260829-00224,UM-TS-015,1,17900
455,U260829-00224,UM-BT-013,1,125300
456,U260710-00225,UM-TS-035,1,16300
457,U260710-00225,UM-BT-003,1,57400
458,U260429-00226,UM-TS-011,1,84700
459,U260429-00226,UM-AC-016,1,32800
460,U260810-00227,UM-TS-015,1,17400
461,U260810-00227,UM-BT-014,1,61400
462,U260706-00228,UM-AC-010,1,61100
463,U260706-00228,UM-TS-003,1,78300
464,U260810-00229,UM-AC-017,1,30300
465,U260810-00229,UM-AC-020,1,62600
466,U260810-00229,UM-AC-010,1,48300
467,U260810-00229,UM-AC-003,1,12000
468,U260716-00230,UM-OT-001,2,358000
469,U260716-00230,UM-SH-001,1,118900
470,U260820-00231,UM-TS-028,1,67500
471,U260820-00231,UM-SH-010,2,138200
472,U260820-00231,UM-AC-019,1,53300
473,U260602-00232,UM-OT-004,1,183700
474,U260427-00233,UM-TS-003,1,72800
475,U260427-00233,UM-TS-022,2,39400
476,U260708-00234,UM-OT-011,1,61000
477,U260708-00234,UM-TS-007,2,50000
478,U260614-00235,UM-SH-023,1,86800
479,U260614-00235,UM-BT-013,1,114100
480,U250927-00236,UM-OT-009,1,349700
481,U260422-00237,UM-SH-005,1,69600
482,U260422-00237,UM-TS-026,1,36400
483,U260422-00237,UM-TS-010,1,27900
484,U260422-00237,UM-OT-009,1,255000
485,U260422-00237,UM-SH-014,1,95800
486,U260813-00238,UM-BT-002,1,72700
487,U260619-00239,UM-SH-008,1,203100
488,U260619-00239,UM-AC-023,1,66300
489,U260619-00239,UM-TS-028,1,69400
490,U260608-00240,UM-TS-006,1,82600
491,U260619-00241,UM-BT-020,1,86100
492,U260619-00241,UM-TS-004,1,39800
493,U260619-00241,UM-TS-021,1,47700
494,U260709-00242,UM-BT-005,1,83300
495,U260819-00243,UM-AC-018,1,39500
496,U260819-00243,UM-TS-013,2,23000
497,U260814-00244,UM-TS-016,1,64800
498,U260814-00244,UM-BT-007,1,97700
499,U260814-00244,UM-TS-011,3,74100
500,U260814-00244,UM-TS-026,1,40000
501,U260821-00245,UM-TS-036,1,49900
502,U260325-00246,UM-BT-017,1,38900
503,U260325-00246,UM-BT-008,2,85300
504,U260325-00246,UM-TS-022,1,42000
505,U260325-00246,UM-OT-021,1,137900
506,U260504-00247,UM-OT-004,1,234500
507,U260504-00247,UM-TS-013,1,20600
508,U260504-00247,UM-BT-002,1,59700
509,U260525-00248,UM-BT-022,1,58300
510,U260525-00248,UM-BT-006,1,56400
511,U260525-00248,UM-AC-004,3,14900
512,U250504-00249,UM-TS-033,1,40100
513,U250504-00249,UM-BT-014,1,70400
514,U240417-00250,UM-TS-028,1,62700
515,U250916-00251,UM-TS-024,1,22700
516,U250916-00251,UM-TS-033,1,48100
517,U250916-00251,UM-AC-031,1,68300
518,U250916-00251,UM-TS-012,1,45300
519,U250207-00252,UM-BT-009,1,58100
520,U250207-00252,UM-SH-003,1,205400
521,U250807-00253,UM-TS-018,2,70800
522,U250526-00254,UM-TS-023,2,25100
523,U250526-00254,UM-BT-008,1,75800
524,U260428-00255,UM-BT-019,2,28800
525,U260428-00255,UM-AC-030,1,10100
526,U250527-00256,UM-BT-005,1,96900
527,U241119-00257,UM-BT-015,1,92600
528,U241119-00257,UM-OT-009,1,279600
529,U250706-00258,UM-TS-028,1,74100
530,U250706-00258,UM-AC-029,1,13100
531,U250706-00258,UM-OT-005,1,171600
532,U251213-00259,UM-SH-007,1,80600
533,U251213-00259,UM-OT-015,1,99300
534,U251213-00259,UM-AC-013,1,45500
535,U251213-00259,UM-BT-025,1,105400
536,U260215-00260,UM-AC-004,1,13600
537,U260409-00261,UM-BT-019,1,34400
538,U260324-00262,UM-SH-020,1,168900
539,U260711-00263,UM-BT-015,1,80400
540,U260722-00264,UM-BT-014,1,53200
541,U260812-00265,UM-SH-012,1,162900
542,U260812-00265,UM-BT-023,1,80500
543,U260812-00265,UM-AC-015,2,56900
544,U260812-00265,UM-OT-008,1,218800
545,U260812-00265,UM-BT-005,3,96500
546,U260819-00266,UM-BT-017,1,32100
547,U260826-00267,UM-AC-009,1,64400
548,U260810-00268,UM-BT-018,1,71000
549,U260810-00268,UM-TS-036,1,44400
550,U260816-00269,UM-OT-022,2,201000
551,U260816-00269,UM-OT-019,1,203300
552,U260816-00269,UM-SH-012,1,159400
553,U260724-00270,UM-BT-021,1,89900
554,U260724-00270,UM-BT-018,3,65600
555,U260826-00271,UM-SH-008,3,156700
556,U260724-00272,UM-TS-003,1,76000
557,U260724-00272,UM-BT-007,1,97700
558,U260724-00272,UM-SH-004,2,110300
559,U251210-00273,UM-TS-016,1,74500
560,U231220-00274,UM-BT-012,1,52500
561,U260824-00275,UM-SH-015,1,83200
562,U260824-00275,UM-TS-036,2,39900
563,U260824-00275,UM-AC-021,1,21500
564,U260822-00276,UM-SH-013,1,200300
565,U260820-00277,UM-OT-015,1,86000
566,U260820-00277,UM-BT-002,1,55000
567,U260829-00278,UM-OT-007,1,102000
568,U260829-00278,UM-TS-006,1,83700
569,U260829-00278,UM-SH-021,3,177100
570,U260829-00278,UM-TS-001,1,37600
571,U260303-00279,UM-TS-007,1,45600
572,U260303-00279,UM-BT-004,2,44900
573,U260303-00279,UM-AC-009,1,57700
574,U260528-00280,UM-TS-018,1,72700
575,U240807-00281,UM-BT-006,1,58900
576,U240807-00281,UM-SH-016,2,142600
577,U260729-00282,UM-BT-017,1,34400
578,U260729-00282,UM-SH-017,1,136600
579,U260729-00282,UM-SH-011,2,145100
580,U260729-00282,UM-SH-011,1,123000
581,U260720-00283,UM-BT-018,1,64700
582,U260720-00283,UM-AC-015,1,61100
583,U260720-00283,UM-SH-003,1,152100
584,U260623-00284,UM-TS-012,1,40900
585,U260623-00284,UM-BT-025,1,110300
586,U260530-00285,UM-OT-017,1,291000
587,U260704-00286,UM-SH-023,2,80000
588,U260704-00286,UM-TS-003,1,65800
589,U260718-00287,UM-BT-023,2,94800
590,U241122-00288,UM-BT-015,1,85000
591,U240922-00289,UM-BT-004,1,46700
592,U240922-00289,UM-BT-008,1,79100
593,U240922-00289,UM-TS-037,2,30000
594,U240722-00290,UM-AC-023,1,67000
595,U240719-00291,UM-TS-009,1,50500
596,U240719-00291,UM-TS-036,2,44000
597,U260618-00292,UM-SH-020,1,169900
598,U260618-00292,UM-TS-011,1,74900
599,U250817-00293,UM-BT-018,1,67300
600,U240923-00294,UM-TS-037,1,28500
601,U240923-00294,UM-SH-018,1,216500
602,U240923-00294,UM-TS-029,1,40600
603,U240429-00295,UM-SH-008,1,204600
604,U240429-00295,UM-TS-032,1,31900
605,U250910-00296,UM-OT-014,1,171300
606,U250910-00296,UM-OT-002,2,258700
607,U250910-00296,UM-BT-004,1,54200
608,U260411-00297,UM-BT-025,1,86100
609,U260411-00297,UM-SH-020,2,206700
610,U250121-00298,UM-SH-006,1,215200
611,U250327-00299,UM-TS-022,1,44700
612,U250327-00299,UM-TS-008,1,53700
613,U250327-00299,UM-OT-009,1,275800
614,U240612-00300,UM-TS-013,2,22300
615,U251129-00301,UM-TS-016,1,73000
616,U251129-00301,UM-BT-015,1,100200
617,U251129-00301,UM-TS-037,2,25100
618,U260823-00302,UM-BT-009,1,54700
619,U260823-00302,UM-TS-009,1,61200
620,U260823-00302,UM-SH-016,2,116600
621,U260823-00302,UM-AC-012,1,45300
622,U260828-00303,UM-AC-002,1,85700
623,U260828-00303,UM-BT-018,1,57600
624,U260829-00304,UM-OT-010,1,170900
625,U260829-00304,UM-TS-007,1,36700
626,U260829-00304,UM-TS-013,2,21600
627,U260829-00304,UM-SH-012,1,182400
628,U260902-00305,UM-TS-030,1,75800
629,U260823-00306,UM-BT-021,1,67700
630,U260823-00306,UM-TS-022,1,36200
631,U240530-00307,UM-TS-029,1,50700
632,U260529-00308,UM-OT-001,1,331100
633,U260602-00309,UM-OT-018,1,314500
634,U260602-00309,UM-BT-015,1,89400
635,U260614-00310,UM-OT-012,1,206500
636,U260614-00310,UM-TS-015,1,19000
637,U260812-00311,UM-TS-033,1,51500
638,U260812-00311,UM-TS-019,1,84000
639,U260519-00312,UM-BT-007,1,103100
640,U260519-00312,UM-AC-012,1,51700
641,U260519-00312,UM-BT-022,1,79300
642,U260312-00313,UM-TS-016,1,70900
643,U260312-00313,UM-TS-004,1,40200
644,U260417-00314,UM-TS-018,1,81100
645,U260417-00314,UM-OT-002,1,280100
646,U260417-00314,UM-BT-001,1,37900
647,U260816-00315,UM-BT-020,1,73500
648,U260816-00315,UM-OT-017,1,299000
649,U260816-00315,UM-TS-020,1,39700
650,U260816-00315,UM-BT-018,1,78000
651,U260610-00316,UM-SH-008,1,188700
652,U260317-00317,UM-TS-006,1,64100
653,U260426-00318,UM-TS-033,1,40300
654,U260426-00318,UM-SH-018,1,178200
655,U260426-00318,UM-AC-012,1,46700
656,U260527-00319,UM-AC-006,1,24900
657,U250930-00320,UM-TS-035,1,18500
658,U250930-00320,UM-AC-024,1,51400
659,U250612-00321,UM-AC-002,1,61400
660,U260101-00322,UM-BT-005,1,115800
661,U250124-00323,UM-BT-014,1,70800
662,U251104-00324,UM-TS-002,1,34300
663,U250612-00325,UM-BT-025,1,89900
664,U251024-00326,UM-SH-007,2,91400
665,U251024-00326,UM-SH-008,2,153800
666,U251024-00326,UM-BT-003,1,62700
667,U251024-00326,UM-BT-005,1,85100
668,U240616-00327,UM-TS-025,1,61500
669,U240616-00327,UM-OT-008,1,212500
670,U240616-00327,UM-TS-028,1,72600
671,U240616-00327,UM-OT-019,2,186900
672,U250829-00328,UM-TS-021,1,46200
673,U250829-00328,UM-OT-015,2,111000
674,U250829-00328,UM-TS-033,1,48300
675,U250829-00328,UM-TS-013,1,22900
676,U250829-00328,UM-BT-016,1,106600
677,U260811-00329,UM-SH-008,1,173600
678,U260508-00330,UM-TS-003,1,67000
679,U260508-00330,UM-TS-024,1,25500
680,U260415-00331,UM-BT-003,2,67800
681,U250123-00332,UM-TS-022,1,37700
682,U250114-00333,UM-AC-026,1,61000
683,U250114-00333,UM-TS-015,1,19100
684,U250114-00333,UM-TS-008,1,58400
685,U250902-00334,UM-BT-013,1,117100
686,U250902-00334,UM-SH-012,1,176400
687,U250902-00334,UM-AC-011,1,67400
688,U260628-00335,UM-BT-004,3,56500
689,U260628-00335,UM-BT-020,1,75300
690,U260628-00335,UM-SH-024,1,112500
691,U260628-00335,UM-SH-018,1,187400
692,U260628-00335,UM-OT-006,1,230500
693,U260801-00336,UM-SH-020,1,226200
694,U260801-00336,UM-BT-011,1,75900
695,U250503-00337,UM-BT-002,1,68400
696,U250325-00338,UM-BT-007,1,85100
697,U250325-00338,UM-OT-026,1,114900
698,U260704-00339,UM-BT-020,1,91500
699,U260704-00339,UM-TS-004,3,40200
700,U250630-00340,UM-BT-013,1,105300
701,U250418-00341,UM-AC-017,1,22800
702,U250418-00341,UM-OT-015,1,92000
703,U250418-00341,UM-OT-008,1,236100
704,U241030-00342,UM-SH-012,1,155100
705,U260902-00343,UM-SH-022,3,112300
706,U260902-00343,UM-OT-025,1,317500
707,U260902-00344,UM-TS-010,1,29500
708,U260828-00345,UM-BT-024,1,37800
709,U260828-00345,UM-TS-023,2,28700
710,U260623-00346,UM-AC-005,1,33500
711,U260623-00346,UM-OT-010,1,173700
712,U260716-00347,UM-OT-013,1,138200
713,U260716-00347,UM-TS-015,3,16000
714,U260716-00347,UM-AC-024,1,47200
715,U260103-00348,UM-AC-018,2,43900
716,U260103-00348,UM-BT-004,1,57600
717,U260103-00348,UM-OT-021,1,138400
718,U260102-00349,UM-AC-029,1,10700
719,U241103-00350,UM-TS-006,1,77900
720,U241103-00350,UM-BT-003,1,52700
721,U241103-00350,UM-AC-014,1,30700
722,U241103-00350,UM-OT-017,1,281800
723,U241103-00350,UM-TS-030,1,69500
724,U260730-00351,UM-TS-035,1,21900
725,U260730-00351,UM-TS-026,1,40900
726,U260526-00352,UM-AC-004,1,12200
727,U260526-00352,UM-TS-028,1,79100
728,U260526-00352,UM-AC-010,1,51500
729,U260512-00353,UM-TS-023,1,23900
730,U240824-00354,UM-TS-029,1,40600
731,U240824-00354,UM-TS-005,1,40100
732,U240611-00355,UM-TS-028,1,76800
733,U240611-00355,UM-OT-006,2,246400
734,U240611-00355,UM-AC-011,1,70600
735,U240429-00356,UM-BT-008,3,84100
736,U231119-00357,UM-TS-005,1,46200
737,U231119-00357,UM-TS-027,1,76300
738,U260811-00358,UM-SH-022,1,104200
739,U260811-00358,UM-BT-015,2,102500
740,U260523-00359,UM-TS-032,1,39900
741,U260523-00359,UM-TS-026,1,42300
742,U260523-00359,UM-SH-004,1,91000
743,U260630-00360,UM-OT-003,1,242300
744,U260424-00361,UM-TS-026,1,32800
745,U260706-00362,UM-TS-025,2,48400
746,U260706-00362,UM-TS-006,2,63200
747,U241031-00363,UM-OT-003,1,240200
748,U260610-00364,UM-TS-023,1,22800
749,U260610-00364,UM-OT-007,1,100800
750,U250724-00365,UM-AC-022,1,15400
751,U250724-00366,UM-BT-013,1,119500
752,U250724-00366,UM-OT-011,1,73500
753,U260223-00367,UM-TS-024,3,18700
754,U251103-00368,UM-TS-007,1,44500
755,U240727-00369,UM-TS-034,1,50500
756,U240727-00369,UM-BT-007,1,96400
757,U240727-00369,UM-SH-023,1,108300
758,U240604-00370,UM-AC-021,2,20800
759,U240604-00370,UM-TS-032,1,34900
760,U240827-00371,UM-TS-036,1,52700
761,U240827-00371,UM-SH-013,1,161500
762,U251211-00372,UM-TS-003,3,71500
763,U251211-00372,UM-TS-021,2,47900
764,U230710-00373,UM-SH-023,1,77300
765,U230710-00373,UM-BT-004,1,43800
766,U230710-00373,UM-SH-023,3,102700
767,U230710-00373,UM-TS-034,1,65200
768,U240810-00374,UM-TS-002,1,35700
769,U241223-00375,UM-TS-005,1,43800
770,U250406-00376,UM-TS-033,2,44900
771,U260610-00377,UM-TS-006,1,67900
772,U260610-00377,UM-SH-012,1,186700
773,U260419-00378,UM-SH-013,2,178100
774,U260419-00378,UM-OT-008,1,200300
775,U260708-00379,UM-BT-013,1,104700
776,U260712-00380,UM-OT-015,1,87200
777,U260712-00380,UM-TS-020,1,41400
778,U260627-00381,UM-AC-030,2,13900
779,U260627-00381,UM-TS-036,1,37200
780,U260409-00382,UM-TS-027,1,82700
781,U260409-00382,UM-AC-008,1,15000
782,U260409-00382,UM-SH-015,1,81400
783,U260803-00383,UM-BT-024,1,50600
784,U260221-00384,UM-AC-026,1,50700
785,U260425-00385,UM-BT-022,1,71700
786,U260425-00385,UM-SH-008,1,200000
787,U260425-00385,UM-AC-025,2,82600
788,U260325-00386,UM-TS-031,1,29500
789,U260423-00387,UM-BT-013,1,97400
790,U260423-00387,UM-SH-015,1,84800
791,U260423-00387,UM-BT-013,1,93000
792,U260423-00387,UM-AC-030,1,13500
793,U260601-00388,UM-TS-011,1,87000
794,U260329-00389,UM-TS-017,1,56600
795,U260329-00389,UM-BT-009,1,63800
796,U260329-00389,UM-BT-020,1,83200
797,U260424-00390,UM-BT-002,1,73900
798,U260616-00391,UM-AC-022,1,18600
799,U260616-00391,UM-SH-009,1,147200
800,U260620-00392,UM-AC-015,1,62300
801,U260801-00393,UM-OT-020,1,183600
802,U260810-00394,UM-BT-023,2,90600
803,U260418-00395,UM-TS-030,1,81600
804,U260418-00395,UM-TS-007,1,40600
805,U260817-00396,UM-OT-007,1,82500
806,U260201-00397,UM-AC-003,1,12000
807,U260201-00397,UM-AC-023,1,70400
808,U260603-00398,UM-AC-013,1,48800
809,U260603-00398,UM-TS-019,1,86100
810,U260114-00399,UM-BT-025,1,83900
811,U260114-00399,UM-BT-018,1,75600
812,U260114-00399,UM-AC-010,1,47100
813,U260114-00399,UM-BT-006,1,47200
814,U260830-00400,UM-TS-003,1,72400
815,U260830-00400,UM-BT-010,1,110300
816,U250416-00401,UM-SH-007,1,93000
817,U250416-00401,UM-BT-007,1,81300
818,U250123-00402,UM-TS-010,1,31700
819,U250123-00402,UM-BT-008,1,85200
820,U250123-00402,UM-TS-023,1,28500
821,U250503-00403,UM-BT-018,1,76000
822,U260522-00404,UM-TS-009,1,58300
823,U250828-00405,UM-TS-033,2,51200
824,U251116-00406,UM-AC-009,1,54700
825,U250625-00407,UM-AC-016,2,35500
826,U250625-00407,UM-TS-029,1,41400
827,U260721-00408,UM-BT-024,1,51600
828,U260721-00408,UM-OT-013,3,154300
829,U260721-00408,UM-BT-010,2,93400
830,U260721-00408,UM-AC-015,1,45700
831,U260414-00409,UM-BT-012,1,48800
832,U251226-00410,UM-TS-026,1,36000
833,U251020-00411,UM-TS-021,1,39300
834,U251020-00411,UM-BT-001,1,38700
835,U251020-00411,UM-TS-027,3,80900
836,U251020-00411,UM-TS-027,1,65600
837,U260808-00412,UM-SH-017,1,160500
838,U260808-00412,UM-BT-015,3,87400
839,U250208-00413,UM-SH-023,2,84300
840,U231209-00414,UM-AC-004,1,12500
841,U240728-00415,UM-AC-028,1,44100
842,U241016-00416,UM-TS-003,2,77300
843,U241016-00416,UM-TS-036,1,52500
844,U241016-00416,UM-TS-013,1,19000
845,U240119-00417,UM-OT-025,1,323100
846,U240119-00417,UM-TS-036,1,42400
847,U240919-00418,UM-BT-020,1,65800
848,U251223-00419,UM-TS-001,1,41900
849,U231009-00420,UM-AC-012,1,51500
850,U231009-00420,UM-OT-020,1,133600
851,U240222-00421,UM-BT-001,1,41700
852,U240222-00421,UM-BT-014,1,70800
853,U260218-00422,UM-OT-022,1,253400
854,U260218-00422,UM-TS-023,1,26400
855,U260813-00423,UM-AC-019,2,52900
856,U260813-00423,UM-OT-023,1,366600
857,U260813-00423,UM-AC-027,1,62200
858,U260813-00423,UM-SH-010,1,183700
859,U260813-00423,UM-OT-023,1,365900
860,U251218-00424,UM-BT-007,1,93300
861,U260317-00425,UM-TS-016,1,71500
862,U260828-00426,UM-TS-037,3,26600
863,U260828-00426,UM-SH-011,1,146400
864,U260828-00426,UM-SH-006,1,213100
865,U260828-00426,UM-AC-017,1,23700
866,U260828-00426,UM-BT-022,2,69000
867,U260202-00427,UM-BT-012,1,60400
868,U240820-00428,UM-OT-008,2,262600
869,U260705-00429,UM-BT-014,1,70900
870,U260705-00429,UM-TS-002,1,31600
871,U260708-00430,UM-BT-013,1,110400
872,U260708-00430,UM-AC-027,1,62300
873,U260818-00431,UM-AC-029,1,9900
874,U240920-00432,UM-OT-020,1,166700
875,U230915-00433,UM-TS-036,1,44800
876,U250723-00434,UM-AC-017,1,21900
877,U251209-00435,UM-TS-018,1,78600
878,U251005-00436,UM-AC-011,1,76500
879,U251005-00436,UM-BT-012,2,60900
880,U251005-00436,UM-TS-021,1,40200
881,U251005-00437,UM-TS-012,3,41400
882,U251005-00437,UM-AC-004,1,12700
883,U240521-00438,UM-TS-033,1,46200
884,U240521-00438,UM-TS-024,1,25300
885,U250409-00439,UM-TS-005,1,47200
886,U260429-00440,UM-SH-010,1,147800
887,U260429-00440,UM-TS-024,1,20700
888,U250315-00441,UM-BT-007,1,77900
889,U250315-00441,UM-BT-001,1,44900
890,U260610-00442,UM-TS-014,1,50800
891,U260610-00442,UM-SH-005,1,86300
892,U260610-00442,UM-BT-021,1,87200
893,U260901-00443,UM-SH-020,2,196700
894,U260901-00443,UM-SH-023,1,84700
895,U260901-00443,UM-TS-016,1,78700
896,U260813-00444,UM-AC-029,1,10900
897,U240918-00445,UM-BT-024,1,39900
898,U240918-00445,UM-BT-007,1,86100
899,U260712-00446,UM-SH-013,1,213800
900,U260712-00446,UM-BT-009,1,63700
901,U230706-00447,UM-SH-015,2,88800
902,U230920-00448,UM-TS-033,1,38200
903,U230920-00448,UM-AC-002,1,76800
904,U250831-00449,UM-TS-020,1,34700
905,U250831-00449,UM-TS-016,1,64400
906,U250724-00450,UM-AC-016,1,35800
907,U250724-00450,UM-BT-002,1,69800
908,U260629-00451,UM-TS-010,1,28900
909,U260629-00451,UM-TS-033,1,43000
910,U260610-00452,UM-TS-016,1,67600
911,U260610-00452,UM-TS-024,1,18200
912,U260818-00453,UM-AC-009,1,60700
913,U260715-00454,UM-BT-004,1,52600
914,U260810-00455,UM-TS-018,1,74600
915,U260810-00455,UM-AC-002,1,68200
916,U260116-00456,UM-SH-022,1,137800
917,U241118-00457,UM-OT-002,1,342400
918,U241118-00457,UM-OT-011,1,81500
919,U241118-00457,UM-OT-020,3,151900
920,U241118-00457,UM-AC-030,1,10900
921,U241118-00457,UM-TS-030,1,63900
922,U241121-00458,UM-BT-024,1,49600
923,U241121-00458,UM-SH-007,1,98200
924,U251208-00459,UM-OT-011,1,71800
925,U251208-00459,UM-TS-017,1,46500
926,U251208-00459,UM-TS-018,1,64600
927,U260119-00460,UM-OT-009,1,340900
928,U260119-00460,UM-AC-031,1,62400
929,U260119-00460,UM-AC-009,1,72400
930,U260119-00460,UM-AC-005,1,28200
931,U260818-00461,UM-TS-017,1,55200
932,U260818-00461,UM-BT-015,1,90100
933,U260818-00461,UM-TS-016,1,74600
934,U260818-00461,UM-AC-025,1,75900
935,U260705-00462,UM-AC-002,1,79100
936,U260705-00462,UM-BT-022,1,59700
937,U260705-00462,UM-BT-004,1,43400
938,U260705-00462,UM-BT-001,1,44200
939,U260727-00463,UM-TS-008,1,53800
940,U231019-00464,UM-AC-003,1,15800
941,U231019-00464,UM-TS-015,1,17200
942,U231019-00464,UM-BT-012,1,58100
943,U231019-00464,UM-BT-014,1,55000
944,U250604-00465,UM-AC-019,1,52700
945,U250604-00465,UM-OT-019,1,188500
946,U250604-00465,UM-SH-010,1,155600
947,U240419-00466,UM-SH-011,1,139700
948,U250623-00467,UM-BT-022,1,71400
949,U250109-00468,UM-BT-003,3,53100
950,U250706-00469,UM-TS-028,1,79200
951,U240818-00470,UM-BT-022,2,73500
952,U260103-00471,UM-SH-010,1,153800
953,U260103-00471,UM-SH-015,1,82100
954,U260103-00471,UM-TS-004,1,47000
955,U260103-00471,UM-TS-034,1,62900
956,U260103-00471,UM-SH-012,2,149000
957,U260520-00472,UM-TS-027,1,77600
958,U260125-00473,UM-OT-017,2,314900
959,U260125-00473,UM-TS-015,1,19800
960,U260227-00474,UM-AC-010,1,45600
961,U251231-00475,UM-SH-016,1,143100
962,U260315-00476,UM-TS-026,1,43300
963,U251201-00477,UM-TS-020,1,41800
964,U251029-00478,UM-BT-011,1,68800
965,U250302-00479,UM-SH-003,1,147100
966,U250302-00479,UM-TS-012,1,47000
967,U251223-00480,UM-OT-003,1,260000
968,U251127-00481,UM-OT-015,1,87700
969,U260815-00482,UM-SH-007,2,102900
970,U260815-00482,UM-BT-021,1,89900
971,U260815-00482,UM-BT-017,1,41700
972,U260815-00482,UM-AC-028,1,39000
973,U260416-00483,UM-SH-012,1,180000
974,U260416-00483,UM-BT-010,1,109900
975,U260619-00484,UM-AC-031,1,73200
976,U260619-00484,UM-OT-018,1,336500
977,U260519-00485,UM-TS-034,1,63200
978,U260519-00485,UM-BT-005,1,112200
979,U260706-00486,UM-BT-020,1,89000
980,U260706-00486,UM-OT-014,1,146800
981,U260210-00487,UM-TS-014,1,47600
982,U260405-00488,UM-SH-018,1,240400
983,U251229-00489,UM-TS-022,1,35100
984,U251229-00489,UM-BT-009,1,60500
985,U251229-00489,UM-TS-001,1,37000
986,U260411-00490,UM-TS-004,1,48300
987,U260411-00490,UM-TS-019,1,73100
988,U260411-00490,UM-TS-030,1,70100
989,U260411-00490,UM-AC-004,2,13500
990,U260831-00491,UM-SH-023,3,93700
991,U260831-00491,UM-AC-011,1,64900
992,U260508-00492,UM-AC-020,1,75300
993,U260508-00492,UM-AC-015,1,60200
994,U251102-00493,UM-SH-010,1,154600
995,U251102-00493,UM-TS-006,1,72600
996,U260112-00494,UM-SH-002,1,218600
997,U260112-00494,UM-BT-016,1,106500
998,U260524-00495,UM-TS-020,1,37300
999,U260101-00496,UM-BT-024,3,39400
1000,U260101-00496,UM-AC-012,1,40400
1001,U260901-00497,UM-TS-008,1,47300
1002,U260901-00497,UM-TS-037,1,25800
1003,U260403-00498,UM-AC-028,1,38700
1004,U260221-00499,UM-TS-014,1,55200
1005,U260221-00499,UM-SH-001,1,98100
1006,U260221-00499,UM-SH-024,1,111700
1007,U260612-00500,UM-BT-004,1,60000
1008,U260612-00500,UM-SH-004,1,113900
1009,U260612-00500,UM-TS-023,1,26000
1010,U260612-00500,UM-TS-037,1,30000
1011,U260127-00501,UM-AC-028,1,38400
1012,U260127-00501,UM-TS-032,1,38500
1013,U260127-00501,UM-TS-028,2,72200
1014,U260414-00502,UM-TS-034,1,65800
1015,U250831-00503,UM-SH-010,1,136000
1016,U260720-00504,UM-TS-005,2,36300
1017,U250903-00505,UM-SH-018,1,238000
1018,U250903-00505,UM-TS-035,2,17200
1019,U250806-00506,UM-BT-003,1,58900
1020,U251127-00507,UM-TS-031,1,27800
1021,U260327-00508,UM-SH-005,3,64700
1022,U250228-00509,UM-OT-001,1,305600
1023,U250816-00510,UM-OT-002,1,300800
1024,U260727-00511,UM-TS-032,1,34200
1025,U260727-00511,UM-BT-002,1,71200
1026,U250712-00512,UM-SH-022,1,145600
1027,U260529-00513,UM-TS-023,1,28600
1028,U260529-00513,UM-TS-018,1,61800
1029,U250806-00514,UM-OT-020,1,144500
1030,U250806-00514,UM-TS-020,1,43500
1031,U250707-00515,UM-SH-005,2,66400
1032,U250707-00515,UM-TS-009,1,51700
1033,U250707-00515,UM-TS-020,1,43100
1034,U250604-00516,UM-SH-006,1,202100
1035,U250604-00516,UM-BT-010,1,101200
1036,U250604-00516,UM-OT-008,1,253600
1037,U250604-00516,UM-BT-020,1,86600
1038,U260708-00517,UM-BT-018,2,58000
1039,U260708-00517,UM-AC-002,1,84000
1040,U260708-00517,UM-BT-005,1,95000
1041,U260708-00517,UM-BT-017,2,41100
1042,U260223-00518,UM-AC-029,1,11200
1043,U260519-00519,UM-TS-008,1,63900
1044,U260315-00520,UM-AC-027,2,59700
1045,U260617-00521,UM-TS-002,1,34200
1046,U260419-00522,UM-TS-023,1,25300
1047,U260902-00523,UM-SH-004,1,111200
1048,U260902-00523,UM-TS-012,1,39200
1049,U250216-00524,UM-SH-005,1,74300
1050,U250216-00524,UM-SH-022,1,138700
1051,U250825-00525,UM-BT-006,2,64200
1052,U250825-00525,UM-BT-006,1,50300
1053,U250825-00525,UM-BT-023,2,111700
1054,U260210-00526,UM-BT-002,1,56100
1055,U260307-00527,UM-SH-021,1,152500
1056,U260307-00527,UM-BT-002,1,61200
1057,U260514-00528,UM-AC-002,1,73400
1058,U260514-00528,UM-BT-011,1,74100
1059,U260204-00529,UM-TS-037,1,31400
1060,U260204-00529,UM-OT-021,1,128000
1061,U260823-00530,UM-SH-016,1,140500
1062,U260823-00530,UM-AC-008,1,15000
1063,U260526-00531,UM-BT-020,1,83500
1064,U260308-00532,UM-BT-001,3,35900
1065,U251004-00533,UM-AC-016,1,31300
1066,U250728-00534,UM-AC-025,1,78700
1067,U250728-00534,UM-AC-031,1,58800
1068,U250728-00534,UM-BT-023,3,86400
1069,U250728-00534,UM-TS-024,1,18700
1070,U240307-00535,UM-TS-019,1,81900
1071,U260129-00536,UM-OT-001,1,267500
1072,U260424-00537,UM-SH-013,3,176300
1073,U260424-00537,UM-OT-002,2,286500
1074,U260424-00537,UM-TS-028,1,64600
1075,U260424-00537,UM-OT-009,1,280100
1076,U260424-00537,UM-AC-027,1,66800
1077,U250709-00538,UM-BT-011,2,65500
1078,U250618-00539,UM-SH-010,1,175600
1079,U250618-00539,UM-AC-016,1,28000
1080,U250720-00540,UM-TS-019,1,80500
1081,U250720-00540,UM-BT-003,1,52600
1082,U260702-00541,UM-SH-003,1,151800
1083,U260702-00541,UM-SH-014,1,86400
1084,U260815-00542,UM-BT-010,1,100900
1085,U260224-00543,UM-AC-008,1,16700
1086,U260328-00544,UM-BT-003,1,56500
1087,U260720-00545,UM-AC-012,1,47100
1088,U260827-00546,UM-BT-001,1,41400
1089,U240703-00547,UM-BT-008,2,70700
1090,U250511-00548,UM-BT-005,1,109400
1091,U250511-00548,UM-TS-034,1,62200
1092,U250511-00548,UM-TS-023,1,27600
1093,U260417-00549,UM-OT-020,1,141900
1094,U250131-00550,UM-TS-006,2,66700
1095,U250131-00550,UM-TS-007,1,36500
1096,U260129-00551,UM-TS-019,1,63600
1097,U260129-00551,UM-AC-021,1,23200
1098,U260129-00551,UM-SH-003,1,193600
1099,U241101-00552,UM-TS-012,1,38400
1100,U241101-00552,UM-OT-006,1,275000
1101,U241101-00552,UM-BT-014,1,52700
1102,U241101-00552,UM-TS-028,1,72400
1103,U260214-00553,UM-OT-006,1,274400
1104,U260214-00553,UM-OT-011,1,79900
1105,U240702-00554,UM-BT-015,1,80300
1106,U250217-00555,UM-BT-015,1,82500
1107,U240702-00556,UM-OT-018,1,277000
1108,U240702-00556,UM-TS-012,1,44700
1109,U260816-00557,UM-TS-025,3,52000
1110,U260830-00558,UM-TS-032,1,42200
1111,U260805-00559,UM-TS-010,1,31900
1112,U260819-00560,UM-AC-014,2,28100
1113,U260819-00560,UM-TS-008,1,51600
1114,U260826-00561,UM-TS-031,1,26500
1115,U260826-00561,UM-OT-011,1,78700
1116,U260205-00562,UM-TS-022,1,43900
1117,U260828-00563,UM-SH-022,2,137800
1118,U260828-00563,UM-SH-004,1,94200
1119,U260828-00563,UM-TS-024,1,20700
1120,U260828-00563,UM-AC-002,2,83800
1121,U260828-00563,UM-SH-001,1,97200
1122,U260326-00564,UM-OT-009,1,284400
1123,U260318-00565,UM-BT-017,1,43300
1124,U260318-00565,UM-AC-017,1,23500
1125,U260318-00565,UM-SH-008,1,159200
1126,U260318-00565,UM-BT-019,1,35400
1127,U251209-00566,UM-TS-013,1,17700
1128,U251209-00566,UM-BT-020,1,68700
1129,U260804-00567,UM-OT-004,1,176700
1130,U260718-00568,UM-BT-007,1,75600
1131,U260718-00568,UM-BT-025,1,106000
1132,U260718-00568,UM-SH-017,1,128600
1133,U260718-00568,UM-AC-001,1,57700
1134,U260622-00569,UM-BT-023,1,87400
1135,U260622-00569,UM-SH-014,1,86300
1136,U260701-00570,UM-AC-021,1,18300
1137,U260701-00570,UM-TS-012,1,42100
1138,U260701-00570,UM-TS-005,1,41600
1139,U260503-00571,UM-BT-017,1,36800
1140,U260129-00572,UM-TS-014,1,49100
1141,U260129-00572,UM-TS-019,1,82500
1142,U251202-00573,UM-TS-017,1,43700
1143,U251202-00573,UM-TS-014,1,42100
1144,U260530-00574,UM-AC-005,1,37600
1145,U260530-00574,UM-TS-025,2,49700
1146,U260530-00574,UM-AC-028,1,32600
1147,U251212-00575,UM-SH-023,1,108400
1148,U251104-00576,UM-TS-032,1,34700
1149,U251104-00576,UM-SH-004,1,102300
1150,U260809-00577,UM-TS-015,1,18500
1151,U260809-00577,UM-BT-018,2,62100
1152,U250421-00578,UM-BT-010,1,86500
1153,U260629-00579,UM-OT-004,1,243400
1154,U260629-00579,UM-TS-021,1,52100
1155,U260629-00579,UM-TS-027,1,78300
1156,U260629-00579,UM-AC-025,1,62900
1157,U250721-00580,UM-SH-019,1,179700
1158,U250721-00580,UM-SH-002,1,178400
1159,U250721-00580,UM-SH-006,1,200600
1160,U250721-00580,UM-TS-013,1,22900
1161,U260314-00581,UM-TS-033,1,39600
1162,U260314-00581,UM-BT-009,1,63700
1163,U260314-00581,UM-SH-022,1,115900
1164,U240913-00582,UM-BT-003,1,66000
1165,U240913-00582,UM-BT-009,1,61400
1166,U240913-00582,UM-SH-014,1,97400
1167,U250923-00583,UM-OT-018,1,370100
1168,U250923-00583,UM-AC-031,1,54100
1169,U251205-00584,UM-OT-002,1,329000
1170,U260122-00585,UM-OT-001,1,334400
1171,U251211-00586,UM-TS-036,3,43500
1172,U251211-00586,UM-TS-020,1,34200
1173,U241005-00587,UM-TS-007,1,48200
1174,U260726-00588,UM-TS-026,1,34200
1175,U260726-00588,UM-TS-029,2,51000
1176,U251122-00589,UM-TS-022,1,40900
1177,U260306-00590,UM-AC-021,2,22200
1178,U250526-00591,UM-TS-005,1,47200
1179,U250526-00591,UM-TS-022,1,41900
1180,U250526-00591,UM-TS-002,2,35700
1181,U250526-00591,UM-SH-016,2,122000
1182,U250526-00591,UM-TS-012,1,43000
1183,U260615-00592,UM-SH-004,1,101600
1184,U260615-00592,UM-OT-017,1,281100
1185,U260710-00593,UM-AC-002,1,68000
1186,U260710-00593,UM-TS-017,2,56700
1187,U260710-00593,UM-SH-004,2,97300
1188,U260112-00594,UM-TS-021,1,50800
1189,U260112-00594,UM-AC-001,2,53400
1190,U260112-00594,UM-TS-009,1,61500
1191,U260803-00595,UM-TS-037,1,26700
1192,U260803-00595,UM-TS-024,1,24200
1193,U260314-00596,UM-TS-036,1,39700
1194,U260314-00596,UM-TS-005,1,45700
1195,U260314-00596,UM-SH-004,1,87000
1196,U260725-00597,UM-OT-026,1,104600
1197,U260725-00597,UM-AC-027,1,57400
1198,U260310-00598,UM-TS-024,1,18300
1199,U260310-00598,UM-TS-036,3,39400
1200,U260310-00598,UM-OT-018,1,286200
1201,U260310-00598,UM-BT-015,2,92200
1202,U260508-00599,UM-AC-022,1,18100
1203,U260508-00599,UM-SH-021,1,187700
1204,U260508-00599,UM-SH-020,1,194100
1205,U260612-00600,UM-BT-004,1,50600
1206,U260612-00600,UM-SH-017,1,121800
1207,U260612-00600,UM-BT-017,1,31800
1208,U260612-00600,UM-SH-004,1,112300
1209,U250201-00601,UM-AC-001,1,60500
1210,U260526-00602,UM-BT-011,1,82400
1211,U260526-00602,UM-OT-024,1,273300
1212,U260526-00602,UM-OT-004,2,249400
1213,U260805-00603,UM-SH-020,1,202200
1214,U250726-00604,UM-AC-030,1,13700
1215,U250227-00605,UM-SH-003,1,195300
1216,U250227-00605,UM-TS-022,1,44000
1217,U251208-00606,UM-TS-015,1,18400
1218,U251208-00606,UM-OT-005,1,194000
1219,U251222-00607,UM-SH-013,3,182400
1220,U251222-00607,UM-SH-006,1,239800
1221,U251222-00607,UM-OT-010,1,176900
1222,U251222-00607,UM-SH-019,1,176400
1223,U260405-00608,UM-SH-008,2,213400
1224,U260405-00608,UM-SH-015,1,89500
1225,U260807-00609,UM-AC-010,1,50100
1226,U260824-00610,UM-OT-001,2,371000
1227,U260823-00611,UM-TS-010,1,31600
1228,U260823-00611,UM-TS-037,1,28100
1229,U260823-00611,UM-TS-006,1,81800
1230,U260810-00612,UM-TS-003,1,66900
1231,U260811-00613,UM-TS-028,1,81900
1232,U260816-00614,UM-TS-017,1,42700
1233,U260816-00614,UM-OT-024,1,347000
1234,U260827-00615,UM-BT-002,1,71300
1235,U260827-00615,UM-OT-007,1,108600
1236,U260816-00616,UM-BT-012,1,54200
1237,U260816-00616,UM-AC-008,2,13900
1238,U260816-00616,UM-TS-013,1,17500
1239,U260816-00616,UM-OT-017,1,287200
1240,U260802-00617,UM-SH-001,1,91500
1241,U260802-00617,UM-SH-016,3,144200
1242,U260802-00617,UM-OT-026,1,105900
1243,U260802-00617,UM-SH-009,2,131900
1244,U260726-00618,UM-OT-012,1,195900
1245,U260726-00618,UM-BT-017,1,39500
1246,U260829-00619,UM-TS-030,1,75800
1247,U260829-00619,UM-TS-008,3,50200
1248,U260820-00620,UM-TS-026,1,40100
1249,U260820-00620,UM-AC-005,1,31300
1250,U260901-00621,UM-TS-013,1,21800
1251,U260722-00622,UM-TS-030,1,69100
1252,U230427-00623,UM-AC-027,1,66300
1253,U230427-00623,UM-BT-018,1,76000
1254,U230312-00624,UM-SH-004,1,116000
1255,U230823-00625,UM-TS-022,1,44200
1256,U260706-00626,UM-BT-001,1,34400
1257,U260526-00627,UM-BT-014,1,63500
1258,U260526-00627,UM-SH-003,1,154400
1259,U260526-00627,UM-TS-014,1,51700
1260,U240316-00628,UM-BT-023,1,82600
1261,U260106-00629,UM-AC-001,1,59800
1262,U260106-00629,UM-AC-003,3,13200
1263,U260309-00630,UM-SH-023,1,94600
1264,U250731-00631,UM-AC-015,3,59000
1265,U250731-00631,UM-TS-020,1,40200
1266,U241120-00632,UM-OT-016,1,123200
1267,U240407-00633,UM-SH-018,1,226800
1268,U250213-00634,UM-TS-033,1,47100
1269,U250213-00634,UM-BT-010,1,87000
1270,U250213-00634,UM-OT-021,2,123700
1271,U250213-00634,UM-OT-009,1,346400
1272,U260830-00635,UM-TS-018,1,61100
1273,U250419-00636,UM-AC-017,1,27200
1274,U251116-00637,UM-BT-004,3,56100
1275,U240831-00638,UM-OT-018,1,374400
1276,U240831-00638,UM-AC-025,3,65900
1277,U250124-00639,UM-TS-019,1,62100
1278,U250124-00639,UM-AC-014,1,24300
1279,U250124-00639,UM-BT-021,1,66600
1280,U250411-00640,UM-TS-013,1,20600
1281,U260820-00641,UM-TS-017,3,45900
1282,U260318-00642,UM-TS-006,3,60700
1283,U260318-00642,UM-SH-021,1,155300
1284,U260318-00642,UM-OT-017,1,262900
1285,U260825-00643,UM-BT-013,1,120900
1286,U260825-00643,UM-BT-010,1,78100
1287,U260303-00644,UM-TS-031,3,33600
1288,U260829-00645,UM-SH-011,1,115700
1289,U260829-00645,UM-TS-033,1,42800
1290,U260829-00645,UM-AC-005,1,36600
1291,U260318-00646,UM-BT-016,1,106900
1292,U260318-00646,UM-OT-023,1,290700
1293,U260808-00647,UM-TS-017,1,46500
1294,U260808-00647,UM-SH-003,2,203100
1295,U260808-00647,UM-TS-028,1,82300
1296,U260823-00648,UM-BT-017,1,31600
1297,U260823-00648,UM-OT-017,1,247900
1298,U260823-00648,UM-OT-025,2,308700
1299,U260423-00649,UM-TS-001,1,45700
1300,U260713-00650,UM-OT-020,1,180300
1301,U260531-00651,UM-TS-034,2,59300
1302,U260531-00651,UM-OT-008,1,267600
1303,U260531-00651,UM-BT-004,1,46400
1304,U260531-00651,UM-AC-006,1,23700
1305,U260130-00652,UM-BT-008,1,88300
1306,U260228-00653,UM-SH-005,3,84600
1307,U260228-00653,UM-TS-015,1,18000
1308,U260831-00654,UM-TS-010,2,30400
1309,U260831-00654,UM-BT-020,1,84900
1310,U260603-00655,UM-BT-018,1,67100
1311,U260625-00656,UM-SH-008,2,184700
1312,U260705-00657,UM-AC-017,1,28300
1313,U260705-00657,UM-SH-009,1,139000
1314,U260731-00658,UM-BT-012,1,65100
1315,U260718-00659,UM-TS-036,1,47800
1316,U260726-00660,UM-SH-008,1,156800
1317,U260612-00661,UM-BT-020,1,71900
1318,U260614-00662,UM-BT-009,1,62500
1319,U260614-00662,UM-OT-017,1,292600
1320,U260614-00662,UM-AC-030,1,9800
1321,U260706-00663,UM-AC-016,1,26600
1322,U260716-00664,UM-AC-003,2,13000
1323,U260817-00665,UM-OT-018,1,279100
1324,U260718-00666,UM-TS-024,1,24300
1325,U260718-00666,UM-TS-012,1,43400
1326,U260629-00667,UM-TS-034,1,60300
1327,U260610-00668,UM-TS-030,1,60700
1328,U260610-00668,UM-BT-016,1,96500
1329,U260419-00669,UM-OT-021,1,142600
1330,U250127-00670,UM-BT-025,1,108100
1331,U260709-00671,UM-BT-015,1,93900
1332,U260709-00671,UM-OT-015,1,106400
1333,U260709-00671,UM-SH-012,2,199000
1334,U260709-00671,UM-BT-014,1,69000
1335,U260709-00671,UM-BT-016,1,105400
1336,U260525-00672,UM-BT-024,1,48500
1337,U260827-00673,UM-SH-022,2,125200
1338,U260827-00673,UM-SH-011,1,124500
1339,U260827-00673,UM-BT-016,1,106900
1340,U260828-00674,UM-SH-003,1,165600
1341,U260828-00675,UM-TS-030,1,81900
1342,U260828-00676,UM-SH-002,1,174300
1343,U260828-00676,UM-BT-016,1,102100
1344,U260814-00677,UM-BT-017,1,40800
1345,U260814-00677,UM-BT-016,3,108300
1346,U260822-00678,UM-OT-010,2,201300
1347,U260822-00678,UM-SH-008,1,189800
1348,U260822-00678,UM-TS-036,1,50700
1349,U260812-00679,UM-BT-021,3,75500
1350,U260812-00679,UM-OT-016,2,133100
1351,U260812-00679,UM-TS-015,1,16800
1352,U260812-00679,UM-OT-013,2,147500
1353,U260812-00679,UM-TS-019,1,62400
1354,U260819-00680,UM-TS-004,2,44900
1355,U260823-00681,UM-TS-001,1,50400
1356,U260827-00682,UM-SH-021,1,142200
1357,U260826-00683,UM-BT-023,1,103800
1358,U260810-00684,UM-SH-019,2,179900
1359,U260810-00684,UM-BT-002,1,62200
1360,U260810-00684,UM-BT-001,1,41500
1361,U260814-00685,UM-TS-018,1,60600
1362,U260814-00685,UM-TS-016,1,55700
1363,U260901-00686,UM-BT-017,2,41800
1364,U260901-00686,UM-BT-023,1,87800
1365,U260825-00687,UM-AC-007,1,13800
1366,U260813-00688,UM-BT-001,1,36100
1367,U260823-00689,UM-BT-011,2,82600
1368,U260903-00690,UM-AC-012,1,45900
1369,U260901-00691,UM-TS-022,2,37900
1370,U260822-00692,UM-BT-002,1,75600
1371,U260822-00692,UM-TS-012,1,46000
1372,U260822-00692,UM-TS-028,1,86400
1373,U260413-00693,UM-OT-025,1,357600
1374,U260413-00693,UM-OT-025,1,272700
1375,U260418-00694,UM-OT-013,1,136900
1376,U260810-00695,UM-BT-020,1,76300
1377,U260810-00695,UM-TS-022,2,38100
1378,U260810-00695,UM-BT-025,1,91100
1379,U260815-00696,UM-BT-013,1,115200
1380,U260730-00697,UM-SH-001,1,107100
1381,U240919-00698,UM-AC-013,1,40900
1382,U240904-00699,UM-TS-024,2,24400
1383,U260511-00700,UM-BT-006,1,56200
1384,U260630-00701,UM-TS-016,1,62300
1385,U260630-00701,UM-OT-007,1,81800
1386,U250929-00702,UM-BT-021,2,85400
1387,U250731-00703,UM-SH-008,1,171400
1388,U260727-00704,UM-TS-012,2,33700
1389,U260727-00704,UM-OT-021,1,133700
1390,U260727-00704,UM-OT-004,1,217200
1391,U260616-00705,UM-SH-017,2,128500
1392,U260616-00705,UM-TS-022,1,42700
1393,U260804-00706,UM-TS-014,1,55800
1394,U260804-00706,UM-TS-016,1,65200
1395,U260609-00707,UM-BT-011,1,80900
1396,U260609-00707,UM-AC-004,1,15300
1397,U260611-00708,UM-TS-017,1,54000
1398,U260611-00708,UM-BT-005,2,111600
1399,U260720-00709,UM-TS-020,1,36100
1400,U260720-00709,UM-SH-019,1,173500
1401,U260729-00710,UM-BT-007,1,98900
1402,U260729-00710,UM-TS-035,1,20500
1403,U260729-00710,UM-TS-025,1,57600
1404,U260827-00711,UM-AC-010,1,61400
1405,U260617-00712,UM-AC-003,1,14000
1406,U260617-00712,UM-TS-031,1,25300
1407,U260617-00712,UM-OT-014,1,124100
1408,U260617-00712,UM-TS-009,1,54700
1409,U260828-00713,UM-TS-034,1,53000
1410,U260828-00713,UM-TS-037,1,27500
1411,U260828-00713,UM-BT-006,1,49900
1412,U260628-00714,UM-TS-014,1,55100
1413,U260515-00715,UM-TS-016,1,68800
1414,U260704-00716,UM-AC-014,1,30000
1415,U260808-00717,UM-TS-017,1,55300
1416,U260808-00717,UM-BT-020,1,77300
1417,U260820-00718,UM-BT-008,1,64300
1418,U260820-00718,UM-AC-008,1,14900
1419,U260531-00719,UM-OT-001,1,339900
1420,U260319-00720,UM-AC-018,1,38500
1421,U260319-00720,UM-TS-031,1,32600
1422,U260319-00720,UM-SH-013,1,153900
1423,U260713-00721,UM-SH-012,1,189200
1424,U250412-00722,UM-BT-016,1,103700
1425,U260522-00723,UM-AC-013,1,47200
1426,U260614-00724,UM-AC-012,1,45600
1427,U260614-00724,UM-TS-016,2,62500
1428,U250925-00725,UM-TS-018,1,64100
1429,U251107-00726,UM-SH-014,1,105100
1430,U260705-00727,UM-OT-011,1,72500
1431,U260705-00727,UM-BT-002,1,78000
1432,U260705-00727,UM-TS-022,1,42800
1433,U260705-00727,UM-BT-017,1,35000
1434,U260620-00728,UM-SH-020,1,219000
1435,U260826-00729,UM-TS-004,1,41900
1436,U260826-00729,UM-BT-020,1,86600
1437,U260807-00730,UM-AC-008,1,16800
1438,U251015-00731,UM-BT-017,1,43300
1439,U260819-00732,UM-OT-005,1,158800
1440,U250410-00733,UM-TS-004,2,44000
1441,U250410-00733,UM-OT-007,1,93300
1442,U250410-00733,UM-TS-021,1,51900
1443,U240625-00734,UM-SH-018,1,226000
1444,U240625-00734,UM-TS-026,2,37600
1445,U260416-00735,UM-SH-012,1,149300
1446,U250802-00736,UM-SH-015,2,111300
1447,U250802-00736,UM-BT-008,1,85500
1448,U260814-00737,UM-AC-018,1,40100
1449,U260722-00738,UM-TS-012,1,43000
1450,U260221-00739,UM-OT-004,1,214100
1451,U260726-00740,UM-TS-036,2,50400
1452,U260726-00740,UM-OT-012,1,223900
1453,U260715-00741,UM-TS-018,1,72300
1454,U260425-00742,UM-SH-018,1,236200
1455,U260425-00742,UM-AC-028,2,42700
1456,U260801-00743,UM-TS-016,1,74100
1457,U260801-00743,UM-TS-020,1,32200
1458,U260722-00744,UM-SH-006,1,218000
1459,U260722-00744,UM-SH-001,1,125600
1460,U260722-00744,UM-SH-001,1,124900
1461,U251108-00745,UM-SH-021,1,142800
1462,U251108-00745,UM-AC-025,3,72700
1463,U260525-00746,UM-TS-036,1,38400
1464,U260525-00746,UM-TS-002,1,42500
1465,U250809-00747,UM-BT-020,1,67700
1466,U250809-00747,UM-AC-002,1,81000
1467,U260819-00748,UM-OT-024,1,358600
1468,U260901-00749,UM-BT-011,1,80700
1469,U260902-00750,UM-OT-009,1,308700
1470,U260830-00751,UM-TS-028,1,72700
1471,U260830-00751,UM-TS-022,1,42000
1472,U260830-00751,UM-OT-005,1,151300
1473,U260830-00751,UM-TS-007,1,41400
1474,U260830-00751,UM-AC-031,1,53600
1475,U251117-00752,UM-TS-002,1,42100
1476,U260319-00753,UM-TS-011,1,82100
1477,U260319-00753,UM-TS-011,1,67300
1478,U260722-00754,UM-BT-020,1,66300
1479,U260826-00755,UM-OT-010,1,167200
1480,U260826-00755,UM-TS-001,1,46800
1481,U260624-00756,UM-OT-022,1,219100
1482,U260831-00757,UM-OT-021,1,123900
1483,U260830-00758,UM-AC-006,1,23800
1484,U260712-00759,UM-TS-022,1,41400
1485,U260712-00759,UM-BT-015,1,104600
1486,U260712-00759,UM-BT-001,1,34700
1487,U260902-00760,UM-TS-010,1,25400
1488,U260730-00761,UM-SH-001,1,96100
1489,U260814-00762,UM-SH-017,1,146800
1490,U260813-00763,UM-OT-018,1,350300
1491,U260809-00764,UM-TS-026,1,42800
1492,U260809-00764,UM-OT-017,1,251500
1493,U260809-00764,UM-BT-019,1,27800
1494,U260821-00765,UM-BT-005,2,91900
1495,U260821-00765,UM-AC-020,1,70300
1496,U260805-00766,UM-BT-012,1,55500
1497,U260805-00766,UM-BT-024,2,44900
1498,U260808-00767,UM-BT-003,2,65900
1499,U260404-00768,UM-TS-020,1,33400
1500,U260404-00768,UM-SH-024,1,100500
1501,U260404-00768,UM-TS-036,1,37700
1502,U260404-00768,UM-BT-012,2,52000
1503,U260508-00769,UM-BT-025,1,92400
1504,U260508-00769,UM-TS-019,1,83800
1505,U260508-00769,UM-AC-005,1,34600
1506,U260508-00769,UM-AC-022,1,14300
1507,U260508-00769,UM-BT-016,3,96600
1508,U260508-00770,UM-SH-004,1,96100
1509,U260508-00770,UM-BT-011,3,86800
1510,U260126-00771,UM-TS-007,2,49900
1511,U260725-00772,UM-TS-005,1,43700
1512,U260725-00772,UM-TS-006,1,85400
1513,U251118-00773,UM-SH-004,1,86500
1514,U251118-00773,UM-TS-011,1,74200
1515,U251118-00773,UM-AC-018,1,51700
1516,U260304-00774,UM-AC-005,1,36600
1517,U241126-00775,UM-SH-012,1,145700
1518,U241126-00775,UM-TS-021,1,46500
1519,U241126-00775,UM-TS-005,2,37300
1520,U260317-00776,UM-TS-011,1,70600
1521,U260317-00776,UM-OT-026,1,96700
1522,U260317-00776,UM-TS-017,1,54400
1523,U231130-00777,UM-OT-018,1,377500
1524,U231130-00777,UM-AC-024,2,50300
1525,U231130-00777,UM-OT-017,1,271800
1526,U241023-00778,UM-AC-021,1,24200
1527,U241023-00778,UM-SH-001,1,118100
1528,U241023-00778,UM-TS-035,1,17900
1529,U260805-00779,UM-SH-002,1,214900
1530,U260805-00779,UM-SH-014,1,106200
1531,U251118-00780,UM-BT-025,1,82000
1532,U251118-00780,UM-AC-017,1,22900
1533,U251118-00780,UM-OT-024,2,318200
1534,U260221-00781,UM-TS-028,1,84700
1535,U250713-00782,UM-SH-013,1,181800
1536,U250713-00782,UM-BT-020,1,84700
1537,U250713-00782,UM-SH-008,1,210700
1538,U250713-00782,UM-BT-020,1,73600
1539,U250713-00782,UM-BT-021,2,76000
1540,U250430-00783,UM-TS-019,3,73900
1541,U250430-00783,UM-BT-021,1,91900
1542,U250430-00783,UM-TS-011,2,86800
1543,U251018-00784,UM-OT-012,1,171200
1544,U251018-00784,UM-SH-006,1,218100
1545,U251018-00784,UM-BT-025,2,82200
1546,U251018-00784,UM-TS-001,1,46400
1547,U250830-00785,UM-BT-015,1,94800
1548,U250830-00785,UM-AC-023,1,83000
1549,U250701-00786,UM-AC-009,1,70500
1550,U250308-00787,UM-BT-013,1,100500
1551,U250308-00787,UM-BT-011,1,61800
1552,U250308-00787,UM-AC-023,1,75500
1553,U260512-00788,UM-OT-018,1,382900
1554,U260512-00788,UM-TS-005,1,45400
1555,U260329-00789,UM-TS-012,2,35800
1556,U260329-00789,UM-AC-016,2,31800
1557,U250726-00790,UM-TS-027,3,81500
1558,U250726-00790,UM-TS-037,1,23500
1559,U260810-00791,UM-OT-017,1,307700
1560,U260810-00791,UM-TS-026,1,44100
1561,U260810-00791,UM-SH-023,1,107100
1562,U260702-00792,UM-TS-001,1,44500
1563,U260702-00792,UM-AC-020,1,68400
1564,U260627-00793,UM-SH-003,1,153100
1565,U251016-00794,UM-OT-009,1,326500
1566,U260705-00795,UM-OT-023,1,298300
1567,U260705-00795,UM-SH-022,1,131300
1568,U260705-00795,UM-TS-026,1,41800
1569,U260705-00795,UM-TS-030,1,68800
1570,U241221-00796,UM-SH-002,1,176300
1571,U241221-00796,UM-BT-023,2,82600
1572,U260704-00797,UM-SH-017,1,120800
1573,U260704-00797,UM-TS-015,3,18500
1574,U260704-00797,UM-TS-018,1,78300
1575,U260524-00798,UM-SH-011,1,153200
1576,U260524-00798,UM-TS-034,1,55200
1577,U260831-00799,UM-SH-021,1,140100
1578,U260505-00800,UM-BT-005,1,106900
1579,U260505-00801,UM-AC-025,1,65400
1580,U260505-00801,UM-BT-017,1,36000
1581,U260708-00802,UM-SH-012,1,184400
1582,U250823-00803,UM-BT-006,1,55900
1583,U260427-00804,UM-OT-017,1,328100
1584,U260427-00804,UM-TS-010,1,31600
1585,U260427-00804,UM-TS-033,2,51800
1586,U260427-00804,UM-TS-002,1,39800
1587,U260607-00805,UM-SH-008,1,176300
1588,U251102-00806,UM-AC-024,1,42400
1589,U251102-00806,UM-TS-035,3,22900
1590,U251125-00807,UM-AC-007,1,12000
1591,U260502-00808,UM-OT-026,1,99100
1592,U260224-00809,UM-TS-005,1,37900
1593,U251110-00810,UM-SH-005,1,81000
1594,U260603-00811,UM-SH-019,1,139400
1595,U260603-00811,UM-BT-016,1,83000
1596,U250612-00812,UM-TS-032,1,37400
1597,U240918-00813,UM-TS-006,2,76400
1598,U240328-00814,UM-BT-010,1,98600
1599,U240329-00815,UM-AC-031,1,64800
1600,U260802-00816,UM-OT-019,1,204900
1601,U260805-00817,UM-OT-025,1,314200
1602,U260723-00818,UM-BT-011,1,67400
1603,U260827-00819,UM-AC-021,1,22000
1604,U260827-00819,UM-AC-014,1,23700
1605,U260719-00820,UM-SH-020,1,203000
1606,U260719-00820,UM-BT-025,1,89500
1607,U260824-00821,UM-TS-037,1,31700
1608,U260824-00821,UM-BT-018,1,63700
1609,U260812-00822,UM-TS-016,2,70300
1610,U260812-00822,UM-BT-009,2,48100
1611,U260726-00823,UM-SH-019,1,156200
1612,U260828-00824,UM-TS-031,1,32600
1613,U260801-00825,UM-BT-012,1,56600
1614,U260801-00825,UM-BT-008,1,89900
1615,U260708-00826,UM-OT-026,1,119200
1616,U260708-00826,UM-SH-005,1,65600
1617,U260810-00827,UM-TS-014,1,43300
1618,U260830-00828,UM-TS-004,1,49200
1619,U260830-00828,UM-BT-014,1,59700
1620,U260803-00829,UM-TS-036,3,48300
1621,U260902-00830,UM-AC-028,1,42500
1622,U260711-00831,UM-TS-025,1,58300
1623,U260711-00831,UM-TS-005,1,36000
1624,U260120-00832,UM-BT-008,3,86400
1625,U260120-00832,UM-TS-003,1,56600
1626,U260120-00832,UM-SH-008,1,154500
1627,U251117-00833,UM-AC-027,1,71500
1628,U260403-00834,UM-AC-031,1,70200
1629,U251020-00835,UM-OT-010,2,187100
1630,U251020-00835,UM-OT-025,2,270600
1631,U251020-00835,UM-TS-024,1,20600
1632,U250818-00836,UM-SH-016,1,115100
1633,U260216-00837,UM-AC-020,1,81300
1634,U260216-00837,UM-SH-002,1,167000
1635,U260216-00837,UM-SH-016,1,137000
1636,U260822-00838,UM-TS-021,3,53000
1637,U260822-00838,UM-TS-025,1,53300
1638,U260822-00838,UM-BT-014,1,57300
1639,U260521-00839,UM-AC-022,2,15900
1640,U260521-00839,UM-SH-011,1,152300
1641,U260521-00839,UM-OT-002,1,347000
1642,U260310-00840,UM-BT-013,1,114000
1643,U260310-00840,UM-TS-023,1,30400
1644,U260815-00841,UM-SH-018,1,200600
1645,U260820-00842,UM-AC-025,1,64100
1646,U260902-00843,UM-BT-021,1,75000
1647,U260831-00844,UM-AC-030,1,13000
1648,U250322-00845,UM-TS-036,1,43700
1649,U250322-00845,UM-BT-003,1,53600
1650,U250322-00845,UM-AC-006,1,19100
1651,U250322-00845,UM-AC-012,2,46700
1652,U251227-00846,UM-TS-021,2,46300
1653,U260408-00847,UM-BT-009,1,63300
1654,U250623-00848,UM-OT-006,1,286600
1655,U260811-00849,UM-BT-016,1,86600
1656,U251104-00850,UM-TS-009,1,64500
1657,U251227-00851,UM-TS-007,1,48100
1658,U260813-00852,UM-OT-019,1,207300
1659,U260813-00852,UM-SH-006,1,174400
1660,U260813-00852,UM-OT-016,1,125300
1661,U260813-00852,UM-SH-024,2,114400
1662,U260813-00852,UM-BT-014,1,68400
1663,U260630-00853,UM-TS-023,1,30000
1664,U250826-00854,UM-TS-017,1,41200
1665,U250214-00855,UM-TS-003,1,58400
1666,U250214-00855,UM-BT-025,1,108700
1667,U260123-00856,UM-TS-002,1,31300
1668,U260123-00856,UM-TS-019,1,77100
1669,U260123-00856,UM-OT-004,1,224200
1670,U250624-00857,UM-TS-030,1,59600
1671,U260206-00858,UM-TS-034,2,54100
1672,U260206-00858,UM-BT-020,1,68800
1673,U260125-00859,UM-BT-004,2,46900
1674,U260125-00859,UM-TS-024,1,18300
1675,U251011-00860,UM-BT-020,1,69300
1676,U240426-00861,UM-SH-001,1,104700
1677,U260903-00862,UM-SH-021,1,160800
1678,U260903-00862,UM-AC-004,1,14700
1679,U260903-00862,UM-TS-001,3,49300
1680,U240327-00863,UM-AC-010,1,52900
1681,U240327-00863,UM-TS-021,1,48800
1682,U240327-00863,UM-AC-031,2,68700
1683,U240327-00863,UM-BT-013,1,100400
1684,U240327-00863,UM-TS-030,1,78300
1685,U250606-00864,UM-TS-013,1,21400
1686,U250606-00864,UM-TS-019,2,70800
1687,U250606-00864,UM-OT-017,1,328600
1688,U260625-00865,UM-TS-027,1,73800
1689,U251204-00866,UM-TS-017,1,42900
1690,U251204-00866,UM-OT-002,1,340400
1691,U251204-00866,UM-OT-016,1,115600
1692,U250904-00867,UM-BT-015,1,92200
1693,U260328-00868,UM-TS-025,1,59000
1694,U260328-00868,UM-OT-017,1,320000
1695,U260328-00868,UM-AC-020,1,69600
1696,U260207-00869,UM-SH-020,2,216300
1697,U260207-00869,UM-BT-010,1,94500
1698,U250913-00870,UM-AC-014,1,23900
1699,U250913-00870,UM-SH-021,1,141300
1700,U250913-00870,UM-OT-001,1,372400
1701,U231026-00871,UM-BT-004,1,57900
1702,U231026-00871,UM-TS-021,1,41700
1703,U231109-00872,UM-TS-021,1,41200
1704,U250406-00873,UM-TS-012,1,45400
1705,U250406-00873,UM-BT-020,1,78300
1706,U250406-00873,UM-SH-009,1,118700
1707,U240904-00874,UM-TS-009,1,57100
1708,U240904-00874,UM-TS-029,1,43500
1709,U251114-00875,UM-SH-011,1,115200
1710,U260509-00876,UM-BT-021,1,86200
1711,U260211-00877,UM-BT-019,1,34800
1712,U260316-00878,UM-AC-003,1,12700
1713,U260730-00879,UM-TS-035,1,20200
1714,U260730-00879,UM-OT-014,1,137700
1715,U250625-00880,UM-BT-003,1,55500
1716,U260429-00881,UM-BT-019,1,32100
1717,U260729-00882,UM-TS-007,2,43000
1718,U251127-00883,UM-TS-024,1,22300
1719,U250930-00884,UM-TS-033,1,47900
1720,U260513-00885,UM-AC-019,1,59200
1721,U260513-00885,UM-BT-021,1,67900
1722,U260522-00886,UM-BT-013,1,98300
1723,U260520-00887,UM-TS-021,1,39800
1724,U260520-00887,UM-BT-020,1,77200
1725,U240309-00888,UM-SH-015,1,112300
1726,U250511-00889,UM-BT-022,1,58500
1727,U250511-00889,UM-SH-006,1,181500
1728,U240920-00890,UM-SH-015,2,110600
1729,U240920-00890,UM-SH-024,2,101500
1730,U240920-00890,UM-BT-020,1,90300
1731,U240920-00890,UM-TS-035,1,17900
1732,U240920-00890,UM-TS-014,1,46800
1733,U251022-00891,UM-BT-009,1,60900
1734,U260224-00892,UM-OT-019,1,172400
1735,U240915-00893,UM-TS-035,2,20600
1736,U240915-00893,UM-TS-020,1,38500
1737,U240915-00893,UM-TS-003,1,59300
1738,U230816-00894,UM-TS-032,1,40000
1739,U230522-00895,UM-TS-008,1,48400
1740,U230522-00895,UM-TS-020,1,36700
1741,U230812-00896,UM-BT-017,1,35200
1742,U230812-00896,UM-BT-015,1,97400
1743,U231013-00897,UM-AC-005,1,36000
1744,U260210-00898,UM-TS-024,1,20000
1745,U260210-00899,UM-AC-011,1,69000
1746,U260815-00900,UM-TS-017,1,47000
1747,U260214-00901,UM-SH-012,1,179500
1748,U260214-00901,UM-SH-016,2,124400
1749,U260214-00901,UM-TS-035,1,16800
1750,U260814-00902,UM-SH-024,1,118900
1751,U260510-00903,UM-AC-012,1,45000
1752,U260510-00903,UM-TS-023,1,30800
1753,U260812-00904,UM-SH-002,1,207200
1754,U260812-00904,UM-BT-006,1,49100
1755,U260812-00904,UM-BT-002,1,72000
1756,U260711-00905,UM-TS-028,1,62300
1757,U260809-00906,UM-AC-027,1,68200
1758,U260809-00906,UM-TS-007,1,36900
1759,U260821-00907,UM-AC-028,1,44100
1760,U260531-00908,UM-TS-036,1,42800
1761,U260428-00909,UM-SH-005,1,84700
1762,U260428-00909,UM-BT-020,1,85400
1763,U251031-00910,UM-TS-004,1,43700
1764,U251031-00910,UM-OT-002,2,271700
1765,U260806-00911,UM-OT-018,1,365900
1766,U260621-00912,UM-TS-012,1,45300
1767,U260621-00912,UM-SH-008,1,204800
1768,U260816-00913,UM-OT-021,1,114700
1769,U260704-00914,UM-BT-015,1,93900
1770,U260704-00914,UM-TS-020,1,35500
1771,U260704-00914,UM-AC-031,1,59500
1772,U260827-00915,UM-AC-020,1,66600
1773,U260827-00915,UM-OT-016,1,117400
1774,U260827-00915,UM-OT-006,1,239300
1775,U260827-00915,UM-SH-021,2,155000
1776,U260718-00916,UM-SH-019,1,160900
1777,U260718-00916,UM-BT-012,1,51700
1778,U260618-00917,UM-TS-021,1,54000
1779,U260618-00917,UM-TS-011,1,66300
1780,U260806-00918,UM-SH-021,1,137300
1781,U260626-00919,UM-SH-011,1,135300
1782,U260814-00920,UM-OT-026,1,85000
1783,U260814-00920,UM-SH-003,2,148500
1784,U260814-00920,UM-AC-005,1,36800
1785,U260814-00920,UM-AC-006,1,20200
1786,U260610-00921,UM-TS-007,3,35200
1787,U260610-00921,UM-BT-016,1,85900
1788,U260812-00922,UM-AC-013,1,42400
1789,U260518-00923,UM-SH-015,1,102700
1790,U260803-00924,UM-TS-016,2,76600
1791,U260624-00925,UM-OT-006,1,289800
1792,U260525-00926,UM-TS-002,1,38200
1793,U260525-00926,UM-BT-015,1,75200
1794,U260525-00926,UM-TS-033,1,41500
1795,U260811-00927,UM-TS-026,1,35200
1796,U260811-00927,UM-SH-015,1,86200
1797,U260811-00927,UM-OT-019,3,161900
1798,U260811-00927,UM-TS-025,2,56100
1799,U260820-00928,UM-TS-013,1,23200
1800,U240728-00929,UM-OT-007,2,101100
1801,U250803-00930,UM-SH-016,1,119800
1802,U250803-00930,UM-AC-020,1,70300
1803,U260118-00931,UM-TS-008,1,50200
1804,U260118-00931,UM-SH-022,1,121900
1805,U260626-00932,UM-BT-023,1,91400
1806,U260607-00933,UM-TS-020,1,41700
1807,U260218-00934,UM-TS-036,1,37300
1808,U260218-00934,UM-TS-004,2,45900
1809,U251111-00935,UM-OT-020,2,179100
1810,U251111-00935,UM-TS-037,1,28000
1811,U260813-00936,UM-OT-004,3,238100
1812,U260426-00937,UM-TS-020,1,31900
1813,U260611-00938,UM-TS-030,1,73700
1814,U260611-00938,UM-OT-016,1,112400
1815,U250430-00939,UM-TS-012,1,45600
1816,U250430-00939,UM-SH-024,1,116000
1817,U260623-00940,UM-BT-014,1,68700
1818,U260623-00940,UM-BT-003,1,51100
1819,U260623-00940,UM-OT-017,1,288100
1820,U250802-00941,UM-TS-028,1,75000
1821,U260902-00942,UM-TS-037,1,25100
1822,U260827-00943,UM-AC-004,1,13500
1823,U260805-00944,UM-OT-005,2,173300
1824,U260815-00945,UM-TS-001,1,45500
1825,U260821-00946,UM-BT-008,1,90800
1826,U260514-00947,UM-TS-021,1,48200
1827,U251117-00948,UM-BT-003,1,55900
1828,U251117-00948,UM-BT-022,2,60700
1829,U260227-00949,UM-SH-008,1,180500
1830,U260227-00949,UM-TS-033,1,46700
1831,U250211-00950,UM-TS-018,1,72100
1832,U250211-00950,UM-OT-006,1,265800
1833,U250211-00950,UM-TS-013,1,19200
1834,U250921-00951,UM-AC-024,1,45600
1835,U251021-00952,UM-TS-012,1,33800
1836,U250822-00953,UM-SH-021,1,173100
1837,U251021-00954,UM-SH-012,1,187500
1838,U251123-00955,UM-BT-016,1,103400
1839,U251203-00956,UM-SH-006,1,190200
1840,U251203-00956,UM-TS-006,1,74200
1841,U260703-00957,UM-BT-009,1,51100
1842,U260328-00958,UM-TS-022,1,41900
1843,U250927-00959,UM-SH-020,3,207300
1844,U250508-00960,UM-BT-003,1,56300
1845,U260214-00961,UM-BT-024,2,51100
1846,U260214-00961,UM-AC-008,2,17400
1847,U250612-00962,UM-SH-021,2,184600
1848,U260307-00963,UM-TS-008,1,56700
1849,U260307-00963,UM-AC-021,1,24100
1850,U241205-00964,UM-OT-022,1,222800
1851,U241205-00964,UM-BT-003,2,50500
1852,U241205-00964,UM-BT-025,2,91600
1853,U260428-00965,UM-OT-012,1,177200
1854,U260325-00966,UM-TS-016,1,62700
1855,U260325-00966,UM-AC-013,1,51000
1856,U260325-00966,UM-TS-032,1,34600
1857,U250819-00967,UM-TS-024,1,18400
1858,U240628-00968,UM-TS-013,1,19000
1859,U260217-00969,UM-TS-027,1,80200
1860,U260217-00969,UM-TS-019,1,87600
1861,U231024-00970,UM-BT-008,1,81700
1862,U231024-00970,UM-OT-006,1,216900
1863,U231024-00970,UM-TS-028,1,75800
1864,U231024-00970,UM-BT-019,1,35600
1865,U231024-00970,UM-OT-001,1,288000
1866,U240603-00971,UM-BT-021,1,90000
1867,U240603-00971,UM-TS-025,1,65000
1868,U260716-00972,UM-TS-003,1,65800
1869,U260716-00972,UM-TS-035,2,19200
1870,U260716-00972,UM-TS-014,1,43100
1871,U260716-00972,UM-SH-012,1,148300
1872,U260504-00973,UM-OT-009,1,267100
1873,U260520-00974,UM-BT-021,1,80700
1874,U251117-00975,UM-TS-019,1,77000
1875,U250708-00976,UM-AC-012,1,38700
1876,U240426-00977,UM-TS-001,1,36800
1877,U240426-00977,UM-TS-034,1,59600
1878,U240426-00977,UM-BT-021,1,92700
1879,U240426-00977,UM-SH-001,1,122700
1880,U251003-00978,UM-OT-026,1,89100
1881,U251003-00978,UM-TS-004,1,45100
1882,U260210-00979,UM-TS-033,1,51200
1883,U260210-00979,UM-TS-036,2,44800
1884,U250506-00980,UM-AC-011,1,68500
1885,U250212-00981,UM-BT-015,1,78200
1886,U260703-00982,UM-TS-024,1,19600
1887,U260704-00983,UM-TS-036,1,43100
1888,U260712-00984,UM-TS-034,1,61700
1889,U260717-00985,UM-BT-020,1,70600
1890,U260717-00985,UM-BT-016,1,104900
1891,U260627-00986,UM-TS-019,1,62700
1892,U260826-00987,UM-TS-009,3,48400
1893,U260826-00987,UM-SH-009,1,156400
1894,U260826-00987,UM-AC-008,1,15400
1895,U260820-00988,UM-BT-009,1,65000
1896,U260808-00989,UM-BT-021,1,91300
1897,U260808-00989,UM-SH-004,1,103100
1898,U260821-00990,UM-TS-008,1,47600
1899,U260821-00990,UM-SH-003,1,183000
1900,U260821-00990,UM-AC-022,1,16200
1901,U260903-00991,UM-OT-017,1,288400
1902,U260823-00992,UM-SH-004,1,110600
1903,U260823-00992,UM-TS-011,1,84800
1904,U260823-00992,UM-BT-020,1,69600
1905,U260702-00993,UM-BT-020,1,73300
1906,U260804-00994,UM-AC-002,1,82700
1907,U260804-00994,UM-SH-011,1,146500
1908,U260530-00995,UM-AC-015,1,58400
1909,U251129-00996,UM-BT-012,1,64500
1910,U260216-00997,UM-TS-020,1,43600
1911,U260216-00997,UM-SH-005,1,73300
1912,U260216-00997,UM-AC-002,1,64000
1913,U260106-00998,UM-TS-035,1,16500
1914,U260106-00998,UM-BT-016,2,81500
1915,U260106-00998,UM-TS-029,1,43800
1916,U251021-00999,UM-SH-024,3,108800
1917,U241127-01000,UM-SH-016,1,148800
1918,U241127-01000,UM-TS-019,2,63700
1919,U260405-01001,UM-SH-010,3,139700
1920,U260405-01001,UM-TS-015,3,19600
1921,U260405-01001,UM-OT-018,2,286400
1922,U260405-01001,UM-SH-014,1,88300
1923,U260405-01001,UM-BT-004,1,59300
1924,U250321-01002,UM-OT-004,1,240800
1925,U250321-01002,UM-BT-022,2,74800
1926,U260302-01003,UM-SH-011,1,123700
1927,U260302-01003,UM-AC-030,2,11200
1928,U260716-01004,UM-TS-005,1,45200
1929,U260716-01004,UM-AC-019,3,51000
1930,U250811-01005,UM-SH-011,3,134900
1931,U250811-01005,UM-OT-025,1,331100
1932,U250920-01006,UM-AC-016,2,29100
1933,U260816-01007,UM-SH-012,1,173500
1934,U260711-01008,UM-BT-013,1,97000
1935,U260711-01008,UM-SH-004,2,95800
1936,U241029-01009,UM-OT-002,1,261900
1937,U241029-01009,UM-BT-006,2,62300
1938,U260818-01010,UM-BT-010,1,105100
1939,U260818-01010,UM-TS-014,1,48200
1940,U260818-01010,UM-SH-016,1,113500
1941,U260628-01011,UM-SH-024,3,124700
1942,U260628-01011,UM-BT-025,1,110800
1943,U260628-01011,UM-BT-012,3,64600
1944,U260823-01012,UM-TS-032,1,39500
1945,U260317-01013,UM-TS-027,1,85600
1946,U260220-01014,UM-SH-004,1,101100
1947,U260220-01014,UM-SH-015,1,90400
1948,U260507-01015,UM-TS-002,1,43300
1949,U260518-01016,UM-AC-017,1,28700
1950,U260518-01016,UM-AC-011,1,70300
1951,U260518-01016,UM-TS-027,1,76100
1952,U260218-01017,UM-AC-025,2,59300
1953,U260814-01018,UM-SH-006,1,217500
1954,U260814-01018,UM-OT-007,1,98000
1955,U251217-01019,UM-SH-014,1,80600
1956,U260613-01020,UM-OT-014,2,134100
1957,U260401-01021,UM-AC-024,1,47200
1958,U260808-01022,UM-BT-005,1,105500
1959,U260808-01022,UM-BT-013,1,121800
1960,U251009-01023,UM-AC-009,2,75900
1961,U240303-01024,UM-TS-021,1,52500
1962,U240303-01024,UM-BT-019,2,37500
1963,U260830-01025,UM-SH-002,1,228800
1964,U260701-01026,UM-OT-026,1,94100
1965,U260701-01026,UM-TS-008,1,49400
1966,U260701-01026,UM-BT-025,1,104600
1967,U260630-01027,UM-TS-010,1,27300
1968,U240708-01028,UM-TS-022,1,44200
1969,U240708-01028,UM-OT-008,1,256100
1970,U240708-01028,UM-SH-023,1,79300
1971,U240708-01028,UM-AC-001,2,67300
1972,U240710-01029,UM-BT-009,1,59400
1973,U240710-01029,UM-SH-022,1,143300
1974,U240710-01030,UM-TS-019,1,62900
1975,U240710-01030,UM-SH-017,1,156900
1976,U231003-01031,UM-TS-033,1,36900
1977,U231003-01031,UM-TS-017,1,46200
1978,U231003-01031,UM-OT-019,3,185900
1979,U231003-01031,UM-SH-021,2,177600
1980,U230621-01032,UM-BT-023,1,100900
1981,U230621-01032,UM-BT-003,1,65900
1982,U260807-01033,UM-TS-008,1,62300
1983,U260807-01033,UM-SH-010,1,159400
1984,U260807-01033,UM-BT-016,2,99600
1985,U260828-01034,UM-BT-003,1,61700
1986,U260718-01035,UM-TS-003,1,60600
1987,U260728-01036,UM-BT-018,1,69900
1988,U260722-01037,UM-TS-016,2,76300
1989,U260725-01038,UM-SH-010,1,180300
1990,U260821-01039,UM-SH-013,1,207700
1991,U260425-01040,UM-BT-002,1,56000
1992,U260903-01041,UM-TS-030,3,79800
1993,U260903-01041,UM-SH-005,1,73800
1994,U240703-01042,UM-SH-014,2,109200
1995,U231212-01043,UM-TS-004,1,38400
1996,U260404-01044,UM-OT-004,1,234700
1997,U260404-01044,UM-TS-009,2,60400
1998,U260710-01045,UM-TS-001,1,48800
1999,U260710-01045,UM-OT-014,1,162000
2000,U260411-01046,UM-TS-031,1,30800
2001,U260629-01047,UM-TS-025,1,63400
2002,U250927-01048,UM-BT-006,3,62100
2003,U250927-01048,UM-SH-015,1,98700
2004,U260705-01049,UM-TS-037,1,24600
2005,U260705-01049,UM-AC-006,1,25300
2006,U260705-01049,UM-SH-022,1,123700
2007,U260705-01049,UM-AC-013,1,53700
2008,U260415-01050,UM-TS-036,1,52800
2009,U260415-01050,UM-TS-017,1,44500
2010,U260415-01050,UM-TS-028,2,62700
2011,U260723-01051,UM-TS-024,1,21300
2012,U260723-01051,UM-SH-024,1,101400
2013,U260624-01052,UM-AC-015,1,57400
2014,U260624-01052,UM-SH-010,2,181100
2015,U260611-01053,UM-BT-010,1,97700
2016,U260611-01053,UM-TS-024,1,19600
2017,U260611-01053,UM-BT-015,3,79200
2018,U260406-01054,UM-TS-015,2,16000
2019,U260726-01055,UM-TS-017,1,49800
2020,U260813-01056,UM-SH-001,1,90400
2021,U260813-01056,UM-TS-017,1,41300
2022,U260619-01057,UM-TS-011,1,84900
2023,U260619-01057,UM-TS-026,1,34300
2024,U260409-01058,UM-BT-007,1,87200
2025,U260607-01059,UM-TS-016,1,59200
2026,U260508-01060,UM-BT-001,1,44200
2027,U260518-01061,UM-TS-008,1,62800
2028,U260518-01061,UM-SH-017,2,134700
2029,U260518-01061,UM-TS-032,1,41300
2030,U260518-01061,UM-TS-028,1,68900
2031,U260518-01061,UM-AC-027,1,55700
2032,U260207-01062,UM-BT-006,1,57400
2033,U231020-01063,UM-BT-021,1,71800
2034,U231020-01063,UM-OT-016,1,120600
2035,U250819-01064,UM-TS-013,1,18100
2036,U250126-01065,UM-TS-002,1,34600
2037,U250615-01066,UM-SH-022,1,126400
2038,U260118-01067,UM-BT-019,1,29200
2039,U260807-01068,UM-SH-010,2,135000
2040,U250414-01069,UM-AC-029,1,11100
2041,U250414-01069,UM-AC-027,1,53100
2042,U250414-01069,UM-TS-020,1,34900
2043,U241218-01070,UM-OT-015,1,101300
2044,U241218-01070,UM-SH-005,1,83300
2045,U260803-01071,UM-SH-013,1,151900
2046,U260803-01071,UM-AC-031,1,72700
2047,U260512-01072,UM-BT-016,1,99000
2048,U260512-01072,UM-BT-014,1,63600
2049,U260512-01072,UM-TS-021,2,43800
2050,U260512-01072,UM-BT-017,1,33000
2051,U260822-01073,UM-OT-001,1,318000
2052,U260822-01073,UM-SH-019,1,156400
2053,U260827-01074,UM-TS-026,1,42700
2054,U260125-01075,UM-OT-017,1,281700
2055,U260125-01075,UM-BT-022,1,79700
2056,U250731-01076,UM-BT-022,2,67200
2057,U250731-01076,UM-SH-008,2,189700
2058,U250731-01076,UM-BT-023,1,88600
2059,U250731-01076,UM-OT-018,1,358500
2060,U260306-01077,UM-OT-013,1,134100
2061,U260306-01077,UM-BT-014,1,61800
2062,U260823-01078,UM-SH-005,1,85000
2063,U260823-01078,UM-BT-022,1,74900
2064,U260722-01079,UM-BT-010,1,101400
2065,U251029-01080,UM-TS-014,1,54300
2066,U251029-01080,UM-OT-026,1,98600
2067,U260731-01081,UM-BT-012,1,58200
2068,U240606-01082,UM-AC-026,1,47800
2069,U260316-01083,UM-BT-014,2,55100
2070,U260316-01083,UM-AC-027,1,56500
2071,U241031-01084,UM-SH-024,1,126800
2072,U241031-01084,UM-BT-022,1,72200
2073,U260427-01085,UM-TS-019,1,73800
2074,U260329-01086,UM-BT-013,1,97500
2075,U260329-01086,UM-OT-025,1,360500
2076,U260707-01087,UM-OT-013,1,137100
2077,U260807-01088,UM-SH-012,1,176000
2078,U260605-01089,UM-BT-022,1,62100
2079,U260605-01089,UM-SH-005,1,89700
2080,U230815-01090,UM-OT-015,1,105200
2081,U230815-01090,UM-AC-030,1,13600
2082,U230815-01090,UM-TS-019,1,72600
2083,U230815-01090,UM-BT-005,1,96000
2084,U240303-01091,UM-TS-018,3,68700
2085,U230402-01092,UM-AC-017,1,25600
2086,U260817-01093,UM-AC-025,1,65500
2087,U260817-01093,UM-OT-004,1,212900
2088,U260817-01093,UM-OT-025,1,336100
2089,U260829-01094,UM-TS-001,1,37700
2090,U260829-01094,UM-OT-022,2,229600
2091,U260829-01094,UM-BT-018,1,61000
2092,U260829-01094,UM-TS-004,1,44100
2093,U260829-01094,UM-TS-035,1,17600
2094,U260902-01095,UM-BT-020,2,78600
2095,U260815-01096,UM-OT-017,1,278200
2096,U260815-01096,UM-AC-014,1,27600
2097,U260831-01097,UM-BT-001,3,34600
2098,U260823-01098,UM-SH-006,1,241300
2099,U260823-01098,UM-BT-018,1,65200
2100,U260827-01099,UM-BT-020,1,82400
2101,U260901-01100,UM-OT-010,1,223200
2102,U260902-01101,UM-BT-006,1,59900
2103,U260902-01101,UM-TS-012,1,39000
2104,U260826-01102,UM-AC-013,2,49600
2105,U260826-01102,UM-SH-007,1,102300
2106,U260826-01102,UM-TS-009,1,53000
2107,U260826-01102,UM-SH-016,1,153700
2108,U260826-01103,UM-AC-017,1,24100
2109,U260829-01104,UM-TS-021,1,43400
2110,U260828-01105,UM-SH-008,1,204900
2111,U260828-01105,UM-TS-011,1,63000
2112,U260829-01106,UM-TS-004,1,40300
2113,U260829-01106,UM-BT-019,1,28500
2114,U260826-01107,UM-SH-008,3,196600
2115,U260824-01108,UM-TS-016,1,78300
2116,U241012-01109,UM-TS-014,1,45000
2117,U251014-01110,UM-TS-003,2,67600
2118,U260227-01111,UM-TS-015,1,17000
2119,U260227-01111,UM-BT-011,1,80200
2120,U260327-01112,UM-TS-011,1,64800
2121,U260327-01112,UM-TS-022,1,42900
2122,U260327-01112,UM-OT-002,1,280500
2123,U250806-01113,UM-OT-014,1,161400
2124,U250806-01113,UM-SH-007,1,92400
2125,U260103-01114,UM-TS-024,2,19300
2126,U260715-01115,UM-BT-004,1,48600
2127,U260715-01115,UM-BT-015,2,88500
2128,U260606-01116,UM-BT-002,1,62000
2129,U260606-01116,UM-OT-016,1,115900
2130,U260606-01116,UM-SH-008,3,173200
2131,U260606-01116,UM-TS-005,1,46200
2132,U260606-01116,UM-BT-004,1,55800
2133,U260103-01117,UM-TS-017,1,48200
2134,U250802-01118,UM-BT-017,1,39200
2135,U250804-01119,UM-SH-011,1,121900
2136,U250802-01120,UM-TS-029,1,52400
2137,U260425-01121,UM-TS-008,1,45300
2138,U260724-01122,UM-SH-011,1,136400
2139,U250221-01123,UM-SH-019,1,131800
2140,U250221-01123,UM-BT-013,1,95700
2141,U260120-01124,UM-SH-001,1,114400
2142,U260120-01124,UM-TS-021,1,50600
2143,U260807-01125,UM-AC-028,2,35900
2144,U260807-01125,UM-SH-014,1,93400
2145,U260708-01126,UM-TS-003,3,57500
2146,U260708-01126,UM-BT-024,1,47100
2147,U260708-01126,UM-TS-003,1,71200
2148,U260708-01126,UM-SH-020,1,229200
2149,U260829-01127,UM-OT-013,1,162300
2150,U260829-01127,UM-OT-026,1,109600
2151,U260605-01128,UM-OT-021,1,159100
2152,U260605-01128,UM-AC-007,3,13500
2153,U260703-01129,UM-AC-031,1,57800
2154,U260629-01130,UM-BT-001,1,48000
2155,U260627-01131,UM-BT-001,1,35700
2156,U260627-01131,UM-SH-004,1,106600
2157,U260606-01132,UM-OT-004,1,233100
2158,U260718-01133,UM-TS-008,1,50000
2159,U260718-01133,UM-OT-003,1,307200
2160,U260620-01134,UM-TS-034,1,55400
2161,U260618-01135,UM-BT-007,1,79200
2162,U260615-01136,UM-BT-002,2,61200
2163,U260615-01136,UM-BT-021,1,91400
2164,U240120-01137,UM-TS-037,1,25000
2165,U240118-01138,UM-BT-006,1,65000
2166,U250809-01139,UM-TS-018,1,81100
2167,U250809-01139,UM-TS-031,1,29500
2168,U260831-01140,UM-TS-023,2,28700
2169,U260811-01141,UM-TS-008,1,56000
2170,U260902-01142,UM-SH-021,1,173000
2171,U260902-01142,UM-SH-004,1,103900
2172,U260902-01142,UM-SH-024,1,107700
2173,U260902-01142,UM-SH-018,1,180100
2174,U260807-01143,UM-TS-023,1,23500
2175,U260902-01144,UM-TS-010,3,31800
2176,U260902-01144,UM-TS-012,1,45500
2177,U260723-01145,UM-OT-026,1,120000
2178,U260120-01146,UM-SH-007,1,74800
2179,U260120-01146,UM-BT-017,1,41800
2180,U260122-01147,UM-SH-021,1,167200
2181,U260121-01148,UM-BT-018,1,78600
2182,U260121-01148,UM-TS-002,1,32200
2183,U260830-01149,UM-BT-017,1,34200
2184,U250213-01150,UM-AC-007,1,11000
2185,U250215-01151,UM-SH-015,1,86900
2186,U240814-01152,UM-TS-006,2,84200
2187,U240814-01152,UM-OT-018,1,352800
2188,U260821-01153,UM-TS-006,1,79700
2189,U260723-01154,UM-OT-019,1,173200
2190,U260723-01154,UM-TS-010,1,25600
2191,U260826-01155,UM-BT-003,1,63700
2192,U260826-01155,UM-SH-023,2,85900
2193,U260731-01156,UM-TS-021,1,52100
2194,U260731-01156,UM-OT-008,1,275400
2195,U260730-01157,UM-OT-008,1,205800
2196,U260813-01158,UM-BT-009,1,56400
2197,U260821-01159,UM-TS-001,1,47800
2198,U260816-01160,UM-TS-002,1,38000
2199,U260811-01161,UM-TS-029,1,44700
2200,U260811-01161,UM-BT-023,2,93200
2201,U260804-01162,UM-BT-022,1,76000
2202,U260804-01162,UM-SH-023,1,87500
2203,U260826-01163,UM-AC-030,2,11700
2204,U260730-01164,UM-TS-016,1,70800
2205,U251208-01165,UM-TS-007,1,36500
2206,U251208-01165,UM-BT-004,2,53200
2207,U260827-01166,UM-BT-004,1,48100
2208,U260419-01167,UM-OT-009,1,312000
2209,U260419-01167,UM-TS-001,1,37300
2210,U250101-01168,UM-OT-026,1,120200
2211,U250101-01168,UM-TS-022,1,41900
2212,U250101-01168,UM-BT-025,1,105500
2213,U250101-01168,UM-BT-003,1,63500
2214,U251225-01169,UM-TS-029,1,47600
2215,U251225-01169,UM-BT-025,1,83200
2216,U251225-01169,UM-TS-015,1,19700
2217,U260813-01170,UM-BT-001,1,48400
2218,U260813-01170,UM-SH-018,1,229100
2219,U260830-01171,UM-BT-022,1,74200
2220,U260830-01171,UM-TS-021,1,52300
2221,U260830-01171,UM-OT-021,1,128100
2222,U260831-01172,UM-TS-015,1,17200
2223,U260831-01172,UM-BT-023,1,84700
2224,U260831-01172,UM-AC-027,1,72400
2225,U260805-01173,UM-TS-009,1,52200
2226,U260805-01173,UM-TS-002,1,43800
2227,U260802-01174,UM-TS-005,1,36500
2228,U260802-01174,UM-AC-019,1,65000
2229,U260802-01174,UM-AC-008,1,16500
2230,U260722-01175,UM-AC-023,1,80600
2231,U260722-01175,UM-TS-028,1,80400
2232,U260722-01175,UM-BT-002,1,71800
2233,U260722-01175,UM-TS-023,1,23200
2234,U260805-01176,UM-TS-017,1,46900
2235,U260805-01176,UM-OT-004,1,198200
2236,U260805-01176,UM-SH-017,2,149000
2237,U260805-01176,UM-TS-017,2,48900
2238,U260812-01177,UM-BT-025,1,110900
2239,U260812-01177,UM-SH-022,1,132400
2240,U260812-01177,UM-AC-020,1,64400
2241,U260812-01177,UM-OT-005,3,172300
2242,U260812-01177,UM-AC-004,1,15000
2243,U240401-01178,UM-TS-003,1,73300
2244,U240401-01178,UM-TS-015,1,15300
2245,U240401-01178,UM-BT-009,1,47400
2246,U240401-01178,UM-TS-007,1,35800
2247,U240401-01178,UM-TS-037,1,26600
2248,U250930-01179,UM-BT-024,1,48900
2249,U250615-01180,UM-BT-009,1,52300
2250,U250615-01180,UM-BT-005,1,92400
2251,U250511-01181,UM-BT-001,1,41900
2252,U260425-01182,UM-BT-023,1,111000
2253,U260425-01182,UM-TS-035,1,22600
2254,U250125-01183,UM-OT-014,2,169500
2255,U250125-01183,UM-TS-022,1,47900
2256,U260311-01184,UM-TS-019,2,83000
2257,U260311-01184,UM-AC-024,1,39400
2258,U260409-01185,UM-AC-014,2,29900
2259,U260110-01186,UM-BT-023,1,105300
2260,U260110-01186,UM-OT-022,1,225200
2261,U260129-01187,UM-TS-018,1,73500
2262,U260605-01188,UM-BT-023,3,86000
2263,U250725-01189,UM-TS-020,1,35500
2264,U250828-01190,UM-OT-008,1,212000
2265,U250828-01190,UM-BT-016,1,85200
2266,U250828-01190,UM-AC-006,1,20700
2267,U250717-01191,UM-SH-021,1,189400
2268,U260510-01192,UM-BT-002,1,77100
2269,U240821-01193,UM-BT-016,1,83000
2270,U241127-01194,UM-BT-008,1,67000
2271,U241127-01194,UM-TS-005,1,37800
2272,U241029-01195,UM-TS-036,1,38000
2273,U241029-01195,UM-SH-009,1,119200
2274,U241029-01195,UM-BT-002,1,62600
2275,U241029-01195,UM-SH-018,1,182300
2276,U241029-01196,UM-AC-017,3,23600
2277,U241029-01196,UM-TS-026,1,31700
2278,U241028-01197,UM-OT-006,2,223000
2279,U241028-01197,UM-BT-015,1,94300
2280,U241028-01197,UM-AC-004,1,11900
2281,U260828-01198,UM-SH-012,1,162300
2282,U260828-01198,UM-AC-017,1,25600
2283,U260613-01199,UM-OT-015,1,86700
2284,U260613-01199,UM-AC-004,1,15300
2285,U260605-01200,UM-SH-013,1,187500
2286,U260517-01201,UM-BT-015,1,79900
2287,U260517-01201,UM-BT-019,1,36700
2288,U260517-01201,UM-TS-022,1,46500
2289,U260517-01201,UM-BT-021,1,67500
2290,U260728-01202,UM-TS-011,2,87500
2291,U260728-01202,UM-AC-003,3,11500
2292,U260509-01203,UM-SH-021,3,186000
2293,U260509-01203,UM-BT-013,1,119100
2294,U260531-01204,UM-TS-018,1,81800
2295,U260319-01205,UM-TS-014,1,54400
2296,U260319-01205,UM-OT-002,2,291300
2297,U260515-01206,UM-SH-022,1,139600
2298,U260515-01206,UM-BT-007,1,98900
2299,U260824-01207,UM-BT-020,1,64900
2300,U260621-01208,UM-TS-028,1,72000
2301,U260621-01208,UM-TS-011,1,69500
2302,U260719-01209,UM-BT-012,1,63400
2303,U260719-01209,UM-SH-011,1,125300
2304,U260726-01210,UM-TS-029,1,53700
2305,U260726-01210,UM-TS-037,1,26700
2306,U260726-01210,UM-AC-016,1,30200
2307,U260623-01211,UM-BT-020,1,75700
2308,U260822-01212,UM-OT-016,3,128800
2309,U260901-01213,UM-TS-011,2,67700
2310,U260901-01213,UM-AC-019,2,61500
2311,U260314-01214,UM-TS-008,1,52400
2312,U241024-01215,UM-BT-012,1,62800
2313,U230428-01216,UM-OT-024,1,282300
2314,U250916-01217,UM-OT-005,1,193500
2315,U250916-01217,UM-OT-010,1,205400
2316,U250916-01217,UM-TS-023,1,26200
2317,U250916-01217,UM-BT-001,1,44500
2318,U250916-01217,UM-BT-001,1,37900
2319,U260724-01218,UM-BT-021,1,83500
2320,U260724-01218,UM-BT-013,1,120100
2321,U231201-01219,UM-TS-011,1,83800
2322,U231201-01219,UM-SH-002,1,180700
2323,U231201-01219,UM-AC-012,1,47500
2324,U231201-01219,UM-AC-006,1,23700
2325,U260101-01220,UM-TS-035,1,22300
2326,U260511-01221,UM-BT-025,1,85800
2327,U260805-01222,UM-OT-001,1,354900
2328,U260805-01222,UM-BT-005,1,115200
2329,U260805-01222,UM-AC-002,2,79500
2330,U260220-01223,UM-SH-017,2,155600
2331,U260220-01223,UM-TS-037,1,25200
2332,U260220-01223,UM-SH-013,1,174700
2333,U260220-01223,UM-TS-024,1,24500
2334,U260220-01223,UM-BT-002,1,57400
2335,U260709-01224,UM-TS-004,1,36100
2336,U260709-01224,UM-OT-024,1,356100
2337,U260709-01224,UM-BT-023,1,105300
2338,U260202-01225,UM-TS-028,1,66900
2339,U260202-01225,UM-OT-010,1,172000
2340,U260202-01225,UM-SH-007,1,77900
2341,U260202-01225,UM-AC-022,3,16000
2342,U260202-01225,UM-BT-002,1,62000
2343,U260207-01226,UM-BT-013,1,91300
2344,U260207-01226,UM-TS-001,1,42000
2345,U250707-01227,UM-AC-006,1,22400
2346,U250707-01227,UM-AC-024,1,54700
2347,U251207-01228,UM-TS-018,1,73500
2348,U251207-01228,UM-TS-013,1,17300
2349,U251207-01228,UM-SH-014,2,104700
2350,U260519-01229,UM-SH-018,1,205300
2351,U260609-01230,UM-TS-015,1,17300
2352,U260730-01231,UM-OT-021,2,124600
2353,U260730-01231,UM-BT-017,1,42000
2354,U260730-01231,UM-TS-024,1,22700
2355,U260504-01232,UM-SH-018,1,192900
2356,U260224-01233,UM-SH-009,1,122300
2357,U260430-01234,UM-SH-020,1,210500
2358,U260531-01235,UM-OT-015,1,98800
2359,U260601-01236,UM-OT-020,1,159900
2360,U251116-01237,UM-TS-032,1,31800
2361,U251116-01237,UM-AC-007,1,10400
2362,U251116-01237,UM-OT-017,3,308200
2363,U251116-01237,UM-OT-022,1,210800
2364,U251116-01237,UM-OT-018,1,360700
2365,U260127-01238,UM-SH-018,1,206100
2366,U260127-01238,UM-TS-012,1,34500
2367,U260809-01239,UM-BT-002,1,75000
2368,U260228-01240,UM-BT-005,1,90700
2369,U260228-01240,UM-BT-014,1,70400
2370,U260228-01240,UM-TS-025,2,53800
2371,U260210-01241,UM-TS-016,1,68100
2372,U260210-01241,UM-TS-035,1,17600
2373,U250705-01242,UM-SH-001,2,124900
2374,U250705-01242,UM-BT-007,1,90500
2375,U250705-01242,UM-TS-028,2,84600
2376,U260420-01243,UM-TS-024,1,24000
2377,U250705-01244,UM-BT-025,1,104400
2378,U260319-01245,UM-TS-003,1,72900
2379,U260227-01246,UM-SH-020,1,190400
2380,U260227-01246,UM-SH-013,2,188000
2381,U260601-01247,UM-AC-003,2,12600
2382,U260401-01248,UM-TS-005,1,48500
2383,U250521-01249,UM-TS-013,1,19000
2384,U250521-01249,UM-TS-005,1,37300
2385,U250521-01249,UM-SH-018,1,179900
2386,U250521-01249,UM-SH-005,1,63600
2387,U260406-01250,UM-OT-006,1,285000
2388,U260406-01250,UM-OT-011,1,61700
2389,U260126-01251,UM-AC-003,1,14400
2390,U260516-01252,UM-SH-007,1,90300
2391,U260516-01252,UM-BT-018,1,61800
2392,U260226-01253,UM-BT-007,2,80500
2393,U260226-01253,UM-TS-037,1,30200
2394,U260226-01253,UM-TS-021,1,46700
2395,U250118-01254,UM-TS-007,1,40300
2396,U240926-01255,UM-BT-023,1,114600
2397,U240926-01255,UM-OT-016,1,141300
2398,U260213-01256,UM-TS-021,1,45300
2399,U260213-01256,UM-SH-004,1,114500
2400,U260609-01257,UM-TS-027,1,72800
2401,U260304-01258,UM-TS-019,1,64500
2402,U260304-01258,UM-OT-015,1,97300
2403,U260304-01258,UM-TS-015,1,17700
2404,U260813-01259,UM-OT-006,1,249100
2405,U260813-01259,UM-OT-024,1,365800
2406,U260813-01259,UM-SH-012,1,192400
2407,U260813-01260,UM-AC-017,1,28900
2408,U260813-01260,UM-TS-008,3,51500
2409,U260902-01261,UM-AC-029,1,13300
2410,U260902-01261,UM-SH-009,1,156500
2411,U240602-01262,UM-BT-004,2,50500
2412,U230525-01263,UM-BT-024,1,41200
2413,U260529-01264,UM-SH-003,1,167900
2414,U260509-01265,UM-TS-029,1,50300
2415,U260509-01265,UM-TS-006,1,62900
2416,U260502-01266,UM-OT-011,1,73600
2417,U260502-01266,UM-SH-019,2,155800
2418,U250617-01267,UM-AC-024,1,47700
2419,U250617-01267,UM-BT-025,1,82400
2420,U250617-01267,UM-TS-031,1,30000
2421,U260830-01268,UM-TS-018,2,72200
2422,U260830-01268,UM-BT-014,1,60500
2423,U260211-01269,UM-TS-007,1,45600
2424,U260214-01270,UM-TS-022,1,46500
2425,U260225-01271,UM-TS-001,2,39400
2426,U260824-01272,UM-BT-002,1,57000
2427,U260213-01273,UM-OT-016,1,130600
2428,U260213-01273,UM-SH-014,1,102200
2429,U260213-01273,UM-BT-018,2,66600
2430,U260719-01274,UM-BT-010,1,100500
2431,U260208-01275,UM-BT-025,1,86500
2432,U250722-01276,UM-BT-019,2,27700
2433,U260725-01277,UM-BT-003,2,69500
2434,U260804-01278,UM-AC-011,1,79000
2435,U260804-01278,UM-SH-019,1,150700
2436,U260804-01278,UM-SH-016,1,151100
2437,U260709-01279,UM-SH-005,2,86100
2438,U260821-01280,UM-TS-024,1,23300
2439,U260821-01280,UM-TS-016,1,72900
2440,U250626-01281,UM-BT-023,1,114800
2441,U251109-01282,UM-TS-029,2,49600
2442,U250619-01283,UM-OT-014,1,158800
2443,U250619-01283,UM-TS-003,1,69700
2444,U250619-01283,UM-BT-004,1,51800
2445,U250619-01283,UM-BT-021,1,72500
2446,U250619-01283,UM-AC-013,2,46300
2447,U260821-01284,UM-TS-003,1,67300
2448,U260411-01285,UM-AC-017,1,29400
2449,U250817-01286,UM-OT-016,2,117000
2450,U250817-01286,UM-TS-002,1,37000
2451,U250817-01286,UM-TS-001,1,42700
2452,U260601-01287,UM-SH-011,2,130800
2453,U260601-01287,UM-OT-005,2,181000
2454,U250414-01288,UM-TS-034,1,52700
2455,U250414-01288,UM-TS-005,2,47900
2456,U260114-01289,UM-OT-017,1,237500
2457,U260114-01289,UM-AC-024,1,41800
2458,U251222-01290,UM-OT-014,1,126600
2459,U251222-01290,UM-TS-033,1,44000
2460,U250303-01291,UM-TS-035,1,16600
2461,U250303-01291,UM-OT-008,2,257400
2462,U250303-01291,UM-SH-024,1,120800
2463,U250303-01291,UM-AC-025,2,72000
2464,U260615-01292,UM-TS-028,1,78500
2465,U260615-01292,UM-BT-006,3,56800
2466,U260105-01293,UM-TS-028,1,79600
2467,U260902-01294,UM-TS-005,1,36000
2468,U260902-01294,UM-SH-020,2,193600
2469,U250224-01295,UM-AC-026,1,64000
2470,U250224-01295,UM-TS-031,2,28900
2471,U250224-01295,UM-OT-017,1,306800
2472,U260427-01296,UM-TS-008,1,56200
2473,U260427-01296,UM-TS-015,3,14400
2474,U260206-01297,UM-AC-020,1,76400
2475,U260206-01297,UM-AC-004,1,12900
2476,U260626-01298,UM-AC-002,1,80800
2477,U260626-01298,UM-TS-018,1,74700
2478,U260804-01299,UM-SH-019,1,135200
2479,U260406-01300,UM-OT-019,1,192800
2480,U260806-01301,UM-SH-005,2,71500
2481,U260806-01301,UM-TS-014,1,48700
2482,U260611-01302,UM-BT-017,1,42300
2483,U260809-01303,UM-SH-003,1,202100
2484,U260809-01303,UM-BT-019,1,33600
2485,U251018-01304,UM-AC-009,1,68200
2486,U251018-01304,UM-AC-019,1,62500
2487,U240715-01305,UM-SH-014,1,91500
2488,U240715-01305,UM-BT-006,1,56700
2489,U240715-01305,UM-BT-022,1,61500
2490,U240715-01305,UM-TS-029,1,49200
2491,U260812-01306,UM-BT-005,1,83800
2492,U250424-01307,UM-BT-016,1,108200
2493,U250424-01307,UM-SH-022,1,137000
2494,U240916-01308,UM-SH-002,1,177000
2495,U240916-01308,UM-AC-002,1,68200
2496,U240916-01308,UM-OT-021,1,162100
2497,U260505-01309,UM-BT-004,1,51000
2498,U260807-01310,UM-AC-016,1,31600
2499,U260807-01310,UM-TS-019,3,74900
2500,U260902-01311,UM-OT-010,1,164400
2501,U260902-01311,UM-OT-015,1,80700
2502,U260902-01311,UM-TS-026,2,39100
2503,U260902-01311,UM-SH-012,1,164500
2504,U260902-01311,UM-AC-010,2,43700
2505,U260810-01312,UM-BT-017,1,34400
2506,U260810-01312,UM-OT-019,1,168100
2507,U260809-01313,UM-BT-024,1,38800
2508,U260809-01313,UM-OT-007,1,90600
2509,U260809-01313,UM-TS-021,1,45900
2510,U260402-01314,UM-TS-012,1,38700
2511,U260402-01314,UM-TS-005,1,47000
2512,U260702-01315,UM-TS-026,1,33900
2513,U260702-01315,UM-AC-023,1,70000
2514,U260221-01316,UM-SH-018,1,176600
2515,U260221-01316,UM-BT-007,2,103900
2516,U260516-01317,UM-BT-014,1,61200
2517,U260516-01317,UM-BT-008,1,85400
2518,U260516-01317,UM-SH-002,1,169000
2519,U260417-01318,UM-TS-017,1,47600
2520,U260417-01318,UM-TS-003,1,76800
2521,U260417-01318,UM-SH-015,1,96400
2522,U260504-01319,UM-OT-025,1,357900
2523,U251028-01320,UM-TS-012,1,46200
2524,U251028-01320,UM-OT-026,1,110200
2525,U251028-01320,UM-OT-004,1,237300
2526,U250225-01321,UM-BT-008,1,89600
2527,U250225-01321,UM-TS-021,1,40100
2528,U250225-01321,UM-TS-016,1,62900
2529,U260701-01322,UM-TS-011,2,78200
2530,U260619-01323,UM-SH-013,2,212400
2531,U260619-01323,UM-OT-026,1,108500
2532,U260805-01324,UM-BT-021,1,75500
2533,U260709-01325,UM-OT-015,1,110200
2534,U260812-01326,UM-SH-004,1,93800
2535,U260812-01326,UM-OT-013,2,154900
2536,U260812-01326,UM-TS-019,1,85900
2537,U251212-01327,UM-SH-007,1,88300
2538,U251212-01327,UM-BT-019,1,32600
2539,U260821-01328,UM-TS-022,1,41000
2540,U260821-01328,UM-SH-014,1,103300
2541,U260102-01329,UM-TS-008,1,57000
2542,U260828-01330,UM-TS-018,2,71100
2543,U240527-01331,UM-BT-023,1,114000
2544,U240527-01331,UM-BT-021,1,78800
2545,U230929-01332,UM-BT-014,1,64300
2546,U230929-01332,UM-TS-016,1,60300
2547,U260423-01333,UM-BT-025,1,84100
2548,U260423-01333,UM-TS-012,1,42900
2549,U260423-01333,UM-TS-034,1,58300
2550,U260423-01333,UM-BT-025,1,107900
2551,U260722-01334,UM-SH-011,2,150000
2552,U260722-01334,UM-BT-016,1,103000
2553,U260722-01334,UM-TS-003,1,58600
2554,U260522-01335,UM-TS-009,1,54300
2555,U260522-01335,UM-OT-014,1,136600
2556,U260522-01335,UM-AC-008,1,12700
2557,U260719-01336,UM-BT-018,1,56500
2558,U251207-01337,UM-BT-013,1,94900
2559,U240904-01338,UM-SH-005,1,80600
2560,U260820-01339,UM-TS-018,1,78800
2561,U250831-01340,UM-TS-024,1,25100
2562,U260714-01341,UM-TS-034,1,63200
2563,U260714-01341,UM-BT-001,1,46900
2564,U260714-01341,UM-TS-013,1,17200
2565,U260714-01341,UM-SH-006,1,225600
2566,U260714-01342,UM-TS-027,1,75800
2567,U260714-01342,UM-TS-028,1,86400
2568,U260727-01343,UM-TS-027,1,63900
2569,U260727-01343,UM-SH-017,1,135700
2570,U260727-01343,UM-OT-021,1,134700
2571,U260727-01343,UM-BT-024,1,48500
2572,U260727-01343,UM-OT-022,1,207200
2573,U260427-01344,UM-TS-021,2,52300
2574,U240824-01345,UM-TS-016,1,75300
2575,U260810-01346,UM-BT-015,1,92500
2576,U260810-01346,UM-OT-004,1,228400
2577,U260810-01346,UM-BT-016,1,105200
2578,U260810-01346,UM-BT-004,2,43800
2579,U260810-01346,UM-OT-017,1,241900
2580,U250428-01347,UM-TS-020,1,39600
2581,U250707-01348,UM-BT-018,1,61100
2582,U250707-01348,UM-TS-030,1,69900
2583,U250707-01348,UM-AC-011,1,68700
2584,U260712-01349,UM-TS-031,2,31500
2585,U240812-01350,UM-OT-020,2,166200
2586,U240812-01350,UM-BT-009,1,60800
2587,U260103-01351,UM-BT-012,2,65200
2588,U260103-01351,UM-AC-012,1,41600
2589,U260812-01352,UM-TS-008,1,58200
2590,U260710-01353,UM-SH-008,1,170400
2591,U260710-01353,UM-BT-015,1,77100
2592,U260710-01353,UM-TS-025,1,56400
2593,U260710-01353,UM-AC-027,1,59700
2594,U260808-01354,UM-OT-025,1,330400
2595,U260808-01354,UM-TS-016,1,60300
2596,U260808-01354,UM-SH-017,1,140900
2597,U260808-01354,UM-OT-001,1,282800
2598,U260731-01355,UM-TS-020,2,44500
2599,U251122-01356,UM-TS-024,1,25600
2600,U251122-01356,UM-BT-006,1,54300
2601,U251122-01356,UM-OT-019,1,160800
2602,U260710-01357,UM-TS-023,1,26200
2603,U250911-01358,UM-AC-010,1,47800
2604,U250911-01358,UM-SH-020,1,176700
2605,U240526-01359,UM-TS-025,1,60000
2606,U240526-01359,UM-BT-022,1,73300
2607,U240526-01359,UM-BT-007,1,91500
2608,U240526-01359,UM-BT-008,1,82400
2609,U251201-01360,UM-TS-005,1,44200
2610,U251201-01360,UM-OT-010,1,189700
2611,U251201-01360,UM-TS-013,1,18600
2612,U250920-01361,UM-AC-026,1,52700
2613,U260415-01362,UM-OT-010,1,189000
2614,U260415-01362,UM-BT-002,1,59700
2615,U260415-01362,UM-TS-014,1,44000
2616,U260415-01362,UM-TS-020,1,33100
2617,U250808-01363,UM-TS-026,1,36700
2618,U250808-01363,UM-OT-017,1,300400
2619,U250817-01364,UM-TS-033,1,47800
2620,U250817-01364,UM-OT-022,2,196000
2621,U250819-01365,UM-BT-021,1,73300
2622,U250819-01365,UM-TS-032,1,39400
2623,U250818-01366,UM-TS-024,1,25700
2624,U250818-01366,UM-BT-020,2,65800
2625,U260410-01367,UM-AC-011,1,70900
2626,U260410-01367,UM-BT-006,2,60300
2627,U260410-01367,UM-SH-015,1,112900
2628,U250606-01368,UM-SH-005,1,89600
2629,U250606-01368,UM-AC-009,1,63900
2630,U251209-01369,UM-TS-011,1,74100
2631,U251209-01369,UM-TS-034,1,48000
2632,U260315-01370,UM-SH-018,2,224600
2633,U260315-01370,UM-OT-022,1,188600
2634,U260315-01370,UM-TS-002,1,42200
2635,U251108-01371,UM-BT-020,2,88800
2636,U260618-01372,UM-TS-025,1,53300
2637,U260618-01372,UM-AC-027,1,64500
2638,U251019-01373,UM-OT-002,3,344000
2639,U260817-01374,UM-TS-029,1,42400
2640,U250316-01375,UM-BT-014,1,61200
2641,U250316-01375,UM-OT-003,1,289100
2642,U250316-01375,UM-TS-003,1,78900
2643,U260902-01376,UM-OT-004,1,238200
2644,U260902-01376,UM-BT-024,1,45600
2645,U260903-01377,UM-TS-022,2,46100
2646,U260903-01377,UM-TS-036,1,43000
2647,U250314-01378,UM-TS-031,1,32900
2648,U260528-01379,UM-AC-015,2,47700
2649,U260528-01379,UM-SH-006,1,241700
2650,U260528-01379,UM-BT-014,1,53200
2651,U251022-01380,UM-TS-020,1,38500
2652,U251022-01380,UM-TS-013,1,17500
2653,U260814-01381,UM-SH-024,1,131800
2654,U260814-01381,UM-BT-024,1,46300
2655,U260816-01382,UM-BT-006,1,51700
2656,U251218-01383,UM-TS-004,1,37700
2657,U251218-01383,UM-AC-021,3,19600
2658,U260716-01384,UM-AC-012,1,44700
2659,U260811-01385,UM-SH-018,1,243300
2660,U260811-01385,UM-SH-024,1,133100
2661,U260811-01385,UM-BT-009,1,59600
2662,U260705-01386,UM-TS-014,1,41900
2663,U260409-01387,UM-TS-034,1,63100
2664,U260409-01387,UM-AC-009,1,74700
2665,U260605-01388,UM-OT-019,1,195100
2666,U260630-01389,UM-TS-026,1,40700
2667,U260410-01390,UM-TS-017,1,40900
2668,U250610-01391,UM-AC-019,1,58400
2669,U250610-01391,UM-BT-003,2,50600
2670,U260821-01392,UM-TS-030,1,70600
2671,U260821-01392,UM-TS-035,2,18000
2672,U260201-01393,UM-OT-012,2,176700
2673,U260201-01393,UM-SH-001,1,110300
2674,U260201-01393,UM-BT-004,1,50900
2675,U260201-01393,UM-TS-034,2,62900
2676,U260623-01394,UM-TS-010,1,28800
2677,U260726-01395,UM-SH-012,1,150400
2678,U260726-01395,UM-OT-007,1,83000
2679,U260726-01395,UM-OT-020,1,149800
2680,U260830-01396,UM-OT-002,1,282300
2681,U260813-01397,UM-OT-012,1,162500
2682,U260523-01398,UM-BT-003,1,51100
2683,U260523-01398,UM-BT-004,1,54100
2684,U260728-01399,UM-OT-015,1,84600
2685,U260728-01399,UM-TS-022,1,37800
2686,U260809-01400,UM-BT-010,1,86400
2687,U260603-01401,UM-BT-011,1,69600
2688,U260603-01401,UM-BT-003,1,54400
2689,U260603-01401,UM-TS-011,1,80500
2690,U260616-01402,UM-TS-033,1,45200
2691,U260720-01403,UM-SH-008,1,157100
2692,U260720-01403,UM-BT-019,1,32800
2693,U260720-01403,UM-TS-036,2,49500
2694,U260708-01404,UM-OT-018,1,331500
2695,U260811-01405,UM-AC-012,2,49900
2696,U260811-01405,UM-SH-014,1,103100
2697,U260811-01405,UM-OT-021,1,156700
2698,U260811-01405,UM-SH-007,1,89200
2699,U260714-01406,UM-TS-015,1,18500
2700,U260714-01406,UM-SH-013,1,171300
2701,U260714-01406,UM-AC-012,1,37300
2702,U260728-01407,UM-SH-011,2,115700
2703,U260524-01408,UM-TS-014,1,52600
2704,U260524-01408,UM-SH-023,1,79100
2705,U260117-01409,UM-BT-008,1,70800
2706,U260626-01410,UM-TS-037,2,24100
2707,U260626-01410,UM-TS-002,1,43300
2708,U251106-01411,UM-TS-025,1,55200
2709,U251106-01411,UM-TS-013,1,22800
2710,U260806-01412,UM-TS-028,1,84000
2711,U251210-01413,UM-AC-014,1,28400
2712,U251210-01413,UM-BT-025,1,86600
2713,U251210-01413,UM-SH-001,1,91500
2714,U250921-01414,UM-TS-008,1,61700
2715,U250921-01414,UM-BT-025,1,88000
2716,U250921-01414,UM-AC-022,1,19800
2717,U260718-01415,UM-TS-030,1,70700
2718,U260718-01415,UM-BT-005,1,111200
2719,U260105-01416,UM-BT-008,1,78900
2720,U250704-01417,UM-TS-032,1,37600
2721,U250704-01417,UM-AC-011,1,74100
2722,U250704-01417,UM-OT-023,2,317600
2723,U230614-01418,UM-SH-004,1,97200
2724,U250506-01419,UM-TS-018,1,78700
2725,U250506-01419,UM-TS-004,1,49700
2726,U250506-01419,UM-TS-029,1,44000
2727,U250803-01420,UM-BT-025,1,80600
2728,U250803-01420,UM-AC-012,2,46600
2729,U250803-01420,UM-SH-002,1,182600
2730,U260122-01421,UM-TS-019,1,79000
2731,U240508-01422,UM-TS-005,3,43600
2732,U240508-01422,UM-TS-024,1,23300
2733,U250108-01423,UM-BT-008,2,83700
2734,U250108-01423,UM-SH-010,1,143400
2735,U250108-01423,UM-TS-029,1,43200
2736,U260606-01424,UM-SH-016,1,114400
2737,U260606-01424,UM-BT-014,2,67500
2738,U260606-01424,UM-BT-022,3,70700
2739,U260606-01424,UM-SH-012,3,191700
2740,U260606-01425,UM-BT-024,1,48700
2741,U260129-01426,UM-TS-004,1,45900
2742,U240827-01427,UM-BT-001,2,36000
2743,U240827-01427,UM-SH-002,1,199700
2744,U240827-01427,UM-TS-005,1,41600
2745,U260626-01428,UM-TS-037,3,31500
2746,U260626-01428,UM-AC-021,1,24900
2747,U260626-01428,UM-OT-019,1,199600
2748,U260626-01428,UM-OT-006,1,221900
2749,U240417-01429,UM-BT-002,1,75600
2750,U240417-01429,UM-BT-021,2,71100
2751,U260309-01430,UM-TS-036,1,48700
2752,U250615-01431,UM-BT-013,1,114200
2753,U250615-01431,UM-BT-017,1,37000
2754,U250615-01431,UM-AC-031,1,71100
2755,U250615-01431,UM-TS-033,1,44200
2756,U260830-01432,UM-TS-030,1,69800
2757,U260823-01433,UM-SH-021,1,189000
2758,U260823-01433,UM-BT-009,1,53100
2759,U260831-01434,UM-SH-024,1,136500
2760,U260829-01435,UM-TS-035,1,21900
2761,U260829-01435,UM-TS-021,1,47300
2762,U260829-01435,UM-TS-028,1,81200
2763,U260826-01436,UM-TS-033,1,45000
2764,U260831-01437,UM-BT-013,3,107400
2765,U260327-01438,UM-BT-019,1,35400
2766,U260327-01438,UM-BT-002,1,61000
2767,U260327-01438,UM-BT-021,1,81200
2768,U260320-01439,UM-AC-003,3,15100
2769,U260320-01439,UM-TS-035,1,17800
2770,U260123-01440,UM-AC-027,1,56500
2771,U260123-01440,UM-TS-021,1,49700
2772,U260123-01440,UM-SH-014,1,102900
2773,U260123-01440,UM-BT-010,1,98700
2774,U250817-01441,UM-TS-013,1,19100
2775,U250817-01441,UM-TS-031,1,29500
2776,U260705-01442,UM-TS-035,3,20500
2777,U260829-01443,UM-TS-015,1,17500
2778,U260829-01443,UM-OT-005,1,142600
2779,U260829-01443,UM-TS-005,1,35000
2780,U260829-01444,UM-OT-002,3,331200
2781,U260831-01445,UM-TS-006,1,76700
2782,U260714-01446,UM-TS-034,1,54300
2783,U260805-01447,UM-BT-012,1,57700
2784,U260805-01448,UM-AC-026,1,61300
2785,U260805-01448,UM-TS-007,3,42700
2786,U260706-01449,UM-TS-023,1,29100
2787,U260706-01449,UM-BT-002,1,56300
2788,U260630-01450,UM-TS-033,1,40700
2789,U260630-01450,UM-BT-020,1,65200
2790,U260804-01451,UM-AC-029,1,11800
2791,U260614-01452,UM-TS-021,1,40200
2792,U260520-01453,UM-AC-024,1,53300
2793,U260227-01454,UM-TS-003,1,63200
2794,U260826-01455,UM-SH-014,1,101300
2795,U260731-01456,UM-TS-022,1,37500
2796,U260731-01456,UM-AC-017,1,28400
2797,U260731-01456,UM-BT-022,1,60700
2798,U260731-01456,UM-AC-026,2,49100
2799,U260731-01456,UM-AC-023,1,80400
2800,U260630-01457,UM-TS-019,1,64300
2801,U260630-01457,UM-BT-012,1,64700
2802,U260822-01458,UM-TS-030,1,74300
2803,U260603-01459,UM-SH-009,1,125500
2804,U250402-01460,UM-AC-015,1,47000
2805,U250402-01460,UM-BT-010,1,85300
2806,U251121-01461,UM-TS-016,1,62500
2807,U250802-01462,UM-SH-008,1,193800
2808,U251209-01463,UM-OT-007,1,89000
2809,U260302-01464,UM-TS-013,2,17500
2810,U260331-01465,UM-SH-005,1,65100
2811,U260331-01465,UM-BT-003,2,54100
2812,U260331-01465,UM-TS-022,1,39600
2813,U260109-01466,UM-BT-015,1,94300
2814,U260109-01466,UM-AC-017,1,23900
2815,U250526-01467,UM-SH-024,1,108800
2816,U250526-01467,UM-TS-035,1,21500
2817,U250523-01468,UM-TS-034,1,65700
2818,U251108-01469,UM-BT-003,2,66500
2819,U251108-01469,UM-TS-011,1,64100
2820,U251108-01469,UM-BT-009,2,57400
2821,U251108-01469,UM-TS-030,3,57500
2822,U250423-01470,UM-BT-022,2,66100
2823,U250423-01470,UM-BT-013,1,98300
2824,U250420-01471,UM-SH-010,1,138300
2825,U241003-01472,UM-BT-006,1,54500
2826,U260709-01473,UM-SH-012,1,149100
2827,U260125-01474,UM-SH-019,1,158800
2828,U260125-01474,UM-BT-023,1,88900
2829,U260516-01475,UM-TS-008,1,45000
2830,U260722-01476,UM-TS-017,3,53000
2831,U260722-01476,UM-TS-016,1,63300
2832,U240723-01477,UM-BT-017,1,35400
2833,U240723-01477,UM-TS-010,2,25800
2834,U260126-01478,UM-SH-003,1,206900
2835,U260126-01478,UM-TS-015,1,17000
2836,U250704-01479,UM-BT-001,1,48000
2837,U250704-01479,UM-TS-004,1,44500
2838,U250702-01480,UM-OT-013,1,146500
2839,U250701-01481,UM-AC-010,1,51800
2840,U260809-01482,UM-TS-032,1,37600
2841,U260818-01483,UM-SH-010,1,186600
2842,U260818-01483,UM-OT-024,1,340500
2843,U260716-01484,UM-BT-019,1,34300
2844,U260829-01485,UM-OT-015,1,91600
2845,U260726-01486,UM-SH-004,3,97700
2846,U260726-01486,UM-AC-009,1,68100
2847,U260716-01487,UM-BT-012,1,62200
2848,U260716-01487,UM-SH-006,1,238500
2849,U251209-01488,UM-BT-002,1,67500
2850,U251209-01488,UM-TS-036,1,46000
2851,U260716-01489,UM-TS-015,1,16200
2852,U260715-01490,UM-BT-003,1,49900
2853,U250922-01491,UM-TS-004,1,47600
2854,U260716-01492,UM-TS-019,1,73100
2855,U260716-01492,UM-AC-029,1,11100
2856,U260815-01493,UM-BT-001,1,37200
2857,U260815-01493,UM-BT-018,1,63200
2858,U251121-01494,UM-OT-001,1,370500
2859,U250320-01495,UM-TS-025,1,63900
2860,U250320-01495,UM-BT-024,1,50100
2861,U250320-01495,UM-SH-016,1,115600
2862,U260617-01496,UM-BT-010,1,103000
2863,U240424-01497,UM-AC-010,3,51300
2864,U240424-01497,UM-AC-025,1,60000
2865,U240424-01497,UM-OT-025,1,281300
2866,U260810-01498,UM-TS-028,1,82600
2867,U240823-01499,UM-TS-004,1,40600
2868,U240823-01499,UM-SH-014,1,86900
2869,U240823-01499,UM-TS-013,1,23700
2870,U240823-01499,UM-BT-004,1,48400
2871,U240823-01499,UM-BT-023,1,84300
2872,U251105-01500,UM-BT-009,1,50400
2873,U231231-01501,UM-OT-011,1,71100
2874,U240329-01502,UM-TS-031,1,29400
2875,U240329-01502,UM-AC-028,3,42700
2876,U250223-01503,UM-TS-002,1,34500
2877,U250509-01504,UM-TS-001,1,50200
2878,U260725-01505,UM-AC-020,1,88400
2879,U240405-01506,UM-TS-004,1,48900
2880,U240405-01506,UM-SH-021,1,153800
2881,U260902-01507,UM-TS-010,3,28700
2882,U250512-01508,UM-SH-014,2,101000
2883,U260730-01509,UM-TS-027,2,80300
2884,U260730-01509,UM-TS-015,1,19100
2885,U260730-01509,UM-BT-008,1,83200
2886,U260730-01509,UM-BT-008,1,81700
2887,U251129-01510,UM-TS-028,1,65600
2888,U251120-01511,UM-TS-036,1,39700
2889,U251120-01511,UM-SH-018,1,203600
2890,U260608-01512,UM-BT-018,1,74500
2891,U260608-01512,UM-OT-003,2,276700
2892,U260608-01512,UM-AC-020,1,82200
2893,U260608-01512,UM-BT-020,1,82100
2894,U260717-01513,UM-SH-002,2,182700
2895,U260717-01513,UM-TS-036,1,38500
2896,U260717-01513,UM-TS-010,1,25800
2897,U251227-01514,UM-AC-028,1,41800
2898,U260813-01515,UM-OT-015,1,85100
2899,U260813-01515,UM-AC-009,1,54800
2900,U260813-01515,UM-OT-013,1,146900
2901,U260605-01516,UM-BT-008,1,83000
2902,U260605-01516,UM-BT-016,1,94000
2903,U260607-01517,UM-TS-011,1,83200
2904,U260607-01517,UM-SH-012,1,153700
2905,U260823-01518,UM-BT-004,1,53000
2906,U260823-01518,UM-TS-010,1,32700
2907,U260613-01519,UM-BT-009,1,49200
2908,U260613-01519,UM-TS-021,2,54000
2909,U260428-01520,UM-TS-037,1,27100
2910,U260428-01520,UM-BT-024,1,52000
2911,U260628-01521,UM-BT-023,1,100900
2912,U260529-01522,UM-BT-007,1,83700
2913,U260529-01522,UM-SH-012,1,178400
2914,U260529-01522,UM-BT-019,1,35100
2915,U251128-01523,UM-BT-005,1,103200
2916,U251128-01523,UM-TS-028,2,69100
2917,U260715-01524,UM-BT-016,1,85100
2918,U260719-01525,UM-TS-034,1,53400
2919,U260719-01525,UM-TS-029,1,48300
2920,U260723-01526,UM-AC-010,3,57900
2921,U260822-01527,UM-TS-034,1,64300
2922,U260304-01528,UM-OT-013,1,152700
2923,U260304-01528,UM-TS-019,1,83800
2924,U260304-01528,UM-TS-016,1,74500
2925,U260902-01529,UM-TS-029,1,46800
2926,U260902-01529,UM-BT-023,1,97300
2927,U260902-01529,UM-BT-001,1,37700
2928,U260410-01530,UM-TS-009,1,51100
2929,U260410-01530,UM-AC-024,1,45500
2930,U260609-01531,UM-TS-024,1,19400
2931,U260609-01531,UM-OT-009,2,269900
2932,U250928-01532,UM-TS-004,1,45700
2933,U250928-01532,UM-OT-023,1,355800
2934,U250928-01532,UM-TS-008,1,47000
2935,U250928-01532,UM-AC-017,1,27800
2936,U251211-01533,UM-TS-001,1,39900
2937,U251211-01533,UM-BT-019,1,28400
2938,U251211-01533,UM-AC-001,1,66000
2939,U260731-01534,UM-SH-024,1,116400
2940,U260711-01535,UM-AC-003,1,14100
2941,U260711-01535,UM-SH-004,1,88700
2942,U250628-01536,UM-TS-012,1,35900
2943,U251127-01537,UM-BT-019,2,31200
2944,U260214-01538,UM-AC-007,1,10200
2945,U240720-01539,UM-AC-006,1,22800
2946,U240630-01540,UM-OT-016,3,118000
2947,U240630-01540,UM-BT-019,1,33400
2948,U240630-01540,UM-BT-010,1,103500
2949,U241202-01541,UM-OT-020,1,167600
2950,U241202-01541,UM-AC-001,1,59000
2951,U240906-01542,UM-TS-012,1,45500
2952,U240906-01542,UM-BT-025,1,83300
2953,U240906-01542,UM-OT-010,1,189300
2954,U260718-01543,UM-TS-026,1,36300
2955,U260718-01543,UM-TS-022,1,46800
2956,U260718-01543,UM-BT-024,1,39100
2957,U260421-01544,UM-BT-013,1,115700
2958,U260122-01545,UM-AC-018,1,42500
2959,U250702-01546,UM-TS-029,1,45900
2960,U240130-01547,UM-SH-011,1,119000
2961,U240130-01547,UM-BT-010,1,109600
2962,U240130-01548,UM-BT-010,1,86800
2963,U240130-01548,UM-BT-014,1,55700
2964,U240128-01549,UM-TS-011,1,62100
2965,U240128-01549,UM-TS-001,1,50300
2966,U260901-01550,UM-TS-008,1,54700
2967,U260901-01550,UM-TS-014,1,43100
2968,U260901-01550,UM-SH-016,1,118700
2969,U260829-01551,UM-TS-027,1,67500
2970,U260829-01551,UM-TS-027,1,76700
2971,U260902-01552,UM-AC-007,1,13500
2972,U260831-01553,UM-TS-011,1,82300
2973,U260404-01554,UM-TS-017,1,44700
2974,U260401-01555,UM-TS-010,1,28500
2975,U260629-01556,UM-BT-022,1,78200
2976,U260629-01556,UM-BT-025,1,102500
2977,U260815-01557,UM-BT-005,1,103300
2978,U260901-01558,UM-TS-032,1,43600
2979,U260801-01559,UM-TS-018,2,62300
2980,U260712-01560,UM-OT-004,2,238500
2981,U260824-01561,UM-TS-025,1,64800
2982,U260801-01562,UM-BT-020,1,87400
2983,U260725-01563,UM-TS-027,1,72300
2984,U260820-01564,UM-AC-007,1,13700
2985,U260820-01564,UM-OT-015,1,79200
2986,U231226-01565,UM-BT-011,1,73700
2987,U231226-01565,UM-BT-013,1,124500
2988,U230205-01566,UM-BT-015,1,90000
2989,U250113-01567,UM-SH-010,1,158400
2990,U251229-01568,UM-TS-037,2,30500
2991,U251229-01568,UM-TS-036,1,44300
2992,U251229-01568,UM-AC-022,1,17300
2993,U251215-01569,UM-SH-002,1,197100
2994,U251215-01569,UM-BT-006,2,46600
2995,U250723-01570,UM-TS-022,2,36800
2996,U240326-01571,UM-TS-015,2,15900
2997,U240326-01571,UM-OT-008,1,238000
2998,U240326-01571,UM-BT-005,3,96000
2999,U240326-01571,UM-SH-005,1,71700
3000,U260815-01572,UM-SH-018,1,182100
3001,U260815-01572,UM-BT-013,1,108500
3002,U260514-01573,UM-TS-033,1,42900
3003,U260514-01573,UM-TS-021,1,54500
3004,U260514-01573,UM-BT-005,1,104000
3005,U260605-01574,UM-AC-017,2,30800
3006,U251224-01575,UM-TS-008,1,47200
3007,U251023-01576,UM-TS-034,2,59600
3008,U260709-01577,UM-TS-017,1,47400
3009,U260709-01577,UM-TS-012,1,38800
3010,U260709-01577,UM-TS-009,1,53000
3011,U260701-01578,UM-TS-017,1,46200
3012,U260701-01578,UM-TS-012,2,45600
3013,U250826-01579,UM-SH-007,1,88100
3014,U260815-01580,UM-TS-015,2,19900
3015,U260815-01580,UM-SH-018,1,206600
3016,U260819-01581,UM-BT-004,1,59100
3017,U260819-01581,UM-TS-002,2,40900
3018,U260819-01581,UM-SH-020,1,170400
3019,U260819-01581,UM-BT-005,3,103500
3020,U260819-01581,UM-TS-027,1,81000
3021,U260709-01582,UM-AC-006,1,21900
3022,U260710-01583,UM-BT-019,1,27400
3023,U260611-01584,UM-OT-006,1,222600
3024,U260723-01585,UM-BT-020,1,68300
3025,U260723-01585,UM-TS-033,1,39000
3026,U260723-01585,UM-TS-011,1,86400
3027,U260723-01585,UM-BT-025,1,85900
3028,U260801-01586,UM-TS-019,1,64800
3029,U260801-01586,UM-BT-015,1,97100
3030,U260805-01587,UM-BT-003,2,65800
3031,U260222-01588,UM-BT-023,3,90600
3032,U260701-01589,UM-OT-024,2,341900
3033,U260315-01590,UM-BT-002,1,66600
3034,U260315-01590,UM-SH-007,1,99500
3035,U260708-01591,UM-BT-017,1,35900
3036,U260710-01592,UM-OT-014,1,137700
3037,U260710-01592,UM-SH-017,3,122300
3038,U260710-01592,UM-TS-032,1,42300
3039,U260710-01592,UM-OT-005,1,185600
3040,U260710-01593,UM-SH-013,1,216500
3041,U260710-01593,UM-BT-010,1,83400
3042,U260903-01594,UM-AC-010,1,44000
3043,U260811-01595,UM-BT-021,2,92900
3044,U260813-01596,UM-TS-020,1,39600
3045,U251215-01597,UM-OT-012,1,221300
3046,U251215-01597,UM-TS-025,2,54100
3047,U250522-01598,UM-BT-011,1,80100
3048,U250518-01599,UM-OT-011,1,59400
3049,U250518-01599,UM-TS-023,1,22800
3050,U250525-01600,UM-AC-029,1,13600
3051,U240917-01601,UM-SH-013,1,200700
3052,U250324-01602,UM-AC-025,1,82800
3053,U250316-01603,UM-AC-026,1,64900
3054,U240810-01604,UM-AC-023,1,67500
3055,U240810-01604,UM-TS-009,1,51400
3056,U240810-01604,UM-TS-034,1,55800
3057,U240810-01604,UM-TS-014,1,42900
3058,U240810-01604,UM-OT-019,1,180800
3059,U231009-01605,UM-SH-019,3,141800
3060,U231009-01605,UM-TS-027,1,74700
3061,U230909-01606,UM-BT-007,1,86200
3062,U230909-01606,UM-BT-006,1,56600
3063,U260430-01607,UM-OT-026,1,99500
3064,U260430-01607,UM-SH-020,1,202200
3065,U260628-01608,UM-AC-004,1,15200
3066,U260628-01608,UM-TS-002,1,32600
3067,U260206-01609,UM-TS-027,1,78700
3068,U250317-01610,UM-BT-008,1,89100
3069,U250317-01610,UM-OT-023,1,271200
3070,U250317-01610,UM-BT-024,1,45200
3071,U251216-01611,UM-SH-018,1,246400
3072,U251216-01611,UM-OT-010,1,163900
3073,U250313-01612,UM-SH-002,1,208500
3074,U260629-01613,UM-BT-013,1,123300
3075,U260629-01613,UM-TS-021,1,50700
3076,U260629-01613,UM-SH-014,1,84800
3077,U260812-01614,UM-SH-007,1,98600
3078,U260812-01614,UM-TS-002,1,31500
3079,U251107-01615,UM-TS-026,1,32500
3080,U250918-01616,UM-OT-011,1,67500
3081,U250918-01616,UM-BT-020,1,79800
3082,U250918-01616,UM-TS-033,1,41300
3083,U260613-01617,UM-SH-004,2,115200
3084,U250321-01618,UM-AC-012,2,46700
3085,U250321-01618,UM-BT-005,2,98800
3086,U251021-01619,UM-TS-034,2,56000
3087,U251021-01619,UM-BT-019,1,36300
3088,U251021-01619,UM-TS-031,1,24600
3089,U251021-01619,UM-BT-007,1,80400
3090,U250908-01620,UM-TS-019,1,84500
3091,U250725-01621,UM-TS-029,1,41700
3092,U250725-01621,UM-SH-024,1,115500
3093,U260703-01622,UM-AC-008,2,17600
3094,U260703-01622,UM-OT-015,1,110300
3095,U260703-01622,UM-OT-012,1,193100
3096,U250309-01623,UM-BT-018,1,63500
3097,U250309-01623,UM-TS-031,3,33500
3098,U250309-01623,UM-SH-023,1,107700
3099,U250309-01623,UM-OT-026,1,112800
3100,U251010-01624,UM-BT-010,3,98100
3101,U251001-01625,UM-BT-013,2,102000
3102,U251212-01626,UM-OT-002,1,246500
3103,U251103-01627,UM-SH-017,2,133500
3104,U251103-01627,UM-BT-013,1,114000
3105,U250307-01628,UM-OT-004,1,197000
3106,U250307-01628,UM-TS-026,1,32400
3107,U250804-01629,UM-OT-015,1,111100
3108,U260311-01630,UM-SH-024,1,132300
3109,U260419-01631,UM-BT-014,2,58900
3110,U260214-01632,UM-AC-016,2,29000
3111,U260617-01633,UM-SH-013,1,184700
3112,U260617-01633,UM-AC-029,1,13500
3113,U260617-01633,UM-BT-018,2,79000
3114,U260617-01633,UM-BT-016,1,102500
3115,U260715-01634,UM-AC-027,1,69900
3116,U260302-01635,UM-TS-021,1,50100
3117,U260518-01636,UM-BT-021,2,73900
3118,U260221-01637,UM-AC-009,2,75500
3119,U260221-01637,UM-TS-026,1,34300
3120,U260606-01638,UM-OT-004,1,207900
3121,U260606-01638,UM-AC-015,1,55600
3122,U260606-01638,UM-BT-016,1,93300
3123,U260409-01639,UM-TS-036,1,40000
3124,U260409-01639,UM-TS-032,3,35500
3125,U260826-01640,UM-TS-030,1,65900
3126,U260818-01641,UM-TS-005,1,43100
3127,U260803-01642,UM-TS-037,1,31000
3128,U251126-01643,UM-TS-003,1,76600
3129,U251126-01643,UM-TS-022,1,47700
3130,U241019-01644,UM-BT-024,1,43700
3131,U241019-01644,UM-TS-033,1,40600
3132,U250224-01645,UM-TS-026,1,42300
3133,U230923-01646,UM-AC-027,2,64000
3134,U230923-01646,UM-TS-012,1,34900
3135,U241029-01647,UM-TS-010,1,27000
3136,U250815-01648,UM-OT-014,1,170500
3137,U250815-01648,UM-SH-019,1,151800
3138,U250815-01648,UM-OT-023,1,320100
3139,U240715-01649,UM-SH-015,2,87300
3140,U240715-01649,UM-OT-025,1,300300
3141,U260814-01650,UM-BT-007,1,98100
3142,U260814-01650,UM-OT-011,1,69300
3143,U260814-01650,UM-SH-007,1,91600
3144,U260626-01651,UM-SH-018,2,196100
3145,U260626-01651,UM-SH-013,1,209200
3146,U260626-01651,UM-TS-006,1,81800
3147,U260726-01652,UM-TS-037,3,23900
3148,U260806-01653,UM-TS-014,2,56200
3149,U260825-01654,UM-SH-021,1,169300
3150,U260804-01655,UM-AC-001,1,59500
3151,U260412-01656,UM-TS-034,1,61900
3152,U260412-01656,UM-TS-029,1,54900
3153,U260831-01657,UM-BT-004,1,43000
3154,U260614-01658,UM-BT-019,1,32000
3155,U260704-01659,UM-AC-003,1,15800
3156,U260902-01660,UM-TS-015,1,18800
3157,U260811-01661,UM-SH-023,1,96400
3158,U260811-01661,UM-SH-022,2,104300
3159,U260726-01662,UM-AC-025,1,63300
3160,U260821-01663,UM-OT-003,3,281400
3161,U250503-01664,UM-TS-030,1,76600
3162,U241031-01665,UM-SH-004,1,87200
3163,U241031-01665,UM-TS-010,1,30700
3164,U241031-01665,UM-SH-022,1,104400
3165,U240721-01666,UM-TS-020,1,32800
3166,U240721-01666,UM-BT-004,1,47000
3167,U260717-01667,UM-OT-023,1,341600
3168,U260824-01668,UM-TS-002,2,38500
3169,U260824-01668,UM-TS-029,1,50400
3170,U260824-01668,UM-BT-019,1,26700
3171,U260701-01669,UM-TS-003,1,63700
3172,U260701-01669,UM-SH-012,1,190900
3173,U251219-01670,UM-BT-021,1,78800
3174,U260422-01671,UM-TS-033,1,47300
3175,U260506-01672,UM-BT-011,2,65700
3176,U260502-01673,UM-SH-019,1,153100
3177,U260715-01674,UM-BT-025,1,86600
3178,U260708-01675,UM-OT-004,3,208400
3179,U250615-01676,UM-TS-002,1,40000
3180,U250615-01676,UM-OT-009,1,259000
3181,U250615-01676,UM-SH-023,1,98600
3182,U250223-01677,UM-OT-021,1,126000
3183,U260624-01678,UM-TS-035,1,17400
3184,U260624-01678,UM-TS-007,2,43300
3185,U260815-01679,UM-BT-011,2,79000
3186,U260815-01679,UM-OT-001,1,308600
3187,U260815-01679,UM-AC-011,1,73200
3188,U260203-01680,UM-OT-010,1,191600
3189,U260203-01680,UM-BT-016,1,91500
3190,U260223-01681,UM-TS-001,1,40900
3191,U260402-01682,UM-SH-001,1,111400
3192,U260408-01683,UM-BT-010,1,83100
3193,U250717-01684,UM-BT-013,1,99600
3194,U260817-01685,UM-AC-008,1,13800
3195,U260817-01685,UM-AC-008,2,17700
3196,U260817-01685,UM-TS-012,1,40200
3197,U260402-01686,UM-BT-012,1,46500
3198,U260402-01686,UM-BT-016,1,99700
3199,U250307-01687,UM-TS-009,1,61200
3200,U250307-01687,UM-OT-022,1,220900
3201,U260130-01688,UM-BT-023,1,99700
3202,U260130-01688,UM-TS-005,1,37800
3203,U220620-01689,UM-OT-011,1,77600
3204,U231005-01690,UM-AC-026,1,62300
3205,U231005-01690,UM-TS-023,1,28300
3206,U230317-01691,UM-SH-014,1,79400
3207,U251230-01692,UM-BT-009,1,55600
3208,U251230-01692,UM-BT-004,1,46400
3209,U251230-01692,UM-OT-004,1,194700
3210,U241109-01693,UM-SH-001,2,121500
3211,U241109-01693,UM-SH-004,1,96700
3212,U250702-01694,UM-OT-009,1,294300
3213,U250702-01694,UM-BT-015,2,99500
3214,U250702-01694,UM-AC-030,1,13500
3215,U240809-01695,UM-TS-027,2,71100
3216,U240809-01695,UM-BT-015,1,79100
3217,U260811-01696,UM-BT-007,1,94400
3218,U260816-01697,UM-TS-013,1,19500
3219,U260110-01698,UM-BT-018,2,70100
3220,U260625-01699,UM-AC-021,1,18200
3221,U260625-01699,UM-TS-018,1,79100
3222,U260823-01700,UM-TS-002,1,36000
3223,U260814-01701,UM-SH-003,1,173300
3224,U260814-01701,UM-BT-009,1,47500
3225,U260814-01701,UM-SH-024,3,136500
3226,U260829-01702,UM-SH-016,1,142400
3227,U260829-01702,UM-OT-015,1,86600
3228,U260902-01703,UM-TS-004,1,45700
3229,U260902-01703,UM-BT-023,1,111500
3230,U260812-01704,UM-BT-013,1,117900
3231,U260729-01705,UM-BT-019,1,30900
3232,U260729-01705,UM-AC-016,1,28400
3233,U260818-01706,UM-BT-002,1,54700
3234,U260818-01706,UM-SH-017,1,135200
3235,U260730-01707,UM-TS-037,1,26100
3236,U260721-01708,UM-BT-022,1,67400
3237,U260721-01708,UM-TS-023,3,22400
3238,U260727-01709,UM-AC-011,1,70100
3239,U260816-01710,UM-AC-025,1,66500
3240,U260816-01710,UM-TS-003,1,77900
3241,U260804-01711,UM-BT-014,1,63800
3242,U260223-01712,UM-SH-016,1,141700
3243,U250331-01713,UM-OT-013,1,131000
3244,U250331-01713,UM-BT-014,1,69600
3245,U240927-01714,UM-SH-011,1,119100
3246,U240429-01715,UM-AC-026,1,52400
3247,U260701-01716,UM-AC-007,1,11700
3248,U260701-01716,UM-AC-022,1,15700
3249,U260713-01717,UM-BT-019,1,33400
3250,U260713-01717,UM-OT-011,1,70900
3251,U260428-01718,UM-TS-023,1,24400
3252,U260428-01718,UM-OT-021,1,133800
3253,U260715-01719,UM-BT-014,1,51700
3254,U260715-01719,UM-BT-002,1,68000
3255,U260715-01719,UM-TS-024,1,19200
3256,U260715-01719,UM-TS-032,1,44800
3257,U260715-01719,UM-SH-002,1,211300
3258,U260604-01720,UM-OT-015,1,89400
3259,U260310-01721,UM-TS-029,2,46700
3260,U260511-01722,UM-AC-026,1,67900
3261,U260425-01723,UM-AC-010,1,52800
3262,U260521-01724,UM-TS-005,1,38100
3263,U260521-01724,UM-BT-009,2,60000
3264,U260220-01725,UM-TS-012,1,47100
3265,U260110-01726,UM-AC-010,1,60500
3266,U260521-01727,UM-BT-020,1,81200
3267,U260822-01728,UM-AC-024,1,54500
3268,U260210-01729,UM-AC-015,2,53300
3269,U240912-01730,UM-OT-024,1,262300
3270,U251013-01731,UM-SH-019,1,171000
3271,U241214-01732,UM-AC-029,1,10600
3272,U241214-01732,UM-TS-025,1,63700
3273,U241214-01732,UM-AC-019,1,52400
3274,U260426-01733,UM-AC-026,1,63300
3275,U260426-01733,UM-AC-006,1,25600
3276,U260730-01734,UM-TS-014,1,53900
3277,U260727-01735,UM-OT-018,1,368100
3278,U260821-01736,UM-TS-013,1,21700
3279,U260802-01737,UM-OT-019,1,202700
3280,U260706-01738,UM-OT-012,1,213000
3281,U260706-01738,UM-TS-003,3,60300
3282,U260704-01739,UM-AC-023,1,79600
3283,U260831-01740,UM-BT-002,1,64700
3284,U260831-01740,UM-TS-003,1,77600
3285,U260831-01740,UM-TS-019,1,63300
3286,U260831-01740,UM-AC-020,1,83200
3287,U240127-01741,UM-TS-029,1,42400
3288,U240127-01741,UM-BT-009,2,60000
3289,U240127-01741,UM-TS-019,1,63900
3290,U240127-01741,UM-SH-010,1,169800
3291,U240127-01741,UM-SH-022,1,115400
3292,U260513-01742,UM-AC-014,1,26300
3293,U260513-01742,UM-SH-022,1,106600
3294,U260430-01743,UM-TS-021,1,54100
3295,U260430-01743,UM-SH-020,1,167300
3296,U250121-01744,UM-BT-024,1,48500
3297,U251012-01745,UM-BT-023,1,92900
3298,U260901-01746,UM-BT-001,1,41300
3299,U260901-01746,UM-BT-007,1,92100
3300,U230428-01747,UM-OT-021,2,149900
3301,U241119-01748,UM-SH-005,1,80900
3302,U241119-01748,UM-AC-022,2,19100
3303,U241119-01748,UM-TS-006,1,66100
3304,U251031-01749,UM-TS-018,1,78200
3305,U251031-01749,UM-TS-004,1,37800
3306,U241119-01750,UM-TS-034,2,57300
3307,U250325-01751,UM-SH-016,1,161600
3308,U250325-01751,UM-TS-001,1,37300
3309,U260408-01752,UM-TS-029,1,48000
3310,U260331-01753,UM-AC-026,1,54000
3311,U260331-01753,UM-TS-009,1,50300
3312,U260508-01754,UM-TS-023,1,26400
3313,U260508-01754,UM-SH-012,1,150400
3314,U260415-01755,UM-TS-037,1,30400
3315,U260415-01755,UM-AC-020,1,85500
3316,U260727-01756,UM-TS-025,1,52500
3317,U260624-01757,UM-TS-009,1,52100
3318,U260624-01757,UM-TS-019,1,72300
3319,U260629-01758,UM-BT-013,1,90600
3320,U260419-01759,UM-OT-015,1,84600
3321,U260419-01759,UM-TS-006,1,83100
3322,U260315-01760,UM-BT-010,1,87000
3323,U260315-01760,UM-TS-020,1,38100
3324,U260315-01760,UM-TS-005,1,45300
3325,U260315-01760,UM-BT-003,1,65300
3326,U260308-01761,UM-BT-016,1,104600
3327,U260319-01762,UM-TS-022,1,34400
3328,U260319-01762,UM-TS-026,1,38700
3329,U260319-01762,UM-BT-019,1,31500
3330,U260113-01763,UM-BT-011,1,67100
3331,U260729-01764,UM-BT-023,2,110400
3332,U260729-01764,UM-SH-019,1,131500
3333,U260729-01764,UM-BT-012,1,53100
3334,U260306-01765,UM-AC-002,1,83500
3335,U260306-01765,UM-OT-019,1,206400
3336,U251207-01766,UM-OT-022,3,207700
3337,U251207-01766,UM-SH-012,1,141200
3338,U260717-01767,UM-AC-017,1,25800
3339,U260804-01768,UM-AC-017,1,28100
3340,U260318-01769,UM-BT-006,1,56800
3341,U260416-01770,UM-TS-018,1,79700
3342,U260416-01770,UM-OT-001,2,271500
3343,U260416-01770,UM-TS-031,1,25300
3344,U260304-01771,UM-BT-023,1,92300
3345,U251230-01772,UM-BT-009,2,66400
3346,U260711-01773,UM-BT-009,1,47700
3347,U260711-01773,UM-OT-019,1,207200
3348,U260711-01773,UM-TS-024,2,18800
3349,U251008-01774,UM-BT-012,1,46700
3350,U260825-01775,UM-TS-022,1,34800
3351,U260331-01776,UM-SH-015,3,106800
3352,U240828-01777,UM-TS-008,1,53800
3353,U251126-01778,UM-BT-010,1,89800
3354,U260314-01779,UM-TS-035,1,22500
3355,U250913-01780,UM-TS-016,1,59600
3356,U250913-01780,UM-SH-013,2,202600
3357,U250922-01781,UM-TS-026,1,39700
3358,U250922-01781,UM-AC-027,1,51900
3359,U250922-01781,UM-SH-001,1,114600
3360,U250922-01781,UM-TS-028,2,85300
3361,U250801-01782,UM-AC-026,1,55200
3362,U260817-01783,UM-OT-007,1,102500
3363,U260817-01783,UM-SH-012,1,187100
3364,U231121-01784,UM-SH-010,1,150400
3365,U250603-01785,UM-BT-024,1,52900
3366,U260807-01786,UM-SH-017,2,160600
3367,U260428-01787,UM-BT-007,1,102600
3368,U260405-01788,UM-TS-017,1,55500
3369,U251021-01789,UM-BT-003,3,57200
3370,U251021-01789,UM-TS-003,1,61100
3371,U250808-01790,UM-BT-015,1,96000
3372,U260519-01791,UM-TS-026,1,32700
3373,U260902-01792,UM-BT-021,1,81500
3374,U260712-01793,UM-BT-007,1,81400
3375,U260712-01793,UM-TS-021,1,40500
3376,U260712-01793,UM-AC-031,1,64700
3377,U260712-01793,UM-TS-037,1,29400
3378,U260514-01794,UM-SH-009,1,162600
3379,U250824-01795,UM-TS-028,1,65200
3380,U260222-01796,UM-BT-024,2,48600
3381,U260526-01797,UM-AC-009,1,69700
3382,U260526-01797,UM-OT-011,1,65600
3383,U260129-01798,UM-TS-003,1,74100
3384,U251027-01799,UM-OT-008,1,264100
3385,U251027-01799,UM-SH-008,1,191100
3386,U260803-01800,UM-TS-036,1,41500
3387,U260803-01800,UM-BT-007,1,91500
3388,U260803-01800,UM-TS-020,1,39000
3389,U260803-01800,UM-SH-016,1,124500
3390,U260222-01801,UM-OT-013,1,127800
3391,U260625-01802,UM-BT-017,1,31500
3392,U251217-01803,UM-BT-006,1,64700
3393,U251217-01803,UM-AC-027,2,54000
3394,U260721-01804,UM-TS-022,1,46700
3395,U260517-01805,UM-TS-002,1,33600
3396,U260517-01805,UM-SH-022,1,120000
3397,U260313-01806,UM-AC-017,1,23900
3398,U260902-01807,UM-BT-004,2,51600
3399,U260617-01808,UM-AC-029,1,12400
3400,U260114-01809,UM-OT-013,1,168700
3401,U260626-01810,UM-BT-023,3,101200
3402,U260626-01810,UM-OT-017,2,290500
3403,U260626-01810,UM-BT-021,2,92000
3404,U250831-01811,UM-TS-021,1,39900
3405,U250831-01811,UM-AC-021,1,17700
3406,U250831-01811,UM-SH-015,1,105100
3407,U250831-01811,UM-OT-023,1,332400
3408,U250831-01811,UM-TS-005,1,44900
3409,U260708-01812,UM-BT-017,1,41200
3410,U260708-01812,UM-AC-009,1,70300
3411,U260903-01813,UM-TS-031,1,23900
3412,U260707-01814,UM-BT-019,1,31400
3413,U260707-01814,UM-AC-008,1,16600
3414,U260707-01814,UM-TS-003,1,67500
3415,U260707-01815,UM-TS-037,1,28500
3416,U260705-01816,UM-SH-010,1,178200
3417,U260705-01816,UM-TS-010,1,26300
3418,U260705-01816,UM-TS-028,2,66200
3419,U250705-01817,UM-OT-010,1,182600
3420,U250705-01817,UM-TS-002,1,41400
3421,U250705-01817,UM-TS-036,2,48900
3422,U250225-01818,UM-TS-037,1,31800
3423,U250225-01818,UM-TS-027,1,80500
3424,U250629-01819,UM-TS-035,1,20800
3425,U250629-01819,UM-TS-023,1,28800
3426,U250629-01819,UM-OT-025,1,360300
3427,U250815-01820,UM-AC-011,1,76600
3428,U250815-01820,UM-TS-002,2,33700
3429,U260514-01821,UM-TS-012,1,37900
3430,U260514-01821,UM-AC-028,1,37000
3431,U260514-01821,UM-TS-032,1,40800
3432,U260526-01822,UM-TS-023,1,26300
3433,U260526-01822,UM-AC-013,2,42800
3434,U251014-01823,UM-BT-001,1,42000
3435,U251014-01823,UM-SH-015,1,101900
3436,U260208-01824,UM-TS-035,1,22800
3437,U260208-01824,UM-TS-036,1,42000
3438,U260524-01825,UM-TS-008,2,55800
3439,U260524-01825,UM-AC-002,1,70200
3440,U260524-01825,UM-OT-023,1,374100
3441,U260524-01825,UM-BT-010,1,84000
3442,U260524-01825,UM-TS-004,1,40900
3443,U251213-01826,UM-TS-012,3,45200
3444,U251213-01826,UM-OT-025,3,362900
3445,U260420-01827,UM-TS-032,1,43100
3446,U251124-01828,UM-SH-003,2,190900
3447,U251124-01828,UM-BT-002,1,70900
3448,U260808-01829,UM-OT-022,2,184700
3449,U260808-01829,UM-AC-030,1,13300
3450,U260808-01829,UM-AC-023,1,85700
3451,U260810-01830,UM-BT-017,1,38600
3452,U260810-01830,UM-OT-012,1,204800
3453,U260724-01831,UM-OT-014,1,154600
3454,U260724-01831,UM-AC-017,2,30800
3455,U260724-01831,UM-TS-016,1,68300
3456,U260202-01832,UM-OT-011,1,64500
3457,U260120-01833,UM-OT-007,1,105800
3458,U250524-01834,UM-OT-005,1,144200
3459,U250524-01834,UM-TS-032,1,39000
3460,U260714-01835,UM-SH-016,1,151700
3461,U251216-01836,UM-TS-008,3,56500
3462,U250521-01837,UM-BT-004,1,52700
3463,U251219-01838,UM-OT-003,2,233000
3464,U251219-01838,UM-TS-021,3,43600
3465,U260520-01839,UM-BT-010,1,102300
3466,U260220-01840,UM-BT-017,1,34100
3467,U260220-01840,UM-OT-004,2,245400
3468,U260220-01840,UM-BT-025,1,80400
3469,U260220-01840,UM-AC-028,1,37800
3470,U260220-01840,UM-AC-026,1,47800
3471,U260528-01841,UM-BT-020,1,80400
3472,U260528-01841,UM-SH-023,1,108000
3473,U260303-01842,UM-BT-012,1,52500
3474,U250218-01843,UM-TS-016,1,76500
3475,U240405-01844,UM-AC-001,1,64600
3476,U240405-01844,UM-AC-029,2,12300
3477,U260903-01845,UM-AC-011,1,64500
3478,U260830-01846,UM-TS-016,1,74000
3479,U260830-01846,UM-BT-010,1,100700
3480,U260826-01847,UM-BT-009,1,51700
3481,U260818-01848,UM-TS-011,1,82900
3482,U260818-01848,UM-BT-023,1,91400
3483,U260818-01848,UM-BT-008,1,78600
3484,U230901-01849,UM-BT-021,1,79500
3485,U260627-01850,UM-AC-011,1,61600
3486,U260110-01851,UM-TS-015,2,19100
3487,U260110-01851,UM-BT-017,1,42900
3488,U260110-01851,UM-SH-006,1,179600
3489,U260207-01852,UM-BT-019,1,27300
3490,U260207-01852,UM-AC-008,1,13600
3491,U260207-01852,UM-TS-012,1,36100
3492,U260207-01852,UM-BT-009,1,62800
3493,U250425-01853,UM-BT-006,1,63500
3494,U260509-01854,UM-AC-014,1,30100
3495,U250109-01855,UM-SH-020,1,222600
3496,U251229-01856,UM-TS-005,2,49400
3497,U251229-01856,UM-TS-011,1,76100
3498,U260331-01857,UM-OT-002,2,272400
3499,U260331-01857,UM-BT-015,1,76300
3500,U251230-01858,UM-TS-021,1,45600
3501,U251230-01858,UM-BT-021,2,81300
3502,U260708-01859,UM-TS-027,2,74600
3503,U260708-01859,UM-SH-006,1,231100
3504,U251207-01860,UM-TS-013,1,20200
3505,U250920-01861,UM-BT-003,1,54700
3506,U251124-01862,UM-AC-003,1,12100
3507,U260204-01863,UM-TS-015,1,15900
3508,U250104-01864,UM-TS-008,1,59100
3509,U240705-01865,UM-OT-013,2,176600
3510,U260401-01866,UM-SH-012,1,155400
3511,U260401-01866,UM-SH-007,3,72200
3512,U241018-01867,UM-BT-002,1,58700
3513,U260608-01868,UM-SH-015,1,95800
3514,U260608-01868,UM-BT-012,1,63800
3515,U260526-01869,UM-BT-005,1,87500
3516,U260526-01869,UM-TS-021,1,46000
3517,U260605-01870,UM-AC-017,1,26000
3518,U260130-01871,UM-AC-001,1,56300
3519,U260130-01871,UM-TS-033,1,50400
3520,U260520-01872,UM-BT-013,1,100300
3521,U260827-01873,UM-OT-025,1,291000
3522,U240719-01874,UM-AC-015,1,54700
3523,U240719-01874,UM-AC-020,2,66500
3524,U250206-01875,UM-TS-028,1,63600
3525,U250206-01875,UM-TS-033,1,36900
3526,U240824-01876,UM-TS-019,1,62100
3527,U240824-01876,UM-TS-023,1,27600
3528,U240824-01876,UM-TS-007,1,48100
3529,U260119-01877,UM-OT-019,1,181400
3530,U260119-01877,UM-BT-015,2,80400
3531,U251024-01878,UM-TS-001,2,41400
3532,U251024-01878,UM-OT-021,1,148400
3533,U260324-01879,UM-SH-006,1,238100
3534,U250412-01880,UM-SH-002,1,218800
3535,U250412-01880,UM-AC-026,1,58700
3536,U250412-01880,UM-BT-003,1,56000
3537,U260816-01881,UM-TS-028,1,81100
3538,U260816-01881,UM-OT-011,1,59400
3539,U260820-01882,UM-OT-010,1,173300
3540,U260507-01883,UM-AC-020,1,66200
3541,U260507-01883,UM-AC-020,2,80100
3542,U260507-01883,UM-TS-037,1,25800
3543,U260507-01883,UM-TS-011,1,83700
3544,U260507-01883,UM-TS-031,1,28000
3545,U260805-01884,UM-BT-005,1,97200
3546,U260805-01884,UM-BT-012,2,53300
3547,U260605-01885,UM-TS-010,3,32000
3548,U260605-01885,UM-TS-037,1,32300
3549,U260605-01885,UM-BT-008,1,79600
3550,U260803-01886,UM-SH-010,1,173900
3551,U260425-01887,UM-OT-008,1,196600
3552,U260817-01888,UM-TS-034,1,54700
3553,U260817-01888,UM-AC-019,1,51800
3554,U260817-01888,UM-SH-012,1,174200
3555,U260817-01888,UM-TS-033,1,41800
3556,U260817-01888,UM-TS-034,1,64300
3557,U260720-01889,UM-AC-003,1,14900
3558,U260720-01889,UM-OT-026,1,105400
3559,U260720-01889,UM-OT-023,1,351000
3560,U260622-01890,UM-TS-036,1,39400
3561,U260622-01890,UM-AC-027,1,64000
3562,U260622-01890,UM-TS-037,2,32000
3563,U260711-01891,UM-TS-023,1,24300
3564,U260711-01891,UM-BT-020,1,88400
3565,U260716-01892,UM-OT-006,1,234400
3566,U250314-01893,UM-SH-006,1,216900
3567,U250928-01894,UM-SH-019,1,167300
3568,U250928-01894,UM-TS-010,2,32200
3569,U250730-01895,UM-TS-030,1,75200
3570,U260630-01896,UM-TS-001,1,51900
3571,U260630-01896,UM-TS-033,1,47700
3572,U260703-01897,UM-AC-025,2,74800
3573,U250427-01898,UM-SH-017,1,153700
3574,U250427-01898,UM-TS-011,1,78100
3575,U260730-01899,UM-TS-015,1,15300
3576,U260730-01899,UM-TS-030,1,76100
3577,U260730-01899,UM-BT-007,1,97200
3578,U260206-01900,UM-SH-014,1,85200
3579,U260206-01900,UM-TS-024,1,20700
3580,U251108-01901,UM-OT-025,2,293600
3581,U251108-01901,UM-SH-006,2,245600
3582,U251108-01901,UM-TS-022,1,42400
3583,U251108-01901,UM-SH-024,2,126000
3584,U251102-01902,UM-SH-008,1,159500
3585,U251025-01903,UM-AC-019,1,58400
3586,U250913-01904,UM-SH-024,1,133700
3587,U260102-01905,UM-OT-018,1,298800
3588,U260102-01905,UM-TS-016,1,60200
3589,U260805-01906,UM-TS-007,1,49000
3590,U260805-01906,UM-AC-004,1,13900
3591,U260805-01906,UM-BT-012,1,55500
3592,U260805-01906,UM-TS-012,1,47800
3593,U260606-01907,UM-TS-022,1,47300
3594,U260606-01907,UM-OT-002,1,291700
3595,U260212-01908,UM-SH-014,1,104100
3596,U260212-01908,UM-BT-022,1,68900
3597,U260616-01909,UM-SH-007,1,89800
3598,U260616-01909,UM-TS-031,1,25900
3599,U260616-01909,UM-BT-015,2,91400
3600,U260616-01909,UM-SH-013,1,175500
3601,U260515-01910,UM-AC-023,1,71400
3602,U260515-01910,UM-OT-008,1,247200
3603,U260411-01911,UM-AC-001,1,49700
3604,U260411-01911,UM-TS-013,1,22100
3605,U260411-01911,UM-OT-010,1,188600
3606,U251204-01912,UM-TS-021,1,46000
3607,U251204-01912,UM-BT-001,1,45700
3608,U251204-01912,UM-SH-001,1,105900
3609,U251204-01912,UM-BT-016,1,99200
3610,U251204-01912,UM-TS-021,1,40300
3611,U260710-01913,UM-SH-006,1,228600
3612,U260806-01914,UM-AC-010,1,50500
3613,U260518-01915,UM-OT-017,1,331300
3614,U260801-01916,UM-TS-033,3,37700
3615,U260528-01917,UM-AC-009,1,75600
3616,U260528-01917,UM-TS-012,1,42700
3617,U260611-01918,UM-TS-032,3,41600
3618,U260611-01918,UM-BT-005,1,113100
3619,U260510-01919,UM-BT-022,1,66500
3620,U260510-01919,UM-TS-026,1,33800
3621,U251124-01920,UM-BT-018,1,75500
3622,U251124-01920,UM-SH-022,1,116700
3623,U260820-01921,UM-OT-023,1,363400
3624,U251227-01922,UM-BT-004,1,55200
3625,U260223-01923,UM-AC-028,1,41500
3626,U260223-01923,UM-TS-003,1,66000
3627,U260223-01923,UM-SH-021,1,176200
3628,U260223-01923,UM-TS-003,1,75100
3629,U260223-01923,UM-TS-018,1,74500
3630,U250628-01924,UM-BT-010,1,92200
3631,U250628-01924,UM-BT-006,1,64700
3632,U251101-01925,UM-BT-018,1,76100
3633,U251101-01925,UM-TS-017,1,42100
3634,U251101-01925,UM-TS-033,1,38500
3635,U251109-01926,UM-BT-013,1,111200
3636,U260806-01927,UM-SH-011,2,135800
3637,U260522-01928,UM-BT-014,1,67700
3638,U260522-01928,UM-TS-002,1,38800
3639,U260522-01928,UM-SH-006,1,188000
3640,U250520-01929,UM-TS-015,1,17100
3641,U250520-01929,UM-TS-020,1,39500
3642,U240512-01930,UM-SH-022,1,122800
3643,U240327-01931,UM-TS-027,1,74200
3644,U260826-01932,UM-BT-003,1,51900
3645,U260826-01932,UM-TS-036,1,48700
3646,U260828-01933,UM-AC-003,1,13700
3647,U260809-01934,UM-BT-011,1,82900
3648,U260809-01934,UM-TS-034,3,65000
3649,U260829-01935,UM-TS-001,1,51900
3650,U260829-01935,UM-BT-025,1,96800
3651,U260615-01936,UM-BT-019,1,32700
3652,U260615-01936,UM-BT-021,1,86500
3653,U260615-01936,UM-BT-008,1,72200
3654,U260615-01936,UM-AC-005,1,30800
3655,U251129-01937,UM-TS-020,1,33900
3656,U260428-01938,UM-TS-003,1,64600
3657,U260526-01939,UM-OT-004,1,221200
3658,U260526-01939,UM-TS-023,1,28100
3659,U260526-01939,UM-TS-002,1,34400
3660,U251025-01940,UM-AC-023,1,61800
3661,U251025-01940,UM-OT-025,1,345900
3662,U251025-01940,UM-OT-008,1,226500
3663,U260205-01941,UM-BT-011,1,68100
3664,U260327-01942,UM-TS-035,1,21600
3665,U260327-01942,UM-BT-007,1,92300
3666,U260327-01942,UM-SH-022,1,121400
3667,U260327-01942,UM-BT-005,1,88600
3668,U260415-01943,UM-TS-011,1,64900
3669,U260415-01943,UM-TS-018,1,74200
3670,U260415-01943,UM-SH-021,3,175000
3671,U251221-01944,UM-TS-029,1,44000
3672,U260731-01945,UM-TS-007,2,38400
3673,U260731-01945,UM-BT-012,1,56400
3674,U260731-01945,UM-AC-009,1,74100
3675,U250714-01946,UM-SH-011,1,153500
3676,U250714-01946,UM-AC-007,1,10500
3677,U250313-01947,UM-TS-033,1,39100
3678,U250313-01947,UM-BT-015,1,101600
3679,U250313-01947,UM-OT-016,2,119400
3680,U250313-01947,UM-TS-009,1,54000
3681,U250422-01948,UM-SH-012,2,189000
3682,U250422-01948,UM-BT-018,1,69800
3683,U250422-01948,UM-OT-010,1,183000
3684,U250921-01949,UM-BT-022,1,72300
3685,U250921-01949,UM-TS-035,1,17700
3686,U250921-01949,UM-BT-005,1,108700
3687,U250921-01949,UM-SH-022,3,104800
3688,U250921-01949,UM-AC-021,1,24400
3689,U260402-01950,UM-TS-030,1,64700
3690,U260518-01951,UM-TS-029,1,50300
3691,U260518-01951,UM-TS-006,1,79000
3692,U260518-01951,UM-TS-022,1,36700
3693,U251203-01952,UM-TS-018,1,69000
3694,U251203-01952,UM-TS-024,1,24200
3695,U251203-01952,UM-AC-025,1,80700
3696,U251031-01953,UM-AC-029,2,10500
3697,U251031-01953,UM-SH-023,1,92200
3698,U260511-01954,UM-TS-033,1,42500
3699,U260410-01955,UM-BT-019,1,28800
3700,U260725-01956,UM-OT-006,1,278500
3701,U260902-01957,UM-BT-018,1,71900
3702,U260902-01957,UM-AC-009,1,66900
3703,U260902-01957,UM-TS-017,3,48000
3704,U260710-01958,UM-TS-001,1,36500
3705,U260710-01958,UM-BT-009,1,64100
3706,U260710-01958,UM-AC-021,1,22300
3707,U240328-01959,UM-BT-013,1,92600
3708,U250519-01960,UM-OT-024,1,360800
3709,U251107-01961,UM-TS-032,1,33200
3710,U251107-01961,UM-TS-020,1,40900
3711,U251107-01961,UM-TS-025,1,57200
3712,U260818-01962,UM-OT-009,1,353900
3713,U250525-01963,UM-OT-002,1,346500
3714,U260213-01964,UM-OT-026,3,108600
3715,U260213-01964,UM-BT-024,1,50100
3716,U250923-01965,UM-TS-001,1,41200
3717,U250923-01965,UM-TS-016,1,56600
3718,U260621-01966,UM-TS-007,1,37500
3719,U260621-01966,UM-TS-009,1,64000
3720,U251115-01967,UM-SH-005,1,75500
3721,U251115-01967,UM-BT-024,1,42400
3722,U251210-01968,UM-BT-010,1,91300
3723,U251210-01968,UM-OT-003,1,306500
3724,U251210-01968,UM-SH-016,1,116800
3725,U251110-01969,UM-SH-002,1,184200
3726,U251110-01969,UM-SH-001,1,101400
3727,U251211-01970,UM-SH-002,1,203000
3728,U260704-01971,UM-SH-015,1,104200
3729,U260622-01972,UM-TS-026,1,34900
3730,U260622-01972,UM-SH-014,1,80400
3731,U260622-01972,UM-BT-004,1,47700
3732,U260622-01972,UM-TS-008,1,61400
3733,U260430-01973,UM-BT-020,1,91200
3734,U260430-01973,UM-SH-004,1,115700
3735,U251005-01974,UM-TS-018,2,58500
3736,U251005-01974,UM-AC-025,3,80000
3737,U251005-01974,UM-OT-024,1,293400
3738,U260822-01975,UM-AC-006,2,25900
3739,U260822-01975,UM-SH-002,1,172700
3740,U260822-01975,UM-BT-023,1,102600
3741,U260211-01976,UM-OT-017,1,324700
3742,U260303-01977,UM-OT-017,1,267400
3743,U260511-01978,UM-AC-030,1,13700
3744,U260511-01978,UM-AC-001,1,64400
3745,U260511-01978,UM-BT-013,1,112500
3746,U260417-01979,UM-TS-022,2,34100
3747,U250825-01980,UM-OT-020,1,172900
3748,U260108-01981,UM-AC-022,1,19100
3749,U260803-01982,UM-OT-020,1,156100
3750,U250724-01983,UM-OT-009,1,285600
3751,U250724-01983,UM-TS-035,1,16400
3752,U260305-01984,UM-TS-011,3,71400
3753,U260305-01984,UM-TS-028,1,86600
3754,U251201-01985,UM-TS-026,1,41600
3755,U251201-01985,UM-TS-023,1,23700
3756,U250916-01986,UM-SH-014,1,100200
3757,U250916-01986,UM-TS-012,2,44300
3758,U250916-01986,UM-OT-016,1,104000
3759,U250911-01987,UM-TS-008,1,62600
3760,U250911-01987,UM-AC-017,1,29400
3761,U260411-01988,UM-SH-009,1,146100
3762,U260421-01989,UM-OT-010,1,217500
3763,U260726-01990,UM-OT-014,1,148600
3764,U260626-01991,UM-BT-020,1,90200
3765,U260626-01991,UM-OT-015,1,80900
3766,U260807-01992,UM-AC-027,1,59300
3767,U260807-01992,UM-BT-017,2,41800
3768,U260807-01992,UM-BT-019,1,28500
3769,U250904-01993,UM-BT-020,2,65200
3770,U250904-01993,UM-AC-009,1,65400
3771,U250904-01993,UM-AC-019,1,56400
3772,U260118-01994,UM-SH-019,1,179500
3773,U260715-01995,UM-TS-028,1,79000
3774,U260715-01995,UM-AC-007,1,13100
3775,U260715-01995,UM-BT-023,1,82000
3776,U260804-01996,UM-TS-024,1,20900
3777,U260804-01996,UM-TS-019,1,81900
3778,U260804-01996,UM-TS-024,1,18500
3779,U260804-01996,UM-AC-014,1,25700
3780,U260804-01996,UM-TS-022,1,48000
3781,U260324-01997,UM-AC-018,1,53600
3782,U260324-01997,UM-BT-005,1,99300
3783,U260606-01998,UM-SH-004,1,94700
3784,U251020-01999,UM-TS-026,1,36200
3785,U251020-01999,UM-TS-022,1,43200
3786,U241026-02000,UM-BT-007,1,91300
3787,U241026-02000,UM-BT-013,3,121700
3788,U251111-02001,UM-TS-031,3,26200
3789,U251111-02001,UM-TS-013,1,17900
3790,U240107-02002,UM-TS-008,1,52600
3791,U240107-02002,UM-SH-013,1,165400
3792,U260512-02003,UM-BT-012,1,57400
3793,U260512-02003,UM-AC-027,1,73200
3794,U260512-02003,UM-BT-007,1,93200
3795,U240712-02004,UM-TS-027,1,85100
3796,U240712-02004,UM-SH-016,2,124300
3797,U240712-02004,UM-SH-016,2,129300
3798,U260205-02005,UM-TS-030,1,70700
3799,U251027-02006,UM-TS-029,1,52700
3800,U260527-02007,UM-OT-007,1,98900
3801,U260716-02008,UM-AC-024,2,54200
3802,U250718-02009,UM-BT-013,1,111000
3803,U250718-02009,UM-SH-003,1,167100
3804,U241101-02010,UM-TS-026,1,39900
3805,U241101-02010,UM-TS-008,1,59200
3806,U241101-02010,UM-SH-011,1,123000
3807,U241101-02010,UM-TS-011,1,62500
3808,U250109-02011,UM-AC-025,1,83200
3809,U251022-02012,UM-OT-005,1,184500
3810,U251022-02012,UM-OT-011,1,64400
3811,U260820-02013,UM-TS-032,1,42800
3812,U260816-02014,UM-BT-018,1,73700
3813,U260816-02014,UM-SH-024,1,129200
3814,U260826-02015,UM-OT-025,1,353600
3815,U260826-02016,UM-OT-012,1,177800
3816,U260826-02016,UM-AC-019,1,63800
3817,U260826-02016,UM-SH-017,1,116000
3818,U260817-02017,UM-TS-025,1,53200
3819,U260817-02017,UM-SH-008,1,213200
3820,U260830-02018,UM-TS-019,1,79400
3821,U260830-02018,UM-OT-026,1,103600
3822,U260814-02019,UM-OT-011,1,76400
3823,U260814-02019,UM-TS-035,1,17400
3824,U260811-02020,UM-BT-001,1,47100
3825,U260828-02021,UM-SH-013,1,215800
3826,U260828-02022,UM-TS-020,1,39200
3827,U260828-02022,UM-TS-032,1,38900
3828,U260828-02022,UM-BT-003,1,58000
3829,U260902-02023,UM-OT-026,1,93800
3830,U260812-02024,UM-BT-014,3,65500
3831,U260812-02024,UM-BT-002,1,77600
3832,U260821-02025,UM-OT-008,1,268200
3833,U260818-02026,UM-BT-019,1,37500
3834,U260831-02027,UM-SH-020,1,189100
3835,U260831-02027,UM-SH-003,1,178400
3836,U260830-02028,UM-TS-012,1,43500
3837,U250807-02029,UM-BT-021,3,76900
3838,U250807-02029,UM-AC-027,1,61100
3839,U260209-02030,UM-SH-015,1,100300
3840,U260209-02030,UM-SH-016,1,133100
3841,U260209-02030,UM-SH-012,1,193500
3842,U260209-02030,UM-SH-006,1,245200
3843,U260209-02030,UM-BT-004,1,49600
3844,U260713-02031,UM-AC-020,1,65400
3845,U260713-02031,UM-BT-018,2,71500
3846,U260713-02031,UM-BT-021,3,72900
3847,U251211-02032,UM-BT-013,1,123400
3848,U250805-02033,UM-SH-001,1,102700
3849,U260611-02034,UM-OT-019,1,182500
3850,U260611-02034,UM-TS-037,2,29800
3851,U260611-02034,UM-BT-006,1,65300
3852,U260813-02035,UM-TS-005,2,36800
3853,U260813-02035,UM-TS-022,1,37800
3854,U250526-02036,UM-BT-013,1,114000
3855,U250526-02036,UM-BT-023,1,113000
3856,U250526-02036,UM-OT-008,1,222200
3857,U260805-02037,UM-TS-037,1,31600
3858,U260608-02038,UM-OT-005,1,154300
3859,U260608-02038,UM-OT-015,1,95900
3860,U260608-02038,UM-BT-006,1,56400
3861,U260608-02038,UM-BT-001,3,44100
3862,U250815-02039,UM-OT-002,1,336400
3863,U250202-02040,UM-BT-016,1,92100
3864,U250202-02040,UM-SH-024,1,140500
3865,U260715-02041,UM-TS-010,3,28300
3866,U260322-02042,UM-TS-014,1,54000
3867,U241125-02043,UM-BT-022,1,75900
3868,U250905-02044,UM-OT-007,1,96800
3869,U250905-02044,UM-TS-035,1,18600
3870,U251027-02045,UM-SH-020,1,228300
3871,U251027-02045,UM-OT-013,1,138400
3872,U251027-02045,UM-OT-013,2,155100
3873,U251027-02045,UM-BT-023,1,112500
3874,U240731-02046,UM-BT-015,1,103600
3875,U251128-02047,UM-BT-001,2,43600
3876,U250707-02048,UM-OT-007,1,109000
3877,U260806-02049,UM-OT-022,1,222400
3878,U260122-02050,UM-TS-008,2,53400
3879,U260122-02050,UM-TS-004,1,41200
3880,U260122-02050,UM-TS-011,1,85300
3881,U260706-02051,UM-TS-027,1,74600
3882,U260706-02051,UM-BT-009,1,49000
3883,U260706-02051,UM-TS-023,1,26700
3884,U260701-02052,UM-BT-011,1,75300
3885,U260804-02053,UM-BT-007,1,98300
3886,U260804-02053,UM-SH-009,1,146400
3887,U260804-02053,UM-BT-008,1,88000
3888,U260820-02054,UM-AC-027,1,67800
3889,U260820-02054,UM-AC-004,3,13500
3890,U260820-02054,UM-BT-018,1,66900
3891,U260901-02055,UM-TS-032,1,39800
3892,U260901-02055,UM-TS-012,1,37800
3893,U260823-02056,UM-BT-023,1,114800
3894,U260813-02057,UM-BT-005,1,88400
3895,U260828-02058,UM-TS-012,2,40700
3896,U260823-02059,UM-SH-015,1,96600
3897,U260823-02059,UM-AC-004,1,15700
3898,U260826-02060,UM-BT-012,1,55700
3899,U260903-02061,UM-BT-003,1,49600
3900,U260801-02062,UM-TS-031,1,25400
3901,U260825-02063,UM-TS-016,1,72000
3902,U260825-02063,UM-TS-033,1,37300
3903,U260825-02063,UM-BT-003,1,51300
3904,U260404-02064,UM-AC-002,1,73700
3905,U260505-02065,UM-BT-023,1,105600
3906,U260505-02065,UM-OT-017,1,288300
3907,U260505-02065,UM-SH-010,1,169700
3908,U260626-02066,UM-SH-006,1,211700
3909,U260626-02066,UM-BT-007,1,98100
3910,U241102-02067,UM-OT-003,3,295600
3911,U241102-02067,UM-SH-015,1,89700
3912,U241226-02068,UM-TS-005,1,41300
3913,U241226-02068,UM-TS-037,1,32200
3914,U260612-02069,UM-BT-007,1,99200
3915,U260612-02069,UM-TS-004,1,47500
3916,U260706-02070,UM-AC-008,1,15400
3917,U260730-02071,UM-AC-026,1,65600
3918,U260412-02072,UM-BT-011,1,61300
3919,U250725-02073,UM-TS-026,1,32800
3920,U260419-02074,UM-SH-019,1,156300
3921,U260419-02074,UM-SH-020,1,165000
3922,U260419-02074,UM-SH-024,1,108100
3923,U260718-02075,UM-OT-020,1,142000
3924,U260718-02075,UM-BT-021,1,69700
3925,U251130-02076,UM-BT-022,1,59800
3926,U260228-02077,UM-OT-022,3,225600
3927,U260424-02078,UM-BT-010,1,88200
3928,U260424-02078,UM-TS-009,1,58600
3929,U260424-02078,UM-TS-004,1,43300
3930,U260710-02079,UM-OT-017,1,278200
3931,U260403-02080,UM-SH-006,1,209700
3932,U260403-02080,UM-SH-013,2,199600
3933,U260403-02080,UM-BT-018,1,76100
3934,U260403-02080,UM-AC-025,1,82400
3935,U260830-02081,UM-OT-017,1,334400
3936,U260830-02081,UM-TS-022,1,44600
3937,U260830-02081,UM-AC-004,1,14000
3938,U260830-02081,UM-OT-004,2,235800
3939,U260830-02081,UM-TS-006,1,76900
3940,U260409-02082,UM-TS-029,1,46300
3941,U260123-02083,UM-TS-018,1,74600
3942,U251229-02084,UM-AC-023,1,83700
3943,U250918-02085,UM-TS-037,1,27300
3944,U250918-02085,UM-BT-019,1,36700
3945,U260501-02086,UM-AC-029,1,12500
3946,U260413-02087,UM-AC-002,2,75700
3947,U260413-02087,UM-SH-012,2,172600
3948,U260405-02088,UM-TS-004,3,37200
3949,U251113-02089,UM-AC-031,3,69400
3950,U251113-02089,UM-AC-018,1,45300
3951,U260703-02090,UM-TS-023,2,24700
3952,U260703-02090,UM-BT-019,1,32800
3953,U260723-02091,UM-SH-011,1,146200
3954,U260723-02091,UM-SH-004,1,84200
3955,U250912-02092,UM-BT-017,1,37000
3956,U250912-02092,UM-SH-010,1,183400
3957,U260824-02093,UM-BT-001,1,45200
3958,U260824-02093,UM-TS-015,1,18400
3959,U260731-02094,UM-AC-025,1,83700
3960,U260731-02094,UM-TS-037,1,29500
3961,U260729-02095,UM-AC-020,1,74200
3962,U251224-02096,UM-SH-022,1,140600
3963,U260510-02097,UM-OT-016,1,144000
3964,U260510-02097,UM-SH-008,2,152700
3965,U260731-02098,UM-TS-027,1,77600
3966,U260711-02099,UM-SH-020,1,175900
3967,U260120-02100,UM-TS-013,1,16800
3968,U260312-02101,UM-BT-013,1,107100
3969,U260312-02101,UM-BT-022,1,68800
3970,U260312-02101,UM-SH-019,1,147400
3971,U260428-02102,UM-BT-014,1,65600
3972,U260730-02103,UM-SH-007,1,85500
3973,U260730-02103,UM-TS-022,1,38100
3974,U251205-02104,UM-BT-019,1,29200
3975,U251205-02104,UM-AC-001,1,52400
3976,U260823-02105,UM-SH-004,3,110500
3977,U260602-02106,UM-SH-001,1,100800
3978,U260227-02107,UM-OT-006,1,212600
3979,U240612-02108,UM-SH-016,1,121000
3980,U240321-02109,UM-TS-006,1,63100
3981,U260203-02110,UM-SH-004,1,112600
3982,U260203-02110,UM-BT-008,1,85000
3983,U260203-02110,UM-TS-013,1,22900
3984,U260203-02110,UM-TS-028,1,69900
3985,U260620-02111,UM-BT-022,1,75400
3986,U260513-02112,UM-SH-011,1,116900
3987,U260530-02113,UM-TS-036,1,43500
3988,U260530-02113,UM-BT-005,1,104200
3989,U260530-02113,UM-TS-006,2,73700
3990,U260831-02114,UM-TS-033,1,42800
3991,U260831-02114,UM-TS-011,1,75400
3992,U260831-02114,UM-TS-010,2,28500
3993,U260607-02115,UM-OT-003,2,248700
3994,U260607-02115,UM-BT-025,1,82700
3995,U260514-02116,UM-BT-005,1,96300
3996,U260525-02117,UM-SH-011,1,153800
3997,U260525-02117,UM-TS-007,1,45400
3998,U251104-02118,UM-OT-016,1,136900
3999,U251104-02118,UM-AC-025,1,78200
4000,U251104-02118,UM-TS-019,1,83100
4001,U251104-02118,UM-SH-008,1,173100
4002,U260808-02119,UM-BT-016,1,103400
4003,U260808-02119,UM-TS-011,1,65600
4004,U260808-02119,UM-AC-030,1,12300
4005,U260808-02119,UM-BT-009,1,65300
4006,U251007-02120,UM-BT-023,3,97800
4007,U251007-02120,UM-BT-019,1,30300
4008,U260421-02121,UM-SH-024,1,140000
4009,U251105-02122,UM-TS-032,1,35000
4010,U251105-02122,UM-TS-018,3,79800
4011,U260723-02123,UM-SH-019,1,176000
4012,U250927-02124,UM-OT-012,1,158900
4013,U250927-02124,UM-TS-011,1,78200
4014,U260528-02125,UM-TS-020,2,34400
4015,U251228-02126,UM-TS-018,2,60000
4016,U251228-02126,UM-TS-019,3,65700
4017,U260630-02127,UM-TS-026,1,45000
4018,U260204-02128,UM-TS-007,1,44300
4019,U260306-02129,UM-BT-001,1,41200
4020,U260820-02130,UM-AC-004,2,14300
4021,U260820-02130,UM-OT-009,1,307400
4022,U260820-02130,UM-OT-002,1,319600
4023,U260309-02131,UM-SH-022,1,131900
4024,U260309-02131,UM-TS-011,1,64900
4025,U260309-02131,UM-BT-025,1,95700
4026,U260309-02131,UM-SH-024,1,106600
4027,U260329-02132,UM-AC-020,2,70600
4028,U260329-02132,UM-TS-026,1,42100
4029,U260903-02133,UM-TS-018,1,62500
4030,U260428-02134,UM-TS-027,1,82400
4031,U260428-02134,UM-BT-006,1,54500
4032,U260428-02134,UM-AC-008,1,16300
4033,U260428-02134,UM-BT-005,2,109100
4034,U260428-02134,UM-OT-005,1,200800
4035,U230420-02135,UM-AC-015,1,48900
4036,U230420-02135,UM-TS-027,1,82700
4037,U230420-02135,UM-OT-019,1,166500
4038,U230710-02136,UM-BT-003,1,50600
4039,U260307-02137,UM-SH-024,1,109500
4040,U260503-02138,UM-BT-001,1,40400
4041,U260731-02139,UM-BT-025,1,84400
4042,U260731-02139,UM-SH-024,1,105500
4043,U260731-02139,UM-OT-017,1,301700
4044,U250918-02140,UM-BT-024,1,52600
4045,U240804-02141,UM-TS-004,1,36800
4046,U240804-02141,UM-SH-016,1,133100
4047,U251010-02142,UM-TS-033,2,42400
4048,U251010-02142,UM-SH-003,1,196700
4049,U250920-02143,UM-BT-007,1,86500
4050,U250920-02143,UM-BT-010,1,97100
4051,U250920-02143,UM-BT-013,1,123100
4052,U250710-02144,UM-TS-026,1,34700
4053,U260614-02145,UM-SH-024,1,135500
4054,U260614-02145,UM-BT-020,2,85100
4055,U230525-02146,UM-OT-019,1,196600
4056,U240504-02147,UM-BT-014,1,62900
4057,U230524-02148,UM-BT-022,2,72600
4058,U260711-02149,UM-SH-011,2,145500
4059,U260711-02149,UM-OT-017,1,330600
4060,U260711-02149,UM-AC-022,3,17600
4061,U260714-02150,UM-BT-008,3,89500
4062,U260823-02151,UM-AC-016,1,26200
4063,U260718-02152,UM-OT-023,1,315800
4064,U260718-02152,UM-BT-023,1,109400
4065,U260827-02153,UM-BT-025,1,80800
4066,U260827-02153,UM-AC-009,1,54800
4067,U260827-02153,UM-TS-026,1,39400
4068,U260827-02153,UM-BT-018,1,64600
4069,U260523-02154,UM-OT-012,1,179100
4070,U260523-02154,UM-BT-020,1,65800
4071,U250829-02155,UM-TS-036,2,38800
4072,U250829-02155,UM-BT-024,1,49800
4073,U260624-02156,UM-TS-006,1,69900
4074,U260624-02156,UM-BT-011,2,64500
4075,U260420-02157,UM-BT-002,1,62800
4076,U260420-02157,UM-SH-023,1,107100
4077,U260118-02158,UM-TS-001,2,40700
4078,U260101-02159,UM-TS-019,1,67600
4079,U260101-02159,UM-BT-011,1,69000
4080,U260101-02159,UM-TS-024,1,23100
4081,U260101-02159,UM-TS-029,1,46200
4082,U260101-02159,UM-TS-026,1,44400
4083,U250616-02160,UM-BT-016,2,103900
4084,U250403-02161,UM-TS-010,3,32800
4085,U250403-02161,UM-BT-022,1,75700
4086,U260521-02162,UM-BT-016,1,89500
4087,U260811-02163,UM-SH-016,1,154500
4088,U260811-02163,UM-SH-009,1,115400
4089,U250116-02164,UM-BT-020,1,80400
4090,U250116-02164,UM-BT-025,2,92200
4091,U250915-02165,UM-TS-029,1,40400
4092,U250915-02165,UM-AC-030,1,13000
4093,U260818-02166,UM-TS-026,1,43400
4094,U241214-02167,UM-BT-005,1,107500
4095,U260212-02168,UM-BT-014,1,57700
4096,U260212-02168,UM-TS-012,1,35900
4097,U260312-02169,UM-SH-006,1,244400
4098,U250202-02170,UM-BT-020,2,82400
4099,U250202-02170,UM-BT-024,1,44300
4100,U260323-02171,UM-SH-008,1,172100
4101,U250218-02172,UM-TS-015,2,17200
4102,U250218-02172,UM-OT-021,1,162900
4103,U251127-02173,UM-BT-013,1,126400
4104,U251127-02173,UM-AC-004,1,14500
4105,U260407-02174,UM-TS-010,1,24600
4106,U260407-02174,UM-TS-019,1,64000
4107,U250517-02175,UM-BT-005,2,112700
4108,U250620-02176,UM-TS-017,1,56700
4109,U260801-02177,UM-SH-012,1,182900
4110,U260801-02177,UM-TS-017,1,54800
4111,U240827-02178,UM-TS-001,2,38700
4112,U260319-02179,UM-OT-018,3,383200
4113,U240928-02180,UM-TS-002,1,35300
4114,U240928-02180,UM-BT-007,1,103200
4115,U240928-02180,UM-TS-012,1,47800
4116,U240928-02180,UM-OT-011,1,65000
4117,U240928-02180,UM-BT-005,2,88000
4118,U260629-02181,UM-SH-014,2,108900
4119,U250322-02182,UM-SH-009,1,157900
4120,U260509-02183,UM-BT-017,1,31600
4121,U260509-02183,UM-OT-021,1,155900
4122,U260515-02184,UM-TS-023,1,22600
4123,U260515-02184,UM-OT-003,1,314600
4124,U260515-02184,UM-OT-019,1,155500
4125,U250224-02185,UM-BT-001,2,39800
4126,U250224-02185,UM-AC-020,1,75300
4127,U231130-02186,UM-BT-017,1,43400
4128,U231130-02186,UM-TS-005,2,37100
4129,U250807-02187,UM-OT-022,2,212800
4130,U250807-02187,UM-TS-020,1,34700
4131,U260326-02188,UM-OT-005,1,183300
4132,U260326-02188,UM-TS-029,2,55100
4133,U260326-02188,UM-SH-004,1,84200
4134,U260720-02189,UM-BT-008,1,87700
4135,U260602-02190,UM-BT-006,1,62200
4136,U250624-02191,UM-BT-018,1,69300
4137,U250624-02191,UM-AC-018,1,51200
4138,U250624-02191,UM-TS-013,1,21200
4139,U260123-02192,UM-SH-017,1,121900
4140,U250630-02193,UM-SH-016,1,113700
4141,U250630-02193,UM-TS-023,3,24200
4142,U260701-02194,UM-BT-005,1,85100
4143,U260701-02194,UM-AC-009,1,70000
4144,U260701-02194,UM-AC-023,1,68200
4145,U260318-02195,UM-BT-005,1,116100
4146,U260208-02196,UM-OT-004,1,218100
4147,U260213-02197,UM-OT-011,1,72700
4148,U260322-02198,UM-TS-012,1,47600
4149,U260503-02199,UM-TS-012,1,36400
4150,U260830-02200,UM-BT-024,1,51800
4151,U260830-02200,UM-AC-021,1,21400
4152,U260830-02200,UM-OT-026,1,86100
4153,U260903-02201,UM-AC-008,1,14100
4154,U260324-02202,UM-TS-008,1,55000
4155,U260615-02203,UM-TS-014,1,44900
4156,U260615-02203,UM-BT-007,1,78400
4157,U260615-02203,UM-BT-019,2,33000
4158,U260322-02204,UM-SH-002,1,176900
4159,U260810-02205,UM-OT-020,1,163300
4160,U260810-02205,UM-BT-017,1,34700
4161,U260827-02206,UM-TS-025,2,49200
4162,U260827-02206,UM-TS-022,1,47900
4163,U260827-02206,UM-TS-036,1,47200
4164,U260813-02207,UM-TS-032,1,44700
4165,U250804-02208,UM-BT-017,1,37900
4166,U250804-02208,UM-OT-005,1,199400
4167,U250523-02209,UM-AC-016,1,28400
4168,U250523-02209,UM-BT-011,1,75700
4169,U250523-02209,UM-TS-015,1,18900
4170,U250523-02209,UM-TS-021,1,51200
4171,U240711-02210,UM-AC-003,1,13600
4172,U250906-02211,UM-AC-014,1,26000
4173,U260805-02212,UM-SH-020,1,173700
4174,U260805-02212,UM-BT-022,1,65900
4175,U260805-02212,UM-TS-023,1,28000
4176,U260801-02213,UM-SH-020,1,227700
4177,U260801-02213,UM-BT-010,1,92600
4178,U260801-02213,UM-TS-029,1,46200
4179,U260808-02214,UM-BT-023,1,96900
4180,U260227-02215,UM-TS-014,1,44700
4181,U260809-02216,UM-SH-010,1,132400
4182,U260809-02216,UM-BT-015,1,88600
4183,U260427-02217,UM-TS-014,1,56400
4184,U260427-02217,UM-SH-015,1,93200
4185,U260609-02218,UM-TS-021,1,45700
4186,U260511-02219,UM-BT-015,1,95600
4187,U260312-02220,UM-TS-023,1,30300
4188,U240922-02221,UM-SH-023,1,94000
4189,U240921-02222,UM-AC-030,1,9800
4190,U240921-02222,UM-OT-018,1,343400
4191,U240921-02222,UM-AC-010,1,55700
4192,U240919-02223,UM-OT-023,1,292600
4193,U260901-02224,UM-BT-016,1,93300
4194,U260901-02224,UM-TS-035,1,17200
4195,U260711-02225,UM-SH-018,1,173900
4196,U260711-02225,UM-BT-025,1,105400
4197,U260804-02226,UM-SH-014,1,109800
4198,U260817-02227,UM-AC-001,1,52900
4199,U260817-02227,UM-BT-003,1,67100
4200,U260901-02228,UM-BT-022,1,72800
4201,U260816-02229,UM-TS-007,1,49200
4202,U260816-02229,UM-TS-035,1,20600
4203,U260723-02230,UM-AC-011,1,62000
4204,U260829-02231,UM-TS-030,1,58000
4205,U260829-02231,UM-SH-010,1,157000
4206,U260808-02232,UM-OT-024,1,356300
4207,U260808-02232,UM-SH-022,1,118800
4208,U260808-02232,UM-TS-002,1,41200
4209,U260815-02233,UM-SH-014,1,87200
4210,U260828-02234,UM-OT-014,1,129500
4211,U260828-02234,UM-TS-029,1,45100
4212,U260708-02235,UM-TS-004,1,48800
4213,U260708-02235,UM-BT-008,1,66900
4214,U260130-02236,UM-TS-010,1,30700
4215,U231026-02237,UM-BT-019,1,31100
4216,U230519-02238,UM-BT-022,1,68700
4217,U241015-02239,UM-TS-026,1,43600
4218,U241015-02239,UM-SH-003,2,162700
4219,U251123-02240,UM-BT-001,1,48800
4220,U251123-02240,UM-BT-016,1,82500
4221,U230802-02241,UM-AC-019,1,55800
4222,U230802-02241,UM-BT-012,1,53900
4223,U251109-02242,UM-SH-010,1,163200
4224,U251109-02242,UM-OT-011,1,68700
4225,U230530-02243,UM-SH-012,1,182000
4226,U230530-02243,UM-SH-021,1,181400
4227,U230530-02243,UM-BT-014,1,63900
4228,U230530-02243,UM-SH-009,1,160800
4229,U230530-02243,UM-BT-017,1,38800
4230,U260714-02244,UM-BT-020,1,75500
4231,U260605-02245,UM-BT-023,1,86600
4232,U260605-02245,UM-TS-026,1,43000
4233,U260705-02246,UM-AC-004,1,14600
4234,U260705-02246,UM-BT-001,1,38300
4235,U260512-02247,UM-BT-016,2,102700
4236,U260804-02248,UM-BT-014,1,63700
4237,U260804-02248,UM-BT-016,1,100200
4238,U260527-02249,UM-TS-021,1,55000
4239,U260704-02250,UM-TS-009,1,64400
4240,U260808-02251,UM-AC-030,1,13500
4241,U260808-02251,UM-TS-012,1,42900
4242,U241108-02252,UM-OT-019,1,188500
4243,U260902-02253,UM-TS-020,1,40800
4244,U240302-02254,UM-BT-018,1,57800
4245,U250321-02255,UM-SH-023,1,83100
4246,U250321-02255,UM-OT-016,2,142100
4247,U260901-02256,UM-SH-006,1,201200
4248,U260901-02256,UM-OT-022,1,233200
4249,U241026-02257,UM-TS-024,1,21700
4250,U241026-02257,UM-TS-004,2,40000
4251,U241026-02258,UM-TS-020,1,41000
4252,U241026-02258,UM-BT-007,1,82000
4253,U241026-02259,UM-BT-002,1,61600
4254,U260704-02260,UM-AC-004,1,14000
4255,U250319-02261,UM-AC-002,1,68800
4256,U250319-02261,UM-BT-022,1,69300
4257,U241020-02262,UM-SH-012,1,200600
4258,U251226-02263,UM-BT-006,1,63700
4259,U251226-02263,UM-BT-008,1,80800
4260,U251226-02263,UM-BT-020,1,74200
4261,U251226-02263,UM-TS-018,1,76300
4262,U251226-02263,UM-TS-024,2,21800
4263,U250608-02264,UM-TS-027,1,86200
4264,U231129-02265,UM-TS-016,1,67000
4265,U231129-02265,UM-AC-003,1,12100
4266,U231129-02265,UM-SH-018,3,232200
4267,U251229-02266,UM-TS-004,1,35700
4268,U250504-02267,UM-TS-018,1,76600
4269,U250504-02267,UM-TS-011,1,78100
4270,U260410-02268,UM-BT-002,1,57600
4271,U260410-02268,UM-BT-007,1,82000
4272,U260410-02268,UM-TS-003,1,70500
4273,U250212-02269,UM-BT-006,1,50900
4274,U250827-02270,UM-TS-029,1,41800
4275,U250827-02270,UM-OT-019,1,149100
4276,U251017-02271,UM-BT-020,1,87100
4277,U251017-02271,UM-BT-020,1,90300
4278,U240126-02272,UM-AC-011,1,75100
4279,U240126-02272,UM-TS-008,1,58200
4280,U260318-02273,UM-BT-018,1,67900
4281,U260318-02273,UM-OT-016,1,141700
4282,U231231-02274,UM-OT-014,1,171100
4283,U231231-02275,UM-BT-003,1,62700
4284,U231231-02275,UM-BT-010,1,95800
4285,U260625-02276,UM-OT-007,1,100800
4286,U260625-02276,UM-BT-011,1,84300
4287,U260121-02277,UM-BT-016,3,93700
4288,U260121-02277,UM-SH-017,1,154500
4289,U251229-02278,UM-TS-026,1,32100
4290,U251215-02279,UM-OT-013,1,132000
4291,U251215-02279,UM-BT-011,1,77900
4292,U251215-02279,UM-TS-033,1,36900
4293,U251215-02279,UM-SH-018,1,247200
4294,U260818-02280,UM-OT-023,1,282900
4295,U260818-02280,UM-OT-010,1,181400
4296,U250429-02281,UM-TS-003,2,58200
4297,U250430-02282,UM-TS-036,1,37500
4298,U250430-02282,UM-TS-030,1,58900
4299,U260830-02283,UM-BT-022,1,69100
4300,U260830-02283,UM-TS-013,1,22800
4301,U260830-02283,UM-AC-006,1,25500
4302,U260810-02284,UM-TS-005,1,44600
4303,U260810-02284,UM-TS-009,2,57400
4304,U260902-02285,UM-BT-001,2,38200
4305,U260830-02286,UM-OT-002,3,270300
4306,U260823-02287,UM-BT-011,1,73800
4307,U260829-02288,UM-SH-010,1,177000
4308,U260829-02288,UM-SH-008,1,162300
4309,U260816-02289,UM-SH-014,1,94400
4310,U260822-02290,UM-BT-001,1,46100
4311,U260822-02290,UM-OT-007,1,105300
4312,U260822-02290,UM-BT-007,1,73700
4313,U260812-02291,UM-TS-025,1,51500
4314,U260812-02291,UM-SH-011,1,113500
4315,U260824-02292,UM-AC-026,2,62800
4316,U260614-02293,UM-TS-010,1,26000
4317,U260614-02293,UM-OT-022,1,216600
4318,U260601-02294,UM-TS-022,1,41700
4319,U260212-02295,UM-AC-014,1,26000
4320,U260111-02296,UM-OT-005,1,199700
4321,U260111-02296,UM-BT-019,1,30900
4322,U260111-02296,UM-TS-022,1,46400
4323,U260829-02297,UM-BT-009,1,62700
4324,U260829-02297,UM-SH-022,1,123300
4325,U260829-02297,UM-SH-023,1,82900
4326,U260829-02297,UM-OT-007,1,82800
4327,U260512-02298,UM-OT-002,1,338100
4328,U260813-02299,UM-OT-017,1,273300
4329,U260813-02299,UM-TS-031,2,30800
4330,U250825-02300,UM-TS-007,3,46900
4331,U250825-02300,UM-TS-024,1,19100
4332,U251126-02301,UM-OT-012,1,162000
4333,U251126-02301,UM-SH-009,1,124000
4334,U250730-02302,UM-BT-004,2,54000
4335,U250730-02302,UM-BT-005,1,108500
4336,U230610-02303,UM-TS-028,1,77000
4337,U231217-02304,UM-OT-004,1,239200
4338,U231217-02304,UM-BT-007,1,77700
4339,U231217-02304,UM-TS-005,1,37200
4340,U250605-02305,UM-BT-004,1,42600
4341,U250605-02306,UM-BT-019,1,34400
4342,U240801-02307,UM-TS-017,1,41800
4343,U250703-02308,UM-TS-017,1,56500
4344,U260428-02309,UM-TS-036,1,41100
4345,U260428-02309,UM-BT-004,1,47400
4346,U260219-02310,UM-TS-014,1,56200
4347,U251124-02311,UM-OT-013,2,127800
4348,U251124-02311,UM-SH-023,1,93900
4349,U251219-02312,UM-AC-007,1,13500
4350,U231216-02313,UM-BT-001,1,41200
4351,U260325-02314,UM-TS-030,1,81000
4352,U260325-02315,UM-TS-035,1,16700
4353,U260325-02315,UM-TS-005,2,47300
4354,U260302-02316,UM-BT-020,1,67400
4355,U260302-02316,UM-TS-009,2,58800
4356,U260330-02317,UM-BT-002,1,68600
4357,U260330-02317,UM-AC-022,1,19400
4358,U260330-02317,UM-TS-016,1,65400
4359,U260622-02318,UM-BT-016,1,105200
4360,U250606-02319,UM-TS-010,2,31000
4361,U260901-02320,UM-TS-030,1,74200
4362,U260602-02321,UM-AC-018,1,52400
4363,U260110-02322,UM-BT-019,1,37500
4364,U260110-02322,UM-TS-030,1,64000
4365,U260110-02322,UM-TS-029,1,48300
4366,U260110-02322,UM-AC-030,1,12600
4367,U260829-02323,UM-TS-037,1,27400
4368,U260807-02324,UM-TS-009,1,60800
4369,U260807-02324,UM-BT-010,1,101500
4370,U251114-02325,UM-TS-029,1,43000
4371,U251114-02325,UM-AC-025,2,76100
4372,U260726-02326,UM-BT-008,1,63800
4373,U260726-02326,UM-AC-011,1,73200
4374,U251121-02327,UM-TS-017,1,49200
4375,U251121-02327,UM-OT-004,1,197700
4376,U251121-02327,UM-TS-007,1,38300
4377,U260203-02328,UM-TS-012,1,38900
4378,U260203-02328,UM-BT-019,1,29900
4379,U260203-02328,UM-AC-019,2,60200
4380,U251209-02329,UM-TS-021,1,53900
4381,U260410-02330,UM-SH-023,1,96500
4382,U260410-02330,UM-BT-011,2,77100
4383,U260704-02331,UM-AC-025,1,77300
4384,U260426-02332,UM-TS-035,1,19500
4385,U260426-02332,UM-BT-012,1,64800
4386,U260426-02332,UM-TS-026,1,34500
4387,U250826-02333,UM-TS-005,1,47800
4388,U250826-02333,UM-TS-016,1,78100
4389,U250826-02333,UM-SH-021,1,181500
4390,U250826-02333,UM-BT-007,1,103300
4391,U250826-02333,UM-TS-036,1,47800
4392,U260701-02334,UM-BT-015,1,98900
4393,U260701-02334,UM-AC-024,2,40400
4394,U260315-02335,UM-BT-016,1,99400
4395,U260315-02335,UM-TS-001,2,47300
4396,U260610-02336,UM-TS-012,1,35200
4397,U260820-02337,UM-OT-020,1,183800
4398,U260820-02337,UM-TS-035,1,21400
4399,U260825-02338,UM-AC-002,1,81700
4400,U260515-02339,UM-BT-010,2,88000
4401,U260428-02340,UM-TS-029,1,53000
4402,U260719-02341,UM-BT-005,2,95200
4403,U260719-02341,UM-SH-018,1,210700
4404,U260706-02342,UM-BT-003,1,66900
4405,U260706-02342,UM-AC-019,1,65800
4406,U260730-02343,UM-AC-018,1,44200
4407,U260515-02344,UM-SH-003,1,145000
4408,U260515-02344,UM-BT-024,1,45600
4409,U260811-02345,UM-SH-001,1,118000
4410,U260811-02345,UM-OT-014,1,145100
4411,U260811-02345,UM-OT-018,1,278000
4412,U260810-02346,UM-BT-024,1,42400
4413,U260810-02346,UM-BT-012,1,52600
4414,U260417-02347,UM-TS-031,1,30900
4415,U260724-02348,UM-OT-001,1,282200
4416,U260901-02349,UM-AC-001,1,48400
4417,U260823-02350,UM-TS-031,1,30400
4418,U260823-02350,UM-TS-010,3,32700
4419,U260823-02350,UM-TS-002,1,33700
4420,U260823-02350,UM-SH-017,1,122500
4421,U260831-02351,UM-SH-013,1,164600
4422,U260831-02351,UM-TS-022,1,46300
4423,U260607-02352,UM-BT-008,1,66300
4424,U260807-02353,UM-SH-009,1,139100
4425,U260807-02353,UM-BT-025,1,90500
4426,U260807-02353,UM-OT-019,1,172300
4427,U260829-02354,UM-BT-021,1,72300
4428,U260428-02355,UM-TS-005,2,36900
4429,U260428-02355,UM-TS-037,2,30300
4430,U260428-02355,UM-BT-024,1,52500
4431,U260524-02356,UM-SH-019,1,149700
4432,U230618-02357,UM-AC-003,1,14500
4433,U250917-02358,UM-TS-031,1,30300
4434,U260401-02359,UM-SH-001,1,122600
4435,U260401-02359,UM-TS-033,1,47100
4436,U260401-02359,UM-SH-011,1,151400
4437,U240109-02360,UM-SH-016,2,145800
4438,U240109-02360,UM-TS-022,1,41900
4439,U251001-02361,UM-TS-005,1,48700
4440,U251001-02361,UM-BT-017,1,31400
4441,U251001-02361,UM-TS-034,1,55800
4442,U251001-02361,UM-TS-025,1,64900
4443,U251001-02361,UM-TS-010,1,26200
4444,U251002-02362,UM-SH-006,2,201600
4445,U251002-02362,UM-SH-021,2,166800
4446,U251002-02362,UM-BT-023,1,94500
4447,U260222-02363,UM-BT-014,2,64800
4448,U260222-02363,UM-BT-017,1,33000
4449,U260222-02363,UM-BT-019,1,33900
4450,U260120-02364,UM-TS-005,1,43200
4451,U260703-02365,UM-TS-003,1,70900
4452,U250208-02366,UM-SH-022,1,132000
4453,U260607-02367,UM-SH-003,1,160700
4454,U230810-02368,UM-AC-018,1,49700
4455,U260309-02369,UM-BT-014,1,50200
4456,U260309-02369,UM-AC-005,1,32900
4457,U260423-02370,UM-TS-006,1,76700
4458,U260423-02370,UM-AC-015,1,58800
4459,U260423-02370,UM-BT-003,1,54000
4460,U260423-02370,UM-AC-008,1,14600
4461,U260528-02371,UM-TS-003,1,67400
4462,U260528-02371,UM-AC-030,1,13400
4463,U260528-02371,UM-TS-012,1,34100
4464,U260522-02372,UM-OT-009,1,335800
4465,U231214-02373,UM-TS-032,1,32400
4466,U231214-02373,UM-AC-022,1,18900
4467,U231214-02373,UM-SH-017,1,118600
4468,U231214-02373,UM-TS-016,2,61800
4469,U241227-02374,UM-TS-001,1,36500
4470,U260723-02375,UM-TS-017,1,43000
4471,U260617-02376,UM-TS-013,1,19500
4472,U260617-02376,UM-SH-012,2,151700
4473,U260617-02376,UM-BT-004,2,44700
4474,U260617-02376,UM-BT-005,1,107100
4475,U260617-02376,UM-AC-014,1,31300
4476,U260606-02377,UM-TS-037,1,23200
4477,U260606-02377,UM-TS-009,1,66000
4478,U260606-02377,UM-SH-004,1,101200
4479,U260606-02377,UM-TS-023,1,25300
4480,U260314-02378,UM-BT-014,1,63900
4481,U260314-02378,UM-OT-010,1,201300
4482,U260814-02379,UM-TS-034,1,63600
4483,U260814-02379,UM-BT-011,1,62300
4484,U260814-02379,UM-AC-001,2,51800
4485,U250411-02380,UM-AC-013,1,40500
4486,U250411-02380,UM-TS-026,1,34400
4487,U250411-02380,UM-AC-003,1,13100
4488,U250409-02381,UM-BT-015,1,104100
4489,U250408-02382,UM-TS-034,1,48000
4490,U260817-02383,UM-TS-013,1,20500
4491,U260817-02383,UM-OT-014,1,140300
4492,U260817-02383,UM-BT-024,1,43900
4493,U260114-02384,UM-AC-024,1,51300
4494,U250922-02385,UM-BT-025,1,107600
4495,U250922-02385,UM-BT-017,3,42600
4496,U260403-02386,UM-TS-026,1,31600
4497,U260804-02387,UM-TS-021,1,45500
4498,U260804-02387,UM-OT-012,1,160100
4499,U260804-02387,UM-OT-025,1,296200
4500,U260804-02387,UM-BT-010,1,105100
4501,U260805-02388,UM-BT-021,1,89500
4502,U260315-02389,UM-TS-025,3,53100
4503,U250602-02390,UM-SH-022,1,137600
4504,U241216-02391,UM-TS-036,1,39600
4505,U241119-02392,UM-SH-018,1,194800
4506,U241119-02392,UM-TS-010,1,25600
4507,U241210-02393,UM-BT-020,1,76300
4508,U251219-02394,UM-SH-024,2,136700
4509,U260809-02395,UM-BT-008,1,67100
4510,U260809-02395,UM-AC-011,1,75000
4511,U260723-02396,UM-BT-006,1,57100
4512,U251204-02397,UM-OT-025,1,352500
4513,U260122-02398,UM-TS-024,1,22400
4514,U260122-02398,UM-AC-010,2,57100
4515,U260122-02398,UM-AC-004,1,12000
4516,U250509-02399,UM-AC-018,2,41700
4517,U260715-02400,UM-SH-008,1,172300
4518,U260715-02400,UM-TS-005,2,41100
4519,U240925-02401,UM-TS-023,1,22200
4520,U251029-02402,UM-AC-022,1,17600
4521,U250731-02403,UM-SH-008,1,154900
4522,U260319-02404,UM-BT-013,1,94900
4523,U260319-02404,UM-BT-022,1,67600
4524,U251216-02405,UM-BT-005,1,85900
4525,U240828-02406,UM-BT-022,1,70100
4526,U230104-02407,UM-OT-012,1,179500
4527,U260711-02408,UM-BT-017,1,40800
4528,U260711-02408,UM-AC-011,1,57200
4529,U260711-02408,UM-AC-029,1,13700
4530,U260711-02408,UM-OT-011,1,76900
4531,U260711-02408,UM-BT-014,1,57600
4532,U260612-02409,UM-TS-006,1,70800
4533,U260612-02409,UM-OT-008,1,255500
4534,U260126-02410,UM-BT-020,1,73300
4535,U260126-02410,UM-SH-017,1,152200
4536,U260128-02411,UM-AC-003,2,12000
4537,U260127-02412,UM-AC-026,1,56700
4538,U260127-02412,UM-TS-004,1,45700
4539,U260127-02412,UM-TS-023,1,23300
4540,U250807-02413,UM-OT-017,1,272900
4541,U260525-02414,UM-BT-004,1,57900
4542,U260525-02414,UM-SH-006,2,227700
4543,U260525-02414,UM-BT-016,1,81100
4544,U260506-02415,UM-TS-021,1,41800
4545,U260506-02415,UM-AC-014,1,23700
4546,U260506-02415,UM-TS-008,2,45600
4547,U260506-02415,UM-BT-017,1,44000
4548,U260719-02416,UM-TS-027,1,74600
4549,U260719-02416,UM-TS-027,1,76200
4550,U260805-02417,UM-TS-027,1,74000
4551,U260805-02417,UM-OT-011,1,73800
4552,U241002-02418,UM-BT-025,1,78400
4553,U241002-02418,UM-TS-001,1,40300
4554,U250720-02419,UM-TS-005,1,44300
4555,U250720-02419,UM-TS-022,1,47800
4556,U260103-02420,UM-OT-011,1,66500
4557,U260103-02420,UM-TS-022,1,43600
4558,U260103-02420,UM-TS-025,2,54400
4559,U250710-02421,UM-SH-018,1,228000
4560,U251219-02422,UM-BT-002,1,74600
4561,U251219-02422,UM-SH-001,1,95800
4562,U260313-02423,UM-BT-021,1,88600
4563,U251006-02424,UM-TS-004,2,43900
4564,U251006-02424,UM-OT-010,2,195700
4565,U251006-02424,UM-SH-005,1,78300
4566,U251210-02425,UM-AC-031,1,66000
4567,U250623-02426,UM-AC-026,2,66900
4568,U260617-02427,UM-BT-019,1,37100
4569,U260617-02427,UM-BT-024,1,52800
4570,U260714-02428,UM-TS-019,1,83400
4571,U260701-02429,UM-TS-023,2,29500
4572,U260701-02429,UM-OT-018,1,355500
4573,U260514-02430,UM-TS-013,1,17500
4574,U260719-02431,UM-OT-020,2,136400
4575,U260808-02432,UM-BT-010,1,91200
4576,U260708-02433,UM-AC-014,1,29000
4577,U260708-02433,UM-TS-035,1,18400
4578,U260708-02433,UM-BT-015,1,84300
4579,U260403-02434,UM-BT-020,1,87500
4580,U260403-02434,UM-TS-003,1,69500
4581,U260817-02435,UM-TS-024,2,20500
4582,U260817-02435,UM-TS-031,3,26600
4583,U260817-02435,UM-OT-006,1,278900
4584,U251113-02436,UM-BT-009,1,48000
4585,U260525-02437,UM-TS-004,1,40400
4586,U260525-02437,UM-TS-009,2,58300
4587,U260525-02437,UM-TS-016,1,68800
4588,U250727-02438,UM-BT-016,2,96300
4589,U250727-02438,UM-TS-033,1,44000
4590,U260704-02439,UM-TS-031,1,33300
4591,U260704-02439,UM-OT-013,1,165900
4592,U260704-02439,UM-SH-014,1,84700
4593,U260704-02439,UM-OT-007,2,91700
4594,U250804-02440,UM-SH-010,1,155600
4595,U250804-02440,UM-AC-015,1,52300
4596,U250804-02440,UM-BT-012,1,55800
4597,U250804-02440,UM-SH-010,2,172200
4598,U250804-02440,UM-AC-029,1,10400
4599,U250722-02441,UM-TS-009,1,64900
4600,U250722-02441,UM-BT-009,1,48800
4601,U260506-02442,UM-OT-004,2,226100
4602,U260506-02442,UM-TS-037,1,28900
4603,U260506-02442,UM-SH-004,1,109400
4604,U251122-02443,UM-BT-012,3,51500
4605,U250821-02444,UM-TS-002,1,35400
4606,U250821-02444,UM-TS-023,2,22800
4607,U250821-02444,UM-TS-021,1,46900
4608,U260118-02445,UM-AC-007,2,12400
4609,U260118-02445,UM-BT-009,3,54400
4610,U260118-02445,UM-SH-021,1,154600
4611,U250412-02446,UM-SH-012,1,176300
4612,U260316-02447,UM-BT-020,1,72000
4613,U260316-02447,UM-BT-018,2,65400
4614,U260531-02448,UM-BT-007,1,85900
4615,U260806-02449,UM-AC-026,1,51900
4616,U260806-02449,UM-BT-014,1,58600
4617,U260806-02449,UM-OT-015,2,91100
4618,U260114-02450,UM-BT-013,1,122000
4619,U260114-02450,UM-TS-009,1,49200
4620,U260114-02450,UM-BT-023,1,102300
4621,U260114-02450,UM-BT-007,3,92200
4622,U260114-02450,UM-BT-006,1,55100
4623,U251003-02451,UM-TS-005,1,35900
4624,U260801-02452,UM-SH-014,1,94700
4625,U260801-02452,UM-TS-017,1,49300
4626,U260722-02453,UM-BT-020,1,85900
4627,U260722-02453,UM-OT-008,2,267600
4628,U260525-02454,UM-TS-037,1,29900
4629,U260525-02454,UM-BT-007,1,84400
4630,U260214-02455,UM-TS-010,1,28600
4631,U260222-02456,UM-BT-008,1,79400
4632,U250706-02457,UM-TS-026,1,42600
4633,U250706-02457,UM-TS-012,1,37200
4634,U250706-02457,UM-BT-025,1,108300
4635,U250706-02457,UM-BT-019,1,27600
4636,U260813-02458,UM-TS-008,2,54900
4637,U251229-02459,UM-BT-005,1,82200
4638,U251229-02459,UM-TS-024,1,19100
4639,U251229-02459,UM-TS-017,2,54700
4640,U241023-02460,UM-OT-012,1,159200
4641,U250112-02461,UM-OT-015,1,86100
4642,U260608-02462,UM-OT-001,1,268900
4643,U260608-02462,UM-TS-010,1,29900
4644,U260809-02463,UM-BT-008,1,67500
4645,U260809-02463,UM-SH-021,1,135000
4646,U260628-02464,UM-BT-008,1,76400
4647,U260628-02464,UM-TS-003,1,56400
4648,U260628-02464,UM-SH-013,1,175900
4649,U260628-02464,UM-SH-016,1,114200
4650,U260122-02465,UM-AC-005,1,39200
4651,U260122-02465,UM-OT-003,1,270000
4652,U260122-02465,UM-TS-019,2,76000
4653,U260122-02465,UM-BT-011,1,69500
4654,U260122-02465,UM-BT-018,1,79300
4655,U250924-02466,UM-OT-013,2,139800
4656,U250924-02466,UM-BT-019,1,35200
4657,U250924-02466,UM-TS-003,1,79300
4658,U260408-02467,UM-TS-029,1,55000
4659,U260408-02467,UM-OT-006,1,290000
4660,U260811-02468,UM-TS-021,1,45300
4661,U260811-02468,UM-TS-028,1,83600
4662,U260811-02468,UM-AC-024,1,53200
4663,U240627-02469,UM-BT-015,1,94000
4664,U231129-02470,UM-BT-017,1,42800
4665,U231129-02470,UM-TS-017,1,44600
4666,U260527-02471,UM-BT-005,2,81900
4667,U260527-02471,UM-AC-018,3,53400
4668,U260417-02472,UM-TS-012,1,38800
4669,U260417-02472,UM-SH-004,1,91900
4670,U260203-02473,UM-BT-022,1,65200
4671,U260105-02474,UM-BT-006,3,63100
4672,U260105-02474,UM-SH-004,1,105000
4673,U260105-02474,UM-BT-019,1,27800
4674,U260605-02475,UM-AC-030,2,12900
4675,U260605-02475,UM-TS-024,1,25800
4676,U250313-02476,UM-BT-008,1,74600
4677,U250313-02476,UM-SH-011,1,128400
4678,U260506-02477,UM-TS-008,2,54300
4679,U250907-02478,UM-OT-002,1,302100
4680,U250720-02479,UM-AC-019,1,63300
4681,U260430-02480,UM-OT-020,1,181000
4682,U250515-02481,UM-TS-027,1,75000
4683,U260427-02482,UM-SH-013,1,170100
4684,U260427-02482,UM-AC-015,1,63100
4685,U260831-02483,UM-SH-001,1,116400
4686,U260831-02483,UM-TS-019,1,85600
4687,U260831-02483,UM-AC-020,1,62900
4688,U251124-02484,UM-BT-007,1,76900
4689,U251124-02485,UM-OT-005,1,200900
4690,U260511-02486,UM-TS-019,2,85100
4691,U260511-02486,UM-AC-023,2,69800
4692,U260511-02486,UM-OT-018,1,296100
4693,U260324-02487,UM-AC-030,1,12300
4694,U260324-02487,UM-TS-035,1,22500
4695,U260503-02488,UM-TS-016,1,71100
4696,U260503-02488,UM-TS-004,2,39500
4697,U260503-02488,UM-TS-034,1,53400
4698,U260503-02488,UM-TS-020,3,39200
4699,U260612-02489,UM-BT-025,2,99600
4700,U260612-02489,UM-TS-012,2,35400
4701,U260612-02489,UM-BT-009,2,60200
4702,U260612-02489,UM-AC-007,1,13100
4703,U260209-02490,UM-TS-033,1,37100
4704,U231128-02491,UM-TS-034,1,52600
4705,U231128-02491,UM-AC-021,1,21600
4706,U250623-02492,UM-BT-021,1,72500
4707,U250623-02492,UM-BT-017,1,33200
4708,U251126-02493,UM-AC-009,1,62800
4709,U250521-02494,UM-OT-004,2,237600
4710,U260704-02495,UM-TS-008,1,48100
4711,U260812-02496,UM-SH-021,1,182100
4712,U241214-02497,UM-OT-016,1,128500
4713,U241214-02497,UM-AC-010,1,48700
4714,U230522-02498,UM-BT-009,1,60000
4715,U230522-02498,UM-BT-023,2,107700
4716,U260728-02499,UM-OT-008,1,208500
4717,U250504-02500,UM-OT-001,1,374300
4718,U250504-02500,UM-BT-017,1,40500
4719,U250504-02500,UM-OT-001,1,307600
4720,U260428-02501,UM-TS-015,1,18700
4721,U260428-02501,UM-BT-018,1,69800
4722,U260428-02501,UM-TS-020,1,32000
4723,U251219-02502,UM-AC-004,1,14200
4724,U260829-02503,UM-TS-008,1,52600
4725,U260618-02504,UM-BT-001,1,48100
4726,U260618-02504,UM-TS-015,1,15600
4727,U260618-02504,UM-TS-015,1,14300
4728,U241102-02505,UM-SH-002,1,190100
4729,U241102-02505,UM-OT-008,1,233600
4730,U241102-02505,UM-BT-019,1,37900
4731,U260807-02506,UM-TS-029,3,54100
4732,U241112-02507,UM-AC-030,1,11100
4733,U260224-02508,UM-TS-018,1,82000
4734,U260224-02508,UM-TS-009,1,59300
4735,U240924-02509,UM-TS-031,1,26700
4736,U240924-02509,UM-BT-018,1,66400
4737,U240213-02510,UM-TS-006,1,84800
4738,U240213-02510,UM-SH-012,1,193900
4739,U240620-02511,UM-SH-008,3,204500
4740,U250223-02512,UM-AC-027,1,67400
4741,U260514-02513,UM-TS-024,1,23100
4742,U260514-02513,UM-OT-017,1,282800
4743,U260514-02513,UM-BT-004,1,44400
4744,U260817-02514,UM-SH-013,1,165400
4745,U241119-02515,UM-TS-008,1,48300
4746,U260819-02516,UM-SH-022,1,119400
4747,U260823-02517,UM-TS-007,1,36000
4748,U260210-02518,UM-AC-006,1,26000
4749,U260218-02519,UM-SH-006,1,219800
4750,U260218-02519,UM-TS-001,1,44500
4751,U260218-02519,UM-OT-008,3,236600
4752,U260831-02520,UM-BT-025,1,85000
4753,U260831-02520,UM-BT-023,1,84400
4754,U260827-02521,UM-BT-005,1,97200
4755,U260827-02521,UM-TS-023,1,26800
4756,U260827-02521,UM-AC-005,1,29700
4757,U260830-02522,UM-BT-023,1,94000
4758,U260803-02523,UM-OT-026,1,114700
4759,U260824-02524,UM-BT-016,1,88600
4760,U260824-02524,UM-OT-015,1,80600
4761,U260901-02525,UM-BT-023,1,85000
4762,U260901-02525,UM-BT-006,1,62100
4763,U260901-02526,UM-SH-010,1,169600
4764,U260901-02526,UM-TS-004,1,40300
4765,U260901-02526,UM-TS-002,1,36500
4766,U260816-02527,UM-TS-010,3,33200
4767,U260816-02527,UM-BT-020,1,76100
4768,U260816-02527,UM-BT-002,1,61300
4769,U260902-02528,UM-BT-022,1,61600
4770,U260902-02528,UM-BT-004,1,49100
4771,U260822-02529,UM-OT-002,1,266200
4772,U260822-02529,UM-SH-014,1,103600
4773,U260822-02529,UM-SH-013,2,215300
4774,U260721-02530,UM-OT-016,1,128900
4775,U260812-02531,UM-TS-010,1,30200
4776,U260812-02531,UM-SH-015,1,107500
4777,U260703-02532,UM-AC-023,1,75200
4778,U260703-02532,UM-AC-011,1,57000
4779,U260817-02533,UM-TS-020,1,33100
4780,U260817-02533,UM-TS-004,1,35800
4781,U260731-02534,UM-AC-020,1,66400
4782,U260731-02534,UM-TS-020,1,35200
4783,U260503-02535,UM-BT-010,1,80300
4784,U260512-02536,UM-SH-023,3,86600
4785,U260613-02537,UM-SH-008,1,171400
4786,U251127-02538,UM-TS-012,1,45400
4787,U251127-02538,UM-TS-016,1,66900
4788,U251127-02538,UM-OT-002,1,245000
4789,U251127-02538,UM-TS-024,1,24800
4790,U260720-02539,UM-TS-020,1,38700
4791,U260309-02540,UM-TS-035,1,21200
4792,U241014-02541,UM-BT-012,1,58700
4793,U241014-02541,UM-BT-002,1,67600
4794,U240328-02542,UM-AC-010,2,61100
4795,U250227-02543,UM-TS-015,1,19300
4796,U240803-02544,UM-TS-009,1,62700
4797,U240430-02545,UM-TS-032,1,36700
4798,U260716-02546,UM-TS-012,1,35200
4799,U260324-02547,UM-SH-013,1,174000
4800,U260204-02548,UM-TS-029,1,48900
4801,U251209-02549,UM-TS-003,1,58300
4802,U251209-02549,UM-AC-006,1,20600
4803,U251209-02549,UM-TS-001,1,50400
4804,U251209-02549,UM-BT-009,1,57200
4805,U251117-02550,UM-BT-016,1,114100
4806,U260807-02551,UM-AC-016,1,34700
4807,U260807-02551,UM-TS-014,1,49500
4808,U260807-02551,UM-TS-022,1,34300
4809,U260807-02551,UM-BT-008,1,86700
4810,U260702-02552,UM-SH-015,2,81400
4811,U260702-02552,UM-OT-018,1,335800
4812,U260702-02552,UM-OT-018,1,371100
4813,U260808-02553,UM-SH-014,1,88200
4814,U260808-02553,UM-SH-011,1,115100
4815,U260808-02553,UM-TS-002,1,40500
4816,U260808-02553,UM-AC-011,1,66800
4817,U260901-02554,UM-TS-036,1,42200
4818,U260602-02555,UM-OT-018,1,371500
4819,U260513-02556,UM-BT-008,1,64600
4820,U260513-02556,UM-AC-009,1,71600
4821,U260809-02557,UM-OT-017,1,330700
4822,U260612-02558,UM-BT-002,1,56500
4823,U260612-02558,UM-TS-007,3,36100
4824,U260612-02558,UM-BT-005,1,114400
4825,U260722-02559,UM-BT-017,1,31600
4826,U260722-02559,UM-AC-022,1,16800
4827,U260529-02560,UM-TS-031,1,28200
4828,U260529-02560,UM-TS-014,1,52900
4829,U260529-02560,UM-AC-028,1,32200
4830,U260709-02561,UM-TS-029,1,55800
4831,U260709-02561,UM-BT-016,1,110700
4832,U260805-02562,UM-AC-020,1,72300
4833,U260805-02562,UM-TS-024,1,21500
4834,U260805-02562,UM-TS-007,1,37800
4835,U260813-02563,UM-TS-011,1,87200
4836,U260817-02564,UM-BT-020,1,71300
4837,U260826-02565,UM-OT-019,2,163700
4838,U260826-02565,UM-TS-016,1,76000
4839,U260129-02566,UM-TS-014,1,41900
4840,U260129-02566,UM-BT-025,2,86500
4841,U251206-02567,UM-TS-018,1,75700
4842,U260120-02568,UM-TS-001,1,45000
4843,U260120-02568,UM-TS-013,1,21700
4844,U250910-02569,UM-BT-014,1,68600
4845,U260408-02570,UM-TS-006,1,78400
4846,U260831-02571,UM-BT-001,1,46600
4847,U260529-02572,UM-BT-015,2,79100
4848,U260820-02573,UM-OT-005,1,191800
4849,U260820-02573,UM-TS-014,3,45900
4850,U260820-02573,UM-OT-009,1,353400
4851,U260820-02573,UM-TS-014,1,43900
4852,U260820-02573,UM-TS-008,1,49000
4853,U240610-02574,UM-SH-019,1,159200
4854,U240610-02574,UM-AC-008,3,13800
4855,U250914-02575,UM-TS-023,1,23900
4856,U260215-02576,UM-BT-015,1,90100
4857,U250118-02577,UM-TS-001,1,43000
4858,U250816-02578,UM-OT-014,1,171300
4859,U250816-02578,UM-TS-036,1,51300
4860,U250816-02578,UM-SH-002,1,217900
4861,U250816-02578,UM-TS-008,3,59000
4862,U260724-02579,UM-TS-017,1,50400
4863,U260724-02579,UM-BT-002,1,62100
4864,U250913-02580,UM-OT-016,1,109200
4865,U260601-02581,UM-AC-015,1,54900
4866,U260601-02581,UM-OT-012,1,180500
4867,U260710-02582,UM-OT-021,1,122600
4868,U260222-02583,UM-TS-014,1,44600
4869,U260412-02584,UM-SH-023,1,92500
4870,U260412-02584,UM-SH-010,1,146800
4871,U260412-02584,UM-BT-020,1,82400
4872,U260711-02585,UM-TS-035,1,22400
4873,U250319-02586,UM-TS-035,1,18900
4874,U250319-02586,UM-TS-025,1,51400
4875,U250131-02587,UM-TS-024,1,23700
4876,U250131-02587,UM-BT-008,1,76600
4877,U260705-02588,UM-SH-019,1,146400
4878,U260705-02588,UM-TS-031,1,29100
4879,U260803-02589,UM-SH-013,1,179300
4880,U260803-02589,UM-TS-031,1,27100
4881,U260821-02590,UM-BT-018,1,68000
4882,U260821-02590,UM-SH-024,1,124000
4883,U260822-02591,UM-TS-022,1,33900
4884,U260807-02592,UM-SH-008,1,164200
4885,U260807-02592,UM-TS-016,1,55800
4886,U260807-02592,UM-SH-021,1,162900
4887,U260807-02592,UM-SH-008,1,201600
4888,U260728-02593,UM-SH-007,3,83800
4889,U260728-02593,UM-BT-024,1,43700
4890,U260728-02593,UM-TS-017,1,49200
4891,U260801-02594,UM-TS-026,1,35400
4892,U260801-02594,UM-TS-037,2,25900
4893,U260601-02595,UM-BT-023,1,110800
4894,U260601-02595,UM-AC-021,1,17600
4895,U260903-02596,UM-BT-020,1,64800
4896,U260817-02597,UM-TS-015,1,15600
4897,U260419-02598,UM-TS-001,2,42000
4898,U260619-02599,UM-BT-020,1,83800
4899,U260206-02600,UM-OT-020,1,184200
4900,U260206-02600,UM-BT-009,1,60700
4901,U241114-02601,UM-TS-037,2,26700
4902,U241114-02601,UM-BT-015,1,104300
4903,U241114-02601,UM-BT-002,1,60400
4904,U260609-02602,UM-OT-004,1,231700
4905,U260609-02602,UM-AC-014,1,31400
4906,U260609-02602,UM-BT-022,2,75400
4907,U260720-02603,UM-BT-019,1,27400
4908,U260304-02604,UM-TS-035,1,17500
4909,U260304-02604,UM-AC-027,1,60100
4910,U260304-02604,UM-TS-036,1,46700
4911,U251205-02605,UM-BT-018,1,60200
4912,U251205-02605,UM-TS-034,1,63300
4913,U251205-02605,UM-BT-009,1,61600
4914,U251205-02605,UM-TS-025,2,60600
4915,U260809-02606,UM-TS-007,1,41400
4916,U260130-02607,UM-TS-011,1,61700
4917,U260130-02607,UM-OT-014,2,162500
4918,U260325-02608,UM-OT-001,1,278100
4919,U260325-02608,UM-AC-016,1,32800
4920,U260325-02608,UM-TS-015,1,15800
4921,U260302-02609,UM-BT-022,1,80200
4922,U260302-02609,UM-BT-008,1,64800
4923,U260606-02610,UM-TS-036,1,38200
4924,U260702-02611,UM-SH-024,1,117800
4925,U260702-02611,UM-SH-013,1,216200
4926,U251205-02612,UM-TS-016,1,65600
4927,U251205-02612,UM-OT-010,1,191900
4928,U260403-02613,UM-BT-016,3,85600
4929,U220612-02614,UM-SH-010,1,134800
4930,U260119-02615,UM-TS-009,1,65800
4931,U260121-02616,UM-TS-036,1,47700
4932,U260121-02616,UM-BT-006,1,52500
4933,U260121-02616,UM-TS-026,1,38300
4934,U260121-02616,UM-AC-014,1,27700
4935,U260121-02616,UM-TS-004,1,44500
4936,U260121-02617,UM-TS-013,1,21400
4937,U260714-02618,UM-SH-003,1,170100
4938,U260714-02618,UM-TS-035,1,19100
4939,U260714-02618,UM-OT-003,1,234000
4940,U260714-02618,UM-BT-006,2,57400
4941,U231118-02619,UM-SH-011,1,152900
4942,U231118-02619,UM-TS-005,1,38300
4943,U260624-02620,UM-TS-019,1,78800
4944,U260822-02621,UM-BT-018,2,76600
4945,U260418-02622,UM-BT-019,1,37800
4946,U260418-02622,UM-AC-028,1,36100
4947,U260312-02623,UM-BT-019,1,27500
4948,U250505-02624,UM-AC-020,2,76800
4949,U250505-02624,UM-BT-003,1,60500
4950,U250505-02624,UM-AC-013,2,42300
4951,U241128-02625,UM-BT-011,1,66000
4952,U260821-02626,UM-TS-017,1,53400
4953,U260821-02626,UM-OT-003,1,233800
4954,U251107-02627,UM-SH-011,1,140200
4955,U260716-02628,UM-OT-003,1,311400
4956,U260716-02628,UM-BT-017,1,31800
4957,U260701-02629,UM-AC-028,2,34900
4958,U260701-02629,UM-TS-032,1,44600
4959,U260701-02629,UM-OT-002,1,345200
4960,U260701-02629,UM-BT-004,1,50100
4961,U260701-02629,UM-BT-017,1,42100
4962,U251225-02630,UM-BT-004,1,45400
4963,U251225-02630,UM-TS-022,1,47100
4964,U251225-02630,UM-AC-029,1,13400
4965,U251225-02630,UM-AC-001,1,61900
4966,U251225-02630,UM-AC-005,1,33400
4967,U251125-02631,UM-TS-037,2,32400
4968,U260322-02632,UM-BT-025,1,82900
4969,U260322-02632,UM-OT-004,1,198100
4970,U260322-02632,UM-BT-010,3,108900
4971,U260515-02633,UM-TS-007,1,38600
4972,U260515-02633,UM-SH-003,1,168900
4973,U260515-02633,UM-TS-013,1,21100
4974,U260623-02634,UM-SH-018,1,231800
4975,U250430-02635,UM-TS-022,1,41500
4976,U260526-02636,UM-AC-008,1,16900
4977,U260526-02636,UM-TS-037,1,27300
4978,U250614-02637,UM-TS-017,1,48100
4979,U240801-02638,UM-TS-035,3,22900
4980,U250805-02639,UM-TS-001,1,42300
4981,U250805-02639,UM-BT-007,1,81500
4982,U250805-02639,UM-BT-022,2,67500
4983,U250805-02639,UM-BT-008,1,87400
4984,U260306-02640,UM-AC-028,2,36000
4985,U260306-02640,UM-SH-001,1,103300
4986,U260227-02641,UM-OT-019,1,184400
4987,U260227-02641,UM-SH-008,1,193600
4988,U260227-02641,UM-AC-008,2,15300
4989,U260227-02641,UM-SH-012,1,143600
4990,U260622-02642,UM-TS-027,1,81100
4991,U260622-02642,UM-OT-020,1,153500
4992,U260424-02643,UM-TS-018,1,66000
4993,U260424-02643,UM-AC-019,1,54900
4994,U240920-02644,UM-SH-013,1,189800
4995,U240920-02644,UM-BT-024,1,42900
4996,U240920-02644,UM-SH-020,1,227500
4997,U240920-02644,UM-BT-018,1,70100
4998,U240920-02644,UM-AC-016,1,30200
4999,U240819-02645,UM-SH-013,1,160000
5000,U240819-02645,UM-SH-016,1,135400
5001,U250303-02646,UM-BT-014,1,60100
5002,U250303-02646,UM-OT-002,1,246500
5003,U250303-02646,UM-AC-029,1,11500
5004,U250303-02646,UM-TS-005,1,37500
5005,U250203-02647,UM-TS-008,1,45200
5006,U250203-02647,UM-TS-016,1,68700
5007,U250203-02647,UM-OT-010,1,180100
5008,U241127-02648,UM-TS-012,1,44200
5009,U241127-02648,UM-TS-034,1,62000
5010,U241001-02649,UM-SH-016,1,149700
5011,U250909-02650,UM-TS-024,1,19500
5012,U250909-02650,UM-TS-037,1,26000
5013,U260504-02651,UM-AC-007,1,13300
5014,U260504-02651,UM-AC-022,1,17900
5015,U260504-02651,UM-TS-019,1,72200
5016,U260504-02651,UM-SH-003,2,145500
5017,U240724-02652,UM-AC-010,1,47900
5018,U240724-02652,UM-BT-005,2,110900
5019,U240724-02652,UM-SH-012,1,162200
5020,U240117-02653,UM-SH-004,1,88600
5021,U240117-02653,UM-BT-022,1,64100
5022,U240413-02654,UM-AC-021,1,20900
5023,U240413-02654,UM-BT-018,1,62400
5024,U240406-02655,UM-BT-021,1,86300
5025,U240406-02655,UM-BT-002,1,76900
5026,U240406-02655,UM-TS-025,1,50700
5027,U260820-02656,UM-TS-005,1,49300
5028,U260820-02656,UM-TS-015,1,18800
5029,U260820-02656,UM-BT-012,2,58800
5030,U260820-02656,UM-TS-034,1,52100
5031,U260630-02657,UM-SH-017,1,148500
5032,U260630-02657,UM-OT-004,2,193000
5033,U260819-02658,UM-AC-007,1,10800
5034,U251126-02659,UM-OT-021,1,155900
5035,U260806-02660,UM-AC-001,1,68800
5036,U260831-02661,UM-BT-022,1,58200
5037,U260831-02661,UM-TS-015,1,19500
5038,U260726-02662,UM-TS-009,1,57400
5039,U260604-02663,UM-TS-002,1,36500
5040,U260629-02664,UM-TS-002,1,36900
5041,U250823-02665,UM-SH-007,3,79100
5042,U250823-02665,UM-TS-037,1,28800
5043,U260703-02666,UM-OT-001,1,288400
5044,U260703-02666,UM-OT-017,1,282100
5045,U260802-02667,UM-OT-008,1,256200
5046,U260802-02667,UM-BT-015,2,100100
5047,U260902-02668,UM-SH-019,2,157800
5048,U260902-02668,UM-OT-008,2,269600
5049,U260902-02668,UM-BT-025,1,88400
5050,U260807-02669,UM-TS-006,1,64100
5051,U260807-02669,UM-SH-003,1,183300
5052,U260710-02670,UM-SH-016,1,128300
5053,U260809-02671,UM-TS-022,1,46500
5054,U260630-02672,UM-OT-020,1,186400
5055,U260829-02673,UM-SH-003,1,165600
5056,U260731-02674,UM-BT-006,1,64900
5057,U260822-02675,UM-OT-002,1,328400
5058,U260615-02676,UM-SH-007,1,73100
5059,U260615-02676,UM-OT-004,1,207700
5060,U260701-02677,UM-OT-003,1,233400
5061,U260701-02677,UM-TS-025,1,61000
5062,U260701-02677,UM-TS-034,1,55200
5063,U260313-02678,UM-BT-005,1,87400
5064,U260313-02678,UM-BT-019,1,36300
5065,U260313-02678,UM-SH-011,1,151900
5066,U250519-02679,UM-BT-014,2,64500
5067,U250519-02679,UM-BT-007,2,77800
5068,U250519-02679,UM-TS-036,1,40000
5069,U250519-02679,UM-BT-003,1,61400
5070,U250523-02680,UM-SH-001,1,122500
5071,U250802-02681,UM-TS-023,1,26600
5072,U250624-02682,UM-OT-013,1,129200
5073,U250624-02682,UM-BT-016,1,88300
5074,U260326-02683,UM-BT-022,1,69100
5075,U260326-02683,UM-TS-029,1,42800
5076,U250327-02684,UM-BT-020,1,64900
5077,U250327-02684,UM-OT-025,1,322100
5078,U250327-02684,UM-TS-031,1,33200
5079,U260119-02685,UM-AC-029,1,11300
5080,U260119-02685,UM-SH-023,1,78200
5081,U260424-02686,UM-BT-024,1,45100
5082,U260424-02686,UM-TS-028,1,81600
5083,U260217-02687,UM-TS-015,1,14800
5084,U260217-02687,UM-BT-008,1,75200
5085,U260302-02688,UM-AC-025,1,83500
5086,U260302-02688,UM-TS-010,1,33100
5087,U260302-02688,UM-BT-017,1,37400
5088,U260821-02689,UM-SH-015,1,106100
5089,U260821-02689,UM-AC-028,1,43700
5090,U260821-02689,UM-TS-015,1,16600
5091,U260612-02690,UM-OT-022,1,227000
5092,U260801-02691,UM-TS-026,1,34700
5093,U260317-02692,UM-BT-001,1,39400
5094,U260831-02693,UM-TS-003,1,65900
5095,U260831-02693,UM-OT-005,1,197000
5096,U260415-02694,UM-TS-036,1,45300
5097,U260806-02695,UM-TS-008,1,46600
5098,U251101-02696,UM-BT-014,1,69100
5099,U251101-02696,UM-SH-015,1,103800
5100,U260628-02697,UM-BT-017,1,31600
5101,U260706-02698,UM-BT-005,1,114400
5102,U260706-02698,UM-OT-014,1,169400
5103,U260706-02698,UM-AC-026,1,49000
5104,U250805-02699,UM-BT-010,2,82900
5105,U250805-02699,UM-AC-018,1,48700
5106,U260422-02700,UM-SH-005,1,74900
5107,U260316-02701,UM-BT-011,1,78700
5108,U260617-02702,UM-TS-016,1,62400
5109,U260617-02702,UM-BT-006,1,61500
5110,U251226-02703,UM-SH-022,1,122200
5111,U251226-02703,UM-AC-019,1,56600
5112,U251226-02703,UM-BT-020,1,90100
5113,U240413-02704,UM-AC-015,1,58700
5114,U240413-02704,UM-OT-002,1,268900
5115,U240413-02704,UM-AC-002,1,83200
5116,U240413-02704,UM-TS-016,1,78300
5117,U240413-02704,UM-AC-003,1,15800
5118,U251205-02705,UM-TS-016,1,64000
5119,U250612-02706,UM-BT-025,1,104500
5120,U250612-02706,UM-BT-012,1,47800
5121,U250612-02706,UM-BT-012,1,60200
5122,U250612-02706,UM-BT-014,1,56300
5123,U260524-02707,UM-AC-013,1,50500
5124,U251226-02708,UM-BT-016,1,101400
5125,U241008-02709,UM-TS-028,1,76900
5126,U241008-02709,UM-OT-014,1,155300
5127,U241008-02709,UM-TS-025,1,54900
5128,U260902-02710,UM-TS-022,2,46500
5129,U260903-02711,UM-SH-007,1,73200
5130,U260903-02711,UM-BT-003,1,50300
5131,U260902-02712,UM-AC-016,3,26000
5132,U250919-02713,UM-SH-019,1,144400
5133,U250919-02713,UM-TS-013,1,18500
5134,U250919-02713,UM-BT-011,2,78000
5135,U250707-02714,UM-OT-019,1,196200
5136,U250707-02714,UM-OT-025,1,335700
5137,U260812-02715,UM-BT-002,1,75400
5138,U251112-02716,UM-TS-023,1,29000
5139,U260417-02717,UM-TS-004,2,47200
5140,U260214-02718,UM-OT-023,1,340800
5141,U241224-02719,UM-TS-017,1,55600
5142,U260615-02720,UM-TS-025,1,50200
5143,U260615-02720,UM-OT-017,1,330300
5144,U250718-02721,UM-BT-012,1,53900
5145,U260821-02722,UM-AC-010,3,51100
5146,U260821-02722,UM-SH-021,2,149100
5147,U260821-02722,UM-OT-020,2,151100
5148,U260821-02722,UM-TS-004,1,46000
5149,U260708-02723,UM-TS-009,1,63400
5150,U260708-02723,UM-AC-004,1,14400
5151,U260708-02723,UM-TS-012,1,44700
5152,U260825-02724,UM-TS-026,1,43700
5153,U260210-02725,UM-OT-002,1,273300
5154,U260210-02725,UM-BT-017,1,41700
5155,U260608-02726,UM-TS-014,2,50900
5156,U251117-02727,UM-BT-002,2,71000
5157,U250828-02728,UM-AC-003,1,12700
5158,U250828-02728,UM-TS-016,1,69300
5159,U250828-02728,UM-OT-010,1,202800
5160,U250828-02728,UM-OT-019,2,146000
5161,U260411-02729,UM-TS-014,1,45300
5162,U260411-02729,UM-TS-005,2,48900
5163,U260411-02729,UM-BT-015,1,81400
5164,U260421-02730,UM-BT-022,1,70000
5165,U260717-02731,UM-TS-023,1,28100
5166,U260717-02731,UM-AC-010,1,49500
5167,U260717-02731,UM-TS-027,1,69600
5168,U260609-02732,UM-SH-020,2,189800
5169,U260609-02732,UM-TS-014,1,49700
5170,U260609-02732,UM-AC-012,2,37100
5171,U260314-02733,UM-OT-014,1,123300
5172,U260804-02734,UM-TS-009,2,66700
5173,U260813-02735,UM-BT-016,2,95300
5174,U260813-02735,UM-AC-018,1,48000
5175,U260813-02735,UM-TS-003,2,63600
5176,U260813-02735,UM-SH-003,1,185600
5177,U260816-02736,UM-SH-023,1,78500
5178,U260812-02737,UM-BT-025,1,90700
5179,U260628-02738,UM-TS-005,1,45200
5180,U260823-02739,UM-TS-028,2,66400
5181,U260730-02740,UM-TS-018,1,63400
5182,U260730-02740,UM-BT-015,1,79500
5183,U260830-02741,UM-TS-005,1,38500
5184,U260830-02741,UM-TS-024,1,18900
5185,U260820-02742,UM-AC-016,1,25800
5186,U260820-02742,UM-OT-013,1,174600
5187,U260822-02743,UM-BT-001,1,40900
5188,U260813-02744,UM-OT-001,1,275900
5189,U260623-02745,UM-BT-007,1,88300
5190,U260623-02745,UM-TS-031,1,24900
5191,U260623-02745,UM-BT-015,1,97300
5192,U260820-02746,UM-BT-025,1,88200
5193,U250704-02747,UM-AC-002,1,79700
5194,U250704-02747,UM-AC-006,1,20000
5195,U260501-02748,UM-SH-024,1,102500
5196,U260501-02748,UM-TS-006,1,73500
5197,U260501-02748,UM-OT-011,2,72800
5198,U260321-02749,UM-OT-020,1,182900
5199,U260321-02749,UM-OT-026,1,99400
5200,U260321-02749,UM-TS-021,1,53400
5201,U260321-02749,UM-BT-004,2,54800
5202,U260125-02750,UM-TS-024,1,25200
5203,U260714-02751,UM-AC-006,1,23200
5204,U260420-02752,UM-TS-008,1,59500
5205,U260420-02752,UM-AC-021,1,23700
5206,U260727-02753,UM-BT-011,1,72900
5207,U260523-02754,UM-TS-001,2,42700
5208,U260823-02755,UM-TS-031,2,25400
5209,U260823-02755,UM-AC-029,1,12000
5210,U260606-02756,UM-SH-006,2,224600
5211,U241218-02757,UM-AC-007,1,12800
5212,U241218-02757,UM-TS-011,1,87900
5213,U241218-02757,UM-AC-010,1,60500
5214,U241218-02757,UM-OT-017,1,278900
5215,U241218-02757,UM-TS-037,1,25300
5216,U260330-02758,UM-TS-008,2,55200
5217,U251114-02759,UM-TS-010,2,32500
5218,U251114-02759,UM-TS-025,3,56000
5219,U251114-02759,UM-OT-016,1,106400
5220,U240913-02760,UM-TS-025,1,54700
5221,U240913-02760,UM-OT-015,3,83200
5222,U251211-02761,UM-TS-024,1,18700
5223,U251211-02761,UM-TS-031,1,29300
5224,U251211-02761,UM-BT-002,1,74600
5225,U250905-02762,UM-BT-005,1,107100
5226,U250905-02762,UM-BT-014,1,64500
5227,U250905-02762,UM-BT-002,1,77700
5228,U250905-02762,UM-TS-017,1,44100
5229,U240717-02763,UM-TS-002,1,43900
5230,U260829-02764,UM-TS-023,1,21800
5231,U260829-02764,UM-TS-007,1,42700
5232,U260829-02764,UM-BT-004,1,48700
5233,U260829-02764,UM-AC-015,1,45700
5234,U260801-02765,UM-TS-011,1,80400
5235,U260721-02766,UM-AC-006,2,25200
5236,U260721-02766,UM-SH-015,1,103900
5237,U260721-02766,UM-TS-014,1,48600
5238,U260831-02767,UM-AC-030,1,13800
5239,U260831-02767,UM-AC-002,1,70100
5240,U260831-02767,UM-TS-015,1,19000
5241,U260831-02767,UM-BT-024,1,48200
5242,U250616-02768,UM-AC-024,1,43700
5243,U231213-02769,UM-SH-007,1,102600
5244,U231213-02769,UM-TS-004,1,48500
5245,U231213-02769,UM-AC-022,1,19600
5246,U260205-02770,UM-SH-017,1,128500
5247,U260429-02771,UM-BT-011,1,63600
5248,U260429-02771,UM-BT-024,1,37500
5249,U230701-02772,UM-TS-005,1,48900
5250,U260406-02773,UM-OT-001,1,316600
5251,U260406-02773,UM-TS-020,1,35500
5252,U260524-02774,UM-TS-030,2,76800
5253,U260524-02774,UM-OT-011,1,66300
5254,U260524-02774,UM-TS-009,1,53600
5255,U250829-02775,UM-TS-003,2,62100
5256,U250829-02775,UM-TS-021,1,48500
5257,U250829-02775,UM-BT-008,1,74300
5258,U260718-02776,UM-TS-017,1,55600
5259,U260718-02776,UM-TS-023,1,25000
5260,U260718-02776,UM-AC-029,1,10300
5261,U260420-02777,UM-TS-026,1,34400
5262,U260729-02778,UM-OT-016,1,122800
5263,U260305-02779,UM-BT-015,1,93700
5264,U260305-02779,UM-OT-019,1,170500
5265,U251225-02780,UM-AC-022,1,18400
5266,U250615-02781,UM-TS-006,2,81200
5267,U250615-02781,UM-TS-029,1,44900
5268,U250615-02781,UM-TS-028,1,71000
5269,U250615-02781,UM-TS-004,1,46500
5270,U260417-02782,UM-TS-009,2,49800
5271,U250403-02783,UM-SH-023,1,79600
5272,U250816-02784,UM-TS-037,1,25600
5273,U260701-02785,UM-AC-012,2,41600
5274,U260701-02785,UM-SH-023,1,97000
5275,U260514-02786,UM-BT-011,1,76000
5276,U260514-02786,UM-BT-010,1,83700
5277,U251225-02787,UM-BT-015,1,76400
5278,U260619-02788,UM-TS-019,1,63100
5279,U260413-02789,UM-TS-027,1,71300
5280,U260812-02790,UM-SH-020,1,188800
5281,U260812-02790,UM-AC-031,3,66800
5282,U260812-02790,UM-BT-001,1,41500
5283,U260812-02790,UM-SH-020,2,184500
5284,U260812-02790,UM-BT-016,1,91900
5285,U260722-02791,UM-BT-012,1,53000
5286,U260722-02791,UM-AC-018,2,47700
5287,U260722-02791,UM-AC-018,1,51600
5288,U260722-02791,UM-TS-009,1,52200
5289,U260824-02792,UM-BT-019,1,35100
5290,U260824-02792,UM-BT-013,1,92800
5291,U260102-02793,UM-OT-022,1,252600
5292,U260307-02794,UM-AC-025,2,75300
5293,U260307-02794,UM-SH-015,1,80200
5294,U250822-02795,UM-TS-012,1,37500
5295,U250126-02796,UM-AC-002,1,74700
5296,U250126-02796,UM-BT-013,1,112800
5297,U251211-02797,UM-SH-008,1,175100
5298,U250322-02798,UM-TS-001,1,41200
5299,U250511-02799,UM-TS-023,1,26600
5300,U251221-02800,UM-AC-007,1,13600
5301,U251221-02800,UM-OT-010,1,176100
5302,U260523-02801,UM-BT-013,1,94500
5303,U260829-02802,UM-SH-014,1,102000
5304,U260829-02802,UM-BT-016,1,104700
5305,U260122-02803,UM-BT-006,3,47900
5306,U260122-02803,UM-OT-026,1,89600
5307,U260831-02804,UM-TS-003,1,70100
5308,U260831-02804,UM-OT-015,1,110100
5309,U260831-02804,UM-SH-002,1,178400
5310,U260831-02804,UM-TS-015,1,14400
5311,U260805-02805,UM-AC-005,1,35800
5312,U251108-02806,UM-BT-021,1,84400
5313,U251108-02806,UM-OT-023,2,328800
5314,U251108-02806,UM-TS-023,1,24300
5315,U260205-02807,UM-AC-030,1,13900
5316,U260205-02807,UM-SH-007,1,77200
5317,U260312-02808,UM-TS-016,2,74200
5318,U251022-02809,UM-TS-008,1,63800
5319,U260224-02810,UM-TS-025,1,58200
5320,U260224-02810,UM-TS-022,1,37400
5321,U260224-02810,UM-BT-022,1,79600
5322,U260123-02811,UM-BT-005,1,95500
5323,U250323-02812,UM-BT-006,1,48100
5324,U260818-02813,UM-TS-010,2,30800
5325,U251210-02814,UM-TS-016,3,63300
5326,U251210-02814,UM-TS-032,1,45000
5327,U251212-02815,UM-TS-002,2,37200
5328,U250711-02816,UM-OT-015,1,100000
5329,U260602-02817,UM-TS-009,1,65600
5330,U250523-02818,UM-TS-035,1,17200
5331,U250523-02818,UM-AC-012,1,36800
5332,U250609-02819,UM-SH-024,1,141500
5333,U250609-02819,UM-TS-017,2,47000
5334,U250609-02819,UM-TS-001,1,40900
5335,U260817-02820,UM-TS-036,1,38300
5336,U260817-02820,UM-TS-012,1,45500
5337,U260817-02820,UM-SH-024,2,121000
5338,U251220-02821,UM-TS-010,1,30500
5339,U251220-02821,UM-SH-011,1,128800
5340,U251220-02821,UM-SH-020,1,212400
5341,U260527-02822,UM-BT-018,1,79600
5342,U260527-02822,UM-TS-003,1,68500
5343,U251202-02823,UM-TS-008,1,45900
5344,U251202-02823,UM-BT-024,1,47800
5345,U251215-02824,UM-SH-012,2,200200
5346,U260405-02825,UM-SH-020,1,207700
5347,U260204-02826,UM-AC-028,1,35600
5348,U260111-02827,UM-BT-021,1,92100
5349,U260111-02827,UM-TS-009,1,63900
5350,U260111-02827,UM-TS-022,1,33700
5351,U260628-02828,UM-BT-009,1,53200
5352,U260628-02828,UM-TS-037,1,24900
5353,U260628-02828,UM-BT-005,1,99600
5354,U240101-02829,UM-BT-008,1,69100
5355,U260805-02830,UM-SH-015,1,96500
5356,U260805-02830,UM-BT-014,2,66600
5357,U251005-02831,UM-TS-032,1,36400
5358,U251207-02832,UM-BT-005,1,100400
5359,U250703-02833,UM-AC-020,1,83500
5360,U241119-02834,UM-TS-017,1,44200
5361,U250418-02835,UM-AC-004,1,12100
5362,U260415-02836,UM-TS-002,1,34300
5363,U251119-02837,UM-BT-005,1,99600
5364,U241121-02838,UM-AC-023,1,84200
5365,U241121-02838,UM-TS-016,1,58200
5366,U241121-02838,UM-BT-020,1,75900
5367,U241121-02838,UM-AC-007,1,13600
5368,U260616-02839,UM-AC-031,1,70800
5369,U260616-02839,UM-AC-007,1,14000
5370,U260616-02839,UM-TS-009,1,47900
5371,U250616-02840,UM-SH-018,2,188200
5372,U250618-02841,UM-AC-004,1,12700
5373,U260817-02842,UM-TS-008,3,46800
5374,U260817-02842,UM-OT-010,1,201100
5375,U260817-02842,UM-AC-013,2,48600
5376,U260817-02842,UM-SH-002,2,208000
5377,U260427-02843,UM-TS-005,1,41500
5378,U260427-02843,UM-BT-014,1,67800
5379,U260426-02844,UM-BT-023,1,108700
5380,U260409-02845,UM-TS-009,3,48000
5381,U260409-02845,UM-BT-002,1,63200
5382,U260409-02845,UM-AC-030,1,10600
5383,U260812-02846,UM-BT-019,1,29300
5384,U260709-02847,UM-AC-020,1,66900
5385,U260825-02848,UM-BT-008,1,73800
5386,U260825-02848,UM-BT-011,1,65300
5387,U260825-02848,UM-BT-012,1,59800
5388,U260828-02849,UM-TS-036,1,43100
5389,U260902-02850,UM-BT-001,1,36000
5390,U260830-02851,UM-AC-012,1,39800
5391,U260830-02851,UM-AC-027,1,53100
5392,U260830-02851,UM-TS-035,2,20100
5393,U260901-02852,UM-TS-010,1,27400
5394,U260902-02853,UM-AC-004,1,15100
5395,U260901-02854,UM-SH-004,1,111400
5396,U260901-02854,UM-BT-019,1,33600
5397,U260901-02854,UM-TS-004,1,40300
5398,U260901-02854,UM-TS-008,1,50600
5399,U260830-02855,UM-SH-011,1,148400
5400,U260830-02856,UM-BT-024,2,49100
5401,U260829-02857,UM-BT-024,1,41400
5402,U260829-02857,UM-AC-023,1,76200
5403,U260901-02858,UM-TS-025,1,57700
5404,U260901-02858,UM-AC-028,2,37900
5405,U260902-02859,UM-TS-035,1,17400
5406,U260902-02859,UM-TS-008,2,59400
5407,U260902-02859,UM-BT-003,1,53000
5408,U260828-02860,UM-BT-019,1,34000
5409,U260825-02861,UM-TS-013,1,17000
5410,U260825-02861,UM-AC-011,1,75500
5411,U260825-02861,UM-BT-019,2,28100
5412,U260825-02862,UM-OT-005,1,153300
5413,U260825-02862,UM-TS-013,1,20300
5414,U260825-02862,UM-TS-032,3,44300
5415,U260901-02863,UM-TS-013,1,18900
5416,U241102-02864,UM-TS-030,2,60600
5417,U260825-02865,UM-BT-012,1,49300
5418,U260825-02865,UM-SH-004,1,114400
5419,U260807-02866,UM-SH-022,1,117000
5420,U260806-02867,UM-SH-024,2,105400
5421,U260806-02867,UM-TS-036,3,45000
5422,U260629-02868,UM-BT-013,1,124000
5423,U260628-02869,UM-TS-003,1,67400
5424,U260601-02870,UM-TS-002,1,42300
5425,U260611-02871,UM-BT-022,1,61200
5426,U260705-02872,UM-OT-026,1,92200
5427,U260705-02872,UM-TS-030,1,81700
5428,U260731-02873,UM-TS-036,1,40000
5429,U260521-02874,UM-BT-011,1,82100
5430,U260521-02874,UM-AC-026,1,59600
5431,U260517-02875,UM-TS-012,1,47000
5432,U260517-02875,UM-TS-008,1,52800
5433,U260719-02876,UM-BT-009,2,51600
5434,U260902-02877,UM-TS-002,1,35700
5435,U260812-02878,UM-TS-026,1,42200
5436,U260713-02879,UM-TS-015,1,16500
5437,U260713-02879,UM-TS-022,1,43100
5438,U260713-02879,UM-SH-004,1,98900
5439,U260412-02880,UM-OT-006,1,288400
5440,U260801-02881,UM-TS-005,2,41400
5441,U260801-02881,UM-TS-035,1,16300
5442,U260726-02882,UM-AC-013,1,55600
5443,U260726-02882,UM-TS-021,1,52300
5444,U260726-02882,UM-SH-010,1,157500
5445,U260706-02883,UM-SH-021,1,162500
5446,U260706-02883,UM-BT-019,1,32400
5447,U260706-02883,UM-SH-007,1,98900
5448,U260326-02884,UM-BT-021,1,77100
5449,U260326-02884,UM-AC-010,1,46100
5450,U260326-02884,UM-TS-001,1,43800
5451,U251228-02885,UM-TS-021,1,48700
5452,U251228-02885,UM-TS-001,1,48900
5453,U251228-02885,UM-TS-007,1,39600
5454,U260509-02886,UM-TS-012,1,43300
5455,U260509-02886,UM-BT-007,1,95200
5456,U260509-02886,UM-TS-006,2,78600
5457,U260724-02887,UM-OT-021,1,118600
5458,U260129-02888,UM-BT-017,1,32600
5459,U260818-02889,UM-BT-025,1,80400
5460,U260504-02890,UM-TS-027,1,64000
5461,U260422-02891,UM-TS-018,1,67600
5462,U260422-02891,UM-TS-007,1,49900
5463,U260614-02892,UM-OT-018,1,358800
5464,U260614-02892,UM-TS-014,1,54100
5465,U260211-02893,UM-SH-014,1,98000
5466,U260211-02893,UM-BT-012,1,61700
5467,U260211-02893,UM-OT-014,1,132900
5468,U260117-02894,UM-BT-007,1,88200
5469,U260117-02894,UM-TS-032,1,36800
5470,U260117-02894,UM-OT-013,1,128000
5471,U260117-02894,UM-TS-022,1,46000
5472,U240124-02895,UM-BT-009,1,51000
5473,U260314-02896,UM-SH-006,1,218400
5474,U240906-02897,UM-TS-009,1,65000
5475,U240905-02898,UM-TS-001,1,51800
5476,U241216-02899,UM-TS-001,1,43900
5477,U241216-02899,UM-BT-025,1,105900
5478,U251221-02900,UM-SH-004,1,116300
5479,U240806-02901,UM-TS-016,1,72000
5480,U240806-02901,UM-BT-009,1,53400
5481,U250512-02902,UM-BT-021,1,75700
5482,U260612-02903,UM-TS-022,1,41700
5483,U260109-02904,UM-OT-021,1,153500
5484,U251215-02905,UM-AC-004,1,12200
5485,U241002-02906,UM-TS-024,2,22100
5486,U241002-02906,UM-OT-019,1,195900
5487,U250216-02907,UM-TS-032,1,38600
5488,U250216-02907,UM-SH-017,1,154300
5489,U250731-02908,UM-SH-006,1,207200
5490,U260123-02909,UM-AC-009,1,55400
5491,U250507-02910,UM-BT-002,1,61700
5492,U250507-02910,UM-TS-018,1,60200
5493,U250719-02911,UM-TS-025,1,53700
5494,U250615-02912,UM-SH-011,1,133700
5495,U251008-02913,UM-OT-016,1,127600
5496,U250327-02914,UM-TS-001,2,40700
5497,U260819-02915,UM-OT-012,3,206100
5498,U260819-02915,UM-BT-005,1,85300
5499,U260714-02916,UM-OT-011,1,58600
5500,U260808-02917,UM-BT-023,1,82100
5501,U260831-02918,UM-BT-008,1,78900
5502,U260513-02919,UM-SH-017,2,121100
5503,U260513-02919,UM-BT-010,1,103600
5504,U260513-02919,UM-TS-025,2,59400
5505,U260415-02920,UM-TS-031,1,27100
5506,U260415-02920,UM-BT-021,1,90100
5507,U260415-02920,UM-SH-017,1,160400
5508,U260602-02921,UM-TS-022,1,39900
5509,U260801-02922,UM-BT-015,1,78500
5510,U260801-02922,UM-BT-004,3,42200
5511,U260801-02922,UM-BT-019,2,29000
5512,U260413-02923,UM-BT-007,1,80400
5513,U260510-02924,UM-AC-021,2,24800
5514,U260805-02925,UM-TS-030,1,77700
5515,U260606-02926,UM-TS-001,1,50300
5516,U260606-02926,UM-BT-002,1,64400
5517,U260606-02926,UM-TS-024,1,23800
5518,U251125-02927,UM-TS-008,1,45800
5519,U260621-02928,UM-OT-010,1,224300
5520,U260621-02928,UM-TS-009,1,50300
5521,U260621-02928,UM-BT-019,1,34900
5522,U260303-02929,UM-SH-016,1,129800
5523,U260303-02929,UM-OT-024,1,266900
5524,U260303-02929,UM-TS-006,1,84700
5525,U260403-02930,UM-SH-022,1,107000
5526,U260403-02931,UM-TS-035,1,19700
5527,U260403-02931,UM-OT-020,1,138500
5528,U260604-02932,UM-BT-010,1,109600
5529,U260710-02933,UM-TS-016,1,67600
5530,U260710-02933,UM-BT-012,1,53800
5531,U260804-02934,UM-OT-023,1,374200
5532,U260804-02934,UM-SH-010,1,162900
5533,U250718-02935,UM-TS-020,1,44800
5534,U251226-02936,UM-BT-011,1,82200
5535,U251226-02936,UM-TS-012,1,41100
5536,U251226-02936,UM-TS-030,1,73800
5537,U251226-02936,UM-SH-021,1,166900
5538,U250817-02937,UM-SH-013,1,158600
5539,U251120-02938,UM-TS-033,1,45700
5540,U250726-02939,UM-TS-034,1,65000
5541,U250726-02939,UM-BT-012,1,46400
5542,U260216-02940,UM-BT-021,1,75900
5543,U260216-02940,UM-BT-019,1,32700
5544,U260216-02940,UM-TS-014,1,45200
5545,U241110-02941,UM-BT-018,2,79800
5546,U251006-02942,UM-TS-004,1,47300
5547,U251006-02942,UM-OT-026,1,98000
5548,U260622-02943,UM-TS-029,1,42000
5549,U260622-02943,UM-TS-017,1,54500
5550,U241024-02944,UM-BT-022,1,78100
5551,U241024-02944,UM-AC-011,1,78600
5552,U260712-02945,UM-OT-009,1,258100
5553,U260712-02945,UM-OT-011,1,59900
5554,U260317-02946,UM-SH-014,1,103100
5555,U260417-02947,UM-OT-015,2,107700
5556,U260417-02947,UM-BT-019,1,35200
5557,U260417-02947,UM-TS-011,1,81300
5558,U260417-02947,UM-TS-026,1,40100
5559,U260828-02948,UM-TS-016,1,63200
5560,U260828-02948,UM-SH-005,1,77100
5561,U260831-02949,UM-TS-009,1,62300
5562,U260812-02950,UM-TS-025,1,45700
5563,U260812-02950,UM-AC-008,3,17400
5564,U260812-02950,UM-AC-012,1,42300
5565,U260821-02951,UM-TS-032,1,45000
5566,U260820-02952,UM-OT-007,1,107200
5567,U260825-02953,UM-BT-016,1,98500
5568,U260826-02954,UM-OT-011,1,58100
5569,U260826-02954,UM-TS-008,1,60500
5570,U260826-02955,UM-OT-003,1,331200
5571,U260826-02955,UM-TS-015,1,15500
5572,U260404-02956,UM-SH-019,1,164400
5573,U260404-02956,UM-AC-001,1,52600
5574,U260404-02956,UM-TS-009,1,53400
5575,U260404-02956,UM-BT-015,1,76300
5576,U251031-02957,UM-BT-020,1,90300
5577,U260822-02958,UM-SH-006,1,223900
5578,U260806-02959,UM-TS-007,1,47100
5579,U260307-02960,UM-BT-009,1,54600
5580,U260307-02960,UM-TS-014,1,56500
5581,U260307-02960,UM-TS-019,1,87200
5582,U251229-02961,UM-AC-004,1,15600
5583,U250711-02962,UM-BT-006,1,51000
5584,U260517-02963,UM-SH-018,1,190100
5585,U260517-02963,UM-TS-003,1,65700
5586,U260402-02964,UM-TS-012,2,35600
5587,U260715-02965,UM-BT-014,2,54100
5588,U260715-02965,UM-BT-021,1,74200
5589,U260710-02966,UM-OT-014,1,132100
5590,U260901-02967,UM-OT-008,1,258100
5591,U250908-02968,UM-TS-031,1,33100
5592,U250522-02969,UM-OT-022,1,244900
5593,U260127-02970,UM-AC-016,1,29400
5594,U260127-02970,UM-OT-007,1,107300
5595,U260127-02970,UM-TS-034,1,61400
5596,U260409-02971,UM-AC-003,1,11500
5597,U260409-02971,UM-BT-005,1,90700
5598,U260409-02971,UM-OT-006,1,283600
5599,U260409-02971,UM-SH-012,2,147800
5600,U260213-02972,UM-TS-020,1,32000
5601,U260820-02973,UM-TS-011,1,71900
5602,U260820-02973,UM-SH-002,1,208200
5603,U250428-02974,UM-SH-005,1,65700
5604,U260302-02975,UM-TS-018,1,76200
5605,U250507-02976,UM-TS-018,1,65500
5606,U250507-02976,UM-TS-036,1,47000
5607,U250416-02977,UM-BT-022,1,70400
5608,U260315-02978,UM-TS-004,1,50800
5609,U260315-02978,UM-SH-003,1,179000
5610,U260628-02979,UM-AC-015,1,63400
5611,U251103-02980,UM-SH-022,2,130200
5612,U251103-02980,UM-BT-021,1,72500
5613,U260712-02981,UM-BT-019,1,31700
5614,U260712-02981,UM-TS-027,1,79400
5615,U260712-02981,UM-TS-003,1,72100
5616,U260614-02982,UM-OT-017,1,251600
5617,U260614-02982,UM-OT-007,1,107800
5618,U250914-02983,UM-BT-017,1,40500
5619,U250914-02983,UM-BT-009,1,48200
5620,U260607-02984,UM-TS-005,1,47400
5621,U251204-02985,UM-BT-023,1,108200
5622,U251204-02985,UM-OT-002,3,279700
5623,U251204-02985,UM-BT-021,1,90600
5624,U251204-02985,UM-BT-019,1,28400
5625,U260306-02986,UM-BT-025,1,98900
5626,U260820-02987,UM-BT-016,1,113800
5627,U260820-02987,UM-BT-023,1,83900
5628,U260820-02987,UM-AC-030,1,13700
5629,U260719-02988,UM-TS-017,1,55300
5630,U260629-02989,UM-BT-025,2,104200
5631,U260629-02989,UM-BT-017,2,43800
5632,U251127-02990,UM-AC-017,1,28600
5633,U250918-02991,UM-TS-026,2,37900
5634,U250918-02991,UM-AC-015,1,62600
5635,U240420-02992,UM-TS-009,1,60200
5636,U231125-02993,UM-TS-015,2,19800
5637,U260828-02994,UM-TS-020,1,37300
5638,U240105-02995,UM-TS-006,1,78000
5639,U250224-02996,UM-TS-021,1,49300
5640,U250224-02996,UM-TS-033,1,42600
5641,U260311-02997,UM-BT-005,1,91300
5642,U250930-02998,UM-OT-012,1,166500
5643,U260210-02999,UM-TS-003,2,65300
5644,U260210-02999,UM-SH-024,1,120700
5645,U260210-02999,UM-OT-013,1,175900
5646,U260705-03000,UM-AC-015,1,51700
5647,U260705-03000,UM-TS-016,1,72600
5648,U250612-03001,UM-TS-014,1,44600
5649,U250929-03002,UM-BT-003,1,69100
5650,U250929-03002,UM-BT-017,1,40000
5651,U260717-03003,UM-OT-008,1,262700
5652,U250822-03004,UM-SH-006,1,172600
5653,U250325-03005,UM-BT-007,1,74200
5654,U250325-03005,UM-OT-017,1,297100
5655,U250325-03005,UM-TS-015,3,17800
5656,U250328-03006,UM-OT-016,1,135100
5657,U260102-03007,UM-OT-002,1,304900
5658,U250430-03008,UM-SH-005,1,66700
5659,U251223-03009,UM-SH-019,2,143500
5660,U250418-03010,UM-AC-023,1,84100
5661,U250418-03010,UM-SH-016,1,148600
5662,U250418-03010,UM-TS-014,2,41900
5663,U250418-03010,UM-TS-012,1,47400
5664,U250418-03010,UM-OT-014,2,137600
5665,U260608-03011,UM-TS-024,1,21600
5666,U260608-03011,UM-BT-005,1,115900
5667,U260414-03012,UM-OT-006,1,297000
5668,U260731-03013,UM-SH-019,1,180800
5669,U260428-03014,UM-TS-022,1,36200
5670,U260428-03014,UM-TS-021,1,46300
5671,U260428-03014,UM-TS-033,2,48500
5672,U260428-03014,UM-TS-031,1,33700
5673,U260428-03014,UM-BT-007,1,99500
5674,U260808-03015,UM-TS-034,1,57000
5675,U260808-03015,UM-TS-009,1,64000
5676,U260808-03015,UM-OT-014,1,129700
5677,U260808-03015,UM-TS-025,1,60300
5678,U260808-03015,UM-SH-018,1,226600
5679,U260829-03016,UM-BT-014,1,62700
5680,U260713-03017,UM-TS-001,1,45100
5681,U260506-03018,UM-SH-010,1,139500
5682,U260608-03019,UM-AC-006,1,21800
5683,U260830-03020,UM-BT-025,1,83000
5684,U260830-03020,UM-TS-019,1,87900
5685,U260830-03020,UM-TS-034,1,63700
5686,U260830-03020,UM-BT-012,1,55100
5687,U260830-03020,UM-OT-026,1,89800
5688,U260818-03021,UM-OT-022,1,217800
5689,U260818-03021,UM-AC-011,2,62800
5690,U260804-03022,UM-OT-002,1,301500
5691,U260804-03022,UM-OT-020,1,148300
5692,U260804-03022,UM-AC-004,1,13300
5693,U240710-03023,UM-OT-015,1,83000
5694,U241230-03024,UM-AC-010,3,44300
5695,U241230-03024,UM-OT-020,1,174800
5696,U240322-03025,UM-TS-021,1,43100
5697,U240322-03025,UM-AC-029,1,10300
5698,U251003-03026,UM-AC-022,1,19200
5699,U260629-03027,UM-OT-015,1,89000
5700,U240602-03028,UM-AC-018,1,39600
5701,U240602-03028,UM-TS-013,1,19400
5702,U251004-03029,UM-BT-012,1,59900
5703,U251102-03030,UM-TS-012,1,45600
5704,U251121-03031,UM-SH-009,1,152700
5705,U251121-03031,UM-TS-032,1,34600
5706,U251121-03031,UM-OT-002,2,328000
5707,U250401-03032,UM-AC-028,1,43100
5708,U250401-03032,UM-AC-004,2,15600
5709,U250401-03032,UM-BT-022,1,79000
5710,U250413-03033,UM-BT-014,1,69800
5711,U260514-03034,UM-BT-020,1,85000
5712,U260329-03035,UM-OT-002,1,243200
5713,U260329-03035,UM-BT-022,2,78000
5714,U260319-03036,UM-TS-017,1,57000
5715,U260214-03037,UM-TS-031,1,25200
5716,U260214-03037,UM-BT-021,1,79300
5717,U260214-03037,UM-SH-017,2,142400
5718,U260828-03038,UM-BT-008,1,68100
5719,U260725-03039,UM-BT-006,1,59400
5720,U260511-03040,UM-BT-011,2,81300
5721,U260511-03040,UM-OT-002,3,320700
5722,U260811-03041,UM-BT-008,1,64100
5723,U260820-03042,UM-SH-018,1,205900
5724,U260820-03042,UM-SH-006,1,196300
5725,U260820-03042,UM-AC-018,1,45500
5726,U260825-03043,UM-TS-017,1,56100
5727,U260825-03043,UM-SH-011,1,119600
5728,U260825-03043,UM-SH-017,1,148500
5729,U260610-03044,UM-OT-024,2,301500
5730,U260610-03044,UM-TS-011,1,76400
5731,U260507-03045,UM-OT-020,1,147100
5732,U260211-03046,UM-SH-014,1,81000
5733,U260211-03046,UM-SH-020,1,173000
5734,U260211-03046,UM-SH-018,1,218600
5735,U260211-03046,UM-TS-016,1,73900
5736,U260714-03047,UM-TS-032,1,41900
5737,U260714-03047,UM-BT-014,1,62900
5738,U260216-03048,UM-SH-018,1,212300
5739,U260715-03049,UM-OT-013,1,132600
5740,U260715-03049,UM-BT-012,3,51200
5741,U260721-03050,UM-AC-001,1,58700
5742,U260721-03050,UM-SH-012,1,164500
5743,U260721-03050,UM-TS-009,1,50600
5744,U260714-03051,UM-BT-001,1,38600
5745,U260602-03052,UM-TS-032,1,40600
5746,U260602-03052,UM-SH-014,1,94600
5747,U260602-03052,UM-SH-021,1,155100
5748,U251102-03053,UM-TS-012,1,46300
5749,U260430-03054,UM-BT-009,1,47800
5750,U251227-03055,UM-SH-013,1,197400
5751,U250929-03056,UM-BT-003,1,55800
5752,U250929-03056,UM-TS-005,1,42500
5753,U250929-03056,UM-BT-025,1,105300
5754,U250929-03056,UM-SH-022,1,111100
5755,U250929-03056,UM-TS-006,1,78600
5756,U251220-03057,UM-SH-004,1,112300
5757,U251220-03057,UM-BT-003,1,59400
5758,U260606-03058,UM-BT-023,1,90400
5759,U260606-03058,UM-TS-012,1,42000
5760,U260606-03058,UM-OT-018,1,300200
5761,U250519-03059,UM-OT-004,1,191600
5762,U250519-03059,UM-SH-015,1,106900
5763,U250519-03059,UM-OT-026,1,113400
5764,U260423-03060,UM-AC-006,1,26200
5765,U260423-03060,UM-OT-026,2,112900
5766,U260603-03061,UM-BT-015,1,105200
5767,U241005-03062,UM-OT-007,1,84800
5768,U260606-03063,UM-SH-022,2,138700
5769,U260606-03063,UM-BT-024,2,40000
5770,U260606-03063,UM-AC-015,1,51800
5771,U260615-03064,UM-TS-006,2,76400
5772,U260615-03064,UM-SH-022,1,127000
5773,U260615-03064,UM-TS-037,3,32600
5774,U250924-03065,UM-TS-027,1,63900
5775,U250403-03066,UM-AC-016,2,34300
5776,U260228-03067,UM-TS-023,1,25200
5777,U260228-03067,UM-TS-029,1,45400
5778,U260228-03067,UM-TS-013,1,22500
5779,U260901-03068,UM-AC-019,1,60400
5780,U260210-03069,UM-TS-036,1,45400
5781,U260210-03069,UM-TS-037,1,30600
5782,U260210-03069,UM-SH-001,1,103600
5783,U260626-03070,UM-TS-004,1,42700
5784,U260626-03070,UM-TS-025,1,54800
5785,U260626-03070,UM-BT-006,1,47600
5786,U260316-03071,UM-TS-009,2,66100
5787,U260316-03071,UM-BT-008,1,71500
5788,U260613-03072,UM-SH-002,1,219100
5789,U260608-03073,UM-OT-004,1,177800
5790,U260608-03073,UM-BT-009,1,67000
5791,U260612-03074,UM-TS-006,1,82200
5792,U240318-03075,UM-AC-022,1,15100
5793,U260116-03076,UM-OT-014,1,158100
5794,U260116-03076,UM-OT-011,2,62100
5795,U260722-03077,UM-AC-021,2,21400
5796,U240610-03078,UM-TS-010,1,33200
5797,U240813-03079,UM-BT-015,1,102100
5798,U240813-03079,UM-TS-021,2,44200
5799,U260218-03080,UM-TS-011,1,64900
5800,U260710-03081,UM-TS-013,1,21700
5801,U260710-03081,UM-TS-016,1,60000
5802,U260710-03081,UM-BT-015,1,99300
5803,U260323-03082,UM-BT-025,1,81900
5804,U260323-03082,UM-BT-022,1,66300
5805,U260323-03082,UM-BT-025,3,88400
5806,U260323-03082,UM-AC-010,1,46500
5807,U260515-03083,UM-SH-003,1,152900
5808,U260515-03083,UM-OT-008,1,234000
5809,U250731-03084,UM-SH-019,2,141600
5810,U250731-03084,UM-AC-005,1,35900
5811,U260101-03085,UM-SH-022,3,145100
5812,U260822-03086,UM-SH-013,1,206600
5813,U260822-03086,UM-TS-010,1,33200
5814,U260822-03086,UM-TS-029,1,47600
5815,U260716-03087,UM-TS-001,2,48200
5816,U260327-03088,UM-TS-016,1,73100
5817,U260327-03088,UM-SH-013,1,203800
5818,U260327-03088,UM-AC-023,1,63100
5819,U250709-03089,UM-SH-013,2,197600
5820,U250925-03090,UM-AC-018,2,38700
5821,U250520-03091,UM-TS-014,1,45000
5822,U250520-03091,UM-SH-005,2,72200
5823,U250520-03091,UM-TS-029,1,52900
5824,U251230-03092,UM-AC-008,1,14600
5825,U230829-03093,UM-OT-003,1,256700
5826,U240829-03094,UM-SH-016,1,149000
5827,U250515-03095,UM-TS-020,1,44200
5828,U250515-03095,UM-TS-034,1,51400
5829,U251023-03096,UM-OT-016,1,118000
5830,U260903-03097,UM-SH-005,1,79300
5831,U260825-03098,UM-SH-018,1,192600
5832,U260825-03098,UM-AC-019,1,54400
5833,U260825-03098,UM-BT-019,1,35800
5834,U260831-03099,UM-SH-001,1,113500
5835,U260823-03100,UM-AC-008,1,15300
5836,U260823-03100,UM-OT-013,1,170800
5837,U260826-03101,UM-AC-020,1,73100
5838,U260811-03102,UM-BT-020,1,85800
5839,U260811-03102,UM-OT-020,3,185500
5840,U250228-03103,UM-TS-032,1,33300
5841,U240513-03104,UM-OT-023,1,316400
5842,U260702-03105,UM-BT-019,1,29900
5843,U260702-03105,UM-AC-030,1,13700
5844,U241021-03106,UM-BT-024,1,52200
5845,U241021-03106,UM-BT-012,1,65100
5846,U241021-03106,UM-TS-015,1,15900
5847,U260420-03107,UM-BT-007,2,83200
5848,U260420-03107,UM-SH-010,1,143600
5849,U260423-03108,UM-SH-015,1,93800
5850,U260423-03108,UM-TS-004,1,39700
5851,U260314-03109,UM-SH-012,1,183800
5852,U260314-03109,UM-AC-025,1,74100
5853,U260612-03110,UM-OT-024,1,302300
5854,U260612-03110,UM-BT-025,1,105800
5855,U260601-03111,UM-AC-010,1,58200
5856,U260329-03112,UM-TS-027,3,63200
5857,U260329-03112,UM-BT-010,1,87500
5858,U260329-03112,UM-BT-025,1,101300
5859,U260329-03112,UM-AC-031,1,60400
5860,U260405-03113,UM-BT-008,1,68800
5861,U260405-03113,UM-TS-025,1,63000
5862,U260626-03114,UM-TS-034,1,58700
5863,U241103-03115,UM-BT-014,2,57300
5864,U241103-03115,UM-BT-009,1,54700
5865,U260213-03116,UM-OT-020,1,166700
5866,U260213-03116,UM-TS-008,1,57200
5867,U231202-03117,UM-AC-021,1,24000
5868,U231202-03117,UM-AC-021,1,20700
5869,U231128-03118,UM-SH-015,1,91800
5870,U260717-03119,UM-SH-011,1,146400
5871,U260717-03119,UM-TS-033,1,40800
5872,U260717-03119,UM-BT-019,1,37500
5873,U260804-03120,UM-OT-003,1,248600
5874,U250824-03121,UM-BT-009,1,58100
5875,U260308-03122,UM-TS-032,2,33600
5876,U260520-03123,UM-AC-017,2,29700
5877,U260518-03124,UM-TS-004,2,37200
5878,U260518-03124,UM-BT-006,1,58100
5879,U260727-03125,UM-TS-012,1,42900
5880,U260817-03126,UM-AC-018,1,51800
5881,U260817-03126,UM-TS-033,1,41300
5882,U260724-03127,UM-OT-019,1,198800
5883,U260724-03127,UM-BT-005,1,87300
5884,U260724-03127,UM-BT-001,1,45900
5885,U260821-03128,UM-TS-027,1,67600
5886,U260730-03129,UM-TS-009,1,60900
5887,U260811-03130,UM-BT-013,1,121900
5888,U260427-03131,UM-AC-004,2,12200
5889,U260427-03131,UM-OT-021,1,124000
5890,U250908-03132,UM-AC-006,1,26700
5891,U260809-03133,UM-BT-016,1,104200
5892,U260809-03133,UM-BT-010,1,89200
5893,U260802-03134,UM-AC-016,1,31800
5894,U260802-03134,UM-AC-011,1,76500
5895,U260802-03134,UM-SH-023,2,92500
5896,U260802-03134,UM-BT-001,1,41200
5897,U260802-03134,UM-TS-021,1,50100
5898,U260404-03135,UM-OT-009,1,290900
5899,U260404-03135,UM-OT-022,3,197300
5900,U260404-03135,UM-TS-022,1,46300
5901,U260301-03136,UM-BT-017,1,35800
5902,U251127-03137,UM-TS-002,1,43900
5903,U260504-03138,UM-AC-030,2,13900
5904,U260504-03138,UM-BT-001,1,38300
5905,U260504-03138,UM-TS-024,1,21900
5906,U260702-03139,UM-BT-023,1,99300
5907,U260702-03139,UM-AC-010,1,46000
5908,U260802-03140,UM-OT-019,1,160900
5909,U260802-03140,UM-BT-010,1,89200
5910,U251019-03141,UM-OT-022,1,215500
5911,U251019-03141,UM-AC-025,1,79400
5912,U251019-03141,UM-TS-024,1,21400
5913,U251019-03141,UM-TS-035,1,16200
5914,U260325-03142,UM-BT-011,1,83400
5915,U260325-03142,UM-TS-013,1,19000
5916,U260719-03143,UM-AC-029,1,13000
5917,U260719-03143,UM-OT-006,1,231500
5918,U260621-03144,UM-TS-020,1,31700
5919,U260621-03144,UM-AC-001,1,51800
5920,U251019-03145,UM-BT-007,1,75500
5921,U250822-03146,UM-OT-015,1,97600
5922,U250822-03146,UM-BT-002,1,55600
5923,U250822-03146,UM-BT-019,1,28800
5924,U260603-03147,UM-BT-002,2,69200
5925,U260603-03147,UM-SH-024,3,99500
5926,U250309-03148,UM-AC-009,2,63900
5927,U250309-03148,UM-AC-015,1,55400
5928,U250309-03148,UM-TS-037,1,29800
5929,U260523-03149,UM-OT-008,1,240200
5930,U250109-03150,UM-BT-007,1,75200
5931,U260817-03151,UM-BT-022,1,77800
5932,U260324-03152,UM-TS-026,1,44900
5933,U260308-03153,UM-SH-016,1,125600
5934,U260308-03153,UM-BT-009,1,64400
5935,U260128-03154,UM-TS-002,1,36600
5936,U251207-03155,UM-OT-026,1,99300
5937,U251207-03155,UM-AC-012,1,44600
5938,U260709-03156,UM-TS-011,1,77900
5939,U260709-03156,UM-AC-008,1,14600
5940,U240525-03157,UM-TS-022,1,47700
5941,U250223-03158,UM-AC-001,2,64600
5942,U250223-03158,UM-BT-021,1,91200
5943,U250903-03159,UM-BT-017,1,39800
5944,U250903-03159,UM-BT-024,1,42200
5945,U260407-03160,UM-SH-012,1,165500
5946,U260407-03160,UM-BT-001,1,35000
5947,U260312-03161,UM-TS-026,1,32800
5948,U260518-03162,UM-TS-024,1,22200
5949,U260404-03163,UM-SH-022,1,143900
5950,U260813-03164,UM-TS-009,1,48700
5951,U260813-03164,UM-AC-017,2,29700
5952,U260630-03165,UM-OT-017,1,323800
5953,U260630-03165,UM-TS-001,1,49000
5954,U260630-03165,UM-TS-015,1,14700
5955,U250901-03166,UM-BT-014,1,59200
5956,U250902-03167,UM-TS-009,1,49300
5957,U250902-03167,UM-TS-024,2,24600
5958,U250902-03167,UM-TS-033,2,44200
5959,U250902-03168,UM-AC-010,1,45700
5960,U250902-03168,UM-TS-024,1,24500
5961,U250902-03168,UM-SH-006,1,173300
5962,U260512-03169,UM-BT-022,1,66500
5963,U260512-03169,UM-BT-004,1,50800
5964,U260512-03169,UM-SH-012,1,174600
5965,U241012-03170,UM-TS-035,1,18200
5966,U241012-03170,UM-BT-020,1,70800
5967,U260517-03171,UM-TS-029,1,45200
5968,U260517-03171,UM-TS-022,2,47400
5969,U260517-03171,UM-BT-020,2,89700
5970,U260213-03172,UM-OT-016,1,123500
5971,U260213-03172,UM-SH-024,1,119400
5972,U251226-03173,UM-AC-015,1,46000
5973,U260418-03174,UM-TS-017,1,40000
5974,U250513-03175,UM-SH-017,1,146300
5975,U250812-03176,UM-SH-010,1,139100
5976,U260520-03177,UM-SH-016,1,121500
5977,U260520-03177,UM-SH-016,1,148500
5978,U260520-03177,UM-TS-023,1,21700
5979,U251205-03178,UM-AC-006,1,22200
5980,U251205-03178,UM-SH-018,1,178900
5981,U251205-03178,UM-SH-023,1,85900
5982,U260507-03179,UM-TS-032,1,38100
5983,U260507-03179,UM-SH-014,1,91500
5984,U260507-03180,UM-SH-009,1,121200
5985,U260802-03181,UM-TS-010,1,31800
5986,U260312-03182,UM-AC-014,1,23800
5987,U260312-03182,UM-BT-023,1,101500
5988,U260312-03182,UM-OT-020,1,170500
5989,U260330-03183,UM-AC-018,1,52100
5990,U260330-03183,UM-TS-009,3,60500
5991,U260131-03184,UM-SH-020,1,194100
5992,U260131-03184,UM-BT-025,1,107400
5993,U260425-03185,UM-SH-024,1,126300
5994,U260425-03185,UM-TS-026,2,44400
5995,U260316-03186,UM-OT-022,1,243000
5996,U260409-03187,UM-SH-005,1,89700
5997,U260409-03187,UM-AC-005,1,34900
5998,U260409-03187,UM-TS-015,1,14800
5999,U260409-03187,UM-BT-015,2,87200
6000,U260414-03188,UM-AC-015,2,53000
6001,U240520-03189,UM-AC-025,1,69300
6002,U260221-03190,UM-OT-012,1,209700
6003,U260819-03191,UM-SH-015,2,96100
6004,U260819-03191,UM-TS-034,1,61100
6005,U260201-03192,UM-OT-016,1,139000
6006,U250515-03193,UM-AC-017,1,25500
6007,U250831-03194,UM-BT-021,2,80500
6008,U250831-03194,UM-TS-010,3,33900
6009,U230606-03195,UM-TS-022,1,36800
6010,U240521-03196,UM-BT-009,1,47900
6011,U240521-03196,UM-TS-009,1,52500
6012,U240521-03196,UM-BT-003,1,57400
6013,U241122-03197,UM-BT-024,3,42000
6014,U241122-03197,UM-SH-018,1,186900
6015,U260227-03198,UM-BT-007,1,102200
6016,U260701-03199,UM-TS-016,1,78500
6017,U251116-03200,UM-TS-032,1,33800
6018,U251116-03200,UM-OT-008,1,268000
6019,U251116-03200,UM-SH-024,1,139900
6020,U251116-03200,UM-AC-029,1,10800
6021,U260630-03201,UM-TS-030,1,69100
6022,U260630-03201,UM-SH-020,1,206300
6023,U260630-03201,UM-TS-005,1,41500
6024,U260131-03202,UM-BT-018,1,63300
6025,U260902-03203,UM-BT-016,1,110200
6026,U260902-03204,UM-BT-025,2,84100
6027,U260901-03205,UM-OT-023,1,335200
6028,U260901-03205,UM-BT-024,1,38900
6029,U251109-03206,UM-BT-014,1,70700
6030,U251109-03206,UM-OT-022,1,237100
6031,U251109-03206,UM-SH-012,1,162100
6032,U260715-03207,UM-OT-002,1,313700
6033,U260401-03208,UM-TS-005,1,44400
6034,U250810-03209,UM-OT-024,1,350300
6035,U260429-03210,UM-AC-002,1,76800
6036,U260618-03211,UM-OT-012,2,192000
6037,U260813-03212,UM-BT-003,1,50900
6038,U260224-03213,UM-BT-004,1,44200
6039,U260604-03214,UM-AC-014,3,25000
6040,U250424-03215,UM-TS-022,1,38300
6041,U250424-03215,UM-TS-023,1,25300
6042,U260725-03216,UM-TS-011,1,78800
6043,U260725-03216,UM-BT-006,1,55600
6044,U260726-03217,UM-OT-021,1,154900
6045,U260726-03217,UM-OT-007,1,114300
6046,U240512-03218,UM-TS-010,1,32800
6047,U240512-03218,UM-SH-021,1,159500
6048,U251227-03219,UM-SH-020,1,208100
6049,U250828-03220,UM-TS-014,1,46500
6050,U250828-03220,UM-AC-011,2,79100
6051,U260218-03221,UM-AC-031,1,60900
6052,U260218-03221,UM-TS-011,1,65700
6053,U260804-03222,UM-AC-009,1,59700
6054,U260804-03222,UM-SH-019,1,178800
6055,U260804-03222,UM-TS-012,1,40500
6056,U260804-03222,UM-OT-016,1,145000
6057,U260804-03222,UM-TS-012,1,34200
6058,U260126-03223,UM-AC-012,1,41000
6059,U250830-03224,UM-OT-018,1,292800
6060,U250617-03225,UM-TS-025,1,51400
6061,U240807-03226,UM-TS-023,1,29400
6062,U260409-03227,UM-TS-022,1,40600
6063,U260513-03228,UM-TS-019,2,81600
6064,U260513-03228,UM-TS-016,1,63900
6065,U260102-03229,UM-TS-033,1,38700
6066,U260708-03230,UM-TS-024,1,23100
6067,U241212-03231,UM-SH-009,1,136000
6068,U260524-03232,UM-TS-001,1,38100
6069,U260414-03233,UM-BT-004,2,50500
6070,U260414-03233,UM-BT-016,1,94600
6071,U260414-03233,UM-AC-028,1,31800
6072,U260414-03233,UM-AC-021,1,23500
6073,U251207-03234,UM-OT-014,1,133000
6074,U251207-03234,UM-AC-031,1,54000
6075,U260425-03235,UM-BT-024,1,48100
6076,U260425-03235,UM-AC-030,1,10300
6077,U260426-03236,UM-SH-006,1,177500
6078,U260426-03236,UM-AC-023,3,83900
6079,U260426-03237,UM-BT-005,1,91900
6080,U260426-03237,UM-TS-037,1,26100
6081,U260426-03237,UM-BT-004,2,42500
6082,U260426-03237,UM-SH-022,1,107400
6083,U260426-03237,UM-BT-006,1,50500
6084,U241222-03238,UM-BT-003,1,51500
6085,U241222-03238,UM-SH-010,1,184700
6086,U241222-03238,UM-AC-017,2,27000
6087,U241222-03238,UM-OT-017,1,321600
6088,U241222-03238,UM-BT-022,1,73700
6089,U241031-03239,UM-BT-009,1,63100
6090,U260208-03240,UM-SH-015,1,107700
6091,U260208-03240,UM-TS-020,1,32700
6092,U260208-03240,UM-BT-023,1,87400
6093,U260619-03241,UM-AC-017,1,30000
6094,U260619-03241,UM-BT-008,1,88700
6095,U260502-03242,UM-AC-027,1,64800
6096,U260502-03242,UM-AC-019,1,59500
6097,U260502-03242,UM-OT-015,1,93200
6098,U260621-03243,UM-TS-017,2,44000
6099,U260621-03243,UM-BT-006,3,52300
6100,U260817-03244,UM-TS-027,1,75800
6101,U260817-03244,UM-SH-013,1,176000
6102,U260817-03244,UM-TS-002,1,38100
6103,U260817-03244,UM-BT-018,2,73700
6104,U260826-03245,UM-BT-009,1,52400
6105,U260723-03246,UM-AC-001,1,62200
6106,U260723-03246,UM-AC-014,1,25500
6107,U260723-03246,UM-AC-018,1,40200
6108,U260619-03247,UM-BT-013,1,97900
6109,U260619-03247,UM-BT-019,1,34400
6110,U260619-03247,UM-BT-021,1,71000
6111,U260619-03247,UM-TS-029,1,44800
6112,U260619-03247,UM-BT-010,1,87100
6113,U260829-03248,UM-AC-030,1,10200
6114,U260829-03248,UM-TS-010,1,29400
6115,U260702-03249,UM-BT-016,1,99900
6116,U260702-03249,UM-SH-010,1,161800
6117,U260702-03249,UM-AC-004,2,14200
6118,U260702-03249,UM-OT-018,1,375400
6119,U260806-03250,UM-TS-009,1,63700
6120,U260806-03250,UM-AC-002,1,83900
6121,U260806-03250,UM-TS-026,1,33900
6122,U260730-03251,UM-TS-013,1,17600
6123,U260730-03251,UM-OT-026,1,97700
6124,U260815-03252,UM-SH-020,1,161500
6125,U260815-03252,UM-TS-035,1,22100
6126,U260621-03253,UM-SH-009,2,157300
6127,U260621-03253,UM-TS-009,1,61300
6128,U260902-03254,UM-TS-035,1,20100
6129,U260813-03255,UM-TS-019,1,64400
6130,U260813-03256,UM-BT-015,2,82200
6131,U260813-03256,UM-TS-014,1,47800
6132,U260813-03256,UM-OT-023,1,286000
6133,U260608-03257,UM-AC-030,1,13600
6134,U260512-03258,UM-BT-015,1,90300
6135,U260818-03259,UM-SH-013,1,202800
6136,U260818-03259,UM-AC-024,1,41900
6137,U260514-03260,UM-TS-029,1,41000
6138,U260804-03261,UM-AC-016,1,32800
6139,U260804-03261,UM-TS-008,1,52400
6140,U260804-03261,UM-TS-012,1,44000
6141,U260804-03261,UM-AC-028,1,37400
6142,U260813-03262,UM-BT-013,1,96200
6143,U240406-03263,UM-OT-010,1,196000
6144,U260520-03264,UM-TS-036,1,48300
6145,U260416-03265,UM-SH-024,1,101600
6146,U260624-03266,UM-TS-005,1,47700
6147,U260624-03266,UM-AC-001,1,54200
6148,U260316-03267,UM-OT-003,3,325900
6149,U260316-03267,UM-TS-018,1,64300
6150,U260316-03267,UM-SH-016,1,160900
6151,U260523-03268,UM-TS-019,1,62400
6152,U260523-03268,UM-TS-014,1,54800
6153,U260523-03268,UM-TS-021,1,46900
6154,U260707-03269,UM-SH-014,1,92100
6155,U260514-03270,UM-TS-022,1,41000
6156,U260514-03270,UM-TS-011,1,76300
6157,U260515-03271,UM-OT-006,1,214900
6158,U260515-03271,UM-TS-011,1,62700
6159,U251205-03272,UM-TS-031,1,25000
6160,U260903-03273,UM-BT-006,3,51000
6161,U260903-03273,UM-TS-024,1,18200
6162,U260903-03273,UM-TS-023,1,23000
6163,U260903-03273,UM-BT-012,1,61600
6164,U260329-03274,UM-SH-018,1,199500
6165,U251111-03275,UM-OT-013,1,172200
6166,U260717-03276,UM-TS-036,1,46400
6167,U260717-03276,UM-TS-035,2,21500
6168,U260717-03276,UM-TS-007,1,40300
6169,U260717-03276,UM-BT-007,1,73100
6170,U260717-03276,UM-AC-006,1,26700
6171,U251109-03277,UM-OT-023,1,348200
6172,U251109-03277,UM-BT-025,3,92300
6173,U260515-03278,UM-SH-014,1,98100
6174,U260515-03278,UM-SH-005,1,81900
6175,U260515-03278,UM-TS-013,1,21500
6176,U260515-03278,UM-SH-017,1,114100
6177,U260319-03279,UM-SH-008,1,208600
6178,U251102-03280,UM-TS-008,1,45200
6179,U251102-03280,UM-OT-009,2,251300
6180,U251030-03281,UM-OT-024,1,336900
6181,U251030-03281,UM-SH-014,1,81300
6182,U260329-03282,UM-TS-007,1,48700
6183,U260329-03282,UM-BT-012,1,49400
6184,U250724-03283,UM-AC-009,2,73000
6185,U250724-03283,UM-BT-006,1,46300
6186,U250819-03284,UM-BT-021,3,85400
6187,U250130-03285,UM-OT-026,1,88000
6188,U250130-03285,UM-AC-029,1,12900
6189,U250923-03286,UM-TS-031,1,24000
6190,U250923-03286,UM-BT-002,1,77000
6191,U250923-03286,UM-TS-019,1,80100
6192,U250204-03287,UM-SH-014,3,81600
6193,U250408-03288,UM-TS-005,3,46100
6194,U250408-03288,UM-BT-014,1,54200
6195,U260123-03289,UM-BT-010,1,85400
6196,U260123-03289,UM-BT-016,1,104900
6197,U260123-03289,UM-SH-015,2,97200
6198,U260123-03289,UM-SH-005,1,78900
6199,U260416-03290,UM-SH-019,1,172600
6200,U260416-03290,UM-OT-015,1,91000
6201,U260416-03290,UM-BT-012,2,65500
6202,U251225-03291,UM-TS-024,1,20700
6203,U260226-03292,UM-OT-010,1,193300
6204,U260226-03292,UM-TS-034,1,57200
6205,U260901-03293,UM-BT-007,1,92700
6206,U260901-03293,UM-OT-024,2,304700
6207,U260829-03294,UM-TS-004,1,48200
6208,U260702-03295,UM-SH-024,1,139700
6209,U260702-03295,UM-AC-004,1,13500
6210,U260702-03295,UM-TS-019,1,70800
6211,U260702-03295,UM-AC-017,1,24700
6212,U260124-03296,UM-TS-018,1,81500
6213,U251121-03297,UM-BT-011,2,69800
6214,U251121-03297,UM-BT-014,1,70800
6215,U251121-03297,UM-TS-010,1,28600
6216,U260607-03298,UM-OT-021,1,156500
6217,U260212-03299,UM-TS-005,1,43000
6218,U251218-03300,UM-OT-018,1,302200
6219,U260817-03301,UM-SH-004,1,88600
6220,U260712-03302,UM-TS-027,1,79000
6221,U260712-03302,UM-TS-028,1,64400
6222,U260712-03302,UM-SH-015,1,95400
6223,U260419-03303,UM-BT-002,1,60700
6224,U260419-03304,UM-TS-007,2,42100
6225,U260419-03304,UM-AC-026,3,65900
6226,U260419-03304,UM-SH-002,1,231600
6227,U260801-03305,UM-TS-019,1,76100
6228,U260409-03306,UM-SH-022,1,129700
6229,U260409-03306,UM-TS-003,2,61700
6230,U240518-03307,UM-OT-004,1,190900
6231,U240518-03307,UM-SH-002,1,195200
6232,U240518-03307,UM-SH-016,1,153100
6233,U240518-03307,UM-SH-014,2,78800
6234,U260525-03308,UM-BT-005,1,111100
6235,U250506-03309,UM-OT-018,1,328700
6236,U250506-03309,UM-AC-020,1,87400
6237,U260616-03310,UM-SH-011,1,137400
6238,U250211-03311,UM-SH-013,1,182800
6239,U250211-03311,UM-SH-020,1,178300
6240,U241106-03312,UM-AC-021,2,22200
6241,U240509-03313,UM-AC-019,1,57100
6242,U240509-03313,UM-TS-005,1,40500
6243,U240106-03314,UM-TS-001,2,48700
6244,U240106-03314,UM-BT-016,3,90400
6245,U241108-03315,UM-SH-002,1,169600
6246,U230807-03316,UM-TS-014,3,47100
6247,U260601-03317,UM-AC-014,1,27000
6248,U260817-03318,UM-OT-006,1,247300
6249,U260817-03318,UM-TS-037,1,28500
6250,U260817-03318,UM-TS-030,1,63500
6251,U260808-03319,UM-SH-001,1,120300
6252,U260808-03319,UM-TS-029,1,42500
6253,U260506-03320,UM-BT-025,1,110600
6254,U260814-03321,UM-BT-018,1,73500
6255,U260515-03322,UM-TS-036,2,50200
6256,U260602-03323,UM-AC-020,1,85900
6257,U260602-03323,UM-TS-035,1,22900
6258,U260602-03323,UM-BT-020,1,86900
6259,U260702-03324,UM-TS-012,1,40000
6260,U260826-03325,UM-SH-019,1,145500
6261,U260826-03325,UM-TS-014,1,42500
6262,U260226-03326,UM-TS-029,1,41800
6263,U260221-03327,UM-BT-010,1,82800
6264,U260621-03328,UM-OT-025,1,300600
6265,U260621-03328,UM-OT-022,2,231100
6266,U260511-03329,UM-SH-015,1,90100
6267,U260511-03329,UM-TS-034,1,58000
6268,U260511-03329,UM-SH-021,1,177400
6269,U260829-03330,UM-BT-010,1,88400
6270,U260829-03330,UM-OT-004,1,213200
6271,U260829-03330,UM-BT-020,1,71400
6272,U260829-03330,UM-SH-012,1,154800
6273,U260323-03331,UM-AC-004,1,13600
6274,U260622-03332,UM-SH-009,1,152400
6275,U260622-03332,UM-BT-008,1,90000
6276,U260622-03332,UM-BT-009,1,63100
6277,U230905-03333,UM-SH-001,1,104800
6278,U230905-03333,UM-AC-014,3,29000
6279,U231220-03334,UM-OT-026,1,116400
6280,U240305-03335,UM-TS-037,1,24500
6281,U240305-03335,UM-SH-014,1,90800
6282,U260404-03336,UM-TS-028,1,76900
6283,U260404-03336,UM-BT-008,1,76700
6284,U251127-03337,UM-AC-016,2,29400
6285,U251128-03338,UM-SH-024,1,141200
6286,U251128-03338,UM-BT-007,1,103800
6287,U251128-03338,UM-TS-005,1,44200
6288,U260614-03339,UM-TS-017,1,51200
6289,U260903-03340,UM-OT-008,1,226300
6290,U251001-03341,UM-TS-001,1,39700
6291,U251001-03341,UM-TS-027,1,72300
6292,U251001-03341,UM-TS-002,3,36500
6293,U250821-03342,UM-SH-022,1,113300
6294,U240723-03343,UM-BT-016,1,101900
6295,U240723-03343,UM-BT-008,1,69200
6296,U240723-03343,UM-TS-027,1,76300
6297,U240723-03343,UM-SH-022,2,122400
6298,U260727-03344,UM-TS-027,1,86300
6299,U260727-03344,UM-BT-020,2,77800
6300,U260727-03344,UM-TS-031,1,25800
6301,U260609-03345,UM-TS-011,1,73800
6302,U231004-03346,UM-TS-029,1,51200
6303,U231004-03346,UM-BT-014,1,52200
6304,U260418-03347,UM-TS-005,1,39900
6305,U260816-03348,UM-BT-016,3,95300
6306,U260816-03348,UM-TS-033,1,38300
6307,U260816-03348,UM-TS-015,2,15900
6308,U260816-03348,UM-AC-025,1,74600
6309,U260716-03349,UM-SH-008,1,163500
6310,U260822-03350,UM-BT-005,1,93700
6311,U260822-03350,UM-SH-012,1,195700
6312,U260822-03350,UM-TS-030,1,66000
6313,U260822-03351,UM-AC-023,1,81400
6314,U260430-03352,UM-SH-008,1,154100
6315,U250922-03353,UM-BT-006,1,46900
6316,U250922-03353,UM-TS-021,1,45800
6317,U250427-03354,UM-AC-010,1,48600
6318,U250427-03354,UM-AC-029,1,11000
6319,U260116-03355,UM-BT-025,1,108500
6320,U260116-03355,UM-SH-009,2,151200
6321,U260116-03355,UM-TS-031,2,33600
6322,U260116-03355,UM-BT-024,1,40600
6323,U260219-03356,UM-BT-016,1,101300
6324,U250124-03357,UM-TS-028,1,66000
6325,U250124-03357,UM-BT-024,1,41600
6326,U250124-03357,UM-AC-011,1,73400
6327,U250124-03357,UM-OT-007,1,86100
6328,U260605-03358,UM-SH-016,1,128300
6329,U260402-03359,UM-SH-019,1,169700
6330,U260402-03359,UM-AC-002,1,71100
6331,U260402-03359,UM-BT-002,1,59800
6332,U241222-03360,UM-TS-037,1,28700
6333,U241222-03360,UM-TS-025,2,63600
6334,U241222-03360,UM-TS-005,1,35800
6335,U240706-03361,UM-BT-018,1,69800
6336,U240706-03361,UM-SH-020,3,199500
6337,U251202-03362,UM-TS-011,1,65800
6338,U260825-03363,UM-AC-023,1,68500
6339,U260825-03363,UM-AC-004,1,11400
6340,U260825-03363,UM-BT-015,1,82500
6341,U240710-03364,UM-BT-006,1,46200
6342,U240710-03364,UM-BT-011,1,75000
6343,U240712-03365,UM-SH-014,2,84900
6344,U250225-03366,UM-AC-010,1,54700
6345,U250225-03366,UM-AC-018,1,41100
6346,U250227-03367,UM-OT-025,1,322100
6347,U250228-03368,UM-BT-013,2,118200
6348,U250228-03368,UM-TS-016,1,68300
6349,U250228-03368,UM-TS-015,1,14000
6350,U260321-03369,UM-BT-004,1,58600
6351,U260604-03370,UM-AC-003,1,14600
6352,U260604-03370,UM-AC-023,3,76900
6353,U260604-03370,UM-OT-020,1,143200
6354,U260604-03370,UM-TS-030,1,62100
6355,U260604-03370,UM-TS-029,1,39900
6356,U260812-03371,UM-TS-019,1,77200
6357,U260812-03371,UM-SH-015,1,89500
6358,U251013-03372,UM-BT-007,1,93400
6359,U251013-03372,UM-SH-006,2,198500
6360,U260713-03373,UM-TS-032,1,44500
6361,U260713-03373,UM-BT-019,3,32400
6362,U260813-03374,UM-TS-017,2,53300
6363,U260813-03374,UM-BT-023,1,113300
6364,U260813-03374,UM-SH-005,1,66400
6365,U260813-03374,UM-SH-005,1,75200
6366,U260813-03374,UM-SH-002,2,194400
6367,U260820-03375,UM-OT-021,1,137700
6368,U260820-03375,UM-BT-010,1,94300
6369,U260814-03376,UM-TS-019,1,68400
6370,U260719-03377,UM-TS-004,1,45500
6371,U260901-03378,UM-OT-022,1,218900
6372,U260830-03379,UM-BT-018,1,68200
6373,U260830-03379,UM-BT-025,3,82200
6374,U260830-03379,UM-BT-023,2,92600
6375,U260830-03379,UM-BT-020,1,86000
6376,U260814-03380,UM-TS-007,3,44200
6377,U260427-03381,UM-TS-036,1,49100
6378,U251108-03382,UM-BT-022,1,69700
6379,U251108-03382,UM-OT-021,2,148800
6380,U251108-03382,UM-AC-023,1,71200
6381,U250221-03383,UM-BT-020,3,86100
6382,U250221-03383,UM-TS-029,1,51900
6383,U250221-03383,UM-BT-019,1,26800
6384,U260515-03384,UM-BT-025,1,93700
6385,U251025-03385,UM-OT-010,2,177400
6386,U260312-03386,UM-BT-006,1,56300
6387,U260726-03387,UM-BT-003,1,61500
6388,U260524-03388,UM-TS-011,1,76700
6389,U260425-03389,UM-AC-012,1,46400
6390,U251219-03390,UM-OT-012,1,174900
6391,U251219-03390,UM-SH-022,3,144400
6392,U250919-03391,UM-TS-003,3,62000
6393,U250919-03391,UM-TS-011,1,70000
6394,U240711-03392,UM-TS-012,2,40800
6395,U240711-03392,UM-TS-032,1,40200
6396,U240909-03393,UM-AC-008,1,12600
6397,U240909-03393,UM-AC-025,1,71900
6398,U260729-03394,UM-TS-007,1,44800
6399,U260729-03394,UM-SH-024,1,128600
6400,U260729-03394,UM-SH-007,2,85700
6401,U260401-03395,UM-TS-014,1,50800
6402,U231210-03396,UM-TS-002,1,33400
6403,U231210-03396,UM-AC-010,1,53900
6404,U231005-03397,UM-OT-022,1,241700
6405,U250119-03398,UM-SH-012,1,146400
6406,U250119-03398,UM-BT-016,1,98100
6407,U250119-03398,UM-TS-031,1,29600
6408,U250808-03399,UM-TS-010,1,32000
6409,U250808-03399,UM-AC-017,1,27200
6410,U250808-03399,UM-BT-019,1,30000
6411,U250808-03399,UM-TS-020,1,40400
6412,U250808-03399,UM-OT-019,1,186400
6413,U260425-03400,UM-BT-007,1,76600
6414,U250504-03401,UM-AC-030,2,12300
6415,U250428-03402,UM-TS-034,1,50800
6416,U240808-03403,UM-TS-014,1,45400
6417,U240808-03403,UM-BT-016,1,106800
6418,U240808-03403,UM-TS-010,1,29600
6419,U240808-03403,UM-SH-022,1,123100
6420,U251012-03404,UM-TS-004,3,45600
6421,U240717-03405,UM-BT-005,1,106200
6422,U260406-03406,UM-BT-004,1,53400
6423,U260406-03406,UM-AC-011,1,58000
6424,U260210-03407,UM-TS-012,1,34600
6425,U260120-03408,UM-TS-015,2,18500
6426,U251117-03409,UM-BT-004,1,52900
6427,U260902-03410,UM-OT-020,1,143400
6428,U260902-03410,UM-BT-022,1,59300
6429,U240803-03411,UM-TS-014,1,52100
6430,U240803-03411,UM-OT-012,1,209400
6431,U240803-03411,UM-BT-005,2,112400
6432,U240803-03411,UM-AC-001,1,64900
6433,U250724-03412,UM-TS-014,1,53000
6434,U260224-03413,UM-AC-020,1,83100
6435,U260718-03414,UM-TS-028,1,74000
6436,U260718-03414,UM-TS-036,1,38300
6437,U260814-03415,UM-TS-018,1,58300
6438,U260814-03415,UM-BT-021,1,80900
6439,U240829-03416,UM-AC-015,1,63100
6440,U240829-03416,UM-BT-010,1,84000
6441,U240829-03416,UM-SH-002,1,178700
6442,U240829-03416,UM-TS-011,1,83600
6443,U240829-03417,UM-BT-001,2,45500
6444,U260421-03418,UM-BT-002,1,66200
6445,U260421-03418,UM-BT-024,1,43200
6446,U260803-03419,UM-AC-029,2,13000
6447,U260726-03420,UM-BT-015,2,97800
6448,U260901-03421,UM-AC-030,1,11800
6449,U260901-03421,UM-SH-024,3,109000
6450,U260419-03422,UM-TS-033,1,46100
6451,U260419-03422,UM-TS-007,1,38600
6452,U260419-03422,UM-TS-005,1,48500
6453,U260419-03422,UM-OT-018,1,330200
6454,U260701-03423,UM-BT-015,1,96700
6455,U260518-03424,UM-BT-017,1,43700
6456,U260706-03425,UM-TS-024,2,18500
6457,U260706-03425,UM-AC-018,2,52500
6458,U260706-03425,UM-SH-011,1,120600
6459,U250329-03426,UM-AC-025,1,77200
6460,U250329-03426,UM-SH-012,2,196500
6461,U250329-03426,UM-TS-035,2,21800
6462,U250329-03426,UM-TS-012,1,46000
6463,U260511-03427,UM-TS-006,1,81600
6464,U260511-03427,UM-SH-004,1,111100
6465,U251117-03428,UM-OT-023,2,362000
6466,U251117-03428,UM-AC-027,1,56900
6467,U251117-03428,UM-TS-037,1,25000
6468,U251117-03428,UM-TS-010,1,31600
6469,U250211-03429,UM-BT-022,3,58600
6470,U251207-03430,UM-TS-014,1,49300
6471,U250817-03431,UM-TS-010,1,33500
6472,U250817-03431,UM-SH-012,1,187600
6473,U250817-03431,UM-AC-022,1,14100
6474,U250817-03431,UM-AC-025,1,73600
6475,U240417-03432,UM-TS-029,1,53300
6476,U250420-03433,UM-BT-008,2,66200
6477,U250420-03433,UM-SH-019,1,157800
6478,U250420-03433,UM-OT-022,1,224900
6479,U231028-03434,UM-TS-007,1,37800
6480,U231028-03434,UM-TS-013,1,19900
6481,U250619-03435,UM-TS-002,1,33100
6482,U260802-03436,UM-OT-011,1,69700
6483,U260802-03436,UM-BT-015,1,91200
6484,U260802-03436,UM-BT-004,1,42300
6485,U260802-03436,UM-BT-010,1,104200
6486,U260218-03437,UM-AC-002,1,61500
6487,U260207-03438,UM-TS-034,1,58400
6488,U260207-03438,UM-AC-018,1,51400
6489,U260207-03438,UM-TS-010,1,31200
6490,U260604-03439,UM-BT-009,1,55200
6491,U260513-03440,UM-AC-015,1,47400
6492,U260107-03441,UM-TS-012,1,39300
6493,U260107-03441,UM-SH-009,1,144600
6494,U260317-03442,UM-OT-018,1,297000
6495,U250921-03443,UM-OT-025,2,352600
6496,U250921-03443,UM-TS-007,2,50000
6497,U250921-03443,UM-OT-001,2,322900
6498,U250921-03443,UM-TS-017,1,54300
6499,U250921-03443,UM-SH-001,1,114400
6500,U251101-03444,UM-SH-003,1,202700
6501,U260824-03445,UM-TS-010,1,32500
6502,U260824-03445,UM-AC-028,1,32600
6503,U260429-03446,UM-TS-005,2,38200
6504,U260429-03446,UM-AC-010,1,57100
6505,U260429-03446,UM-OT-007,1,108200
6506,U260731-03447,UM-AC-013,1,44100
6507,U260731-03447,UM-SH-007,1,78300
6508,U260731-03447,UM-TS-032,1,43500
6509,U260728-03448,UM-TS-011,2,77100
6510,U260728-03448,UM-TS-015,1,15200
6511,U260728-03448,UM-TS-019,1,66800
6512,U260425-03449,UM-AC-014,1,24200
6513,U260425-03449,UM-BT-023,1,88500
6514,U260814-03450,UM-TS-034,1,64900
6515,U260814-03450,UM-BT-011,2,77800
6516,U250827-03451,UM-TS-012,1,39200
6517,U250827-03451,UM-SH-007,2,75600
6518,U251102-03452,UM-OT-010,2,168900
6519,U251102-03452,UM-AC-009,1,62500
6520,U250828-03453,UM-SH-008,1,188400
6521,U260129-03454,UM-TS-031,1,26000
6522,U260129-03454,UM-AC-002,1,67100
6523,U260129-03454,UM-TS-036,1,44800
6524,U260808-03455,UM-OT-022,1,196000
6525,U260808-03455,UM-BT-007,1,88500
6526,U260808-03455,UM-AC-003,1,13100
6527,U250712-03456,UM-OT-015,1,100700
6528,U260903-03457,UM-BT-012,1,50300
6529,U260903-03457,UM-SH-002,1,199900
6530,U260903-03457,UM-TS-010,1,27400
6531,U260903-03457,UM-AC-015,2,62000
6532,U251024-03458,UM-TS-023,1,21900
6533,U260321-03459,UM-OT-023,1,327000
6534,U260321-03459,UM-AC-009,1,73700
6535,U241122-03460,UM-BT-023,1,86600
6536,U251130-03461,UM-BT-011,1,63200
6537,U260503-03462,UM-TS-001,1,43200
6538,U260503-03462,UM-TS-027,2,67200
6539,U260503-03462,UM-SH-009,1,130200
6540,U260503-03462,UM-OT-003,1,302700
6541,U260503-03462,UM-SH-003,1,184600
6542,U260223-03463,UM-SH-015,1,109600
6543,U240525-03464,UM-AC-020,1,72700
6544,U250329-03465,UM-SH-020,1,216000
6545,U250512-03466,UM-SH-003,1,193600
6546,U240911-03467,UM-OT-004,1,231500
6547,U240911-03467,UM-AC-003,1,11700
6548,U260102-03468,UM-BT-015,1,81300
6549,U250125-03469,UM-BT-021,1,74500
6550,U240915-03470,UM-BT-015,1,102800
6551,U260625-03471,UM-AC-003,1,13800
6552,U260712-03472,UM-SH-023,1,108100
6553,U260603-03473,UM-BT-018,2,77900
6554,U260819-03474,UM-BT-010,1,101000
6555,U260620-03475,UM-TS-027,1,63000
6556,U260902-03476,UM-AC-001,1,62400
6557,U260902-03476,UM-TS-037,1,31000
6558,U260902-03476,UM-TS-024,2,20800
6559,U260829-03477,UM-TS-026,1,33200
6560,U260829-03477,UM-AC-030,1,11200
6561,U260827-03478,UM-BT-012,1,62900
6562,U260827-03478,UM-TS-034,1,53900
6563,U251123-03479,UM-BT-016,1,83300
6564,U260607-03480,UM-AC-020,1,73900
6565,U260607-03480,UM-AC-001,1,57900
6566,U260607-03480,UM-BT-006,2,62200
6567,U260607-03480,UM-BT-006,1,54900
6568,U260607-03480,UM-TS-026,1,40600
6569,U240709-03481,UM-TS-004,1,50300
6570,U250718-03482,UM-TS-025,1,63800
6571,U250718-03482,UM-BT-004,1,55200
6572,U250527-03483,UM-TS-028,1,71500
6573,U250527-03483,UM-OT-012,1,184200
6574,U250527-03483,UM-SH-024,2,121600
6575,U230506-03484,UM-TS-001,1,45900
6576,U260205-03485,UM-AC-024,1,50300
6577,U260813-03486,UM-BT-009,1,60100
6578,U260318-03487,UM-AC-029,2,10600
6579,U260515-03488,UM-TS-003,1,62400
6580,U260515-03488,UM-TS-019,1,63000
6581,U260515-03488,UM-TS-034,1,47500
6582,U250812-03489,UM-TS-003,2,76600
6583,U250812-03489,UM-AC-001,2,65400
6584,U260805-03490,UM-AC-023,3,73900
6585,U260805-03490,UM-SH-005,1,87300
6586,U250205-03491,UM-TS-033,1,50700
6587,U250205-03492,UM-AC-001,1,65700
6588,U260402-03493,UM-TS-010,3,30000
6589,U260402-03493,UM-TS-025,1,53100
6590,U251130-03494,UM-AC-010,1,50600
6591,U251130-03494,UM-BT-003,1,67400
6592,U251130-03494,UM-SH-021,1,158600
6593,U250608-03495,UM-TS-028,1,63000
6594,U250818-03496,UM-AC-030,1,12900
6595,U260723-03497,UM-OT-007,1,104800
6596,U260723-03497,UM-OT-008,1,246000
6597,U240522-03498,UM-OT-005,1,163200
6598,U240522-03498,UM-OT-017,1,304600
6599,U240522-03498,UM-SH-002,1,216100
6600,U250314-03499,UM-SH-022,3,106100
6601,U241202-03500,UM-BT-018,1,75700
6602,U241202-03500,UM-OT-008,1,213300
6603,U241202-03500,UM-SH-019,3,130600
6604,U260825-03501,UM-TS-027,1,66500
6605,U260827-03502,UM-OT-018,2,311700
6606,U260831-03503,UM-SH-009,2,162400
6607,U260816-03504,UM-TS-012,1,36100
6608,U260425-03505,UM-TS-028,1,76500
6609,U260825-03506,UM-SH-021,1,154900
6610,U260825-03506,UM-AC-018,1,50700
6611,U260825-03506,UM-BT-017,3,38600
6612,U260704-03507,UM-BT-015,1,89400
6613,U260704-03507,UM-BT-010,1,109500
6614,U260829-03508,UM-SH-016,1,113400
6615,U260712-03509,UM-BT-019,1,33700
6616,U260716-03510,UM-TS-029,1,48700
6617,U260716-03511,UM-AC-005,1,34200
6618,U260716-03511,UM-TS-022,1,34300
6619,U260817-03512,UM-OT-001,2,308300
6620,U260408-03513,UM-BT-019,1,28800
6621,U250702-03514,UM-BT-006,1,50800
6622,U250702-03514,UM-AC-005,1,30100
6623,U250702-03514,UM-OT-015,1,99500
6624,U260706-03515,UM-OT-004,1,190100
6625,U260706-03515,UM-TS-004,1,44700
6626,U250912-03516,UM-TS-009,1,58100
6627,U250912-03516,UM-OT-015,2,80400
6628,U250524-03517,UM-AC-022,1,15300
6629,U260709-03518,UM-SH-005,1,83600
6630,U260522-03519,UM-AC-017,2,22700
6631,U260522-03519,UM-BT-012,2,54300
6632,U260515-03520,UM-TS-009,2,58100
6633,U260515-03520,UM-BT-011,1,85700
6634,U260320-03521,UM-BT-006,1,63800
6635,U260320-03521,UM-TS-036,1,38700
6636,U260320-03521,UM-TS-013,1,19000
6637,U240813-03522,UM-AC-013,1,50500
6638,U260524-03523,UM-OT-012,1,164900
6639,U260524-03523,UM-OT-025,1,351800
6640,U260418-03524,UM-AC-014,1,24100
6641,U260630-03525,UM-OT-017,1,266400
6642,U260429-03526,UM-BT-001,1,40600
6643,U251121-03527,UM-BT-007,1,94600
6644,U251121-03527,UM-BT-010,1,97500
6645,U251121-03527,UM-TS-019,1,80400
6646,U251121-03527,UM-BT-023,1,105300
6647,U251121-03527,UM-BT-024,1,38100
6648,U260719-03528,UM-OT-019,2,153400
6649,U260719-03528,UM-SH-014,1,100900
6650,U260719-03528,UM-OT-005,2,200700
6651,U260401-03529,UM-TS-006,1,83600
6652,U260822-03530,UM-TS-007,1,49100
6653,U260822-03530,UM-SH-009,1,133600
6654,U260822-03530,UM-TS-008,1,55200
6655,U250718-03531,UM-TS-025,1,52000
6656,U251022-03532,UM-TS-021,1,38900
6657,U251022-03532,UM-BT-024,1,42600
6658,U250815-03533,UM-TS-012,1,37200
6659,U250617-03534,UM-OT-022,1,183800
6660,U250617-03534,UM-BT-001,1,40100
6661,U251219-03535,UM-SH-013,1,158600
6662,U250225-03536,UM-OT-011,1,73400
6663,U250225-03536,UM-SH-023,1,109600
6664,U250225-03536,UM-OT-017,3,247100
6665,U260503-03537,UM-BT-005,1,83500
6666,U260503-03537,UM-TS-022,1,34000
6667,U260503-03537,UM-TS-034,1,46300
6668,U260503-03537,UM-TS-019,1,84500
6669,U251101-03538,UM-TS-032,1,44600
6670,U251101-03538,UM-TS-005,1,48600
6671,U251216-03539,UM-SH-012,1,152000
6672,U251216-03539,UM-OT-020,1,172400
6673,U251216-03539,UM-TS-007,1,36300
6674,U251216-03539,UM-BT-013,1,94900
6675,U260729-03540,UM-TS-029,1,54900
6676,U260729-03540,UM-OT-002,1,342700
6677,U260511-03541,UM-TS-034,1,62000
6678,U260616-03542,UM-TS-016,1,74100
6679,U260616-03542,UM-SH-010,1,164100
6680,U260616-03542,UM-SH-009,3,147700
6681,U260521-03543,UM-SH-013,1,211000
6682,U260521-03543,UM-BT-011,1,79200
6683,U251031-03544,UM-BT-007,1,96000
6684,U260402-03545,UM-SH-007,1,80400
6685,U260615-03546,UM-BT-015,1,79400
6686,U260615-03546,UM-TS-010,1,33700
6687,U260809-03547,UM-SH-011,1,121400
6688,U251231-03548,UM-TS-022,1,40600
6689,U251231-03548,UM-TS-013,1,18300
6690,U251211-03549,UM-AC-009,1,67800
6691,U251211-03549,UM-TS-028,1,69500
6692,U260715-03550,UM-TS-033,1,44600
6693,U260307-03551,UM-TS-024,1,23400
6694,U260307-03551,UM-SH-008,1,208900
6695,U260307-03551,UM-TS-032,1,43100
6696,U260307-03551,UM-SH-003,1,174700
6697,U260516-03552,UM-TS-022,1,41500
6698,U250430-03553,UM-TS-025,1,49800
6699,U250430-03553,UM-OT-005,1,148500
6700,U260730-03554,UM-TS-006,1,77500
6701,U251230-03555,UM-OT-011,1,78400
6702,U260807-03556,UM-BT-010,1,98400
6703,U260829-03557,UM-TS-006,1,82900
6704,U260808-03558,UM-TS-006,1,75500
6705,U260808-03558,UM-OT-019,1,155400
6706,U260808-03558,UM-OT-016,1,135300
6707,U260901-03559,UM-TS-005,1,38200
6708,U260901-03559,UM-TS-016,1,68600
6709,U260714-03560,UM-AC-011,1,70600
6710,U260714-03560,UM-SH-002,1,211900
6711,U260714-03560,UM-SH-008,1,176100
6712,U260716-03561,UM-AC-020,1,83100
6713,U260831-03562,UM-SH-003,1,190600
6714,U260831-03562,UM-TS-017,1,41000
6715,U260831-03562,UM-TS-037,1,30600
6716,U260729-03563,UM-BT-023,1,80500
6717,U260729-03563,UM-TS-025,1,58400
6718,U251228-03564,UM-BT-006,1,58800
6719,U251228-03564,UM-OT-015,2,88200
6720,U251228-03564,UM-SH-019,1,139000
6721,U251228-03564,UM-BT-007,1,91000
6722,U250815-03565,UM-BT-019,1,37800
6723,U250914-03566,UM-OT-010,1,160600
6724,U250914-03566,UM-TS-015,2,14000
6725,U250914-03566,UM-AC-025,1,74300
6726,U250914-03566,UM-OT-024,1,334000
6727,U250914-03566,UM-TS-023,2,24000
6728,U250902-03567,UM-OT-014,1,166700
6729,U250902-03567,UM-BT-014,1,60000
6730,U250902-03567,UM-BT-012,2,52400
6731,U250902-03567,UM-BT-008,1,76900
6732,U251126-03568,UM-TS-035,1,19300
6733,U251126-03568,UM-SH-008,1,176400
6734,U251209-03569,UM-BT-013,1,93500
6735,U250310-03570,UM-AC-009,1,70900
6736,U250310-03570,UM-TS-031,1,24000
6737,U250526-03571,UM-BT-013,1,123900
6738,U250526-03571,UM-TS-017,1,43900
6739,U250415-03572,UM-OT-010,1,207200
6740,U260218-03573,UM-SH-022,1,126500
6741,U251123-03574,UM-TS-037,1,25600
6742,U251123-03574,UM-TS-003,1,73300
6743,U260521-03575,UM-AC-024,1,54900
6744,U260521-03575,UM-TS-026,1,32600
6745,U260521-03575,UM-OT-014,3,151600
6746,U260521-03575,UM-TS-024,1,19200
6747,U260415-03576,UM-AC-020,1,74300
6748,U250826-03577,UM-SH-023,1,98700
6749,U260107-03578,UM-BT-022,1,64400
6750,U260107-03578,UM-BT-008,1,64500
6751,U241210-03579,UM-TS-017,1,56400
6752,U241210-03579,UM-BT-007,1,96300
6753,U250725-03580,UM-TS-015,2,16900
6754,U250725-03580,UM-AC-024,1,40700
6755,U250314-03581,UM-TS-037,1,32200
6756,U251111-03582,UM-AC-011,1,74800
6757,U260509-03583,UM-BT-021,2,88000
6758,U260509-03583,UM-BT-007,3,82500
6759,U260509-03583,UM-BT-006,2,51700
6760,U260331-03584,UM-BT-008,3,67100
6761,U260331-03584,UM-BT-012,1,63600
6762,U250924-03585,UM-TS-031,2,31200
6763,U250924-03585,UM-TS-037,1,26500
6764,U250823-03586,UM-TS-027,1,67500
6765,U250823-03586,UM-BT-002,1,59200
6766,U260520-03587,UM-SH-014,1,108600
6767,U260520-03587,UM-TS-012,1,39900
6768,U250921-03588,UM-BT-024,2,42500
6769,U260412-03589,UM-TS-010,2,25300
6770,U250709-03590,UM-BT-016,1,101100
6771,U250709-03590,UM-BT-011,1,85600
6772,U260214-03591,UM-TS-023,1,29000
6773,U260214-03591,UM-SH-005,1,79900
6774,U260211-03592,UM-TS-025,1,50700
6775,U260211-03592,UM-AC-028,1,41800
6776,U251010-03593,UM-SH-014,1,94200
6777,U260617-03594,UM-TS-010,1,25500
6778,U260617-03594,UM-TS-004,1,48800
6779,U260617-03594,UM-OT-013,1,160100
6780,U260526-03595,UM-SH-013,1,212200
6781,U260526-03595,UM-BT-020,1,76500
6782,U250717-03596,UM-SH-011,1,129000
6783,U250717-03596,UM-TS-008,1,49500
6784,U251127-03597,UM-TS-004,1,38300
6785,U250709-03598,UM-BT-019,1,37500
6786,U250709-03598,UM-SH-009,1,150200
6787,U250709-03598,UM-TS-035,1,21700
6788,U250801-03599,UM-TS-020,1,32500
6789,U250801-03599,UM-BT-012,1,50500
6790,U260101-03600,UM-OT-019,1,177100
6791,U250416-03601,UM-SH-002,1,213500
6792,U260113-03602,UM-OT-016,1,137300
6793,U260113-03602,UM-OT-015,1,93500
6794,U260113-03602,UM-BT-014,1,51200
6795,U260113-03602,UM-TS-031,1,24800
6796,U250810-03603,UM-TS-033,1,38300
6797,U250602-03604,UM-TS-007,1,49000
6798,U250601-03605,UM-SH-023,1,77000
6799,U260713-03606,UM-TS-025,1,45500
6800,U260621-03607,UM-TS-016,1,78600
6801,U260621-03607,UM-AC-006,1,22600
6802,U260621-03607,UM-SH-004,1,112800
6803,U260321-03608,UM-OT-012,1,215400
6804,U260621-03609,UM-SH-008,1,151100
6805,U241027-03610,UM-TS-035,1,16600
6806,U241027-03610,UM-TS-016,2,55800
6807,U260216-03611,UM-TS-001,1,45800
6808,U260531-03612,UM-OT-020,1,175900
6809,U260127-03613,UM-AC-013,1,41300
6810,U251129-03614,UM-TS-002,1,33400
6811,U251129-03614,UM-TS-036,1,40500
6812,U251129-03614,UM-TS-021,1,49500
6813,U251121-03615,UM-SH-017,1,115900
6814,U251127-03616,UM-OT-003,1,264700
6815,U251127-03616,UM-TS-002,1,36400
6816,U240820-03617,UM-SH-021,1,143200
6817,U240820-03617,UM-TS-024,1,25500
6818,U240820-03617,UM-TS-033,1,41000
6819,U260311-03618,UM-AC-031,1,54400
6820,U250401-03619,UM-SH-004,1,85000
6821,U250401-03619,UM-BT-015,1,99100
6822,U260711-03620,UM-OT-009,1,314200
6823,U260711-03620,UM-TS-007,1,45700
6824,U260409-03621,UM-TS-011,1,77400
6825,U260409-03621,UM-SH-011,1,143700
6826,U260605-03622,UM-AC-031,1,73800
6827,U260605-03622,UM-OT-026,1,114300
6828,U260723-03623,UM-TS-028,1,63500
6829,U260723-03623,UM-TS-005,1,39400
6830,U260831-03624,UM-TS-024,1,25600
6831,U240908-03625,UM-BT-004,1,42400
6832,U240908-03625,UM-SH-010,1,169200
6833,U241117-03626,UM-BT-005,1,115200
6834,U250413-03627,UM-TS-012,1,47200
6835,U250413-03627,UM-TS-014,1,48700
6836,U231219-03628,UM-SH-009,2,156200
6837,U260518-03629,UM-BT-020,1,86200
6838,U260518-03629,UM-BT-019,1,31100
6839,U251011-03630,UM-TS-007,2,48100
6840,U251011-03630,UM-BT-013,1,123900
6841,U260402-03631,UM-TS-002,1,42000
6842,U250929-03632,UM-AC-029,1,9900
6843,U250929-03632,UM-OT-002,1,297900
6844,U250929-03632,UM-TS-017,2,44200
6845,U250929-03632,UM-TS-029,1,49200
6846,U250929-03632,UM-TS-023,1,28400
6847,U260712-03633,UM-TS-028,1,76300
6848,U260712-03633,UM-TS-027,3,81600
6849,U260712-03633,UM-BT-015,2,103100
6850,U260113-03634,UM-AC-013,1,47600
6851,U260113-03634,UM-AC-028,1,39300
6852,U260903-03635,UM-OT-007,3,97700
6853,U260903-03635,UM-AC-005,1,38600
6854,U260522-03636,UM-BT-018,1,60900
6855,U260522-03636,UM-AC-013,1,39600
6856,U260522-03636,UM-TS-036,1,38900
6857,U260522-03636,UM-BT-011,1,73900
6858,U251129-03637,UM-SH-009,1,141100
6859,U251129-03637,UM-OT-015,1,109900
6860,U251129-03637,UM-BT-022,1,71700
6861,U260313-03638,UM-TS-024,1,24100
6862,U260211-03639,UM-SH-016,2,127300
6863,U260211-03639,UM-OT-004,1,227300
6864,U260812-03640,UM-BT-019,1,33900
6865,U260812-03640,UM-TS-019,2,75900
6866,U260901-03641,UM-TS-026,1,39600
6867,U260901-03641,UM-OT-019,1,183500
6868,U260901-03641,UM-SH-022,1,132800
6869,U260604-03642,UM-BT-012,1,63700
6870,U260307-03643,UM-SH-014,1,79700
6871,U260307-03643,UM-TS-002,1,39000
6872,U260307-03643,UM-BT-002,1,73800
6873,U251108-03644,UM-TS-030,1,67500
6874,U260401-03645,UM-OT-001,1,275900
6875,U260214-03646,UM-BT-001,2,36400
6876,U260214-03646,UM-TS-005,1,39400
6877,U260326-03647,UM-AC-005,1,30700
6878,U260527-03648,UM-TS-028,1,66300
6879,U260527-03648,UM-BT-004,1,49900
6880,U260527-03648,UM-SH-012,1,180100
6881,U260527-03648,UM-AC-031,1,66900
6882,U260803-03649,UM-TS-001,1,51100
6883,U260527-03650,UM-BT-015,1,88700
6884,U260213-03651,UM-TS-032,1,42700
6885,U260111-03652,UM-BT-012,2,65600
6886,U250812-03653,UM-SH-013,1,170300
6887,U250708-03654,UM-TS-010,1,25700
6888,U250708-03654,UM-TS-034,1,56300
6889,U260627-03655,UM-OT-026,1,99000
6890,U260901-03656,UM-OT-025,2,296900
6891,U250806-03657,UM-OT-005,1,187300
6892,U250806-03657,UM-BT-001,1,47400
6893,U250806-03657,UM-SH-023,1,103900
6894,U260522-03658,UM-TS-014,1,40900
6895,U260522-03658,UM-TS-002,1,41300
6896,U250619-03659,UM-TS-013,1,20000
6897,U250809-03660,UM-BT-018,2,78300
6898,U250101-03661,UM-BT-001,1,35400
6899,U250101-03661,UM-TS-019,1,72100
6900,U230928-03662,UM-TS-002,1,39500
6901,U230928-03662,UM-TS-021,1,41700
6902,U230928-03662,UM-BT-015,1,77700
6903,U230928-03662,UM-AC-002,3,78400
6904,U230918-03663,UM-AC-019,1,52300
6905,U230918-03663,UM-SH-008,1,211900
6906,U230921-03664,UM-TS-035,1,21200
6907,U230921-03664,UM-OT-023,1,329800
6908,U251112-03665,UM-TS-016,1,67900
6909,U251108-03666,UM-SH-003,1,147200
6910,U251108-03666,UM-TS-013,1,21800
6911,U251108-03666,UM-TS-003,1,62300
6912,U251108-03666,UM-TS-008,1,63000
6913,U260629-03667,UM-OT-012,2,166100
6914,U260629-03667,UM-TS-035,1,16300
6915,U260629-03667,UM-SH-013,1,169400
6916,U260713-03668,UM-AC-027,1,70800
6917,U260713-03668,UM-BT-010,1,81100
6918,U260820-03669,UM-TS-006,2,73100
6919,U260508-03670,UM-BT-010,3,79300
6920,U260508-03670,UM-SH-013,1,194900
6921,U260806-03671,UM-AC-014,1,23600
6922,U260806-03671,UM-BT-013,1,106100
6923,U260703-03672,UM-TS-008,1,55600
6924,U260703-03672,UM-BT-004,3,48500
6925,U260706-03673,UM-SH-018,1,227700
6926,U260829-03674,UM-BT-013,1,124000
6927,U260829-03674,UM-TS-011,1,75900
6928,U260829-03674,UM-BT-007,1,95700
6929,U260826-03675,UM-AC-010,1,47900
6930,U260826-03675,UM-TS-009,1,56000
6931,U260502-03676,UM-BT-014,1,60000
6932,U260502-03676,UM-TS-001,1,51700
6933,U260502-03676,UM-BT-008,1,82900
6934,U260805-03677,UM-TS-010,1,24900
6935,U260805-03677,UM-OT-008,1,222500
6936,U260805-03678,UM-SH-006,2,225900
6937,U260805-03678,UM-TS-017,1,45800
6938,U260805-03678,UM-TS-029,1,42900
6939,U260529-03679,UM-BT-018,2,60100
6940,U260529-03679,UM-TS-017,1,46300
6941,U260722-03680,UM-TS-015,1,14900
6942,U260722-03680,UM-TS-015,1,15700
6943,U260722-03680,UM-TS-024,1,21400
6944,U260722-03680,UM-BT-023,2,100600
6945,U260831-03681,UM-BT-017,1,39900
6946,U260120-03682,UM-TS-025,3,50700
6947,U260120-03682,UM-TS-015,1,14200
6948,U260120-03682,UM-SH-001,1,92800
6949,U260901-03683,UM-TS-021,1,54200
6950,U260219-03684,UM-SH-019,1,137300
6951,U251219-03685,UM-SH-005,1,89800
6952,U251219-03685,UM-BT-022,1,59000
6953,U260808-03686,UM-BT-003,1,53100
6954,U260824-03687,UM-OT-020,1,157400
6955,U251111-03688,UM-TS-025,1,60200
6956,U251111-03688,UM-BT-010,1,94400
6957,U250922-03689,UM-TS-029,1,46100
6958,U250922-03689,UM-AC-007,1,11600
6959,U250922-03689,UM-TS-035,1,16600
6960,U250922-03689,UM-OT-014,2,145200
6961,U250922-03689,UM-OT-010,1,161500
6962,U260418-03690,UM-AC-016,1,30300
6963,U250826-03691,UM-BT-003,1,50600
6964,U250826-03691,UM-SH-005,1,71200
6965,U250826-03691,UM-BT-015,1,80800
6966,U241124-03692,UM-BT-022,3,62700
6967,U250328-03693,UM-BT-025,1,105800
6968,U251026-03694,UM-TS-028,1,83400
6969,U251019-03695,UM-OT-004,1,236300
6970,U260217-03696,UM-TS-018,1,75900
6971,U260217-03696,UM-TS-003,2,61600
6972,U260217-03696,UM-BT-004,2,59000
6973,U260703-03697,UM-OT-019,1,205600
6974,U260703-03697,UM-BT-018,1,77900
6975,U250520-03698,UM-BT-018,1,71100
6976,U260205-03699,UM-BT-018,2,64900
6977,U260205-03699,UM-OT-024,1,300800
6978,U250205-03700,UM-AC-014,1,29100
6979,U251120-03701,UM-AC-010,1,52100
6980,U251120-03701,UM-BT-015,2,81300
6981,U251120-03701,UM-TS-026,1,33200
6982,U251120-03701,UM-BT-011,1,79300
6983,U260113-03702,UM-TS-026,1,40300
6984,U260113-03702,UM-BT-021,1,88600
6985,U260113-03702,UM-BT-022,1,60500
6986,U250715-03703,UM-BT-006,1,51100
6987,U260702-03704,UM-AC-013,1,55200
6988,U260504-03705,UM-OT-019,1,204500
6989,U260504-03705,UM-TS-001,1,46800
6990,U260504-03705,UM-TS-013,1,23400
6991,U260504-03705,UM-TS-013,1,18000
6992,U251121-03706,UM-TS-001,1,50100
6993,U251121-03706,UM-TS-033,1,50600
6994,U251020-03707,UM-SH-018,1,213600
6995,U251020-03707,UM-AC-018,1,46900
6996,U251020-03707,UM-TS-027,1,69700
6997,U260801-03708,UM-SH-016,2,128000
6998,U260213-03709,UM-OT-022,1,224200
6999,U260213-03709,UM-SH-003,1,205200
7000,U260213-03709,UM-OT-008,3,270800
7001,U250828-03710,UM-AC-010,1,44200
7002,U250828-03710,UM-TS-003,1,62000
7003,U250828-03710,UM-SH-008,1,185600
7004,U250828-03710,UM-TS-018,2,82400
7005,U250828-03710,UM-BT-006,1,48100
7006,U260713-03711,UM-OT-002,1,294900
7007,U251021-03712,UM-OT-010,2,200200
7008,U260320-03713,UM-TS-005,1,36300
7009,U260320-03713,UM-BT-008,1,88500
7010,U260320-03713,UM-SH-019,1,134100
7011,U260320-03713,UM-TS-005,1,39700
7012,U260320-03713,UM-OT-002,1,268700
7013,U260322-03714,UM-AC-001,1,68900
7014,U260511-03715,UM-TS-016,1,59100
7015,U260121-03716,UM-TS-026,1,42800
7016,U260121-03716,UM-TS-010,1,28200
7017,U241030-03717,UM-SH-018,1,219600
7018,U241030-03717,UM-TS-007,1,38500
7019,U260722-03718,UM-BT-015,1,98700
7020,U260722-03718,UM-AC-007,1,10300
7021,U251208-03719,UM-TS-036,1,49500
7022,U260402-03720,UM-TS-006,1,74600
7023,U260518-03721,UM-TS-003,1,62800
7024,U250802-03722,UM-BT-010,1,95800
7025,U250802-03722,UM-AC-002,1,68000
7026,U250604-03723,UM-OT-010,1,168500
7027,U260610-03724,UM-TS-015,1,18600
7028,U260708-03725,UM-AC-003,1,14900
7029,U260708-03725,UM-SH-020,1,173500
7030,U250225-03726,UM-OT-010,1,166400
7031,U240607-03727,UM-BT-003,1,68800
7032,U240607-03727,UM-BT-006,1,56100
7033,U260413-03728,UM-TS-034,1,59900
7034,U260504-03729,UM-OT-006,1,280700
7035,U260731-03730,UM-TS-021,1,40700
7036,U260731-03730,UM-TS-004,1,47900
7037,U260601-03731,UM-TS-008,2,59500
7038,U260704-03732,UM-SH-017,1,155200
7039,U260828-03733,UM-AC-018,1,42400
7040,U231127-03734,UM-TS-017,1,55800
7041,U231127-03734,UM-AC-028,1,42900
7042,U231127-03734,UM-BT-012,1,62100
7043,U250731-03735,UM-AC-007,1,13700
7044,U250731-03735,UM-TS-027,1,78900
7045,U250801-03736,UM-BT-007,1,95400
7046,U260512-03737,UM-BT-005,1,83600
7047,U260512-03737,UM-OT-006,1,235400
7048,U260205-03738,UM-SH-015,1,84000
7049,U260205-03738,UM-OT-002,1,265000
7050,U240725-03739,UM-TS-033,1,37500
7051,U260509-03740,UM-TS-011,1,67300
7052,U260509-03740,UM-TS-016,1,56900
7053,U251010-03741,UM-AC-002,1,65200
7054,U251010-03741,UM-AC-028,1,41400
7055,U260308-03742,UM-BT-021,1,66600
7056,U231204-03743,UM-SH-019,1,157300
7057,U260818-03744,UM-SH-008,1,165000
7058,U241016-03745,UM-BT-001,1,36700
7059,U260404-03746,UM-AC-029,2,10000
7060,U260404-03746,UM-SH-017,1,137800
7061,U260404-03746,UM-BT-016,2,98400
7062,U260404-03746,UM-TS-015,1,19400
7063,U230902-03747,UM-BT-002,1,73800
7064,U250321-03748,UM-TS-004,1,39600
7065,U260105-03749,UM-TS-015,1,15500
7066,U260105-03749,UM-BT-015,1,88100
7067,U260812-03750,UM-OT-003,1,267700
7068,U231008-03751,UM-BT-014,2,71000
7069,U260815-03752,UM-SH-020,1,201400
7070,U260815-03752,UM-AC-024,2,40500
7071,U260815-03752,UM-TS-033,1,39600
7072,U260815-03752,UM-AC-010,2,55900
7073,U260815-03752,UM-OT-021,1,145000
7074,U260524-03753,UM-TS-019,1,65900
7075,U260524-03753,UM-TS-019,1,66400
7076,U260825-03754,UM-BT-011,1,70700
7077,U260825-03754,UM-TS-032,1,31700
7078,U260711-03755,UM-TS-026,1,33800
7079,U260711-03755,UM-BT-008,1,83700
7080,U260528-03756,UM-SH-007,1,101500
7081,U260708-03757,UM-TS-012,1,46800
7082,U260708-03757,UM-TS-032,1,32000
7083,U260704-03758,UM-SH-022,2,126900
7084,U260704-03758,UM-OT-019,1,187100
7085,U260704-03758,UM-TS-007,1,42700
7086,U260723-03759,UM-BT-013,1,96900
7087,U260723-03759,UM-OT-021,1,160800
7088,U260723-03759,UM-AC-006,1,23900
7089,U260723-03759,UM-BT-017,1,44000
7090,U260804-03760,UM-OT-023,1,304800
7091,U250728-03761,UM-BT-013,1,117600
7092,U250728-03761,UM-SH-023,3,97000
7093,U260816-03762,UM-TS-029,1,49500
7094,U250405-03763,UM-TS-017,1,43300
7095,U250405-03763,UM-TS-001,1,45600
7096,U250405-03763,UM-BT-024,1,47600
7097,U260109-03764,UM-TS-015,1,14100
7098,U260209-03765,UM-TS-015,1,16400
7099,U260209-03765,UM-TS-028,1,82300
7100,U251020-03766,UM-BT-014,1,49700
7101,U260416-03767,UM-TS-010,1,26700
7102,U260821-03768,UM-BT-017,1,32800
7103,U260821-03768,UM-TS-033,1,47000
7104,U260322-03769,UM-AC-008,1,13400
7105,U251120-03770,UM-AC-003,2,15900
7106,U251120-03770,UM-BT-015,1,83500
7107,U251120-03770,UM-TS-013,2,23700
7108,U250315-03771,UM-BT-006,2,51200
7109,U260507-03772,UM-OT-017,1,265900
7110,U260711-03773,UM-AC-013,1,43700
7111,U260711-03773,UM-TS-014,1,39900
7112,U260711-03773,UM-TS-029,2,50900
7113,U250616-03774,UM-TS-021,1,44700
7114,U250616-03774,UM-SH-012,1,155100
7115,U260220-03775,UM-TS-018,1,71600
7116,U260624-03776,UM-TS-036,1,38000
7117,U240816-03777,UM-OT-015,1,85200
7118,U260222-03778,UM-AC-005,1,39500
7119,U241213-03779,UM-OT-021,1,116500
7120,U241213-03779,UM-SH-007,1,80300
7121,U241211-03780,UM-TS-032,1,43800
7122,U250417-03781,UM-BT-009,1,64300
7123,U250417-03781,UM-BT-004,1,53100
7124,U250417-03781,UM-SH-018,1,176600
7125,U260421-03782,UM-TS-008,1,53400
7126,U260828-03783,UM-TS-012,1,35500
7127,U260828-03783,UM-SH-011,2,154200
7128,U240717-03784,UM-TS-034,1,59200
7129,U240919-03785,UM-TS-019,1,83600
7130,U240609-03786,UM-AC-017,1,23400
7131,U240609-03786,UM-SH-006,1,220100
7132,U240425-03787,UM-TS-035,1,20600
7133,U240425-03787,UM-TS-001,1,44300
7134,U250923-03788,UM-TS-037,1,30700
7135,U260413-03789,UM-SH-006,2,230600
7136,U260411-03790,UM-TS-019,1,68400
7137,U250506-03791,UM-BT-008,1,87800
7138,U260621-03792,UM-TS-009,1,55700
7139,U260621-03792,UM-OT-003,1,249100
7140,U250904-03793,UM-OT-019,1,186500
7141,U260326-03794,UM-SH-016,3,132900
7142,U240714-03795,UM-BT-004,1,44300
7143,U240714-03795,UM-TS-028,1,68900
7144,U240714-03795,UM-TS-029,1,46600
7145,U240714-03795,UM-SH-013,3,155800
7146,U250709-03796,UM-TS-007,1,47300
7147,U250709-03796,UM-SH-019,1,174800
7148,U260326-03797,UM-SH-001,1,119300
7149,U251005-03798,UM-AC-007,1,13100
7150,U251005-03798,UM-TS-014,1,42500
7151,U251005-03798,UM-OT-014,1,150200
7152,U250901-03799,UM-SH-014,1,78700
7153,U250725-03800,UM-BT-018,1,73900
7154,U250725-03800,UM-TS-027,1,71400
7155,U260521-03801,UM-TS-010,2,32000
7156,U260521-03801,UM-AC-022,1,16000
7157,U260521-03801,UM-OT-018,1,375900
7158,U260521-03801,UM-SH-019,1,157300
7159,U260523-03802,UM-AC-017,2,23900
7160,U260523-03802,UM-OT-022,1,246400
7161,U260523-03802,UM-TS-008,1,46000
7162,U260406-03803,UM-TS-007,1,41400
7163,U260406-03803,UM-TS-027,1,84600
7164,U260406-03803,UM-TS-010,1,26600
7165,U260811-03804,UM-OT-012,1,198200
7166,U260523-03805,UM-TS-006,1,61000
7167,U260523-03805,UM-SH-006,1,186300
7168,U260523-03805,UM-OT-020,1,163100
7169,U260305-03806,UM-SH-010,2,174200
7170,U251228-03807,UM-OT-024,1,288200
7171,U260219-03808,UM-BT-025,3,85700
7172,U260701-03809,UM-BT-012,1,62300
7173,U260701-03809,UM-TS-031,1,29000
7174,U260604-03810,UM-BT-008,1,73500
7175,U250805-03811,UM-TS-006,1,73900
7176,U260508-03812,UM-TS-018,2,62700
7177,U260123-03813,UM-OT-014,1,134100
7178,U260123-03813,UM-TS-024,1,21600
7179,U260609-03814,UM-TS-019,1,80300
7180,U260519-03815,UM-SH-021,1,171700
7181,U260519-03815,UM-TS-028,2,79400
7182,U260615-03816,UM-BT-011,2,86100
7183,U260806-03817,UM-TS-018,1,68900
7184,U260726-03818,UM-BT-012,1,57200
7185,U260726-03818,UM-TS-030,1,80900
7186,U230926-03819,UM-BT-024,1,50900
7187,U231016-03820,UM-BT-017,2,40100
7188,U251031-03821,UM-AC-028,1,35900
7189,U260704-03822,UM-BT-007,1,73600
7190,U260407-03823,UM-SH-019,1,158800
7191,U260407-03823,UM-BT-007,1,95000
7192,U260407-03823,UM-OT-025,1,335600
7193,U260407-03823,UM-TS-014,1,54900
7194,U260301-03824,UM-TS-011,1,76600
7195,U260604-03825,UM-TS-010,2,33300
7196,U260604-03825,UM-OT-010,2,198200
7197,U260514-03826,UM-TS-018,1,76100
7198,U260514-03826,UM-SH-008,1,159000
7199,U260514-03826,UM-AC-005,1,33500
7200,U251229-03827,UM-TS-008,1,50600
7201,U250430-03828,UM-TS-037,1,28300
7202,U250430-03828,UM-TS-002,1,35100
7203,U251212-03829,UM-SH-015,1,110700
7204,U251212-03829,UM-BT-016,1,97100
7205,U250326-03830,UM-BT-014,1,57300
7206,U250905-03831,UM-BT-015,1,98500
7207,U250905-03831,UM-BT-021,1,71100
7208,U250905-03831,UM-SH-022,1,115500
7209,U250623-03832,UM-TS-027,1,78800
7210,U250623-03832,UM-SH-011,1,138500
7211,U260519-03833,UM-OT-018,2,273000
7212,U260630-03834,UM-SH-018,1,225800
7213,U260630-03834,UM-TS-028,1,85200
7214,U260630-03834,UM-AC-001,1,65100
7215,U250404-03835,UM-OT-022,1,228600
7216,U250404-03835,UM-BT-001,1,41700
7217,U260624-03836,UM-AC-020,1,73500
7218,U260203-03837,UM-TS-024,1,22300
7219,U260203-03837,UM-BT-001,1,36000
7220,U260725-03838,UM-OT-020,3,174800
7221,U260725-03838,UM-BT-009,2,60400
7222,U260725-03838,UM-AC-005,1,33400
7223,U260725-03838,UM-OT-009,1,303000
7224,U260725-03838,UM-TS-002,1,34100
7225,U260226-03839,UM-TS-010,1,25600
7226,U260226-03839,UM-OT-016,1,130200
7227,U260226-03839,UM-BT-004,2,57700
7228,U251104-03840,UM-TS-013,1,19600
7229,U251104-03840,UM-TS-031,3,26300
7230,U260714-03841,UM-BT-010,1,110900
7231,U260714-03841,UM-SH-024,1,102500
7232,U260818-03842,UM-AC-014,1,24700
7233,U260818-03842,UM-BT-001,2,35300
7234,U260727-03843,UM-BT-007,1,86700
7235,U260727-03843,UM-BT-001,1,40100
7236,U260727-03843,UM-TS-028,1,83900
7237,U260727-03843,UM-BT-012,1,59500
7238,U260805-03844,UM-BT-012,1,60700
7239,U260727-03845,UM-BT-022,3,57800
7240,U260305-03846,UM-SH-006,1,218100
7241,U260802-03847,UM-TS-006,1,70100
7242,U260802-03847,UM-TS-032,3,37400
7243,U250729-03848,UM-TS-035,1,20200
7244,U250729-03848,UM-TS-034,1,57900
7245,U250823-03849,UM-SH-017,1,155400
7246,U250823-03849,UM-AC-017,1,29500
7247,U250711-03850,UM-AC-014,1,23100
7248,U250711-03850,UM-TS-003,1,73300
7249,U260825-03851,UM-TS-017,1,41000
7250,U250811-03852,UM-AC-004,1,12100
7251,U260716-03853,UM-BT-001,3,36500
7252,U251029-03854,UM-BT-020,1,89600
7253,U251029-03854,UM-TS-004,1,37300
7254,U260526-03855,UM-AC-011,1,67100
7255,U260804-03856,UM-OT-025,1,288700
7256,U260804-03856,UM-BT-005,1,114100
7257,U260804-03856,UM-TS-016,1,77300
7258,U260721-03857,UM-TS-029,1,42900
7259,U260721-03857,UM-AC-004,1,14900
7260,U260721-03857,UM-OT-017,1,318200
7261,U260512-03858,UM-BT-015,1,78000
7262,U260512-03858,UM-OT-011,1,60600
7263,U260903-03859,UM-TS-006,1,62800
7264,U250616-03860,UM-TS-012,1,42700
7265,U250616-03860,UM-AC-016,2,31300
7266,U250616-03860,UM-TS-032,2,40900
7267,U251004-03861,UM-SH-009,2,162700
7268,U251004-03861,UM-SH-001,1,92800
7269,U251004-03861,UM-AC-014,1,22700
7270,U241020-03862,UM-TS-016,1,74700
7271,U241020-03862,UM-BT-005,1,116400
7272,U251111-03863,UM-TS-014,1,55700
7273,U260410-03864,UM-TS-007,3,40300
7274,U260407-03865,UM-AC-012,1,42800
7275,U260407-03865,UM-TS-030,2,64700
7276,U260407-03865,UM-BT-020,1,82100
7277,U260702-03866,UM-SH-006,1,222500
7278,U260702-03866,UM-BT-020,1,66600
7279,U250811-03867,UM-BT-025,1,93100
7280,U230514-03868,UM-TS-017,1,43400
7281,U230514-03868,UM-TS-022,1,42700
7282,U230514-03868,UM-TS-017,1,48700
7283,U260811-03869,UM-AC-019,2,47900
7284,U260602-03870,UM-TS-025,1,48700
7285,U260201-03871,UM-BT-023,2,83300
7286,U260201-03871,UM-TS-008,1,61300
7287,U250224-03872,UM-OT-018,1,308400
7288,U250320-03873,UM-BT-025,1,106700
7289,U250320-03873,UM-TS-013,1,18200
7290,U250320-03873,UM-TS-034,1,53200
7291,U260115-03874,UM-BT-010,1,106500
7292,U260115-03874,UM-BT-023,1,111300
7293,U260115-03874,UM-BT-010,1,90700
7294,U260703-03875,UM-TS-025,1,58500
7295,U260703-03875,UM-OT-008,1,197700
7296,U260629-03876,UM-BT-014,1,64800
7297,U251215-03877,UM-OT-007,1,113400
7298,U260619-03878,UM-BT-013,1,90400
7299,U260530-03879,UM-TS-032,1,31900
7300,U260530-03879,UM-SH-014,1,98300
7301,U251123-03880,UM-SH-011,1,111800
7302,U260116-03881,UM-OT-017,1,309700
7303,U260524-03882,UM-OT-011,1,77100
7304,U260524-03882,UM-BT-012,1,53000
7305,U260828-03883,UM-TS-031,1,31700
7306,U251229-03884,UM-TS-007,1,42200
7307,U251112-03885,UM-TS-022,1,44300
7308,U260801-03886,UM-BT-023,1,82000
7309,U260801-03886,UM-TS-015,2,17900
7310,U260630-03887,UM-TS-004,1,50200
7311,U260630-03887,UM-BT-011,1,84000
7312,U260630-03887,UM-SH-002,3,198400
7313,U260630-03887,UM-BT-014,1,66400
7314,U260630-03887,UM-BT-022,1,73600
7315,U260619-03888,UM-SH-009,1,137000
7316,U260609-03889,UM-AC-014,2,27100
7317,U260830-03890,UM-SH-024,1,100000
7318,U260830-03890,UM-SH-009,1,116300
7319,U260830-03890,UM-AC-010,1,53300
7320,U260706-03891,UM-TS-010,1,26700
7321,U260601-03892,UM-AC-020,1,73600
7322,U260601-03892,UM-BT-020,1,89600
7323,U260803-03893,UM-SH-009,2,120000
7324,U250927-03894,UM-BT-016,1,109400
7325,U250927-03894,UM-OT-006,1,239800
7326,U260812-03895,UM-TS-006,1,64700
7327,U260521-03896,UM-TS-021,1,44700
7328,U260521-03896,UM-TS-034,1,50100
7329,U250820-03897,UM-SH-003,1,199700
7330,U260710-03898,UM-BT-010,1,99700
7331,U260710-03898,UM-TS-031,1,32900
7332,U260127-03899,UM-TS-031,1,32300
7333,U250606-03900,UM-AC-006,1,22800
7334,U260304-03901,UM-SH-024,1,103500
7335,U250828-03902,UM-TS-031,1,27100
7336,U250828-03902,UM-TS-029,1,54000
7337,U250828-03903,UM-BT-019,1,33500
7338,U250828-03903,UM-BT-010,1,101800
7339,U250828-03903,UM-TS-003,2,74100
7340,U250828-03903,UM-TS-007,3,38100
7341,U260626-03904,UM-TS-034,1,59500
7342,U260626-03904,UM-TS-006,1,70200
7343,U260626-03904,UM-TS-030,1,73300
7344,U260807-03905,UM-SH-002,1,212500
7345,U260807-03905,UM-TS-016,1,61100
7346,U260617-03906,UM-TS-004,1,48200
7347,U260623-03907,UM-AC-004,1,11900
7348,U260715-03908,UM-TS-031,1,25600
7349,U260711-03909,UM-OT-012,1,220000
7350,U260622-03910,UM-BT-022,2,75200
7351,U260524-03911,UM-OT-014,1,172500
7352,U260731-03912,UM-OT-002,1,258800
7353,U260719-03913,UM-SH-015,1,96500
7354,U260717-03914,UM-BT-023,1,87700
7355,U260717-03914,UM-BT-008,2,77000
7356,U260717-03914,UM-SH-016,1,119700
7357,U260717-03914,UM-TS-024,1,24500
7358,U260122-03915,UM-BT-014,1,65100
7359,U260902-03916,UM-AC-001,1,62700
7360,U260902-03916,UM-AC-021,1,21800
7361,U231016-03917,UM-SH-014,1,86500
7362,U230123-03918,UM-BT-009,1,56400
7363,U230123-03918,UM-TS-010,1,32700
7364,U230123-03918,UM-OT-020,1,161300
7365,U230123-03918,UM-TS-025,3,46100
7366,U260606-03919,UM-TS-002,2,38000
7367,U260610-03920,UM-TS-026,1,34200
7368,U260416-03921,UM-BT-021,1,65500
7369,U260416-03921,UM-AC-027,1,52500
7370,U260811-03922,UM-BT-022,1,67900
7371,U260702-03923,UM-TS-033,2,45700
7372,U260702-03923,UM-OT-018,1,278100
7373,U260702-03923,UM-SH-017,1,136100
7374,U260702-03923,UM-BT-021,2,74300
7375,U260627-03924,UM-TS-027,1,73900
7376,U260627-03924,UM-TS-026,2,40200
7377,U260627-03924,UM-BT-023,1,112300
7378,U230828-03925,UM-TS-005,1,37600
7379,U240522-03926,UM-BT-010,1,98100
7380,U241109-03927,UM-TS-003,1,71200
7381,U241109-03927,UM-TS-012,1,40800
7382,U260830-03928,UM-TS-001,1,47500
7383,U251116-03929,UM-AC-018,1,42400
7384,U260709-03930,UM-OT-005,1,188800
7385,U260827-03931,UM-TS-019,1,85100
7386,U260827-03931,UM-TS-036,2,48000
7387,U260827-03931,UM-TS-004,1,39400
7388,U260827-03931,UM-BT-016,1,85400
7389,U260827-03931,UM-SH-024,1,122500
7390,U260728-03932,UM-SH-019,1,159500
7391,U260728-03932,UM-OT-026,1,105300
7392,U260728-03932,UM-TS-036,1,52800
7393,U260719-03933,UM-TS-017,1,42700
7394,U260719-03933,UM-TS-036,1,43200
7395,U260823-03934,UM-AC-007,1,11100
7396,U260823-03934,UM-TS-030,1,70900
7397,U260823-03934,UM-TS-011,1,72000
7398,U260719-03935,UM-BT-014,3,49900
7399,U260719-03935,UM-SH-006,1,182100
7400,U260812-03936,UM-SH-005,1,71900
7401,U260819-03937,UM-AC-015,1,48600
7402,U260812-03938,UM-BT-022,3,80600
7403,U260812-03938,UM-OT-013,1,140300
7404,U260809-03939,UM-TS-037,1,27000
7405,U260809-03939,UM-TS-027,1,66300
7406,U260809-03939,UM-TS-019,1,74900
7407,U260824-03940,UM-BT-017,2,43400
7408,U260824-03940,UM-TS-023,2,27500
7409,U260824-03940,UM-TS-031,1,33700
7410,U260728-03941,UM-OT-013,1,172900
7411,U260715-03942,UM-OT-001,1,369400
7412,U260816-03943,UM-TS-028,1,73100
7413,U260824-03944,UM-AC-022,1,14800
7414,U260824-03944,UM-SH-023,1,108200
7415,U260824-03944,UM-AC-008,2,13300
7416,U260826-03945,UM-TS-005,1,43300
7417,U260826-03945,UM-TS-012,1,35100
7418,U260826-03945,UM-TS-015,1,15900
7419,U260809-03946,UM-TS-025,1,62400
7420,U260816-03947,UM-TS-008,1,62500
7421,U260816-03947,UM-TS-037,1,29800
7422,U260624-03948,UM-TS-012,1,45300
7423,U260624-03948,UM-BT-018,1,62300
7424,U260830-03949,UM-TS-027,1,76000
7425,U260518-03950,UM-TS-023,1,24600
7426,U260518-03950,UM-SH-020,1,226200
7427,U240412-03951,UM-SH-013,1,167600
7428,U240412-03951,UM-AC-024,1,38700
7429,U251017-03952,UM-BT-021,1,87400
7430,U240921-03953,UM-TS-028,1,73800
7431,U260701-03954,UM-OT-023,1,270100
7432,U260701-03954,UM-BT-018,1,58400
7433,U260802-03955,UM-TS-025,1,57100
7434,U260802-03955,UM-SH-018,1,236900
7435,U260817-03956,UM-TS-032,1,39400
7436,U260817-03956,UM-AC-001,1,55000
7437,U251015-03957,UM-TS-033,1,49000
7438,U260405-03958,UM-TS-027,1,62900
7439,U260405-03958,UM-BT-010,1,107700
7440,U260405-03958,UM-OT-007,1,102400
7441,U231022-03959,UM-AC-005,1,34700
7442,U260628-03960,UM-SH-001,1,120000
7443,U260715-03961,UM-BT-005,1,98600
7444,U260726-03962,UM-SH-017,1,126900
7445,U250614-03963,UM-BT-003,1,58500
7446,U260711-03964,UM-BT-021,1,79000
7447,U260711-03964,UM-AC-028,1,32800
7448,U260711-03964,UM-TS-011,1,77600
7449,U260814-03965,UM-BT-020,1,82900
7450,U260814-03965,UM-BT-025,3,101500
7451,U250402-03966,UM-TS-025,1,59300
7452,U250402-03966,UM-TS-025,2,51200
7453,U250402-03966,UM-TS-010,1,27300
7454,U250807-03967,UM-AC-016,1,29800
7455,U260122-03968,UM-TS-033,1,44300
7456,U260618-03969,UM-TS-002,1,41900
7457,U260618-03969,UM-TS-019,2,75600
7458,U251126-03970,UM-BT-007,1,87600
7459,U260724-03971,UM-TS-030,1,60000
7460,U260724-03971,UM-TS-010,2,29700
7461,U260724-03971,UM-TS-035,1,17300
7462,U260115-03972,UM-BT-023,1,92400
7463,U260115-03972,UM-TS-003,1,59600
7464,U260115-03972,UM-SH-024,1,106000
7465,U260417-03973,UM-AC-026,1,59800
7466,U260722-03974,UM-SH-004,1,103900
7467,U260722-03974,UM-OT-018,1,329100
7468,U260820-03975,UM-BT-011,1,65700
7469,U260820-03975,UM-TS-032,1,44600
7470,U260820-03975,UM-TS-020,2,44700
7471,U250905-03976,UM-SH-003,1,181400
7472,U250905-03976,UM-TS-019,1,78500
7473,U250905-03976,UM-BT-022,1,60700
7474,U230401-03977,UM-TS-002,1,35400
7475,U230727-03978,UM-TS-032,1,41000
7476,U230727-03978,UM-TS-020,1,35900
7477,U260418-03979,UM-TS-002,2,32200
7478,U240924-03980,UM-SH-007,1,102500
7479,U240924-03980,UM-TS-016,1,72100
7480,U240924-03980,UM-TS-026,1,41400
7481,U240924-03980,UM-TS-006,1,65800
7482,U231001-03981,UM-AC-013,1,43900
7483,U231001-03981,UM-TS-034,1,60100
7484,U250624-03982,UM-BT-004,1,57100
7485,U260509-03983,UM-TS-027,1,62200
7486,U260509-03983,UM-TS-025,1,46700
7487,U260828-03984,UM-AC-009,1,71900
7488,U260610-03985,UM-SH-010,1,158800
7489,U260610-03985,UM-BT-004,1,43600
7490,U260610-03985,UM-SH-016,1,118100
7491,U260610-03985,UM-BT-004,2,55100
7492,U230911-03986,UM-SH-020,1,219000
7493,U230909-03987,UM-OT-008,1,217900
7494,U230909-03987,UM-BT-023,1,104800
7495,U250304-03988,UM-TS-022,1,47900
7496,U250130-03989,UM-TS-012,2,41000
7497,U250130-03989,UM-TS-017,1,42400
7498,U250130-03989,UM-TS-018,1,64700
7499,U250130-03989,UM-AC-004,1,14500
7500,U250130-03989,UM-TS-028,1,77100
7501,U260215-03990,UM-AC-007,1,11200
7502,U260215-03990,UM-BT-006,1,63700
7503,U260418-03991,UM-TS-007,2,37100
7504,U260827-03992,UM-OT-022,1,206600
7505,U260827-03992,UM-TS-010,2,29500
7506,U260827-03993,UM-BT-003,1,57600
7507,U260827-03993,UM-TS-008,1,61600
7508,U260814-03994,UM-SH-002,1,187200
7509,U260814-03994,UM-AC-022,1,14100
7510,U260829-03995,UM-SH-014,3,107800
7511,U260903-03996,UM-SH-015,1,89500
7512,U260729-03997,UM-BT-011,1,84100
7513,U250424-03998,UM-BT-021,1,89800
7514,U250424-03998,UM-OT-023,1,349400
7515,U230920-03999,UM-BT-006,1,61400
7516,U260727-04000,UM-OT-017,1,254900
7517,U260727-04000,UM-BT-010,1,109100
7518,U260709-04001,UM-TS-004,1,39900
7519,U260415-04002,UM-BT-013,1,108100
7520,U260415-04002,UM-OT-002,1,344900
7521,U250101-04003,UM-BT-018,1,61100
7522,U250101-04003,UM-SH-004,1,93200
7523,U250101-04003,UM-AC-030,1,11600
7524,U250721-04004,UM-AC-021,1,17600
7525,U251206-04005,UM-AC-029,1,12300
7526,U251206-04005,UM-TS-016,1,63300
7527,U260803-04006,UM-TS-034,1,54200
7528,U260803-04006,UM-BT-018,1,69800
7529,U250907-04007,UM-SH-005,1,87400
7530,U250907-04007,UM-TS-007,2,41800
7531,U250719-04008,UM-BT-025,1,98700
7532,U260901-04009,UM-TS-012,1,43400
7533,U260807-04010,UM-AC-002,1,71000
7534,U260601-04011,UM-OT-011,1,66500
7535,U260601-04011,UM-OT-004,1,213200
7536,U260828-04012,UM-BT-022,1,70800
7537,U260828-04012,UM-BT-020,1,79200
7538,U260828-04012,UM-TS-030,1,69800
7539,U260503-04013,UM-TS-018,3,72700
7540,U260716-04014,UM-BT-015,1,93100
7541,U260716-04014,UM-TS-011,1,86600
7542,U260822-04015,UM-AC-016,1,28500
7543,U260818-04016,UM-TS-026,1,39100
7544,U260820-04017,UM-TS-037,1,25600
7545,U260804-04018,UM-AC-004,2,11600
7546,U260804-04018,UM-TS-028,1,81700
7547,U260804-04018,UM-SH-007,2,76700
7548,U260825-04019,UM-SH-011,1,130700
7549,U260825-04019,UM-SH-017,1,155900
7550,U260825-04019,UM-TS-016,1,75600
7551,U260825-04019,UM-AC-026,1,50000
7552,U260722-04020,UM-TS-002,1,32800
7553,U260722-04020,UM-TS-030,1,80900
7554,U260722-04020,UM-OT-008,2,202900
7555,U260709-04021,UM-SH-011,1,137700
7556,U260709-04021,UM-TS-015,1,16600
7557,U260610-04022,UM-TS-036,1,44300
7558,U260610-04022,UM-TS-012,1,39200
7559,U260615-04023,UM-SH-024,1,127200
7560,U250112-04024,UM-SH-003,2,195600
7561,U250112-04024,UM-TS-033,2,47800
7562,U250112-04024,UM-TS-013,1,22300
7563,U250112-04024,UM-OT-012,1,218300
7564,U221104-04025,UM-BT-012,1,47400
7565,U221104-04025,UM-BT-002,1,75100
7566,U260117-04026,UM-BT-023,1,92200
7567,U260117-04026,UM-OT-006,1,255300
7568,U260526-04027,UM-TS-004,1,39700
7569,U260526-04027,UM-AC-024,1,50300
7570,U260721-04028,UM-AC-027,1,73900
7571,U260802-04029,UM-AC-009,1,60600
7572,U260802-04029,UM-TS-025,1,64300
7573,U260831-04030,UM-AC-020,2,79200
7574,U260831-04030,UM-BT-007,1,74800
7575,U260831-04030,UM-BT-017,2,35900
7576,U260202-04031,UM-BT-006,3,47800
7577,U260806-04032,UM-TS-036,1,40500
7578,U260806-04032,UM-BT-023,1,80600
7579,U251201-04033,UM-AC-011,1,69400
7580,U251201-04033,UM-BT-020,1,69500
7581,U260221-04034,UM-TS-010,1,31300
7582,U260221-04034,UM-BT-012,1,51100
7583,U260221-04034,UM-TS-016,1,76300
7584,U260221-04034,UM-TS-035,3,20600
7585,U260626-04035,UM-TS-018,1,67000
7586,U260729-04036,UM-AC-012,1,40000
7587,U260729-04036,UM-TS-032,1,43500
7588,U260729-04036,UM-SH-016,1,156800
7589,U260706-04037,UM-AC-029,1,12500
7590,U260706-04037,UM-BT-002,1,70400
7591,U250828-04038,UM-TS-006,1,83700
7592,U250830-04039,UM-AC-008,1,16700
7593,U250830-04039,UM-OT-025,1,341000
7594,U260722-04040,UM-BT-025,1,94000
7595,U260722-04040,UM-BT-008,2,83600
7596,U250821-04041,UM-BT-017,2,35300
7597,U250601-04042,UM-OT-011,2,68700
7598,U260105-04043,UM-AC-030,2,13100
7599,U260105-04043,UM-AC-022,1,18500
7600,U260105-04043,UM-TS-017,1,47700
7601,U260105-04043,UM-BT-023,1,90800
7602,U260105-04043,UM-OT-025,1,331100
7603,U260103-04044,UM-SH-011,1,122300
7604,U260103-04044,UM-OT-007,2,83900
7605,U260103-04044,UM-AC-012,1,39200
7606,U260203-04045,UM-BT-006,1,51300
7607,U260203-04045,UM-BT-005,1,96800
7608,U260203-04045,UM-TS-015,2,18300
7609,U251217-04046,UM-TS-009,1,59400
7610,U251217-04046,UM-OT-019,1,201200
7611,U251217-04046,UM-OT-022,1,184600
7612,U251217-04046,UM-BT-008,1,81200
7613,U251217-04046,UM-TS-030,1,58000
7614,U260728-04047,UM-BT-007,1,95000
7615,U241121-04048,UM-TS-004,1,49700
7616,U250421-04049,UM-OT-021,1,133100
7617,U260320-04050,UM-BT-020,1,68700
7618,U260214-04051,UM-TS-016,3,76100
7619,U260214-04051,UM-BT-025,1,84600
7620,U260214-04051,UM-AC-026,2,62400
7621,U260203-04052,UM-BT-014,1,55700
7622,U260203-04052,UM-BT-022,1,73200
7623,U260213-04053,UM-SH-023,1,87400
7624,U260107-04054,UM-TS-032,1,31700
7625,U260107-04054,UM-AC-011,1,78600
7626,U250414-04055,UM-TS-012,1,47600
7627,U241220-04056,UM-TS-029,1,50600
7628,U241220-04056,UM-SH-004,1,114600
7629,U250210-04057,UM-SH-007,1,90300
7630,U260101-04058,UM-AC-027,1,70200
7631,U250907-04059,UM-TS-009,1,65600
7632,U260829-04060,UM-SH-011,1,153200
7633,U250911-04061,UM-TS-007,3,42300
7634,U260419-04062,UM-SH-010,1,151900
7635,U260713-04063,UM-BT-014,1,57500
7636,U260713-04063,UM-OT-011,1,79200
7637,U251105-04064,UM-TS-007,1,48500
7638,U260115-04065,UM-TS-028,1,69900
7639,U251120-04066,UM-OT-006,1,217200
7640,U251120-04066,UM-TS-005,1,43300
7641,U251120-04066,UM-SH-020,1,178000
7642,U251120-04066,UM-OT-001,1,310500
7643,U260219-04067,UM-TS-026,2,36500
7644,U260419-04068,UM-BT-013,1,111100
7645,U260419-04068,UM-BT-019,1,31400
7646,U250918-04069,UM-AC-025,1,79000
7647,U250918-04069,UM-SH-006,1,189500
7648,U250918-04069,UM-OT-024,1,344100
7649,U260819-04070,UM-BT-004,1,48700
7650,U260425-04071,UM-OT-014,1,148600
7651,U260817-04072,UM-BT-005,1,112400
7652,U260817-04072,UM-TS-035,2,22000
7653,U260821-04073,UM-BT-017,1,35100
7654,U260821-04073,UM-TS-018,1,65600
7655,U260821-04073,UM-SH-012,1,150600
7656,U260821-04073,UM-TS-015,1,14500
7657,U260725-04074,UM-AC-007,1,13300
7658,U260703-04075,UM-AC-016,1,33300
7659,U260703-04075,UM-BT-015,2,77700
7660,U260825-04076,UM-BT-025,1,108000
7661,U260802-04077,UM-OT-022,1,231500
7662,U260802-04077,UM-AC-002,1,70300
7663,U260722-04078,UM-BT-019,1,30600
7664,U260816-04079,UM-TS-014,2,45700
7665,U260816-04079,UM-TS-009,3,60200
7666,U260816-04079,UM-SH-008,1,195800
7667,U260816-04079,UM-TS-018,1,67900
7668,U260615-04080,UM-TS-015,1,17500
7669,U260615-04080,UM-OT-015,1,81500
7670,U260615-04080,UM-AC-021,2,23700
7671,U260615-04080,UM-OT-012,1,204000
7672,U260820-04081,UM-OT-001,1,316200
7673,U260820-04081,UM-OT-014,1,169000
7674,U250912-04082,UM-BT-002,1,72700
7675,U250912-04082,UM-BT-022,1,74500
7676,U250912-04082,UM-AC-030,1,11000
7677,U250912-04082,UM-SH-014,3,90000
7678,U250331-04083,UM-TS-017,2,40200
7679,U250331-04083,UM-TS-012,1,42800
7680,U250323-04084,UM-OT-002,2,244400
7681,U251015-04085,UM-OT-020,1,176000
7682,U251015-04085,UM-OT-011,1,62300
7683,U251015-04085,UM-BT-016,1,109200
7684,U251015-04085,UM-BT-019,1,37800
7685,U241116-04086,UM-AC-024,1,43000
7686,U240817-04087,UM-TS-029,1,46300
7687,U240817-04087,UM-TS-034,2,48500
7688,U250422-04088,UM-BT-025,1,104500
7689,U250422-04088,UM-TS-037,1,27300
7690,U260819-04089,UM-AC-009,1,72800
7691,U260819-04089,UM-BT-006,1,48900
7692,U260819-04089,UM-BT-012,1,63500
7693,U260819-04089,UM-TS-037,1,26500
7694,U260413-04090,UM-TS-010,1,32200
7695,U260413-04090,UM-OT-014,1,160800
7696,U260413-04090,UM-AC-003,1,15800
7697,U250123-04091,UM-SH-019,1,180800
7698,U250123-04091,UM-BT-003,1,68900
7699,U250123-04091,UM-TS-035,1,17100
7700,U260818-04092,UM-AC-014,1,30100
7701,U260902-04093,UM-BT-025,1,90400
7702,U251018-04094,UM-TS-016,1,68800
7703,U251018-04094,UM-AC-002,1,64000
7704,U260216-04095,UM-AC-016,1,25700
7705,U250225-04096,UM-TS-001,3,46100
7706,U260303-04097,UM-OT-009,1,297100
7707,U251028-04098,UM-OT-021,1,135300
7708,U251028-04098,UM-BT-002,2,58500
7709,U260614-04099,UM-SH-023,1,92000
7710,U260305-04100,UM-TS-034,1,59000
7711,U260305-04100,UM-BT-013,1,112300
7712,U260825-04101,UM-AC-010,1,51200
7713,U260728-04102,UM-OT-005,1,199900
7714,U260730-04103,UM-AC-016,1,31600
7715,U260812-04104,UM-TS-008,1,49200
7716,U260812-04104,UM-TS-031,1,33200
7717,U260812-04104,UM-AC-024,1,41800
7718,U260812-04104,UM-OT-020,1,179500
7719,U260812-04104,UM-OT-020,1,137000
7720,U260829-04105,UM-OT-008,1,200000
7721,U260829-04105,UM-TS-006,1,80600
7722,U260829-04105,UM-SH-022,1,137900
7723,U260903-04106,UM-SH-014,2,88500
7724,U260903-04106,UM-OT-011,1,58700
7725,U260804-04107,UM-SH-007,1,99800
7726,U260816-04108,UM-BT-001,1,34700
7727,U260816-04108,UM-BT-004,1,42400
7728,U251119-04109,UM-BT-014,1,61100
7729,U260731-04110,UM-SH-004,2,99100
7730,U240725-04111,UM-BT-009,2,52000
7731,U260818-04112,UM-OT-023,1,317400
7732,U250423-04113,UM-BT-010,1,108300
7733,U250423-04113,UM-OT-013,1,125400
7734,U260814-04114,UM-TS-026,1,36300
7735,U260814-04114,UM-OT-004,1,185300
7736,U260516-04115,UM-BT-002,1,66100
7737,U260516-04115,UM-SH-002,1,228500
7738,U260425-04116,UM-SH-022,1,123300
7739,U260502-04117,UM-BT-010,1,79600
7740,U260110-04118,UM-BT-016,2,88800
7741,U260319-04119,UM-OT-025,1,356400
7742,U260319-04119,UM-TS-026,1,40900
7743,U260813-04120,UM-SH-008,1,183400
7744,U260813-04120,UM-BT-020,1,89600
7745,U260813-04120,UM-OT-020,1,188200
7746,U260515-04121,UM-AC-001,1,58600
7747,U260515-04121,UM-BT-015,1,98500
7748,U260827-04122,UM-TS-008,3,50000
7749,U260827-04122,UM-OT-010,1,180700
7750,U260313-04123,UM-BT-013,1,108100
7751,U240203-04124,UM-TS-025,1,60500
7752,U260518-04125,UM-TS-015,1,19000
7753,U260518-04125,UM-TS-028,2,82100
7754,U260518-04125,UM-SH-001,1,120500
7755,U260714-04126,UM-TS-007,1,37600
7756,U260617-04127,UM-OT-005,1,200300
7757,U260814-04128,UM-SH-010,1,154000
7758,U260814-04128,UM-OT-003,1,304500
7759,U260611-04129,UM-SH-012,3,161800
7760,U260611-04129,UM-AC-025,1,80200
7761,U260621-04130,UM-BT-002,1,77200
7762,U260621-04130,UM-TS-013,1,20000
7763,U240914-04131,UM-AC-028,1,33200
7764,U240914-04131,UM-BT-018,1,57700
7765,U241027-04132,UM-AC-021,1,23300
7766,U241027-04132,UM-BT-012,1,64900
7767,U250810-04133,UM-AC-009,1,74800
7768,U260815-04134,UM-BT-021,1,74900
7769,U260122-04135,UM-TS-021,1,47300
7770,U260122-04135,UM-SH-015,1,109100
7771,U260122-04135,UM-TS-023,1,24000
7772,U260405-04136,UM-BT-004,1,48500
7773,U260814-04137,UM-SH-012,1,161200
7774,U260429-04138,UM-SH-006,1,225000
7775,U260507-04139,UM-SH-007,1,80500
7776,U260507-04139,UM-OT-003,1,272000
7777,U260807-04140,UM-BT-023,1,102100
7778,U260807-04140,UM-TS-022,1,47300
7779,U260807-04140,UM-BT-010,1,81300
7780,U260601-04141,UM-TS-001,1,51700
7781,U241024-04142,UM-BT-016,1,111500
7782,U260327-04143,UM-BT-013,2,119400
7783,U260219-04144,UM-TS-035,1,22200
7784,U230829-04145,UM-OT-024,1,361200
7785,U230829-04145,UM-OT-011,1,64500
7786,U230829-04145,UM-OT-004,1,210700
7787,U230829-04145,UM-AC-004,1,13600
7788,U230526-04146,UM-OT-006,1,212900
7789,U240526-04147,UM-SH-015,1,102500
7790,U251023-04148,UM-AC-029,1,11400
7791,U251023-04148,UM-BT-008,1,77900
7792,U260617-04149,UM-OT-020,1,171100
7793,U260616-04150,UM-OT-010,1,170400
7794,U260310-04151,UM-SH-010,1,170900
7795,U260413-04152,UM-TS-021,1,53800
7796,U260413-04152,UM-BT-018,1,73300
7797,U260413-04152,UM-SH-002,3,217100
7798,U260413-04152,UM-TS-028,2,70400
7799,U260510-04153,UM-TS-020,1,32300
7800,U260427-04154,UM-TS-013,2,19200
7801,U260427-04154,UM-AC-015,1,59100
7802,U260427-04155,UM-BT-017,1,41800
7803,U260427-04155,UM-TS-031,1,32500
7804,U260830-04156,UM-SH-021,1,166500
7805,U260830-04156,UM-BT-022,1,58200
7806,U260424-04157,UM-TS-010,3,33800
7807,U260424-04157,UM-SH-015,1,87900
7808,U260317-04158,UM-BT-024,1,47300
7809,U260307-04159,UM-BT-024,3,49300
7810,U260827-04160,UM-OT-007,1,96200
7811,U260827-04160,UM-TS-037,1,25000
7812,U260827-04160,UM-AC-026,1,67500
7813,U251229-04161,UM-BT-003,2,52300
7814,U260223-04162,UM-SH-017,1,131000
7815,U260223-04162,UM-TS-012,1,43400
7816,U260223-04162,UM-SH-003,1,205900
7817,U260226-04163,UM-SH-023,1,100000
7818,U260530-04164,UM-AC-025,1,82200
7819,U260729-04165,UM-SH-009,1,143400
7820,U260517-04166,UM-AC-007,1,13300
7821,U260517-04166,UM-TS-002,1,40600
7822,U260831-04167,UM-BT-008,1,66800
7823,U260831-04167,UM-BT-020,1,85700
7824,U260831-04167,UM-OT-024,2,352900
7825,U260831-04167,UM-SH-003,1,160100
7826,U260831-04167,UM-SH-003,1,157500
7827,U260307-04168,UM-TS-003,1,76500
7828,U260305-04169,UM-TS-022,1,35800
7829,U260305-04169,UM-BT-001,1,43800
7830,U260729-04170,UM-SH-014,1,99200
7831,U260729-04170,UM-TS-018,1,61000
7832,U260731-04171,UM-BT-007,2,76400
7833,U260731-04171,UM-SH-019,1,162300
7834,U260210-04172,UM-BT-017,1,35400
7835,U260210-04172,UM-TS-001,1,44400
7836,U250827-04173,UM-AC-022,1,15100
7837,U250827-04173,UM-OT-007,1,97100
7838,U250827-04173,UM-AC-020,2,64800
7839,U260806-04174,UM-TS-004,1,40300
7840,U260806-04174,UM-BT-009,1,47500
7841,U260806-04174,UM-TS-001,1,51600
7842,U260612-04175,UM-TS-019,1,77900
7843,U260419-04176,UM-TS-005,1,35600
7844,U260419-04176,UM-BT-015,1,91100
7845,U260419-04176,UM-SH-009,1,157600
7846,U251023-04177,UM-BT-009,1,61700
7847,U260420-04178,UM-SH-013,1,204300
7848,U260420-04178,UM-AC-025,1,79900
7849,U260420-04178,UM-TS-008,1,55300
7850,U260726-04179,UM-BT-020,1,78300
7851,U250824-04180,UM-OT-019,1,148400
7852,U251226-04181,UM-AC-007,1,12700
7853,U251226-04181,UM-BT-012,1,61800
7854,U251226-04181,UM-SH-005,1,77300
7855,U260406-04182,UM-BT-016,1,109600
7856,U260406-04182,UM-BT-011,1,82900
7857,U260406-04182,UM-TS-006,1,77600
7858,U260208-04183,UM-BT-004,1,44200
7859,U260809-04184,UM-TS-037,1,30400
7860,U260801-04185,UM-TS-025,1,59700
7861,U260619-04186,UM-TS-028,1,61400
7862,U260619-04186,UM-TS-009,1,66900
7863,U260808-04187,UM-SH-005,1,87200
7864,U260721-04188,UM-TS-011,1,71800
7865,U260826-04189,UM-BT-011,1,78300
7866,U260331-04190,UM-SH-013,1,168900
7867,U260331-04190,UM-TS-018,1,82700
7868,U260618-04191,UM-OT-016,1,136600
7869,U260520-04192,UM-AC-013,2,55700
7870,U241105-04193,UM-BT-015,1,105300
7871,U231115-04194,UM-TS-035,1,18100
7872,U231231-04195,UM-OT-021,2,120000
7873,U231231-04195,UM-BT-023,1,92700
7874,U231213-04196,UM-AC-005,1,38400
7875,U231213-04196,UM-TS-009,1,59800
7876,U231213-04196,UM-BT-009,3,49300
7877,U231213-04196,UM-SH-022,1,106000
7878,U241015-04197,UM-BT-022,1,63500
7879,U251109-04198,UM-SH-013,1,193700
7880,U251109-04198,UM-BT-024,1,42800
7881,U251109-04198,UM-BT-010,1,107500
7882,U250416-04199,UM-BT-016,1,112900
7883,U260110-04200,UM-TS-018,1,71900
7884,U260728-04201,UM-BT-004,2,49500
7885,U260325-04202,UM-OT-006,1,293500
7886,U260108-04203,UM-BT-018,1,68100
7887,U260108-04203,UM-TS-009,1,47200
7888,U260108-04203,UM-BT-017,1,43200
7889,U260204-04204,UM-TS-028,1,62900
7890,U260204-04204,UM-SH-020,1,184800
7891,U260204-04204,UM-BT-016,1,87900
7892,U260204-04204,UM-TS-019,2,75800
7893,U260204-04204,UM-AC-004,1,15600
7894,U260606-04205,UM-BT-015,1,91000
7895,U260606-04205,UM-SH-004,1,99500
7896,U260606-04205,UM-SH-004,1,105700
7897,U241027-04206,UM-SH-009,1,138800
7898,U241027-04206,UM-OT-021,1,157100
7899,U241030-04207,UM-OT-015,1,93500
7900,U251214-04208,UM-TS-037,1,23500
7901,U251214-04208,UM-TS-009,1,64700
7902,U260110-04209,UM-TS-027,1,66700
7903,U260110-04209,UM-OT-024,1,364300
7904,U260524-04210,UM-TS-004,1,45600
7905,U260524-04210,UM-TS-011,1,63300
7906,U260102-04211,UM-TS-016,1,64500
7907,U260421-04212,UM-TS-004,1,43900
7908,U251207-04213,UM-OT-012,1,164000
7909,U251207-04213,UM-AC-023,1,83000
7910,U260306-04214,UM-SH-001,2,112400
7911,U260306-04214,UM-BT-012,1,64300
7912,U250206-04215,UM-BT-004,1,54000
7913,U250206-04215,UM-TS-036,1,43300
7914,U260119-04216,UM-AC-023,1,63900
7915,U260119-04216,UM-BT-001,3,39800
7916,U260820-04217,UM-AC-028,1,41300
7917,U260820-04217,UM-BT-022,1,76900
7918,U260620-04218,UM-TS-015,1,15000
7919,U260620-04218,UM-OT-007,3,80900
7920,U260225-04219,UM-OT-021,1,155200
7921,U260225-04219,UM-AC-016,1,34000
7922,U260225-04219,UM-TS-015,1,16600
7923,U260514-04220,UM-TS-037,1,32700
7924,U260514-04220,UM-TS-012,1,39600
7925,U260219-04221,UM-BT-004,1,43800
7926,U260122-04222,UM-AC-008,1,13300
7927,U260407-04223,UM-BT-017,1,37300
7928,U260827-04224,UM-TS-023,3,25500
7929,U260731-04225,UM-TS-003,1,75600
7930,U260130-04226,UM-TS-035,1,17600
7931,U260130-04226,UM-SH-009,1,127400
7932,U260123-04227,UM-BT-001,1,34600
7933,U251030-04228,UM-BT-014,1,67800
7934,U260111-04229,UM-AC-019,1,65700
7935,U241001-04230,UM-SH-003,1,175700
7936,U250418-04231,UM-OT-013,1,171800
7937,U250418-04231,UM-OT-022,1,198900
7938,U250418-04231,UM-BT-005,1,114400
7939,U260903-04232,UM-SH-003,1,159900
7940,U260510-04233,UM-TS-003,1,57400
7941,U260510-04233,UM-TS-032,1,41200
7942,U260510-04233,UM-OT-004,1,212000
7943,U241230-04234,UM-SH-009,1,152500
7944,U260616-04235,UM-SH-010,1,138300
7945,U260829-04236,UM-BT-004,1,43700
7946,U260604-04237,UM-TS-037,3,25500
7947,U260604-04237,UM-TS-030,2,69300
7948,U260901-04238,UM-AC-011,1,59900
7949,U251220-04239,UM-SH-005,3,77900
7950,U251220-04239,UM-AC-021,1,21000
7951,U260507-04240,UM-TS-025,1,55200
7952,U260507-04240,UM-BT-009,1,46900
7953,U260507-04240,UM-TS-016,1,71700
7954,U260615-04241,UM-SH-002,1,180400
7955,U260804-04242,UM-SH-010,1,136700
7956,U260804-04242,UM-TS-023,1,21900
7957,U260627-04243,UM-AC-015,1,59600
7958,U251126-04244,UM-TS-026,1,36900
7959,U251126-04244,UM-BT-016,1,97900
7960,U251019-04245,UM-OT-026,1,89400
7961,U231111-04246,UM-TS-008,1,63400
7962,U251019-04247,UM-BT-018,1,62800
7963,U251019-04247,UM-BT-012,1,46800
7964,U251019-04247,UM-BT-014,2,67900
7965,U251203-04248,UM-TS-008,1,50900
7966,U251203-04248,UM-TS-004,1,38900
7967,U251021-04249,UM-SH-011,1,154600
7968,U250429-04250,UM-SH-003,3,164700
7969,U250816-04251,UM-TS-035,1,20600
7970,U260420-04252,UM-BT-020,1,85300
7971,U260420-04252,UM-BT-002,1,61000
7972,U260420-04252,UM-BT-024,1,50000
7973,U251120-04253,UM-TS-025,1,53000
7974,U260415-04254,UM-BT-025,1,80800
7975,U260415-04254,UM-BT-015,1,101800
7976,U260415-04254,UM-TS-036,1,38800
7977,U260616-04255,UM-BT-011,2,86100
7978,U250716-04256,UM-TS-019,1,78500
7979,U260522-04257,UM-OT-023,1,323700
7980,U250927-04258,UM-TS-023,1,22000
7981,U260831-04259,UM-BT-018,1,63400
7982,U260831-04259,UM-SH-010,1,136400
7983,U260831-04259,UM-BT-009,1,66500
7984,U260831-04259,UM-OT-016,1,131200
7985,U250803-04260,UM-TS-027,3,65600
7986,U250803-04260,UM-BT-012,1,62200
7987,U250429-04261,UM-AC-011,1,61500
7988,U250429-04261,UM-AC-031,2,70100
7989,U260316-04262,UM-AC-030,1,10300
7990,U260316-04262,UM-BT-019,2,30400
7991,U260316-04262,UM-TS-010,1,31800
7992,U260316-04262,UM-OT-020,1,165000
7993,U260706-04263,UM-AC-004,1,14300
7994,U240412-04264,UM-OT-015,1,88500
7995,U240412-04264,UM-BT-021,2,69300
7996,U260713-04265,UM-SH-017,1,122100
7997,U260713-04265,UM-BT-025,1,94700
7998,U260713-04265,UM-TS-020,2,43100
7999,U250920-04266,UM-SH-021,1,162500
8000,U250920-04266,UM-BT-025,1,87900
8001,U250920-04266,UM-AC-014,1,28300
8002,U250920-04266,UM-SH-005,1,71700
8003,U251010-04267,UM-AC-027,1,70500
8004,U251010-04267,UM-SH-013,1,212000
8005,U260415-04268,UM-BT-004,1,43300
8006,U260802-04269,UM-TS-031,1,24700
8007,U251223-04270,UM-BT-024,1,39900
8008,U251217-04271,UM-OT-026,1,86900
8009,U251217-04271,UM-BT-016,1,89500
8010,U250912-04272,UM-BT-020,1,68500
8011,U250912-04272,UM-AC-014,1,24700
8012,U260626-04273,UM-BT-012,1,57900
8013,U260626-04273,UM-SH-009,1,147900
8014,U260120-04274,UM-TS-024,1,18600
8015,U260120-04274,UM-TS-037,1,30400
8016,U260120-04274,UM-TS-037,1,25000
8017,U260120-04274,UM-SH-023,1,86900
8018,U240205-04275,UM-TS-006,1,73200
8019,U260818-04276,UM-BT-009,1,53800
8020,U260818-04276,UM-SH-005,1,66000
8021,U260818-04276,UM-TS-011,1,67500
8022,U260815-04277,UM-BT-005,1,84200
8023,U260815-04277,UM-TS-028,1,86300
8024,U260815-04277,UM-BT-024,1,37900
8025,U260815-04277,UM-AC-008,1,14000
8026,U260815-04277,UM-AC-003,1,14900
8027,U260807-04278,UM-SH-006,1,190600
8028,U260809-04279,UM-TS-018,1,61400
8029,U260813-04280,UM-OT-009,1,265100
8030,U260723-04281,UM-TS-030,1,73500
8031,U260412-04282,UM-TS-037,1,26100
8032,U260801-04283,UM-TS-009,1,51100
8033,U251209-04284,UM-SH-013,1,154700
8034,U260717-04285,UM-OT-019,1,186700
8035,U260717-04285,UM-BT-018,1,75900
8036,U260717-04285,UM-BT-025,2,103200
8037,U260715-04286,UM-AC-001,1,56800
8038,U260715-04286,UM-BT-002,1,69500
8039,U260710-04287,UM-TS-034,1,57200
8040,U260406-04288,UM-BT-010,2,97800
8041,U260205-04289,UM-TS-034,1,61200
8042,U260613-04290,UM-AC-012,1,51700
8043,U260416-04291,UM-AC-023,1,82600
8044,U260416-04291,UM-SH-002,1,222900
8045,U260416-04291,UM-BT-025,1,86100
8046,U260701-04292,UM-TS-022,3,40700
8047,U260324-04293,UM-BT-006,1,52700
8048,U260717-04294,UM-TS-004,1,48500
8049,U260717-04294,UM-AC-025,1,82800
8050,U260423-04295,UM-TS-026,2,43300
8051,U260108-04296,UM-OT-002,1,289700
8052,U260108-04296,UM-OT-009,1,335400
8053,U260108-04296,UM-TS-033,1,39800
8054,U260108-04296,UM-TS-032,1,42900
8055,U260108-04296,UM-BT-025,1,98200
8056,U240907-04297,UM-AC-029,1,11900
8057,U240907-04297,UM-SH-023,1,85900
8058,U240907-04297,UM-TS-014,1,53400
8059,U250331-04298,UM-TS-013,1,18300
8060,U250331-04298,UM-BT-010,1,102300
8061,U260828-04299,UM-AC-009,1,67700
8062,U260816-04300,UM-BT-005,1,109700
8063,U260809-04301,UM-OT-023,1,324600
8064,U260809-04301,UM-TS-025,1,64600
8065,U260809-04301,UM-OT-001,1,306200
8066,U260823-04302,UM-BT-001,1,46500
8067,U260118-04303,UM-BT-015,1,84100
8068,U260118-04303,UM-BT-014,1,52300
8069,U260118-04303,UM-SH-010,1,136600
8070,U251122-04304,UM-BT-025,1,78000
8071,U260802-04305,UM-OT-010,1,218000
8072,U260802-04305,UM-BT-009,1,61000
8073,U260802-04305,UM-AC-029,1,11600
8074,U250707-04306,UM-OT-017,1,248700
8075,U250422-04307,UM-TS-017,1,45900
8076,U250610-04308,UM-TS-002,1,37100
8077,U250610-04308,UM-BT-017,2,33000
8078,U250610-04308,UM-SH-017,1,157900
8079,U250610-04308,UM-BT-018,1,64900
8080,U241108-04309,UM-AC-009,1,74400
8081,U241108-04309,UM-TS-019,1,75600
8082,U260114-04310,UM-TS-028,2,79700
8083,U260114-04310,UM-TS-007,1,41600
8084,U260822-04311,UM-TS-034,1,49900
8085,U260822-04311,UM-TS-011,1,83500
8086,U260822-04311,UM-TS-013,1,21200
8087,U260113-04312,UM-TS-001,1,42100
8088,U260113-04312,UM-SH-003,1,196000
8089,U260115-04313,UM-BT-015,2,77100
8090,U251008-04314,UM-OT-018,1,377600
8091,U251008-04314,UM-OT-020,3,185100
8092,U251008-04314,UM-BT-004,1,47500
8093,U251008-04314,UM-TS-009,1,55000
8094,U260416-04315,UM-SH-013,1,200300
8095,U260416-04315,UM-TS-036,1,44700
8096,U250325-04316,UM-BT-014,3,70900
8097,U250913-04317,UM-SH-014,1,95500
8098,U260421-04318,UM-TS-011,1,63200
8099,U260421-04318,UM-BT-016,1,82800
8100,U260421-04318,UM-AC-016,1,32300
8101,U260707-04319,UM-OT-013,3,150700
8102,U250315-04320,UM-AC-025,1,78300
8103,U250315-04320,UM-TS-009,1,53500
8104,U250315-04320,UM-SH-015,1,89900
8105,U250315-04320,UM-SH-019,1,147200
8106,U260603-04321,UM-OT-018,1,302400
8107,U260603-04321,UM-SH-020,1,227900
8108,U260603-04321,UM-BT-021,1,80500
8109,U260226-04322,UM-BT-025,1,103700
8110,U260226-04322,UM-BT-012,1,49100
8111,U260226-04322,UM-TS-036,1,41100
8112,U260720-04323,UM-OT-022,1,253700
8113,U260720-04323,UM-TS-031,1,26600
8114,U260720-04323,UM-BT-019,1,33200
8115,U250914-04324,UM-SH-010,1,186800
8116,U250914-04324,UM-TS-030,1,63100
8117,U250914-04324,UM-BT-003,1,59700
8118,U260704-04325,UM-AC-024,1,54400
8119,U260704-04325,UM-AC-008,2,15000
8120,U260716-04326,UM-OT-011,1,71200
8121,U260716-04326,UM-AC-017,1,22800
8122,U260716-04326,UM-SH-006,1,215700
8123,U260716-04326,UM-TS-006,1,80900
8124,U250529-04327,UM-BT-007,1,82700
8125,U250529-04327,UM-BT-004,1,51300
8126,U250327-04328,UM-TS-027,1,82000
8127,U260228-04329,UM-SH-001,1,108500
8128,U260228-04329,UM-TS-022,1,43100
8129,U250625-04330,UM-TS-033,1,38200
8130,U250625-04330,UM-TS-033,1,39900
8131,U260208-04331,UM-BT-020,1,88000
8132,U260208-04331,UM-AC-025,1,59600
8133,U260208-04331,UM-OT-022,1,230700
8134,U250908-04332,UM-TS-034,1,56900
8135,U250831-04333,UM-AC-001,1,50200
8136,U250817-04334,UM-BT-018,1,65800
8137,U250817-04334,UM-TS-015,1,15900
8138,U250817-04334,UM-BT-002,1,75400
8139,U260228-04335,UM-SH-022,1,104000
8140,U260228-04335,UM-TS-023,1,29900
8141,U260228-04335,UM-AC-019,1,56700
8142,U251103-04336,UM-BT-001,2,39900
8143,U260306-04337,UM-SH-024,1,111700
8144,U260306-04337,UM-TS-020,2,44700
8145,U260305-04338,UM-SH-018,1,186300
8146,U260305-04338,UM-OT-018,2,375300
8147,U260305-04338,UM-TS-004,1,49100
8148,U260305-04338,UM-SH-024,1,101300
8149,U260621-04339,UM-SH-012,2,179500
8150,U260621-04339,UM-TS-009,3,50100
8151,U260621-04339,UM-BT-002,3,73700
8152,U260410-04340,UM-TS-035,1,21400
8153,U241004-04341,UM-BT-017,1,34400
8154,U241004-04341,UM-TS-028,2,73000
8155,U250711-04342,UM-TS-034,1,51600
8156,U251223-04343,UM-SH-014,1,93300
8157,U251223-04343,UM-OT-004,1,176000
8158,U250423-04344,UM-BT-015,1,89400
8159,U250605-04345,UM-SH-024,1,131500
8160,U250605-04345,UM-BT-018,1,57800
8161,U260413-04346,UM-BT-020,1,68100
8162,U251210-04347,UM-TS-008,1,51300
8163,U251009-04348,UM-OT-023,1,290600
8164,U251009-04348,UM-TS-016,1,77200
8165,U260306-04349,UM-TS-032,2,39000
8166,U260306-04349,UM-TS-003,1,70400
8167,U250801-04350,UM-OT-014,1,130900
8168,U260329-04351,UM-TS-021,1,50900
8169,U260329-04351,UM-BT-025,2,108300
8170,U260329-04351,UM-BT-011,2,66400
8171,U260329-04351,UM-BT-008,2,78700
8172,U260516-04352,UM-SH-003,1,160700
8173,U260809-04353,UM-AC-010,1,54900
8174,U260809-04353,UM-AC-005,2,30900
8175,U260813-04354,UM-SH-012,1,190400
8176,U260321-04355,UM-AC-014,1,27000
8177,U260707-04356,UM-BT-015,1,77800
8178,U260108-04357,UM-OT-020,1,179400
8179,U260108-04357,UM-TS-014,1,50200
8180,U260715-04358,UM-OT-014,1,149900
8181,U260715-04358,UM-SH-001,3,127200
8182,U260715-04358,UM-OT-022,1,203500
8183,U220926-04359,UM-TS-030,1,69900
8184,U220926-04359,UM-TS-029,1,49600
8185,U260721-04360,UM-TS-027,1,61000
8186,U260721-04360,UM-BT-011,1,78100
8187,U251214-04361,UM-BT-001,1,44000
8188,U251214-04361,UM-TS-002,1,41200
8189,U251214-04361,UM-TS-013,3,20400
8190,U251214-04361,UM-TS-014,1,43400
8191,U250911-04362,UM-AC-026,1,64500
8192,U250921-04363,UM-SH-013,1,174400
8193,U250921-04363,UM-TS-017,1,45300
8194,U250921-04363,UM-TS-007,1,46000
8195,U250921-04363,UM-BT-023,1,110300
8196,U260521-04364,UM-BT-023,1,85600
8197,U241231-04365,UM-BT-009,1,65700
8198,U260417-04366,UM-OT-018,1,356900
8199,U240819-04367,UM-OT-014,1,165400
8200,U240819-04367,UM-TS-031,1,25700
8201,U240819-04367,UM-SH-024,1,116900
8202,U231028-04368,UM-TS-015,1,16100
8203,U260516-04369,UM-TS-032,1,37800
8204,U260803-04370,UM-AC-019,1,62600
8205,U260824-04371,UM-TS-008,1,60900
8206,U260824-04371,UM-SH-002,1,204200
8207,U260119-04372,UM-SH-014,1,84000
8208,U260119-04372,UM-BT-003,1,53500
8209,U260119-04372,UM-BT-015,2,78500
8210,U250927-04373,UM-BT-010,1,78000
8211,U251226-04374,UM-TS-029,1,42100
8212,U240614-04375,UM-TS-005,1,36500
8213,U260410-04376,UM-TS-030,1,68000
8214,U260410-04376,UM-SH-024,1,118400
8215,U260410-04376,UM-SH-022,1,137000
8216,U260410-04376,UM-SH-006,1,237700
8217,U260410-04376,UM-OT-017,1,323500
8218,U260601-04377,UM-BT-020,1,71100
8219,U260601-04377,UM-SH-007,1,74900
8220,U221128-04378,UM-TS-024,1,20700
8221,U230228-04379,UM-AC-024,2,39000
8222,U230228-04379,UM-BT-018,1,60500
8223,U251227-04380,UM-TS-035,1,22400
8224,U251227-04380,UM-BT-012,3,56800
8225,U250716-04381,UM-SH-014,1,89000
8226,U250716-04381,UM-SH-018,1,192700
8227,U250716-04381,UM-OT-015,1,93500
8228,U260531-04382,UM-AC-027,1,56600
8229,U260531-04382,UM-TS-008,1,59900
8230,U260531-04382,UM-OT-026,1,102200
8231,U260311-04383,UM-TS-007,1,43000
8232,U260311-04383,UM-OT-026,1,120200
8233,U260405-04384,UM-SH-007,2,80200
8234,U251210-04385,UM-TS-012,1,40600
8235,U251210-04385,UM-BT-005,1,88600
8236,U260808-04386,UM-OT-012,1,214200
8237,U260808-04386,UM-TS-011,2,65400
8238,U260720-04387,UM-TS-020,1,41500
8239,U260115-04388,UM-BT-003,1,51500
8240,U260115-04388,UM-SH-004,1,117400
8241,U260115-04388,UM-AC-010,1,45700
8242,U260115-04388,UM-TS-026,1,32400
8243,U260315-04389,UM-SH-013,1,203600
8244,U260809-04390,UM-TS-021,1,47500
8245,U260121-04391,UM-SH-007,1,83000
8246,U240929-04392,UM-OT-001,1,327800
8247,U240929-04392,UM-SH-012,2,148400
8248,U240826-04393,UM-TS-035,1,21200
8249,U240826-04393,UM-AC-025,1,61000
8250,U240826-04393,UM-AC-017,1,29300
8251,U251206-04394,UM-TS-002,3,31400
8252,U251206-04394,UM-SH-002,1,221000
8253,U251206-04394,UM-AC-027,1,73000
8254,U251206-04394,UM-OT-012,2,210000
8255,U250420-04395,UM-BT-023,2,104100
8256,U250405-04396,UM-TS-014,1,41700
8257,U251126-04397,UM-SH-008,1,159500
8258,U241023-04398,UM-TS-007,1,38700
8259,U250406-04399,UM-SH-024,1,132800
8260,U250203-04400,UM-TS-007,2,40000
8261,U250203-04400,UM-BT-007,1,99000
8262,U250203-04400,UM-BT-006,1,49100
8263,U250203-04400,UM-TS-024,1,20600
8264,U250203-04400,UM-OT-009,1,352100
8265,U260623-04401,UM-SH-004,1,102400
8266,U250203-04402,UM-TS-020,1,39300
8267,U260804-04403,UM-SH-004,1,104200
8268,U250629-04404,UM-BT-005,1,95300
8269,U260727-04405,UM-TS-019,1,70400
8270,U260812-04406,UM-TS-007,3,49700
8271,U260812-04406,UM-SH-001,2,90500
8272,U260812-04406,UM-OT-004,1,200600
8273,U260718-04407,UM-BT-004,1,56300
8274,U260718-04407,UM-SH-017,3,143600
8275,U260718-04407,UM-TS-018,1,79200
8276,U260712-04408,UM-TS-011,1,73600
8277,U260712-04408,UM-AC-004,1,15800
8278,U260712-04408,UM-SH-024,1,104000
8279,U260729-04409,UM-BT-005,2,96200
8280,U260729-04409,UM-OT-008,1,250400
8281,U260819-04410,UM-AC-022,1,15000
8282,U260819-04410,UM-BT-005,1,111400
8283,U260819-04410,UM-OT-010,2,209400
8284,U260712-04411,UM-BT-018,1,78300
8285,U260712-04411,UM-OT-009,1,325500
8286,U260712-04411,UM-OT-012,1,172700
8287,U260712-04411,UM-BT-003,1,61600
8288,U260712-04411,UM-TS-001,1,47500
8289,U260826-04412,UM-TS-009,2,62200
8290,U260826-04412,UM-AC-028,1,36500
8291,U260809-04413,UM-AC-008,1,14200
8292,U260809-04413,UM-AC-001,1,48900
8293,U260902-04414,UM-TS-011,1,87100
8294,U260902-04414,UM-TS-021,1,44600
8295,U260723-04415,UM-TS-015,1,19100
8296,U260723-04416,UM-TS-010,1,25600
8297,U260723-04416,UM-TS-014,1,42100
8298,U260826-04417,UM-TS-032,1,37200
8299,U260826-04417,UM-OT-020,1,178300
8300,U260826-04417,UM-OT-021,1,132400
8301,U260616-04418,UM-AC-003,1,13100
8302,U250721-04419,UM-OT-021,1,139100
8303,U260808-04420,UM-SH-020,2,203900
8304,U250430-04421,UM-SH-002,1,174800
8305,U251015-04422,UM-SH-002,3,168100
8306,U260204-04423,UM-TS-017,1,56900
8307,U250626-04424,UM-SH-012,2,154200
8308,U250626-04424,UM-BT-003,1,66900
8309,U250626-04424,UM-SH-017,1,141200
8310,U250626-04424,UM-OT-012,1,193200
8311,U250621-04425,UM-OT-008,1,227600
8312,U250621-04425,UM-BT-005,1,98600
8313,U250130-04426,UM-BT-014,1,61500
8314,U231119-04427,UM-SH-018,1,184700
8315,U240121-04428,UM-BT-010,1,110600
8316,U240121-04428,UM-AC-005,1,37200
8317,U240121-04428,UM-TS-001,1,49000
8318,U240121-04428,UM-OT-011,1,65600
8319,U260504-04429,UM-SH-004,1,116400
8320,U260526-04430,UM-SH-013,1,211700
8321,U240105-04431,UM-TS-032,1,43400
8322,U250806-04432,UM-OT-024,1,360700
8323,U260712-04433,UM-SH-021,1,180200
8324,U231225-04434,UM-OT-006,1,241700
8325,U251031-04435,UM-AC-031,1,54700
8326,U251031-04435,UM-OT-013,1,125300
8327,U260517-04436,UM-TS-012,1,36100
8328,U251220-04437,UM-TS-011,1,74700
8329,U251220-04437,UM-AC-021,3,20800
8330,U241125-04438,UM-BT-008,1,72900
8331,U241125-04438,UM-SH-003,1,149500
8332,U260608-04439,UM-BT-021,2,80400
8333,U260608-04439,UM-TS-033,1,38400
8334,U250428-04440,UM-TS-026,1,44900
8335,U250428-04440,UM-TS-005,3,46400
8336,U250428-04440,UM-SH-013,1,202900
8337,U250428-04440,UM-TS-035,1,16200
8338,U260617-04441,UM-TS-025,1,60000
8339,U260617-04441,UM-SH-024,1,107800
8340,U260622-04442,UM-BT-013,1,96200
8341,U260622-04442,UM-OT-007,1,85700
8342,U260622-04442,UM-SH-005,1,66000
8343,U260622-04442,UM-SH-019,1,166200
8344,U260717-04443,UM-BT-023,1,97800
8345,U260717-04443,UM-TS-020,1,34500
8346,U260527-04444,UM-TS-029,1,52200
8347,U260826-04445,UM-SH-024,1,121400
8348,U260826-04446,UM-OT-005,1,191400
8349,U260826-04446,UM-BT-019,1,29800
8350,U260311-04447,UM-AC-003,1,14200
8351,U260507-04448,UM-SH-017,1,142200
8352,U260507-04448,UM-BT-018,1,66300
8353,U260507-04448,UM-AC-017,1,22900
8354,U240626-04449,UM-BT-009,1,54300
8355,U250403-04450,UM-TS-004,1,38900
8356,U250107-04451,UM-SH-003,3,191200
8357,U260506-04452,UM-TS-032,1,39000
8358,U250702-04453,UM-TS-026,1,32400
8359,U250917-04454,UM-TS-003,1,70800
8360,U250917-04454,UM-BT-014,1,67100
8361,U231219-04455,UM-TS-010,1,24000
8362,U250919-04456,UM-AC-003,1,14700
8363,U260729-04457,UM-BT-006,1,64100
8364,U260212-04458,UM-BT-021,1,82000
8365,U260212-04458,UM-TS-004,1,48700
8366,U260526-04459,UM-TS-028,1,69200
8367,U260728-04460,UM-TS-012,1,36400
8368,U260829-04461,UM-BT-002,2,65800
8369,U260717-04462,UM-TS-011,1,79500
8370,U260709-04463,UM-AC-003,1,12100
8371,U260709-04463,UM-TS-009,1,51600
8372,U260709-04463,UM-SH-001,1,102500
8373,U260822-04464,UM-BT-006,1,48400
8374,U260315-04465,UM-OT-020,2,152300
8375,U260315-04465,UM-OT-008,2,217800
8376,U260113-04466,UM-AC-010,1,57600
8377,U260113-04466,UM-SH-005,2,68900
8378,U260113-04466,UM-AC-025,1,81700
8379,U260805-04467,UM-SH-023,1,78600
8380,U260805-04467,UM-BT-001,1,37400
8381,U260821-04468,UM-OT-005,1,142900
8382,U260821-04468,UM-AC-024,1,41200
8383,U260821-04468,UM-BT-016,1,82800
8384,U260821-04468,UM-TS-030,1,62600
8385,U260526-04469,UM-BT-001,1,34800
8386,U260526-04469,UM-TS-030,2,74700
8387,U250623-04470,UM-SH-005,1,64300
8388,U250623-04470,UM-BT-016,1,83900
8389,U250623-04470,UM-SH-024,1,123500
8390,U250623-04470,UM-AC-003,1,13600
8391,U260207-04471,UM-TS-024,2,23500
8392,U241030-04472,UM-AC-008,1,16000
8393,U221205-04473,UM-BT-019,1,32800
8394,U260819-04474,UM-BT-019,1,27500
8395,U260819-04474,UM-BT-017,1,33500
8396,U260819-04474,UM-TS-022,1,46500
8397,U260827-04475,UM-TS-026,1,31700
8398,U260827-04475,UM-OT-007,1,108300
8399,U260822-04476,UM-SH-005,1,82600
8400,U260830-04477,UM-BT-021,1,69000
8401,U260828-04478,UM-OT-016,1,108600
8402,U260630-04479,UM-OT-014,1,123000
8403,U251206-04480,UM-AC-023,2,68000
8404,U260224-04481,UM-TS-007,1,45700
8405,U260423-04482,UM-BT-018,1,74200
8406,U260423-04482,UM-TS-034,1,48800
8407,U260614-04483,UM-TS-013,1,19300
8408,U251026-04484,UM-TS-002,2,37100
8409,U260716-04485,UM-TS-007,1,40400
8410,U260716-04485,UM-OT-015,1,84800
8411,U260111-04486,UM-AC-003,1,14700
8412,U260721-04487,UM-BT-021,1,89000
8413,U260721-04487,UM-BT-025,1,103800
8414,U260721-04487,UM-TS-029,1,52400
8415,U260721-04487,UM-BT-018,1,66200
8416,U260401-04488,UM-OT-013,1,133700
8417,U260401-04488,UM-TS-024,1,19100
8418,U260401-04488,UM-BT-005,1,97500
8419,U260522-04489,UM-AC-010,1,59000
8420,U260430-04490,UM-BT-023,1,105000
8421,U260609-04491,UM-TS-031,2,25400
8422,U260609-04491,UM-BT-016,1,95800
8423,U260609-04491,UM-OT-016,1,136500
8424,U260201-04492,UM-TS-015,1,15100
8425,U260201-04492,UM-TS-025,1,48600
8426,U260201-04492,UM-BT-005,1,98700
8427,U260323-04493,UM-BT-009,1,54100
8428,U260323-04493,UM-SH-019,1,142100
8429,U260826-04494,UM-TS-033,2,43100
8430,U260828-04495,UM-TS-002,1,42800
8431,U260828-04495,UM-BT-017,1,35900
8432,U260822-04496,UM-AC-013,1,40400
8433,U260820-04497,UM-TS-015,1,14300
8434,U260827-04498,UM-BT-022,2,69700
8435,U260827-04498,UM-TS-006,1,66500
8436,U260829-04499,UM-BT-013,1,122800
8437,U260823-04500,UM-TS-003,1,71000
8438,U250903-04501,UM-OT-006,1,262900
8439,U250903-04502,UM-AC-003,1,14400
8440,U250903-04502,UM-BT-002,1,58300
8441,U251220-04503,UM-TS-018,1,67400
8442,U251220-04503,UM-TS-016,1,69300
8443,U251220-04503,UM-BT-010,1,79700
8444,U250714-04504,UM-OT-008,1,257900
8445,U260301-04505,UM-TS-017,1,45600
8446,U260301-04505,UM-AC-004,1,12200
8447,U260301-04505,UM-BT-013,1,91500
8448,U240804-04506,UM-SH-014,1,93700
8449,U241210-04507,UM-SH-022,1,102400
8450,U260210-04508,UM-TS-025,1,50400
8451,U260210-04508,UM-OT-011,1,78000
8452,U260315-04509,UM-TS-018,1,62000
8453,U260724-04510,UM-AC-030,1,13400
8454,U260724-04510,UM-BT-002,1,63500
8455,U260210-04511,UM-SH-013,1,194300
8456,U260210-04511,UM-TS-035,1,18700
8457,U260203-04512,UM-OT-009,2,263700
8458,U260824-04513,UM-TS-012,1,45600
8459,U260824-04513,UM-BT-013,1,106400
8460,U260517-04514,UM-BT-008,1,88100
8461,U260615-04515,UM-AC-029,1,12800
8462,U260615-04515,UM-TS-025,1,46400
8463,U251019-04516,UM-TS-022,1,47200
8464,U251019-04516,UM-AC-010,1,57300
8465,U260105-04517,UM-BT-006,1,57700
8466,U260105-04517,UM-BT-014,2,55800
8467,U260105-04517,UM-SH-009,2,139800
8468,U260104-04518,UM-AC-027,1,53400
8469,U260104-04518,UM-AC-029,1,11500
8470,U260104-04518,UM-TS-015,1,18200
8471,U260111-04519,UM-OT-006,1,280100
8472,U260111-04519,UM-TS-009,1,65800
8473,U260902-04520,UM-AC-003,1,13300
8474,U260609-04521,UM-TS-037,1,26900
8475,U260609-04521,UM-BT-025,1,109500
8476,U260609-04521,UM-SH-023,1,97200
8477,U260611-04522,UM-AC-031,1,62000
8478,U260611-04522,UM-AC-025,1,79200
8479,U260618-04523,UM-OT-005,1,152800
8480,U260618-04523,UM-AC-002,2,79100
8481,U260427-04524,UM-TS-025,1,46300
8482,U260427-04524,UM-TS-023,1,27700
8483,U260430-04525,UM-SH-022,1,107000
8484,U260430-04525,UM-TS-037,1,30300
8485,U260118-04526,UM-OT-017,2,268800
8486,U240707-04527,UM-OT-013,2,141700
8487,U240707-04527,UM-TS-021,1,48700
8488,U260728-04528,UM-SH-023,1,77200
8489,U260811-04529,UM-SH-007,3,75900
8490,U260811-04529,UM-SH-022,1,136000
8491,U250826-04530,UM-TS-026,1,36000
8492,U250826-04530,UM-SH-020,1,179000
8493,U250826-04530,UM-SH-004,1,102700
8494,U260901-04531,UM-AC-031,1,68900
8495,U260901-04531,UM-SH-007,3,75500
8496,U260901-04531,UM-AC-001,1,63800
8497,U260830-04532,UM-BT-011,1,80100
8498,U260830-04532,UM-TS-021,1,44800
8499,U260831-04533,UM-TS-020,1,38800
8500,U260831-04533,UM-BT-011,1,77000
8501,U260831-04533,UM-AC-013,3,42900
8502,U260902-04534,UM-BT-004,1,53900
8503,U260902-04534,UM-OT-023,1,329200
8504,U260830-04535,UM-BT-018,1,68600
8505,U260903-04536,UM-TS-008,1,51200
8506,U260828-04537,UM-BT-006,1,47000
8507,U260828-04537,UM-BT-013,1,120500
8508,U260902-04538,UM-AC-018,1,45100
8509,U260902-04538,UM-SH-014,1,98900
8510,U260902-04538,UM-BT-020,1,74700
8511,U260902-04539,UM-BT-013,1,115600
8512,U260902-04539,UM-OT-001,1,308500
8513,U260829-04540,UM-TS-016,1,74300
8514,U260902-04541,UM-BT-013,1,98200
8515,U260902-04541,UM-SH-021,1,152200
8516,U260902-04541,UM-BT-013,1,114800
8517,U260902-04542,UM-SH-012,1,200500
8518,U260902-04542,UM-AC-001,1,58100
8519,U260729-04543,UM-BT-010,2,78500
8520,U260729-04543,UM-AC-010,1,50800
8521,U241226-04544,UM-BT-019,1,29300
8522,U241226-04544,UM-AC-027,1,58700
8523,U231227-04545,UM-TS-033,2,40100
8524,U250916-04546,UM-OT-023,1,297100
8525,U260727-04547,UM-SH-022,1,106700
8526,U240726-04548,UM-SH-019,1,168100
8527,U240726-04548,UM-SH-015,1,95400
8528,U240726-04548,UM-OT-015,1,83800
8529,U240726-04548,UM-AC-009,1,61600
8530,U260504-04549,UM-BT-001,1,36900
8531,U260603-04550,UM-AC-001,2,60100
8532,U260824-04551,UM-BT-003,1,62500
8533,U260425-04552,UM-BT-001,3,38200
8534,U260527-04553,UM-TS-024,1,25100
8535,U260527-04553,UM-TS-003,1,77700
8536,U260527-04553,UM-OT-021,1,130200
8537,U251001-04554,UM-TS-013,1,17700
8538,U260308-04555,UM-AC-026,1,50400
8539,U260308-04555,UM-TS-034,1,58400
8540,U260731-04556,UM-TS-018,2,81200
8541,U260731-04556,UM-TS-014,1,56900
8542,U260705-04557,UM-SH-018,1,204900
8543,U260729-04558,UM-BT-006,1,62200
8544,U260729-04558,UM-OT-008,1,196400
8545,U260814-04559,UM-SH-015,1,102600
8546,U260816-04560,UM-SH-016,1,134000
8547,U260817-04561,UM-AC-018,1,51000
8548,U250515-04562,UM-AC-030,3,14000
8549,U250515-04562,UM-SH-007,1,73900
8550,U250515-04562,UM-OT-004,1,229600
8551,U250515-04562,UM-BT-015,1,87900
8552,U240822-04563,UM-BT-022,1,76100
8553,U250111-04564,UM-SH-015,1,81800
8554,U250111-04564,UM-BT-011,1,61700
8555,U250713-04565,UM-TS-025,1,57200
8556,U260806-04566,UM-AC-013,1,45200
8557,U260806-04566,UM-TS-009,1,61400
8558,U260806-04566,UM-OT-025,1,325600
8559,U260731-04567,UM-BT-016,1,111300
8560,U260731-04567,UM-OT-009,2,326600
8561,U260605-04568,UM-TS-001,1,41000
8562,U260605-04568,UM-BT-025,1,92000
8563,U241025-04569,UM-BT-024,1,39500
8564,U241025-04569,UM-BT-009,1,61700
8565,U230501-04570,UM-BT-016,1,103900
8566,U230501-04570,UM-BT-025,1,88300
8567,U251004-04571,UM-BT-003,1,58400
8568,U251004-04571,UM-BT-022,1,72900
8569,U251004-04571,UM-AC-017,1,21900
8570,U260402-04572,UM-AC-015,1,58400
8571,U250729-04573,UM-TS-019,2,67600
8572,U250730-04574,UM-SH-024,1,115200
8573,U250730-04574,UM-BT-019,1,33600
8574,U241209-04575,UM-TS-033,1,44500
8575,U241209-04575,UM-TS-028,1,65100
8576,U241209-04575,UM-TS-020,1,32000
8577,U241215-04576,UM-SH-002,1,203900
8578,U241215-04576,UM-OT-026,1,119700
8579,U241206-04577,UM-SH-002,1,204800
8580,U240131-04578,UM-TS-032,1,37100
8581,U240131-04578,UM-TS-017,2,46600
8582,U240131-04578,UM-TS-003,1,69300
8583,U240131-04578,UM-BT-013,3,122700
8584,U240706-04579,UM-OT-009,2,311700
8585,U240706-04579,UM-OT-016,1,126800
8586,U260622-04580,UM-SH-016,1,122800
8587,U260609-04581,UM-BT-012,1,64700
8588,U260608-04582,UM-OT-009,1,301800
8589,U260608-04582,UM-OT-016,2,123800
8590,U251026-04583,UM-OT-022,1,244400
8591,U251026-04583,UM-SH-020,1,180000
8592,U251026-04583,UM-TS-037,1,31600
8593,U251026-04583,UM-SH-007,1,72700
8594,U251107-04584,UM-SH-009,2,148000
8595,U260618-04585,UM-TS-019,1,81100
8596,U260406-04586,UM-OT-016,1,125100
8597,U260302-04587,UM-BT-022,1,75100
8598,U260513-04588,UM-OT-011,1,68700
8599,U260513-04588,UM-SH-011,2,135600
8600,U251007-04589,UM-TS-027,1,68700
8601,U251007-04589,UM-TS-013,3,22100
8602,U260308-04590,UM-SH-019,1,160300
8603,U260412-04591,UM-BT-004,1,52200
8604,U260412-04591,UM-TS-025,1,60600
8605,U260412-04591,UM-SH-008,1,212800
8606,U260506-04592,UM-TS-009,1,57500
8607,U260506-04592,UM-AC-013,1,41600
8608,U260506-04592,UM-TS-036,1,51200
8609,U260730-04593,UM-BT-006,1,62500
8610,U260616-04594,UM-TS-005,1,48400
8611,U260616-04594,UM-BT-008,1,89400
8612,U260707-04595,UM-AC-010,1,52000
8613,U260610-04596,UM-TS-026,1,35400
8614,U260610-04596,UM-TS-016,1,75100
8615,U260801-04597,UM-SH-022,3,116400
8616,U260801-04597,UM-BT-025,1,96400
8617,U240821-04598,UM-AC-009,2,57200
8618,U250129-04599,UM-AC-008,1,17100
8619,U250129-04599,UM-OT-015,1,101200
8620,U250129-04599,UM-TS-025,1,47700
8621,U241224-04600,UM-TS-021,1,54900
8622,U241224-04600,UM-OT-020,3,156900
8623,U250405-04601,UM-TS-017,1,56800
8624,U250405-04601,UM-TS-028,1,83900
8625,U260524-04602,UM-TS-017,1,45300
8626,U260524-04602,UM-AC-010,1,59200
8627,U260524-04602,UM-OT-020,1,184900
8628,U260524-04602,UM-BT-013,1,121900
8629,U260401-04603,UM-OT-003,1,331600
8630,U260401-04603,UM-SH-019,1,139200
8631,U260401-04603,UM-TS-010,1,26600
8632,U260817-04604,UM-AC-020,1,64000
8633,U260817-04604,UM-BT-007,1,103300
8634,U260605-04605,UM-OT-017,1,319600
8635,U260605-04605,UM-BT-008,1,75000
8636,U260605-04605,UM-OT-013,1,149300
8637,U260605-04605,UM-AC-020,2,78700
8638,U260605-04605,UM-OT-015,1,88800
8639,U251119-04606,UM-SH-002,1,175800
8640,U250108-04607,UM-SH-003,1,166100
8641,U250108-04607,UM-TS-010,1,26900
8642,U250108-04607,UM-TS-002,1,37600
8643,U250626-04608,UM-AC-001,1,63900
8644,U250626-04608,UM-BT-021,1,75500
8645,U250626-04608,UM-TS-036,3,38400
8646,U250626-04608,UM-AC-009,2,59600
8647,U260710-04609,UM-BT-006,1,59100
8648,U260131-04610,UM-SH-020,3,196900
8649,U260131-04610,UM-OT-020,1,137100
8650,U260720-04611,UM-TS-012,1,38500
8651,U260720-04611,UM-OT-007,1,101100
8652,U260720-04611,UM-AC-011,1,62100
8653,U260720-04611,UM-AC-001,1,58500
8654,U260627-04612,UM-BT-014,1,65700
8655,U260627-04612,UM-AC-010,1,53600
8656,U260604-04613,UM-TS-016,1,64400
8657,U260604-04613,UM-BT-005,1,84500
8658,U251123-04614,UM-BT-018,1,63600
8659,U260818-04615,UM-AC-004,1,13600
8660,U260721-04616,UM-AC-026,1,58600
8661,U260724-04617,UM-TS-021,1,54400
8662,U260902-04618,UM-SH-007,1,100300
8663,U260824-04619,UM-BT-002,2,65700
8664,U260803-04620,UM-BT-011,1,76500
8665,U260803-04620,UM-SH-012,1,188000
8666,U260729-04621,UM-TS-001,1,45400
8667,U260729-04621,UM-AC-003,1,12500
8668,U260729-04621,UM-TS-016,2,60200
8669,U260729-04621,UM-BT-009,1,55000
8670,U260820-04622,UM-SH-021,2,178800
8671,U260715-04623,UM-TS-036,2,50300
8672,U260814-04624,UM-TS-002,1,34100
8673,U260814-04624,UM-BT-003,1,63500
8674,U260901-04625,UM-OT-019,1,181000
8675,U260901-04625,UM-AC-012,2,49000
8676,U260901-04625,UM-SH-023,1,92200
8677,U260901-04625,UM-BT-010,2,81800
8678,U250825-04626,UM-TS-018,1,64400
8679,U250119-04627,UM-TS-004,1,49200
8680,U250119-04627,UM-TS-037,3,30200
8681,U231015-04628,UM-AC-010,1,60400
8682,U260728-04629,UM-BT-019,1,33400
8683,U260728-04629,UM-TS-033,1,42700
8684,U260729-04630,UM-BT-004,2,45500
8685,U260729-04630,UM-TS-008,1,46700
8686,U260729-04630,UM-TS-004,1,47200
8687,U260729-04630,UM-OT-005,1,146800
8688,U260729-04630,UM-BT-018,1,69900
8689,U260131-04631,UM-TS-005,1,48500
8690,U260131-04631,UM-BT-021,1,73000
8691,U260131-04631,UM-TS-031,1,24400
8692,U260212-04632,UM-AC-024,1,42900
8693,U260212-04632,UM-TS-021,1,42300
8694,U260424-04633,UM-BT-022,1,76900
8695,U260424-04633,UM-OT-007,1,110900
8696,U260424-04633,UM-TS-035,1,22000
8697,U260424-04633,UM-OT-020,1,147900
8698,U260820-04634,UM-BT-021,1,79400
8699,U250718-04635,UM-OT-015,1,110000
8700,U250718-04635,UM-BT-007,1,83900
8701,U250718-04635,UM-OT-011,2,58100
8702,U251210-04636,UM-BT-009,1,58000
8703,U251110-04637,UM-TS-010,1,33700
8704,U260716-04638,UM-TS-024,1,21500
8705,U260716-04638,UM-SH-014,1,89100
8706,U260716-04638,UM-SH-006,1,186800
8707,U260716-04638,UM-TS-022,1,38300
8708,U260716-04638,UM-BT-013,1,108500
8709,U260815-04639,UM-TS-026,1,33700
8710,U260412-04640,UM-AC-015,3,59600
8711,U260412-04640,UM-SH-008,1,200800
8712,U260412-04640,UM-BT-016,1,81300
8713,U250630-04641,UM-TS-034,1,53400
8714,U250630-04641,UM-OT-006,3,227500
8715,U250630-04641,UM-TS-034,1,60700
8716,U260810-04642,UM-SH-001,1,121200
8717,U260810-04642,UM-TS-003,1,57900
8718,U260810-04642,UM-TS-033,1,45300
8719,U260218-04643,UM-BT-009,2,49000
8720,U250529-04644,UM-AC-017,1,24500
8721,U241015-04645,UM-SH-009,1,126200
8722,U241015-04645,UM-BT-012,1,49400
8723,U241015-04645,UM-AC-017,1,27700
8724,U260318-04646,UM-OT-022,1,243600
8725,U260813-04647,UM-OT-009,1,323600
8726,U260813-04647,UM-TS-007,2,36900
8727,U240527-04648,UM-BT-012,1,51300
8728,U260827-04649,UM-SH-016,1,148700
8729,U260827-04649,UM-BT-002,1,59300
8730,U260518-04650,UM-SH-018,3,226600
8731,U260518-04650,UM-TS-019,3,63200
8732,U260518-04650,UM-TS-035,1,17500
8733,U260827-04651,UM-BT-001,3,41200
8734,U260827-04651,UM-TS-013,1,23800
8735,U260827-04651,UM-TS-002,1,39900
8736,U260826-04652,UM-BT-003,1,63300
8737,U260826-04652,UM-TS-023,2,25100
8738,U260829-04653,UM-SH-004,1,100400
8739,U260703-04654,UM-SH-012,1,175400
8740,U260809-04655,UM-BT-014,1,50100
8741,U260809-04655,UM-TS-024,1,22700
8742,U260819-04656,UM-SH-001,1,113300
8743,U260819-04656,UM-BT-023,1,100900
8744,U260819-04656,UM-TS-037,1,30100
8745,U260424-04657,UM-TS-026,1,41400
8746,U260817-04658,UM-AC-012,1,51900
8747,U260514-04659,UM-TS-020,1,34600
8748,U260313-04660,UM-SH-003,1,174900
8749,U260520-04661,UM-SH-014,1,90700
8750,U260719-04662,UM-TS-017,2,48900
8751,U260821-04663,UM-TS-011,2,88000
8752,U260821-04663,UM-TS-012,1,35700
8753,U260821-04663,UM-SH-017,1,122900
8754,U260903-04664,UM-AC-016,2,30400
8755,U250429-04665,UM-BT-004,1,52800
8756,U260118-04666,UM-TS-023,3,28100
8757,U260118-04666,UM-TS-025,2,64300
8758,U260708-04667,UM-OT-002,1,288000
8759,U260708-04667,UM-OT-001,1,344200
8760,U260708-04667,UM-TS-036,1,50500
8761,U240826-04668,UM-TS-036,1,50000
8762,U260207-04669,UM-TS-033,1,40200
8763,U260519-04670,UM-BT-009,2,56800
8764,U260519-04670,UM-SH-014,1,98700
8765,U260519-04670,UM-OT-019,3,162300
8766,U260519-04670,UM-TS-008,1,53200
8767,U260519-04670,UM-TS-024,1,19100
8768,U260411-04671,UM-BT-003,2,68100
8769,U260411-04671,UM-BT-004,1,43000
8770,U260628-04672,UM-AC-015,1,63100
8771,U260628-04672,UM-OT-002,1,268500
8772,U260628-04672,UM-BT-002,1,65900
8773,U260623-04673,UM-OT-014,1,129700
8774,U250628-04674,UM-OT-001,1,284600
8775,U250718-04675,UM-BT-010,2,100200
8776,U251014-04676,UM-AC-031,1,73900
8777,U250630-04677,UM-AC-017,1,22900
8778,U250630-04677,UM-BT-016,1,107600
8779,U250630-04677,UM-TS-005,1,43300
8780,U250630-04677,UM-SH-021,1,172900
8781,U260531-04678,UM-TS-018,2,75700
8782,U260531-04678,UM-TS-016,1,70300
8783,U260720-04679,UM-BT-006,1,51600
8784,U260720-04679,UM-BT-019,1,32800
8785,U260720-04679,UM-TS-006,1,81800
8786,U260320-04680,UM-AC-008,2,16700
8787,U260320-04680,UM-SH-013,2,196500
8788,U260216-04681,UM-BT-009,1,57100
8789,U260216-04681,UM-OT-025,1,375800
8790,U260216-04681,UM-AC-013,1,44000
8791,U251214-04682,UM-BT-012,1,63900
8792,U260223-04683,UM-AC-008,2,13600
8793,U260223-04683,UM-TS-010,1,28600
8794,U260702-04684,UM-TS-009,1,48100
8795,U250822-04685,UM-SH-004,1,84800
8796,U250822-04685,UM-BT-002,1,54600
8797,U250822-04685,UM-TS-029,2,49100
8798,U260520-04686,UM-TS-025,1,47900
8799,U260527-04687,UM-TS-002,1,33900
8800,U260527-04687,UM-SH-009,1,162300
8801,U260527-04687,UM-AC-021,1,23800
8802,U260527-04687,UM-TS-020,1,43400
8803,U260527-04687,UM-BT-015,1,94200
8804,U260309-04688,UM-BT-008,1,89100
8805,U251005-04689,UM-TS-026,2,44300
8806,U251005-04689,UM-OT-023,1,322100
8807,U260902-04690,UM-SH-002,3,171900
8808,U260902-04690,UM-TS-010,1,24600
8809,U250629-04691,UM-TS-029,1,43500
8810,U250509-04692,UM-BT-019,1,34100
8811,U260823-04693,UM-OT-020,1,150000
8812,U260823-04693,UM-TS-017,1,48800
8813,U251216-04694,UM-SH-021,1,172600
8814,U251216-04694,UM-BT-009,1,62000
8815,U251216-04694,UM-OT-009,1,332400
8816,U241112-04695,UM-OT-018,1,297800
8817,U241116-04696,UM-BT-018,1,71500
8818,U260502-04697,UM-OT-026,1,116000
8819,U240522-04698,UM-OT-001,1,329200
8820,U240329-04699,UM-TS-017,1,48000
8821,U240329-04699,UM-TS-010,1,26200
8822,U260729-04700,UM-BT-025,1,94400
8823,U260729-04700,UM-AC-026,2,57600
8824,U260311-04701,UM-TS-022,1,39100
8825,U251019-04702,UM-TS-017,1,41400
8826,U251019-04702,UM-SH-008,1,202200
8827,U251019-04702,UM-TS-022,2,43800
8828,U251019-04702,UM-BT-017,1,37200
8829,U251019-04702,UM-TS-007,1,36300
8830,U250526-04703,UM-TS-002,1,38200
8831,U250526-04703,UM-OT-014,1,123500
8832,U250526-04703,UM-TS-014,1,46900
8833,U250621-04704,UM-BT-012,1,54000
8834,U250621-04704,UM-TS-011,1,67900
8835,U250212-04705,UM-OT-025,1,360500
8836,U250212-04705,UM-SH-016,1,118400
8837,U251116-04706,UM-BT-012,3,49100
8838,U251116-04706,UM-TS-009,1,46900
8839,U241220-04707,UM-OT-018,1,274600
8840,U260812-04708,UM-AC-022,1,15700
8841,U260812-04708,UM-TS-010,1,33200
8842,U260410-04709,UM-BT-007,3,102000
8843,U260303-04710,UM-AC-023,1,70700
8844,U250228-04711,UM-SH-014,1,92900
8845,U250228-04711,UM-SH-003,1,161300
8846,U250228-04711,UM-TS-010,1,31100
8847,U260614-04712,UM-OT-006,1,267100
8848,U260614-04712,UM-TS-018,1,76100
8849,U260205-04713,UM-TS-003,1,59600
8850,U260205-04713,UM-TS-030,1,68500
8851,U260717-04714,UM-TS-010,1,24300
8852,U250112-04715,UM-SH-016,1,134300
8853,U250403-04716,UM-SH-019,1,132700
8854,U250403-04716,UM-SH-012,1,175800
8855,U251028-04717,UM-BT-010,1,87700
8856,U240721-04718,UM-BT-023,1,91700
8857,U240721-04718,UM-TS-006,1,83700
8858,U240721-04718,UM-BT-008,3,79200
8859,U260411-04719,UM-TS-010,1,30300
8860,U260411-04719,UM-SH-021,1,157100
8861,U260411-04719,UM-OT-019,3,161500
8862,U260623-04720,UM-TS-016,1,64200
8863,U260623-04720,UM-SH-024,1,115700
8864,U260815-04721,UM-TS-020,1,41500
8865,U260213-04722,UM-TS-033,1,43800
8866,U251118-04723,UM-TS-028,1,61600
8867,U240111-04724,UM-TS-036,1,44300
8868,U260713-04725,UM-BT-002,2,67400
8869,U240215-04726,UM-SH-002,1,196700
8870,U240215-04726,UM-BT-007,2,75800
8871,U260625-04727,UM-AC-027,1,70300
8872,U260625-04727,UM-AC-003,1,15200
8873,U250710-04728,UM-SH-021,1,160800
8874,U260630-04729,UM-BT-025,1,107700
8875,U260630-04729,UM-BT-019,1,33000
8876,U260416-04730,UM-AC-024,1,51200
8877,U241129-04731,UM-SH-011,3,136400
8878,U260821-04732,UM-TS-020,1,38700
8879,U260821-04732,UM-BT-020,1,77500
8880,U260821-04732,UM-TS-030,1,75500
8881,U250628-04733,UM-OT-021,1,118100
8882,U260901-04734,UM-BT-021,1,71000
8883,U260901-04734,UM-BT-010,1,80500
8884,U250127-04735,UM-BT-019,1,37400
8885,U250127-04735,UM-BT-003,1,65200
8886,U250127-04735,UM-OT-022,1,252800
8887,U260221-04736,UM-TS-018,1,76600
8888,U250521-04737,UM-BT-023,1,97200
8889,U241201-04738,UM-SH-015,1,87600
8890,U241201-04738,UM-TS-032,1,44100
8891,U260410-04739,UM-OT-018,1,274200
8892,U260410-04739,UM-TS-035,1,19900
8893,U250421-04740,UM-TS-009,1,56400
8894,U250426-04741,UM-BT-018,1,68300
8895,U251222-04742,UM-TS-010,1,33600
8896,U251222-04742,UM-BT-013,1,120800
8897,U251222-04742,UM-BT-017,1,32500
8898,U250525-04743,UM-TS-017,1,43400
8899,U260612-04744,UM-TS-007,1,48400
8900,U250531-04745,UM-OT-006,1,297800
8901,U260718-04746,UM-BT-015,1,84300
8902,U260718-04746,UM-TS-017,1,42800
8903,U250902-04747,UM-TS-024,1,23000
8904,U250902-04747,UM-BT-005,1,89100
8905,U260605-04748,UM-BT-002,1,76500
8906,U260802-04749,UM-TS-032,1,44000
8907,U260802-04749,UM-SH-001,1,90500
8908,U260828-04750,UM-TS-003,1,77300
8909,U260828-04750,UM-OT-016,1,102600
8910,U260621-04751,UM-BT-018,1,75300
8911,U260621-04751,UM-TS-001,1,48300
8912,U260621-04751,UM-BT-012,2,60400
8913,U240724-04752,UM-TS-032,1,44300
8914,U240724-04752,UM-TS-024,1,18900
8915,U231230-04753,UM-BT-009,1,64200
8916,U260819-04754,UM-TS-015,1,15600
8917,U260819-04754,UM-TS-009,1,52000
8918,U250718-04755,UM-SH-017,1,135500
8919,U260707-04756,UM-BT-013,1,122500
8920,U260707-04756,UM-AC-006,2,22300
8921,U260508-04757,UM-TS-002,1,35700
8922,U260108-04758,UM-TS-004,1,43000
8923,U260108-04758,UM-TS-012,1,36000
8924,U260605-04759,UM-BT-001,1,42900
8925,U260605-04759,UM-BT-023,1,102200
8926,U260101-04760,UM-TS-023,1,29200
8927,U260101-04760,UM-BT-024,1,42500
8928,U260101-04760,UM-BT-003,1,54900
8929,U260508-04761,UM-TS-022,1,47600
8930,U260508-04761,UM-SH-009,1,160100
8931,U260716-04762,UM-TS-016,1,74400
8932,U260716-04762,UM-AC-004,1,15100
8933,U260116-04763,UM-TS-001,1,47000
8934,U260116-04763,UM-TS-024,1,22900
8935,U260308-04764,UM-TS-009,1,59100
8936,U251101-04765,UM-BT-008,2,88500
8937,U251101-04765,UM-SH-014,1,90100
8938,U260827-04766,UM-TS-022,1,41900
8939,U250902-04767,UM-BT-007,1,90800
8940,U260707-04768,UM-AC-014,1,30000
8941,U260707-04768,UM-OT-002,2,319700
8942,U260707-04768,UM-OT-006,1,288800
8943,U260707-04768,UM-TS-030,2,80800
8944,U251112-04769,UM-TS-026,1,39500
8945,U260824-04770,UM-TS-026,2,38900
8946,U260824-04771,UM-BT-008,1,64700
8947,U260728-04772,UM-SH-020,1,197900
8948,U260812-04773,UM-BT-012,2,61800
8949,U260812-04773,UM-TS-019,1,63700
8950,U260717-04774,UM-TS-001,1,50300
8951,U260717-04774,UM-TS-030,1,62000
8952,U260706-04775,UM-AC-018,1,51300
8953,U260823-04776,UM-SH-016,1,139800
8954,U250921-04777,UM-BT-015,1,105100
8955,U250514-04778,UM-AC-011,1,68400
8956,U260618-04779,UM-TS-028,1,82000
8957,U260618-04779,UM-SH-022,1,138800
8958,U241209-04780,UM-TS-024,1,22000
8959,U241209-04780,UM-TS-033,1,51600
8960,U251227-04781,UM-SH-019,1,176900
8961,U251227-04781,UM-BT-011,1,66300
8962,U251229-04782,UM-AC-015,1,63000
8963,U251229-04782,UM-TS-015,1,14700
8964,U260523-04783,UM-BT-024,1,39400
8965,U251223-04784,UM-SH-022,1,125800
8966,U251223-04784,UM-TS-037,2,29300
8967,U260821-04785,UM-TS-021,2,40300
8968,U260821-04785,UM-BT-010,1,84100
8969,U260830-04786,UM-TS-033,2,42600
8970,U260830-04786,UM-BT-006,1,49600
8971,U260824-04787,UM-SH-011,1,145600
8972,U260822-04788,UM-TS-020,1,42900
8973,U260813-04789,UM-TS-033,1,41900
8974,U260813-04789,UM-AC-021,1,19500
8975,U260805-04790,UM-TS-004,1,47100
8976,U260805-04790,UM-TS-024,1,19400
8977,U260828-04791,UM-TS-035,1,17800
8978,U260821-04792,UM-AC-020,1,77100
8979,U260824-04793,UM-SH-012,1,155500
8980,U260824-04793,UM-SH-005,3,82700
8981,U260804-04794,UM-BT-016,1,91400
8982,U260804-04794,UM-SH-001,2,99700
8983,U260804-04794,UM-BT-002,1,73800
8984,U260814-04795,UM-OT-026,1,118700
8985,U260901-04796,UM-OT-009,1,322400
8986,U260817-04797,UM-TS-029,3,51500
8987,U241004-04798,UM-TS-012,1,38400
8988,U260821-04799,UM-TS-006,1,73400
8989,U260312-04800,UM-BT-003,1,68600
8990,U221203-04801,UM-OT-002,1,340100
8991,U260513-04802,UM-OT-008,1,202700
8992,U250208-04803,UM-SH-023,2,97500
8993,U250208-04803,UM-TS-025,1,58100
8994,U250208-04803,UM-BT-010,1,95800
8995,U251025-04804,UM-SH-024,2,140500
8996,U251025-04804,UM-TS-024,1,20200
8997,U260530-04805,UM-SH-011,1,110200
8998,U250828-04806,UM-BT-021,1,90500
8999,U250722-04807,UM-SH-012,1,158400
9000,U260421-04808,UM-TS-036,1,47900
9001,U221003-04809,UM-TS-006,1,68100
9002,U251102-04810,UM-TS-034,1,58700
9003,U251102-04810,UM-BT-011,1,64900
9004,U260220-04811,UM-AC-012,1,49000
9005,U260220-04811,UM-OT-011,1,71000
9006,U251229-04812,UM-BT-016,1,91600
9007,U250726-04813,UM-SH-016,1,127700
9008,U251013-04814,UM-AC-019,1,48900
9009,U260821-04815,UM-TS-021,1,49900
9010,U260821-04815,UM-TS-035,1,19200
9011,U260902-04816,UM-TS-003,1,59600
9012,U260516-04817,UM-TS-021,1,50400
9013,U260516-04817,UM-AC-005,1,31300
9014,U260516-04817,UM-BT-012,2,65300
9015,U260516-04817,UM-BT-002,1,60100
9016,U260516-04817,UM-OT-007,1,113800
9017,U260628-04818,UM-TS-022,1,37000
9018,U260601-04819,UM-SH-015,1,100300
9019,U260803-04820,UM-TS-024,1,23400
9020,U260812-04821,UM-AC-006,1,27000
9021,U260729-04822,UM-TS-001,1,42800
9022,U260729-04822,UM-TS-030,1,74000
9023,U260828-04823,UM-BT-005,3,96400
9024,U260828-04823,UM-BT-005,1,87200
9025,U260828-04823,UM-BT-010,1,97500
9026,U260828-04823,UM-SH-024,1,137400
9027,U250830-04824,UM-TS-022,1,33700
9028,U250830-04824,UM-SH-002,2,178900
9029,U251213-04825,UM-OT-015,1,99300
9030,U251011-04826,UM-TS-030,1,74800
9031,U251011-04826,UM-OT-009,3,340800
9032,U251011-04826,UM-TS-012,1,39000
9033,U260902-04827,UM-SH-005,1,84000
9034,U260902-04827,UM-BT-023,2,99700
9035,U260902-04827,UM-TS-028,2,84500
9036,U260902-04827,UM-AC-022,1,15800
9037,U250709-04828,UM-TS-036,1,48300
9038,U250709-04828,UM-SH-009,2,116000
9039,U260707-04829,UM-BT-023,1,106600
9040,U260707-04829,UM-AC-006,1,24400
9041,U260707-04829,UM-BT-012,1,58800
9042,U260708-04830,UM-BT-013,2,98100
9043,U260708-04830,UM-TS-019,1,64200
9044,U260708-04830,UM-SH-010,1,161900
9045,U260708-04830,UM-TS-005,1,40900
9046,U251112-04831,UM-BT-017,1,35400
9047,U260227-04832,UM-AC-011,1,61900
9048,U260521-04833,UM-TS-008,1,51600
9049,U260420-04834,UM-BT-003,1,61000
9050,U260420-04834,UM-BT-010,1,105500
9051,U260420-04834,UM-TS-014,1,51200
9052,U250211-04835,UM-TS-019,1,87100
9053,U250211-04835,UM-TS-006,2,68000
9054,U250211-04835,UM-BT-024,2,49700
9055,U250211-04835,UM-BT-006,1,60200
9056,U250211-04835,UM-SH-022,1,142200
9057,U250509-04836,UM-TS-011,1,62800
9058,U250509-04836,UM-AC-016,1,32900
9059,U250310-04837,UM-TS-011,3,78500
9060,U250310-04837,UM-SH-017,3,138600
9061,U250627-04838,UM-AC-001,1,57200
9062,U251123-04839,UM-OT-004,1,241200
9063,U251123-04839,UM-SH-003,1,160200
9064,U260731-04840,UM-TS-020,1,38200
9065,U260519-04841,UM-BT-009,1,66200
9066,U260519-04841,UM-AC-015,1,46100
9067,U251206-04842,UM-BT-005,1,108300
9068,U251117-04843,UM-TS-029,3,48400
9069,U251117-04843,UM-BT-024,3,38800
9070,U251019-04844,UM-BT-005,1,84700
9071,U251019-04844,UM-BT-011,1,70000
9072,U251019-04844,UM-OT-016,1,135000
9073,U260122-04845,UM-AC-030,1,10800
9074,U251207-04846,UM-BT-017,2,38900
9075,U260513-04847,UM-AC-019,1,51700
9076,U250625-04848,UM-SH-023,1,97400
9077,U250625-04848,UM-TS-017,1,50000
9078,U250625-04848,UM-SH-019,1,178700
9079,U250418-04849,UM-TS-011,1,62900
9080,U250718-04850,UM-OT-025,1,314600
9081,U250622-04851,UM-AC-014,1,31000
9082,U250622-04851,UM-TS-020,1,34500
9083,U250622-04851,UM-AC-030,1,13000
9084,U250622-04851,UM-TS-011,1,75900
9085,U260831-04852,UM-TS-029,1,43100
9086,U260306-04853,UM-OT-012,1,194000
9087,U260306-04853,UM-TS-001,2,51200
9088,U260227-04854,UM-BT-017,1,33000
9089,U260825-04855,UM-AC-027,1,59300
9090,U260712-04856,UM-AC-012,1,46600
9091,U260528-04857,UM-BT-012,1,64300
9092,U260613-04858,UM-AC-026,1,49800
9093,U260613-04858,UM-OT-014,1,137900
9094,U260613-04858,UM-TS-030,1,58000
9095,U260520-04859,UM-BT-021,1,92500
9096,U260520-04859,UM-OT-019,1,205800
9097,U260816-04860,UM-BT-005,1,109300
9098,U260604-04861,UM-SH-017,1,156600
9099,U260726-04862,UM-OT-002,1,332600
9100,U260726-04862,UM-SH-024,1,117900
9101,U260508-04863,UM-TS-035,2,21300
9102,U260811-04864,UM-AC-011,1,60600
9103,U260807-04865,UM-SH-010,1,172300
9104,U260807-04865,UM-AC-009,1,56200
9105,U260825-04866,UM-SH-013,1,216300
9106,U260825-04866,UM-OT-011,2,69600
9107,U260903-04867,UM-TS-004,1,48200
9108,U260903-04867,UM-TS-032,1,44500
9109,U260903-04867,UM-BT-021,3,89500
9110,U260903-04867,UM-SH-001,1,118200
9111,U260830-04868,UM-AC-019,1,65000
9112,U260830-04868,UM-SH-019,1,148900
9113,U260830-04868,UM-BT-017,2,36200
9114,U260830-04868,UM-TS-036,2,47300
9115,U260504-04869,UM-TS-012,1,46600
9116,U260522-04870,UM-AC-004,1,13400
9117,U260522-04870,UM-OT-002,2,337400
9118,U260522-04870,UM-BT-014,1,54000
9119,U260810-04871,UM-SH-024,1,140600
9120,U260821-04872,UM-OT-023,1,303800
9121,U260821-04872,UM-AC-003,1,15700
9122,U260821-04872,UM-TS-003,1,66400
9123,U260821-04872,UM-AC-008,2,16300
9124,U260821-04872,UM-OT-023,1,355800
9125,U260609-04873,UM-BT-025,1,91000
9126,U260609-04873,UM-BT-022,1,69300
9127,U260609-04873,UM-TS-037,1,25900
9128,U260609-04873,UM-TS-006,1,70400
9129,U260504-04874,UM-AC-009,1,56400
9130,U260323-04875,UM-TS-025,1,59700
9131,U260728-04876,UM-SH-010,1,143800
9132,U260726-04877,UM-TS-020,1,32200
9133,U260726-04877,UM-BT-019,1,29700
9134,U260726-04877,UM-BT-013,1,89500
9135,U260726-04877,UM-BT-009,1,62100
9136,U260618-04878,UM-SH-001,1,93700
9137,U260802-04879,UM-TS-001,1,43300
9138,U260802-04879,UM-TS-030,1,79000
9139,U260823-04880,UM-OT-019,1,180700
9140,U260828-04881,UM-BT-004,1,50600
9141,U260828-04881,UM-SH-018,1,220000
9142,U260828-04881,UM-TS-011,1,73200
9143,U260828-04881,UM-AC-014,1,27200
9144,U260529-04882,UM-BT-010,1,78800
9145,U260529-04882,UM-AC-002,1,62400
9146,U260529-04882,UM-SH-004,1,114300
9147,U260808-04883,UM-AC-007,1,10900
9148,U260515-04884,UM-SH-024,1,128800
9149,U260515-04884,UM-TS-017,1,47300
9150,U260515-04884,UM-TS-015,1,15400
9151,U260810-04885,UM-OT-014,1,131100
9152,U260715-04886,UM-TS-016,1,56900
9153,U260715-04886,UM-SH-020,1,228700
9154,U260717-04887,UM-TS-010,1,30900
9155,U260717-04887,UM-BT-023,1,94500
9156,U260511-04888,UM-TS-012,1,45000
9157,U260511-04888,UM-TS-025,2,54700
9158,U260718-04889,UM-OT-011,1,57800
9159,U260615-04890,UM-TS-029,1,40600
9160,U260615-04890,UM-TS-032,2,35600
9161,U230929-04891,UM-SH-024,1,121300
9162,U230929-04891,UM-BT-014,3,69300
9163,U230929-04891,UM-TS-017,1,44300
9164,U260114-04892,UM-SH-022,2,124800
9165,U260114-04892,UM-BT-019,1,26700
9166,U260305-04893,UM-OT-011,1,68100
9167,U260305-04893,UM-SH-005,1,89400
9168,U250603-04894,UM-BT-022,1,65200
9169,U250603-04894,UM-AC-014,2,28300
9170,U251108-04895,UM-TS-029,1,40500
9171,U240916-04896,UM-TS-001,1,45600
9172,U260522-04897,UM-BT-011,1,80100
9173,U260522-04897,UM-OT-025,1,373600
9174,U251120-04898,UM-BT-009,1,63000
9175,U260328-04899,UM-BT-021,1,74100
9176,U260817-04900,UM-AC-029,1,10100
9177,U260817-04900,UM-SH-016,1,153900
9178,U260531-04901,UM-AC-020,1,78000
9179,U260421-04902,UM-TS-015,1,17500
9180,U250319-04903,UM-BT-021,1,70400
9181,U250319-04903,UM-SH-015,1,80200
9182,U250319-04903,UM-SH-019,1,164800
9183,U250704-04904,UM-OT-004,1,235600
9184,U250704-04904,UM-AC-015,1,53000
9185,U241108-04905,UM-BT-015,1,90800
9186,U240615-04906,UM-SH-009,1,153900
9187,U260708-04907,UM-TS-007,1,49900
9188,U251009-04908,UM-SH-023,1,77800
9189,U250727-04909,UM-TS-016,3,78200
9190,U250727-04909,UM-SH-008,1,206600
9191,U260421-04910,UM-BT-024,1,43900
9192,U260421-04910,UM-OT-022,1,256300
9193,U260901-04911,UM-BT-018,1,64000
9194,U260902-04912,UM-TS-037,1,23500
9195,U260821-04913,UM-TS-012,1,46200
9196,U260831-04914,UM-SH-010,1,163600
9197,U260825-04915,UM-BT-016,2,104800
9198,U260825-04915,UM-TS-037,1,24500
9199,U260623-04916,UM-TS-003,1,64300
9200,U260623-04916,UM-AC-029,1,13000
9201,U260823-04917,UM-OT-024,1,357600
9202,U260823-04917,UM-TS-034,1,61700
9203,U260823-04917,UM-TS-002,1,32700
9204,U260528-04918,UM-TS-005,1,41700
9205,U260525-04919,UM-SH-022,1,121300
9206,U260525-04919,UM-TS-015,1,15700
9207,U260525-04919,UM-TS-036,1,46300
9208,U260812-04920,UM-BT-018,1,60500
9209,U260816-04921,UM-TS-011,1,85700
9210,U260617-04922,UM-BT-001,1,42700
9211,U260627-04923,UM-AC-019,1,47000
9212,U260627-04923,UM-SH-020,1,182500
9213,U260627-04923,UM-OT-024,1,358400
9214,U260627-04923,UM-TS-022,1,34000
9215,U260627-04923,UM-TS-006,1,61800
9216,U260803-04924,UM-AC-017,2,22900
9217,U240724-04925,UM-TS-015,1,16900
9218,U230531-04926,UM-OT-001,2,347500
9219,U230531-04926,UM-AC-007,2,10100
9220,U230531-04926,UM-OT-021,1,128200
9221,U260630-04927,UM-TS-015,1,15900
9222,U260630-04927,UM-OT-015,1,86800
9223,U260409-04928,UM-TS-016,2,63000
9224,U260409-04928,UM-TS-019,2,66100
9225,U260317-04929,UM-TS-007,1,48800
9226,U250524-04930,UM-BT-020,1,71400
9227,U250701-04931,UM-BT-013,1,92500
9228,U250701-04931,UM-TS-005,1,37600
9229,U260402-04932,UM-TS-010,1,32000
9230,U260402-04932,UM-AC-014,1,27500
9231,U260402-04932,UM-SH-017,1,143200
9232,U260402-04932,UM-AC-018,1,48600
9233,U260510-04933,UM-TS-003,1,62300
9234,U260510-04933,UM-BT-017,2,38900
9235,U251223-04934,UM-BT-021,2,74500
9236,U250315-04935,UM-TS-001,2,50400
9237,U260410-04936,UM-SH-018,2,198400
9238,U251004-04937,UM-SH-003,1,158000
9239,U251004-04937,UM-TS-006,1,75500
9240,U251004-04937,UM-SH-007,1,84800
9241,U251004-04937,UM-BT-012,1,51400
9242,U251004-04937,UM-TS-028,2,61500
9243,U260408-04938,UM-AC-005,1,30600
9244,U260726-04939,UM-TS-013,1,17600
9245,U260227-04940,UM-BT-022,1,58900
9246,U260401-04941,UM-TS-027,2,70200
9247,U260401-04941,UM-SH-006,1,244600
9248,U260124-04942,UM-AC-001,1,57300
9249,U251102-04943,UM-TS-023,1,23200
9250,U251102-04943,UM-BT-023,3,84400
9251,U251102-04943,UM-AC-009,1,75700
9252,U251128-04944,UM-BT-003,1,51000
9253,U251229-04945,UM-TS-009,1,55100
9254,U251229-04945,UM-OT-009,1,279700
9255,U251229-04945,UM-TS-022,1,44300
9256,U241123-04946,UM-BT-010,1,107900
9257,U241123-04946,UM-TS-016,2,65200
9258,U260621-04947,UM-BT-019,1,29500
9259,U260421-04948,UM-OT-018,1,325100
9260,U260421-04948,UM-SH-012,1,141000
9261,U260421-04948,UM-BT-010,1,94700
9262,U260421-04948,UM-OT-015,2,87000
9263,U250827-04949,UM-OT-024,2,369700
9264,U250618-04950,UM-SH-017,1,157100
9265,U250618-04950,UM-TS-009,1,59500
9266,U250618-04950,UM-BT-024,1,42500
9267,U251227-04951,UM-AC-028,1,33700
9268,U251227-04951,UM-TS-026,1,34100
9269,U240622-04952,UM-SH-007,1,100500
9270,U240622-04952,UM-BT-004,1,48000
9271,U260603-04953,UM-BT-023,1,104100
9272,U260603-04953,UM-AC-018,1,52700
9273,U260603-04953,UM-SH-019,1,135300
9274,U260626-04954,UM-OT-014,1,130600
9275,U260326-04955,UM-OT-017,2,291300
9276,U260326-04955,UM-AC-030,1,13300
9277,U260326-04955,UM-TS-025,1,52800
9278,U260326-04955,UM-BT-007,1,76800
9279,U260806-04956,UM-SH-005,1,67800
9280,U260829-04957,UM-BT-022,1,69000
9281,U260829-04957,UM-BT-014,1,68200
9282,U260615-04958,UM-TS-028,1,74900
9283,U260615-04958,UM-TS-036,1,38300
9284,U260615-04958,UM-TS-027,1,72500
9285,U260615-04958,UM-BT-018,1,60700
9286,U260627-04959,UM-BT-007,1,90100
9287,U260728-04960,UM-TS-028,1,66700
9288,U260701-04961,UM-AC-025,1,62400
9289,U260713-04962,UM-BT-002,1,61600
9290,U260810-04963,UM-AC-002,1,74500
9291,U260818-04964,UM-TS-034,1,64900
9292,U260818-04964,UM-BT-016,1,81700
9293,U260818-04964,UM-TS-007,1,37100
9294,U260727-04965,UM-TS-001,1,40500
9295,U260727-04965,UM-SH-014,1,97400
9296,U260825-04966,UM-BT-002,1,68000
9297,U260825-04966,UM-SH-020,1,222000
9298,U260825-04966,UM-SH-017,1,115200
9299,U260802-04967,UM-SH-003,1,145000
9300,U260802-04967,UM-BT-014,1,69000
9301,U260816-04968,UM-SH-023,1,98900
9302,U260725-04969,UM-BT-017,1,42700
9303,U260725-04969,UM-TS-009,1,50600
9304,U260725-04969,UM-TS-022,1,40800
9305,U260729-04970,UM-AC-017,1,23400
9306,U260729-04970,UM-BT-002,1,62600
9307,U260818-04971,UM-BT-007,1,79100
9308,U260818-04971,UM-TS-019,1,87900
9309,U260805-04972,UM-OT-019,3,163400
9310,U260804-04973,UM-TS-002,1,31500
9311,U260804-04973,UM-BT-023,1,102100
9312,U260824-04974,UM-AC-028,1,40800
9313,U260824-04974,UM-OT-021,1,123500
9314,U260824-04974,UM-TS-025,1,50800
9315,U260726-04975,UM-BT-010,2,100600
9316,U260726-04975,UM-BT-023,1,93700
9317,U260726-04975,UM-TS-032,1,36500
9318,U260726-04975,UM-SH-018,1,197900
9319,U260726-04975,UM-TS-029,2,52400
9320,U260902-04976,UM-AC-009,1,73700
9321,U241119-04977,UM-TS-032,1,42800
9322,U241119-04977,UM-TS-007,1,44700
9323,U241119-04977,UM-TS-027,2,73300
9324,U250220-04978,UM-AC-009,1,58400
9325,U250220-04978,UM-AC-019,1,52600
9326,U250220-04978,UM-TS-027,1,83900
9327,U260903-04979,UM-BT-009,2,53400
9328,U260903-04979,UM-TS-008,1,57800
9329,U260520-04980,UM-SH-024,1,136000
9330,U241224-04981,UM-AC-009,1,58800
9331,U241224-04981,UM-BT-019,1,26800
9332,U240409-04982,UM-SH-017,1,128400
9333,U260805-04983,UM-BT-025,1,98300
9334,U260316-04984,UM-TS-012,1,44200
9335,U260316-04984,UM-SH-004,1,86700
9336,U260316-04984,UM-TS-022,1,43600
9337,U241012-04985,UM-TS-027,1,84600
9338,U250203-04986,UM-OT-007,1,96500
9339,U251202-04987,UM-BT-001,1,45100
9340,U251202-04987,UM-OT-017,2,284900
9341,U260814-04988,UM-OT-007,1,89100
9342,U260814-04988,UM-TS-020,1,43800
9343,U260814-04988,UM-SH-020,1,200500
9344,U260814-04988,UM-SH-020,1,207100
9345,U250318-04989,UM-AC-002,1,78200
9346,U250318-04989,UM-AC-015,3,53100
9347,U260514-04990,UM-AC-006,2,26900
9348,U260514-04990,UM-SH-017,1,157000
9349,U260514-04990,UM-BT-004,1,56800
9350,U260514-04990,UM-TS-033,1,50800
9351,U260115-04991,UM-BT-010,1,100000
9352,U260115-04991,UM-OT-025,1,326200
9353,U260205-04992,UM-TS-003,1,74300
9354,U260205-04992,UM-TS-014,3,48000
9355,U260422-04993,UM-BT-009,1,51100
9356,U260422-04993,UM-SH-021,1,177300
9357,U241218-04994,UM-TS-013,1,20900
9358,U260825-04995,UM-BT-002,1,61900
9359,U260821-04996,UM-BT-016,1,92200
9360,U260828-04997,UM-TS-007,1,46800
9361,U260828-04997,UM-AC-023,1,77200
9362,U260828-04997,UM-AC-015,1,45500
9363,U260828-04997,UM-BT-020,1,71200
9364,U260902-04998,UM-BT-001,1,43500
9365,U260815-04999,UM-TS-023,1,25900
9366,U260824-05000,UM-BT-021,2,65200
9367,U260831-05001,UM-TS-023,1,27300
9368,U260831-05001,UM-TS-004,2,41500
9369,U260828-05002,UM-TS-024,1,25900
9370,U260902-05003,UM-BT-010,1,79700
9371,U260902-05003,UM-TS-037,1,27700
9372,U260902-05003,UM-SH-002,1,223900
9373,U260828-05004,UM-TS-004,1,48800
9374,U260822-05005,UM-SH-001,1,125300
9375,U260822-05005,UM-OT-011,1,66800
9376,U260828-05006,UM-SH-021,1,169900
9377,U240914-05007,UM-TS-026,1,35400
9378,U240914-05007,UM-TS-036,1,38100
9379,U240914-05007,UM-OT-016,1,105200
9380,U240914-05007,UM-SH-014,1,78000
9381,U260213-05008,UM-AC-002,3,81800
9382,U260213-05008,UM-BT-004,1,56300
9383,U260213-05008,UM-TS-020,1,33000
9384,U260213-05008,UM-SH-015,3,100300
9385,U251112-05009,UM-TS-034,1,50100
9386,U260705-05010,UM-OT-011,1,71900
9387,U260705-05010,UM-TS-034,1,54400
9388,U260723-05011,UM-TS-017,1,54100
9389,U260723-05011,UM-OT-008,1,254400
9390,U260723-05011,UM-BT-002,1,77200
9391,U260723-05011,UM-AC-008,2,16400
9392,U260715-05012,UM-BT-017,1,33000
9393,U260715-05012,UM-TS-011,1,61800
9394,U260715-05012,UM-TS-021,1,48700
9395,U260802-05013,UM-BT-012,3,59800
9396,U260802-05013,UM-SH-023,1,107600
9397,U260802-05013,UM-BT-023,1,113600
9398,U260802-05013,UM-TS-032,1,35000
9399,U260802-05013,UM-SH-007,1,74500
9400,U260808-05014,UM-BT-001,1,40900
9401,U260808-05014,UM-TS-036,1,52300
9402,U260728-05015,UM-BT-014,1,63600
9403,U260815-05016,UM-OT-007,1,87100
9404,U260809-05017,UM-TS-030,1,69300
9405,U260813-05018,UM-AC-007,1,12300
9406,U260813-05018,UM-BT-025,1,104800
9407,U250419-05019,UM-AC-023,1,83500
9408,U250419-05019,UM-OT-010,1,212400
9409,U250707-05020,UM-AC-012,1,36500
9410,U250707-05020,UM-BT-012,1,48300
9411,U250720-05021,UM-TS-032,1,37500
9412,U250720-05021,UM-TS-008,1,52800
9413,U250720-05021,UM-BT-016,1,97200
9414,U250821-05022,UM-OT-002,1,331400
9415,U250821-05022,UM-AC-002,2,80200
9416,U250821-05022,UM-AC-005,1,33300
9417,U250506-05023,UM-AC-025,1,59400
9418,U251219-05024,UM-TS-028,1,62300
9419,U251219-05024,UM-OT-020,1,143100
9420,U251219-05024,UM-TS-020,2,34400
9421,U260824-05025,UM-TS-032,1,33600
9422,U240212-05026,UM-BT-010,1,93900
9423,U240228-05027,UM-AC-017,1,24400
9424,U250918-05028,UM-BT-012,3,51900
9425,U250918-05028,UM-TS-031,1,24300
9426,U250703-05029,UM-SH-012,1,181100
9427,U250703-05029,UM-SH-009,1,135100
9428,U250703-05029,UM-SH-018,1,212000
9429,U260826-05030,UM-OT-011,3,68600
9430,U260405-05031,UM-OT-011,3,63800
9431,U250624-05032,UM-OT-005,1,142300
9432,U250624-05032,UM-TS-029,1,49800
9433,U250624-05032,UM-TS-037,1,32000
9434,U251228-05033,UM-BT-008,1,71100
9435,U260526-05034,UM-TS-020,1,37000
9436,U260807-05035,UM-BT-003,3,61300
9437,U260514-05036,UM-TS-036,1,49200
9438,U250916-05037,UM-TS-004,1,37000
9439,U250916-05037,UM-AC-014,1,31800
9440,U250916-05037,UM-OT-016,1,132200
9441,U260305-05038,UM-BT-019,1,28100
9442,U260305-05038,UM-TS-013,1,18500
9443,U260305-05038,UM-BT-013,1,97600
9444,U260821-05039,UM-BT-020,1,64700
9445,U260821-05039,UM-SH-002,2,207900
9446,U260414-05040,UM-BT-022,1,65900
9447,U251130-05041,UM-OT-015,1,96200
9448,U241003-05042,UM-BT-012,1,54900
9449,U260713-05043,UM-TS-024,1,21600
9450,U260519-05044,UM-BT-002,1,62000
9451,U260519-05044,UM-TS-008,3,62900
9452,U260519-05044,UM-TS-023,1,22200
9453,U260624-05045,UM-OT-009,1,296900
9454,U260624-05045,UM-TS-022,1,47200
9455,U260821-05046,UM-AC-017,1,21800
9456,U260901-05047,UM-BT-020,3,79500
9457,U260901-05047,UM-BT-023,3,89000
9458,U260821-05048,UM-SH-003,1,182600
9459,U260821-05048,UM-SH-007,1,75200
9460,U260609-05049,UM-TS-020,1,38000
9461,U260609-05049,UM-OT-001,1,364200
9462,U260609-05049,UM-TS-025,1,45800
9463,U250406-05050,UM-BT-024,1,42300
9464,U250406-05050,UM-AC-026,1,52600
9465,U251108-05051,UM-AC-023,1,71700
9466,U260809-05052,UM-TS-017,1,48200
9467,U260809-05052,UM-TS-034,1,53500
9468,U260809-05052,UM-AC-024,1,41500
9469,U260809-05052,UM-TS-032,1,41000
9470,U260411-05053,UM-SH-014,1,91000
9471,U260411-05053,UM-BT-023,1,87500
9472,U251113-05054,UM-OT-011,1,76600
9473,U260710-05055,UM-SH-010,1,171600
9474,U260710-05055,UM-TS-031,1,26100
9475,U250516-05056,UM-SH-005,1,86800
9476,U250515-05057,UM-TS-006,1,63300
9477,U250515-05057,UM-OT-001,1,344100
9478,U250515-05057,UM-BT-006,1,58800
9479,U260607-05058,UM-BT-020,1,90700
9480,U260607-05058,UM-TS-033,1,49300
9481,U260607-05058,UM-AC-006,1,26100
9482,U251229-05059,UM-BT-013,1,110400
9483,U260202-05060,UM-BT-019,1,35100
9484,U260202-05060,UM-TS-022,1,42200
9485,U250704-05061,UM-BT-004,1,52600
9486,U250704-05061,UM-BT-001,1,42300
9487,U260723-05062,UM-TS-034,1,53300
9488,U260804-05063,UM-SH-023,3,105400
9489,U260804-05063,UM-BT-022,1,67600
9490,U251205-05064,UM-TS-029,1,40200
9491,U251205-05064,UM-SH-022,1,134500
9492,U251205-05064,UM-SH-017,1,139500
9493,U251016-05065,UM-BT-012,1,62100
9494,U251016-05065,UM-TS-007,1,42800
9495,U251016-05065,UM-OT-002,3,258900
9496,U260601-05066,UM-BT-004,1,42700
9497,U260601-05066,UM-BT-018,2,76800
9498,U251109-05067,UM-SH-017,1,123900
9499,U250813-05068,UM-BT-008,1,65300
9500,U250813-05068,UM-TS-032,1,41800
9501,U250813-05068,UM-AC-019,3,62200
9502,U251115-05069,UM-OT-011,1,60000
9503,U250323-05070,UM-BT-021,1,71500
9504,U250323-05070,UM-BT-024,1,51000
9505,U250323-05070,UM-BT-021,1,65200
9506,U250323-05070,UM-TS-026,1,44900
9507,U250323-05070,UM-BT-020,1,71400
9508,U260820-05071,UM-AC-002,1,67200
9509,U260820-05071,UM-OT-017,1,263300
9510,U260820-05071,UM-AC-023,1,72700
9511,U260413-05072,UM-TS-026,2,35100
9512,U260407-05073,UM-SH-019,1,170800
9513,U260407-05073,UM-BT-022,1,77600
9514,U260407-05073,UM-TS-036,1,39100
9515,U260407-05073,UM-TS-007,1,48100
9516,U260813-05074,UM-BT-001,1,36500
9517,U260813-05074,UM-TS-031,1,24100
9518,U260813-05074,UM-AC-025,1,82000
9519,U260813-05074,UM-AC-027,1,61500
9520,U251002-05075,UM-AC-020,1,65200
9521,U251002-05075,UM-AC-010,1,56800
9522,U251001-05076,UM-AC-016,2,34400
9523,U251001-05076,UM-TS-014,1,49300
9524,U251001-05076,UM-TS-012,1,42600
9525,U251004-05077,UM-AC-028,1,39200
9526,U251004-05077,UM-SH-007,1,97800
9527,U260721-05078,UM-AC-010,1,43600
9528,U260903-05079,UM-TS-008,1,55700
9529,U260606-05080,UM-TS-009,1,48400
9530,U260606-05080,UM-AC-025,1,82100
9531,U250624-05081,UM-SH-003,1,158600
9532,U250624-05081,UM-SH-003,1,188300
9533,U250624-05081,UM-BT-008,1,79200
9534,U260426-05082,UM-BT-013,1,126700
9535,U260426-05082,UM-TS-017,1,55700
9536,U251001-05083,UM-AC-023,2,66000
9537,U260219-05084,UM-OT-009,2,260000
9538,U260219-05084,UM-SH-019,1,171400
9539,U260718-05085,UM-BT-004,2,47300
9540,U260718-05085,UM-SH-014,1,85200
9541,U251223-05086,UM-AC-011,1,64200
9542,U260623-05087,UM-OT-025,1,379900
9543,U260623-05087,UM-TS-029,1,41700
9544,U260209-05088,UM-TS-018,1,81200
9545,U260819-05089,UM-TS-019,1,73000
9546,U260819-05089,UM-OT-025,2,369900
9547,U260819-05089,UM-SH-009,1,124400
9548,U250811-05090,UM-BT-007,1,99400
9549,U260529-05091,UM-SH-003,1,174200
9550,U260529-05091,UM-BT-020,1,76500
9551,U260529-05091,UM-TS-021,3,46000
9552,U260529-05091,UM-TS-020,1,44500
9553,U260529-05091,UM-TS-019,1,85100
9554,U241201-05092,UM-OT-003,1,238800
9555,U241201-05092,UM-SH-003,1,187400
9556,U251014-05093,UM-TS-027,2,84000
9557,U251014-05093,UM-BT-001,1,39000
9558,U251014-05093,UM-BT-019,1,33400
9559,U260817-05094,UM-TS-019,1,84800
9560,U251114-05095,UM-OT-010,1,194200
9561,U251114-05095,UM-BT-007,2,103500
9562,U251114-05095,UM-AC-026,1,60100
9563,U260518-05096,UM-BT-013,1,96500
9564,U241231-05097,UM-TS-007,1,37400
9565,U250505-05098,UM-AC-017,1,28200
9566,U250505-05098,UM-OT-022,2,245700
9567,U250505-05098,UM-BT-011,1,83000
9568,U250505-05098,UM-BT-011,1,65300
9569,U250126-05099,UM-AC-007,1,11200
9570,U260727-05100,UM-BT-025,1,103200
9571,U260727-05100,UM-SH-003,1,198100
9572,U260727-05100,UM-BT-025,2,82200
9573,U260304-05101,UM-AC-012,1,39800
9574,U260820-05102,UM-OT-022,1,236500
9575,U260820-05102,UM-BT-005,2,111500
9576,U260406-05103,UM-AC-012,1,37000
9577,U260406-05103,UM-TS-015,1,18000
9578,U250425-05104,UM-SH-004,1,101000
9579,U250425-05104,UM-TS-022,2,47500
9580,U260824-05105,UM-OT-009,1,349100
9581,U260824-05105,UM-BT-015,1,86600
9582,U260818-05106,UM-AC-019,1,61300
9583,U260125-05107,UM-BT-006,1,64200
9584,U260125-05107,UM-AC-016,2,26700
9585,U260125-05107,UM-AC-005,1,33500
9586,U260125-05107,UM-BT-004,2,52800
9587,U260125-05107,UM-TS-018,1,80400
9588,U250902-05108,UM-OT-005,1,201700
9589,U250902-05108,UM-SH-021,1,181400
9590,U260107-05109,UM-BT-007,1,73300
9591,U260701-05110,UM-AC-007,3,13100
9592,U260701-05110,UM-SH-020,2,194300
9593,U260701-05110,UM-TS-022,1,44600
9594,U260703-05111,UM-SH-009,1,142300
9595,U260618-05112,UM-OT-008,1,215800
9596,U260618-05112,UM-TS-034,1,57300
9597,U260618-05112,UM-SH-020,1,204300
9598,U260618-05112,UM-OT-004,1,202700
9599,U260304-05113,UM-AC-024,1,53600
9600,U250726-05114,UM-AC-026,1,57000
9601,U250628-05115,UM-SH-022,1,135400
9602,U250628-05115,UM-TS-032,1,39700
9603,U250628-05115,UM-AC-013,2,42200
9604,U260510-05116,UM-OT-018,1,350400
9605,U260510-05116,UM-SH-004,1,88500
9606,U251024-05117,UM-TS-029,2,48200
9607,U260502-05118,UM-TS-006,1,80900
9608,U260502-05118,UM-TS-035,1,16900
9609,U260502-05118,UM-BT-021,1,91500
9610,U260308-05119,UM-SH-023,1,95900
9611,U260308-05119,UM-TS-023,2,30800
9612,U251120-05120,UM-OT-014,1,126600
9613,U251120-05120,UM-SH-016,1,149900
9614,U251120-05120,UM-TS-033,1,41600
9615,U260827-05121,UM-OT-005,1,149200
9616,U260827-05121,UM-TS-030,1,63400
9617,U260827-05121,UM-BT-012,3,50100
9618,U260127-05122,UM-OT-017,2,290600
9619,U260127-05122,UM-AC-007,1,10400
9620,U260127-05122,UM-TS-011,2,64100
9621,U260401-05123,UM-SH-012,1,167100
9622,U260401-05123,UM-BT-008,1,65900
9623,U260401-05123,UM-SH-017,1,151500
9624,U260401-05123,UM-OT-011,1,68500
9625,U251123-05124,UM-TS-005,1,47300
9626,U260519-05125,UM-SH-017,1,124200
9627,U260519-05125,UM-SH-017,1,149000
9628,U260519-05125,UM-OT-015,1,104100
9629,U250722-05126,UM-TS-029,1,42400
9630,U260128-05127,UM-TS-006,1,83100
9631,U250921-05128,UM-BT-002,2,77400
9632,U260321-05129,UM-BT-014,1,66600
9633,U260321-05129,UM-BT-004,1,43500
9634,U251113-05130,UM-OT-016,1,106100
9635,U260321-05131,UM-AC-011,1,71800
9636,U260321-05131,UM-TS-022,1,36400
9637,U241226-05132,UM-BT-008,3,78000
9638,U241226-05132,UM-BT-006,1,46300
9639,U241226-05132,UM-TS-028,1,70400
9640,U241226-05132,UM-TS-006,1,84700
9641,U260711-05133,UM-AC-024,1,53500
9642,U260830-05134,UM-TS-036,1,39800
9643,U260830-05134,UM-BT-002,1,63300
9644,U260709-05135,UM-TS-025,2,53400
9645,U260730-05136,UM-TS-005,1,47600
9646,U260730-05136,UM-AC-001,1,59200
9647,U260730-05136,UM-AC-030,1,10100
9648,U260721-05137,UM-TS-014,2,46500
9649,U260721-05137,UM-TS-035,1,21400
9650,U260721-05137,UM-TS-005,1,42500
9651,U250503-05138,UM-SH-010,1,174400
9652,U230908-05139,UM-BT-004,1,44600
9653,U230908-05139,UM-BT-011,1,79400
9654,U230908-05139,UM-OT-016,1,113500
9655,U230908-05139,UM-AC-029,2,12800
9656,U240612-05140,UM-TS-012,2,45400
9657,U240612-05140,UM-AC-020,1,88000
9658,U240612-05140,UM-BT-010,1,90800
9659,U240612-05140,UM-AC-020,2,65400
9660,U240612-05140,UM-TS-009,1,47800
9661,U251215-05141,UM-SH-009,1,124100
9662,U251215-05141,UM-AC-012,1,36700
9663,U251215-05141,UM-TS-030,1,67400
9664,U251215-05141,UM-BT-008,2,66300
9665,U251215-05141,UM-AC-003,1,11900
9666,U240815-05142,UM-OT-010,1,183300
9667,U240815-05142,UM-TS-030,1,66200
9668,U240815-05142,UM-OT-012,1,183900
9669,U240112-05143,UM-SH-009,1,116300
9670,U240112-05143,UM-AC-007,3,12100
9671,U240112-05143,UM-TS-034,1,54700
9672,U250829-05144,UM-OT-013,1,135500
9673,U250608-05145,UM-TS-032,1,39300
9674,U260220-05146,UM-TS-007,1,46300
9675,U250719-05147,UM-TS-011,1,79800
9676,U260522-05148,UM-BT-009,1,64800
9677,U260522-05148,UM-OT-018,3,318200
9678,U251011-05149,UM-BT-020,3,87700
9679,U251011-05149,UM-TS-022,1,42500
9680,U251011-05149,UM-SH-001,1,93800
9681,U260709-05150,UM-BT-007,2,92000
9682,U260709-05150,UM-TS-016,1,69200
9683,U260829-05151,UM-SH-007,1,85000
9684,U260406-05152,UM-OT-020,1,169300
9685,U260406-05152,UM-TS-018,1,69400
9686,U260406-05152,UM-OT-010,2,222800
9687,U260426-05153,UM-TS-030,1,68100
9688,U260426-05153,UM-OT-023,1,276200
9689,U260426-05153,UM-AC-030,1,12100
9690,U260426-05153,UM-TS-034,1,56600
9691,U260712-05154,UM-OT-008,1,265100
9692,U250409-05155,UM-AC-016,1,26900
9693,U250815-05156,UM-SH-006,3,175600
9694,U250815-05156,UM-OT-021,1,157900
9695,U250815-05156,UM-BT-011,1,78500
9696,U260417-05157,UM-AC-024,1,41700
9697,U260417-05157,UM-AC-023,1,75900
9698,U250620-05158,UM-SH-005,1,80400
9699,U250620-05158,UM-BT-007,1,98100
9700,U260209-05159,UM-OT-001,1,372400
9701,U260209-05159,UM-SH-018,1,179000
9702,U260209-05159,UM-OT-011,1,69800
9703,U260815-05160,UM-BT-005,1,103400
9704,U260815-05160,UM-TS-033,1,46100
9705,U260815-05160,UM-OT-011,1,64000
9706,U260815-05160,UM-TS-015,1,16600
9707,U260705-05161,UM-OT-017,1,277300
9708,U260712-05162,UM-SH-008,1,155400
9709,U260712-05162,UM-AC-014,1,31500
9710,U260712-05162,UM-TS-012,1,34700
9711,U260826-05163,UM-BT-016,1,113500
9712,U260826-05163,UM-BT-014,1,64700
9713,U260801-05164,UM-OT-001,1,292800
9714,U260801-05164,UM-TS-034,1,63600
9715,U260826-05165,UM-AC-015,1,55600
9716,U260817-05166,UM-TS-030,1,70400
9717,U260629-05167,UM-SH-009,1,141500
9718,U260826-05168,UM-AC-023,1,62900
9719,U260826-05168,UM-OT-022,1,197200
9720,U260818-05169,UM-AC-020,1,86000
9721,U260818-05169,UM-OT-005,1,157600
9722,U260816-05170,UM-TS-035,1,22500
9723,U260816-05170,UM-BT-021,1,75200
9724,U260825-05171,UM-TS-033,1,48700
9725,U260901-05172,UM-OT-016,1,139100
9726,U260901-05172,UM-BT-025,2,101400
9727,U260104-05173,UM-BT-006,1,64700
9728,U260408-05174,UM-OT-003,2,254000
9729,U260430-05175,UM-OT-026,3,98300
9730,U251130-05176,UM-TS-021,1,43400
9731,U251130-05176,UM-BT-019,1,33200
9732,U251212-05177,UM-BT-016,1,91600
9733,U260729-05178,UM-AC-001,1,61700
9734,U260729-05178,UM-OT-023,2,317500
9735,U251201-05179,UM-TS-005,1,47000
9736,U260714-05180,UM-TS-008,1,52800
9737,U240905-05181,UM-SH-018,1,174400
9738,U240905-05181,UM-BT-002,1,67400
9739,U250114-05182,UM-TS-030,1,77900
9740,U250114-05182,UM-TS-033,2,47400
9741,U250114-05182,UM-SH-016,1,133100
9742,U250711-05183,UM-SH-001,1,113400
9743,U260526-05184,UM-SH-013,1,206300
9744,U260526-05184,UM-BT-019,1,33800
9745,U260807-05185,UM-BT-014,1,67700
9746,U260807-05185,UM-TS-012,1,34700
9747,U260807-05185,UM-OT-006,1,293700
9748,U260829-05186,UM-BT-005,1,101100
9749,U260813-05187,UM-BT-005,1,106500
9750,U260828-05188,UM-SH-020,1,173800
9751,U260828-05188,UM-TS-033,1,48300
9752,U260828-05188,UM-TS-007,1,44200
9753,U260828-05189,UM-OT-011,1,64100
9754,U260310-05190,UM-SH-003,1,201900
9755,U260310-05190,UM-TS-028,1,75300
9756,U260330-05191,UM-OT-007,1,97000
9757,U260705-05192,UM-SH-003,1,186500
9758,U260116-05193,UM-AC-025,3,65900
9759,U260116-05193,UM-OT-025,1,283300
9760,U251229-05194,UM-TS-010,1,32500
9761,U260519-05195,UM-AC-009,1,74200
9762,U260519-05195,UM-AC-005,2,36200
9763,U260519-05195,UM-BT-010,1,103000
9764,U260530-05196,UM-BT-003,1,64200
9765,U250720-05197,UM-TS-020,1,39500
9766,U260615-05198,UM-BT-017,1,38500
9767,U260615-05198,UM-TS-020,3,33900
9768,U260615-05198,UM-SH-008,1,197200
9769,U260615-05199,UM-AC-023,1,60900
9770,U260314-05200,UM-TS-026,1,31800
9771,U260314-05200,UM-TS-003,2,61400
9772,U260610-05201,UM-TS-009,1,53800
9773,U260810-05202,UM-SH-015,2,93700
9774,U260310-05203,UM-SH-006,1,208400
9775,U260310-05203,UM-BT-022,1,76100
9776,U260525-05204,UM-TS-023,1,29300
9777,U260525-05204,UM-BT-024,2,41500
9778,U260525-05204,UM-TS-025,1,59500
9779,U260525-05204,UM-BT-016,1,104800
9780,U250610-05205,UM-TS-036,2,43100
9781,U260427-05206,UM-BT-014,1,67100
9782,U251102-05207,UM-TS-004,1,38500
9783,U251102-05207,UM-BT-022,1,66600
9784,U241111-05208,UM-TS-033,1,49100
9785,U251031-05209,UM-BT-010,1,88100
9786,U260619-05210,UM-SH-021,1,168300
9787,U260217-05211,UM-TS-035,1,20800
9788,U260217-05211,UM-AC-010,3,59300
9789,U260217-05211,UM-OT-022,1,235300
9790,U260217-05211,UM-BT-020,2,68600
9791,U250109-05212,UM-BT-006,1,46200
9792,U250428-05213,UM-TS-033,1,40500
9793,U260714-05214,UM-BT-004,1,50500
9794,U260707-05215,UM-BT-003,1,69400
9795,U260707-05215,UM-SH-008,1,182300
9796,U260419-05216,UM-AC-025,1,83400
9797,U260419-05216,UM-AC-018,3,45800
9798,U260823-05217,UM-AC-009,1,67400
9799,U260616-05218,UM-BT-012,1,60500
9800,U260616-05218,UM-TS-033,1,48500
9801,U260616-05218,UM-OT-012,1,208200
9802,U260616-05218,UM-SH-012,1,171200
9803,U260824-05219,UM-BT-016,1,85800
9804,U260725-05220,UM-TS-032,2,43200
9805,U260815-05221,UM-AC-015,1,62600
9806,U260815-05221,UM-OT-002,1,276700
9807,U260615-05222,UM-SH-003,1,166700
9808,U260615-05222,UM-SH-016,1,131500
9809,U260615-05222,UM-TS-032,1,36800
9810,U260615-05222,UM-AC-026,1,62500
9811,U260826-05223,UM-AC-030,1,13100
9812,U260513-05224,UM-TS-017,2,41300
9813,U260523-05225,UM-BT-006,1,53200
9814,U260717-05226,UM-OT-001,1,266500
9815,U260809-05227,UM-OT-006,1,272100
9816,U260629-05228,UM-OT-003,2,327100
9817,U260629-05228,UM-TS-015,1,14400
9818,U260629-05228,UM-OT-008,1,230900
9819,U250717-05229,UM-AC-031,1,72800
9820,U250718-05230,UM-SH-007,3,89200
9821,U260304-05231,UM-TS-003,1,74100
9822,U260824-05232,UM-SH-018,1,212700
9823,U260409-05233,UM-TS-030,1,71800
9824,U260409-05233,UM-TS-022,1,43600
9825,U260409-05233,UM-BT-014,1,58400
9826,U260409-05233,UM-AC-019,1,59200
9827,U260409-05233,UM-TS-018,1,80000
9828,U251020-05234,UM-TS-007,1,47300
9829,U260428-05235,UM-BT-016,1,108900
9830,U260428-05235,UM-BT-020,2,78400
9831,U260209-05236,UM-BT-008,1,85400
9832,U260209-05236,UM-TS-018,1,73000
9833,U260209-05236,UM-TS-004,1,44400
9834,U260109-05237,UM-BT-017,1,42500
9835,U260109-05237,UM-TS-019,1,69200
9836,U260104-05238,UM-AC-014,1,23200
9837,U250904-05239,UM-OT-008,1,197500
9838,U250904-05239,UM-BT-006,1,62400
9839,U250904-05239,UM-AC-030,1,11000
9840,U260621-05240,UM-TS-030,2,69000
9841,U260621-05240,UM-BT-025,1,79200
9842,U260625-05241,UM-TS-035,1,22800
9843,U260625-05241,UM-OT-012,1,162100
9844,U260101-05242,UM-BT-004,2,44600
9845,U260101-05242,UM-BT-002,3,56100
9846,U260811-05243,UM-OT-009,1,293900
9847,U260705-05244,UM-AC-012,1,49200
9848,U260705-05244,UM-AC-006,1,25600
9849,U260117-05245,UM-TS-026,3,43200
9850,U260305-05246,UM-AC-020,1,68000
9851,U260305-05246,UM-OT-004,1,199800
9852,U260305-05246,UM-BT-005,1,97500
9853,U260429-05247,UM-BT-003,1,65300
9854,U260802-05248,UM-SH-020,1,204800
9855,U260312-05249,UM-AC-007,1,12100
9856,U260822-05250,UM-OT-009,1,345100
9857,U260103-05251,UM-AC-027,1,63000
9858,U260103-05251,UM-BT-009,1,61000
9859,U260222-05252,UM-BT-001,1,48000
9860,U260613-05253,UM-AC-031,1,55100
9861,U260613-05253,UM-BT-018,1,56400
9862,U260701-05254,UM-OT-011,1,70800
9863,U250816-05255,UM-TS-024,1,23300
9864,U250816-05255,UM-OT-001,1,370600
9865,U250816-05255,UM-SH-022,1,113300
9866,U260321-05256,UM-TS-014,1,40500
9867,U250822-05257,UM-BT-002,1,58900
9868,U250822-05257,UM-OT-011,1,73600
9869,U260813-05258,UM-AC-005,1,36200
9870,U260813-05258,UM-TS-035,1,20500
9871,U260828-05259,UM-AC-026,1,53400
9872,U260729-05260,UM-TS-013,1,22600
9873,U260516-05261,UM-BT-021,1,66200
9874,U260516-05261,UM-AC-009,3,75500
9875,U260516-05261,UM-OT-005,2,143900
9876,U260516-05261,UM-SH-005,1,75300
9877,U260408-05262,UM-SH-022,1,110000
9878,U260503-05263,UM-TS-017,1,46600
9879,U260220-05264,UM-TS-012,1,41100
9880,U250807-05265,UM-TS-014,1,54000
9881,U260705-05266,UM-AC-010,2,54200
9882,U260705-05266,UM-BT-002,1,77400
9883,U260705-05266,UM-BT-005,1,85000
9884,U260705-05266,UM-BT-023,2,106300
9885,U240406-05267,UM-TS-002,1,36100
9886,U240406-05267,UM-OT-009,3,289300
9887,U240406-05267,UM-TS-021,1,47000
9888,U240408-05268,UM-BT-015,1,90300
9889,U240408-05268,UM-SH-024,1,118900
9890,U251229-05269,UM-OT-018,1,274000
9891,U260203-05270,UM-TS-011,1,83600
9892,U260203-05270,UM-TS-018,1,65000
9893,U260203-05270,UM-AC-008,1,15800
9894,U260302-05271,UM-AC-018,1,44700
9895,U260302-05271,UM-BT-002,1,54800
9896,U260302-05271,UM-OT-013,1,139200
9897,U260414-05272,UM-AC-029,1,10700
9898,U260414-05272,UM-BT-020,1,70400
9899,U260412-05273,UM-BT-009,1,60100
9900,U260412-05273,UM-OT-003,1,250000
9901,U260429-05274,UM-AC-021,1,22700
9902,U260213-05275,UM-BT-017,1,40900
9903,U250826-05276,UM-TS-005,1,49600
9904,U250826-05276,UM-TS-037,2,24300
9905,U250826-05276,UM-AC-024,1,53900
9906,U241202-05277,UM-TS-008,1,49500
9907,U241202-05277,UM-BT-007,1,99900
9908,U251125-05278,UM-BT-021,1,76900
9909,U251125-05278,UM-TS-014,2,49100
9910,U260221-05279,UM-SH-012,1,180500
9911,U260114-05280,UM-TS-021,1,44100
9912,U260212-05281,UM-BT-018,1,70800
9913,U260212-05281,UM-OT-015,1,98400
9914,U260212-05281,UM-BT-013,1,110300
9915,U260212-05281,UM-BT-005,1,95800
9916,U260716-05282,UM-OT-024,1,373800
9917,U260716-05282,UM-OT-013,1,127300
9918,U260120-05283,UM-OT-018,2,326700
9919,U260120-05283,UM-TS-028,1,80300
9920,U260120-05283,UM-TS-034,2,59600
9921,U251225-05284,UM-TS-003,2,58900
9922,U251225-05284,UM-BT-016,2,103300
9923,U251225-05284,UM-TS-006,1,66100
9924,U260519-05285,UM-SH-002,1,204400
9925,U260513-05286,UM-BT-019,3,26700
9926,U260728-05287,UM-OT-021,1,143700
9927,U260728-05287,UM-TS-019,1,74300
9928,U260728-05287,UM-BT-016,1,107400
9929,U260728-05287,UM-OT-016,1,132500
9930,U251024-05288,UM-TS-033,1,40000
9931,U260328-05289,UM-BT-004,1,52200
9932,U260328-05289,UM-SH-007,1,82600
9933,U260814-05290,UM-OT-009,1,319100
9934,U260814-05290,UM-TS-006,1,69500
9935,U260629-05291,UM-TS-001,1,45900
9936,U260629-05291,UM-SH-014,1,88500
9937,U260215-05292,UM-TS-012,1,41200
9938,U260209-05293,UM-OT-007,1,100700
9939,U260209-05293,UM-OT-022,1,235400
9940,U260209-05293,UM-BT-005,1,91900
9941,U260720-05294,UM-SH-008,1,209000
9942,U260327-05295,UM-BT-019,2,27100
9943,U260426-05296,UM-BT-016,1,99500
9944,U260426-05296,UM-AC-018,2,38300
9945,U260426-05296,UM-BT-003,1,60200
9946,U260408-05297,UM-BT-007,1,100000
9947,U260408-05297,UM-TS-008,1,50100
9948,U260725-05298,UM-SH-006,1,210400
9949,U260725-05298,UM-TS-002,1,33700
9950,U260228-05299,UM-TS-002,2,39500
9951,U260228-05299,UM-OT-022,1,251600
9952,U260424-05300,UM-OT-014,1,133000
9953,U260424-05300,UM-OT-007,1,113300
9954,U260424-05300,UM-TS-013,2,19900
9955,U260421-05301,UM-TS-035,1,16900
9956,U260421-05301,UM-SH-006,1,178500
9957,U260121-05302,UM-OT-014,1,143500
9958,U230728-05303,UM-BT-023,1,110600
9959,U230504-05304,UM-TS-034,1,47600
9960,U230504-05304,UM-TS-037,2,28900
9961,U230504-05304,UM-TS-031,1,33900
9962,U231005-05305,UM-OT-018,1,378900
9963,U260826-05306,UM-AC-004,1,11700
9964,U260826-05306,UM-BT-009,1,63900
9965,U260825-05307,UM-OT-023,1,287400
9966,U260825-05307,UM-SH-018,2,212300
9967,U260825-05307,UM-AC-020,1,69700
9968,U260830-05308,UM-TS-007,1,41300
9969,U260830-05309,UM-SH-014,1,100700
9970,U260618-05310,UM-BT-019,1,28500
9971,U260315-05311,UM-AC-019,1,52200
9972,U260305-05312,UM-TS-005,3,40300
9973,U260305-05312,UM-OT-022,1,237100
9974,U250601-05313,UM-AC-013,1,47400
9975,U250601-05313,UM-TS-003,1,67800
9976,U250601-05313,UM-OT-007,1,80600
9977,U250601-05313,UM-OT-022,1,233200
9978,U260808-05314,UM-BT-025,1,87000
9979,U260817-05315,UM-TS-036,1,47600
9980,U260309-05316,UM-BT-020,2,80400
9981,U260309-05316,UM-OT-018,2,368800
9982,U260309-05316,UM-AC-018,1,46200
9983,U260309-05316,UM-BT-021,1,79500
9984,U260219-05317,UM-TS-036,1,49400
9985,U260219-05317,UM-TS-030,1,63500
9986,U251021-05318,UM-TS-021,1,39000
9987,U260204-05319,UM-BT-017,1,40500
9988,U250707-05320,UM-SH-021,1,150400
9989,U250707-05320,UM-TS-013,1,20800
9990,U250707-05320,UM-BT-010,2,96800
9991,U260706-05321,UM-BT-012,1,57300
9992,U260706-05321,UM-SH-013,1,193800
9993,U240114-05322,UM-BT-025,1,105600
9994,U240415-05323,UM-AC-023,1,74700
9995,U240415-05323,UM-OT-014,1,156200
9996,U250214-05324,UM-AC-002,3,78500
9997,U260711-05325,UM-BT-010,1,83800
9998,U260711-05325,UM-SH-021,2,150100
9999,U260711-05325,UM-AC-001,1,51400
10000,U260319-05326,UM-SH-020,1,191400
10001,U260319-05326,UM-OT-019,1,146300
10002,U250309-05327,UM-OT-010,1,224300
10003,U250309-05327,UM-TS-008,1,46000
10004,U260711-05328,UM-TS-030,1,74200
10005,U251101-05329,UM-SH-001,1,119800
10006,U250217-05330,UM-TS-014,1,50300
10007,U260731-05331,UM-TS-019,1,69100
10008,U250708-05332,UM-TS-032,1,39700
10009,U231108-05333,UM-SH-005,1,66300
10010,U250321-05334,UM-OT-024,1,360600
10011,U240304-05335,UM-TS-029,1,39600
10012,U240304-05335,UM-BT-023,1,91200
10013,U260811-05336,UM-BT-013,2,122200
10014,U260605-05337,UM-BT-007,1,93200
10015,U260605-05337,UM-TS-036,1,51000
10016,U260608-05338,UM-TS-012,1,37500
10017,U260608-05338,UM-TS-027,1,63200
10018,U260903-05339,UM-TS-031,1,26300
10019,U260903-05339,UM-TS-001,1,51600
10020,U260903-05339,UM-BT-007,1,94400
10021,U260903-05340,UM-BT-009,3,55800
10022,U260903-05340,UM-BT-022,1,79400
10023,U260902-05341,UM-TS-022,1,46300
10024,U260902-05341,UM-BT-012,1,58800
10025,U260829-05342,UM-BT-023,1,112100
10026,U260806-05343,UM-TS-021,3,46400
10027,U260811-05344,UM-AC-019,1,52500
10028,U260618-05345,UM-SH-001,1,109600
10029,U260526-05346,UM-BT-020,3,67500
10030,U260526-05346,UM-AC-022,1,18400
10031,U260804-05347,UM-TS-018,1,62800
10032,U260809-05348,UM-OT-002,1,337500
10033,U260601-05349,UM-BT-013,2,97300
10034,U260601-05349,UM-SH-004,1,102200
10035,U260810-05350,UM-AC-011,1,64600
10036,U260810-05350,UM-TS-032,1,40800
10037,U260623-05351,UM-TS-011,1,86000
10038,U260820-05352,UM-TS-019,2,75800
10039,U260812-05353,UM-BT-016,2,100300
10040,U260812-05353,UM-TS-034,1,57200
10041,U260812-05353,UM-OT-019,1,200700
10042,U260710-05354,UM-TS-033,1,49100
10043,U260812-05355,UM-TS-003,2,71100
10044,U260812-05355,UM-TS-035,1,22000
10045,U260812-05355,UM-TS-027,1,86600
10046,U260601-05356,UM-BT-025,1,104600
10047,U260601-05356,UM-TS-024,1,21100
10048,U260601-05356,UM-BT-004,1,57700
10049,U260601-05356,UM-BT-024,1,48000
10050,U260601-05356,UM-OT-026,1,115000
10051,U260901-05357,UM-TS-017,3,49100
10052,U260901-05357,UM-AC-011,1,70800
10053,U260805-05358,UM-TS-010,1,24600
10054,U260805-05358,UM-BT-009,1,62600
10055,U260620-05359,UM-AC-010,1,53500
10056,U260705-05360,UM-OT-016,2,124800
10057,U260705-05360,UM-TS-036,1,46200
10058,U260705-05360,UM-TS-027,3,64300
10059,U260412-05361,UM-OT-021,1,149300
10060,U260412-05361,UM-SH-004,1,96000
10061,U260701-05362,UM-TS-035,1,19700
10062,U260701-05362,UM-SH-019,2,157000
10063,U260701-05362,UM-BT-020,1,82200
10064,U260701-05362,UM-OT-005,1,199900
10065,U260529-05363,UM-SH-015,2,80800
10066,U260529-05363,UM-TS-024,1,18300
10067,U260529-05363,UM-TS-003,1,74800
10068,U260416-05364,UM-BT-001,1,38600
10069,U260416-05364,UM-AC-031,1,75200
10070,U260416-05364,UM-BT-022,1,80000
10071,U260809-05365,UM-TS-036,1,51300
10072,U260809-05365,UM-TS-037,1,31100
10073,U260320-05366,UM-BT-011,1,76000
10074,U260320-05366,UM-TS-036,1,37700
10075,U260425-05367,UM-TS-019,1,75200
10076,U260425-05367,UM-TS-015,1,17400
10077,U260425-05367,UM-AC-011,1,75500
10078,U260425-05367,UM-TS-027,1,85900
10079,U260425-05367,UM-SH-020,1,173900
10080,U260819-05368,UM-SH-021,1,134000
10081,U260819-05368,UM-TS-014,2,46600
10082,U260521-05369,UM-TS-033,1,50400
10083,U260818-05370,UM-TS-025,1,57400
10084,U260511-05371,UM-SH-024,1,114500
10085,U260815-05372,UM-BT-024,3,43400
10086,U260419-05373,UM-AC-003,1,15300
10087,U260419-05373,UM-BT-017,1,33300
10088,U260419-05373,UM-BT-022,1,67400
10089,U260419-05373,UM-BT-007,1,82800
10090,U260302-05374,UM-TS-009,1,66800
10091,U260405-05375,UM-SH-015,1,104200
10092,U260620-05376,UM-TS-017,1,54200
10093,U260620-05376,UM-AC-005,1,36000
10094,U260620-05376,UM-TS-013,1,23500
10095,U260620-05376,UM-TS-006,1,85800
10096,U260620-05376,UM-OT-026,2,102500
10097,U260107-05377,UM-AC-007,2,11700
10098,U260106-05378,UM-OT-024,2,300300
10099,U241019-05379,UM-TS-024,1,22300
10100,U251121-05380,UM-OT-016,2,108400
10101,U251121-05380,UM-BT-005,2,92200
10102,U251121-05380,UM-OT-009,2,295000
10103,U250209-05381,UM-SH-017,1,157200
10104,U250209-05381,UM-TS-001,3,40900
10105,U260618-05382,UM-TS-011,1,71500
10106,U260618-05382,UM-BT-005,1,94800
10107,U260618-05382,UM-AC-028,1,35500
10108,U260723-05383,UM-TS-013,1,18300
10109,U260723-05383,UM-TS-022,1,39300
10110,U260828-05384,UM-TS-002,1,41100
10111,U260901-05385,UM-BT-009,1,62500
10112,U260822-05386,UM-SH-003,1,154700
10113,U260822-05386,UM-TS-026,1,40500
10114,U260822-05386,UM-OT-011,1,69700
10115,U260804-05387,UM-BT-004,1,55500
10116,U260629-05388,UM-BT-022,1,60300
10117,U251023-05389,UM-BT-017,1,39900
10118,U251023-05389,UM-TS-024,1,20800
10119,U260413-05390,UM-BT-008,1,81800
10120,U260109-05391,UM-BT-021,1,90900
10121,U250720-05392,UM-BT-017,2,33900
10122,U250720-05392,UM-OT-022,1,194200
10123,U241003-05393,UM-AC-001,1,51800
10124,U241003-05393,UM-BT-020,1,75000
10125,U250127-05394,UM-BT-024,1,41300
10126,U250127-05394,UM-OT-005,1,195800
10127,U230523-05395,UM-AC-013,1,47300
10128,U250125-05396,UM-TS-020,1,44900
10129,U250125-05396,UM-BT-025,1,108400
10130,U260902-05397,UM-SH-007,1,86200
10131,U260902-05397,UM-OT-016,2,102500
10132,U260902-05397,UM-SH-001,1,107300
10133,U260902-05397,UM-AC-006,1,20000
10134,U260516-05398,UM-AC-029,1,12500
10135,U251211-05399,UM-TS-020,1,34100
10136,U251211-05399,UM-OT-024,1,358800
10137,U260704-05400,UM-SH-017,1,139100
10138,U260704-05400,UM-TS-016,1,62300
10139,U260108-05401,UM-SH-018,2,194100
10140,U260108-05401,UM-SH-014,1,77800
10141,U260108-05401,UM-AC-022,1,17000
10142,U260108-05402,UM-TS-018,1,69900
10143,U260108-05402,UM-OT-013,1,172300
10144,U260307-05403,UM-TS-036,1,37300
10145,U260307-05403,UM-BT-004,1,54600
10146,U260118-05404,UM-TS-037,1,28700
10147,U260118-05404,UM-OT-016,1,119500
10148,U260601-05405,UM-SH-002,1,181500
10149,U251129-05406,UM-AC-005,1,36000
10150,U251129-05406,UM-TS-017,1,41500
10151,U241024-05407,UM-SH-008,1,157300
10152,U260710-05408,UM-OT-009,1,328900
10153,U260515-05409,UM-TS-012,1,46000
10154,U260406-05410,UM-TS-025,1,51100
10155,U260406-05410,UM-AC-027,1,61400
10156,U260406-05410,UM-SH-024,1,125800
10157,U260724-05411,UM-SH-015,1,98500
10158,U260724-05411,UM-TS-025,1,48600
10159,U260814-05412,UM-BT-007,2,84700
10160,U260814-05412,UM-SH-006,1,226900
10161,U260611-05413,UM-TS-028,1,86100
10162,U260611-05413,UM-AC-019,1,58400
10163,U260621-05414,UM-OT-012,1,216200
10164,U260621-05414,UM-BT-005,1,111400
10165,U260621-05414,UM-AC-024,1,40500
10166,U231114-05415,UM-AC-028,2,32400
10167,U231224-05416,UM-SH-015,3,95700
10168,U231224-05416,UM-TS-003,1,76800
10169,U231224-05416,UM-SH-003,3,175100
10170,U231224-05416,UM-TS-003,1,77500
10171,U231224-05416,UM-AC-007,2,11000
10172,U240102-05417,UM-AC-012,1,47500
10173,U240102-05417,UM-SH-023,2,84600
10174,U260507-05418,UM-OT-007,1,100100
10175,U260105-05419,UM-BT-019,2,27400
10176,U260105-05419,UM-OT-023,1,327600
10177,U260820-05420,UM-TS-028,1,81500
10178,U260820-05420,UM-BT-017,1,34800
10179,U260820-05420,UM-AC-004,2,15700
10180,U260102-05421,UM-OT-014,1,141900
10181,U260102-05421,UM-TS-029,1,40400
10182,U260102-05421,UM-TS-011,1,65300
10183,U250318-05422,UM-OT-020,1,160000
10184,U250318-05422,UM-BT-022,1,69100
10185,U250318-05422,UM-TS-033,1,37500
10186,U250318-05422,UM-TS-015,2,18200
10187,U260803-05423,UM-TS-024,1,25900
10188,U260515-05424,UM-OT-002,1,288100
10189,U260518-05425,UM-TS-019,1,85100
10190,U260518-05426,UM-AC-025,1,73600
10191,U260518-05426,UM-BT-025,1,94000
10192,U260518-05426,UM-BT-009,1,63000
10193,U260518-05426,UM-BT-003,1,50500
10194,U260518-05426,UM-TS-022,1,33600
10195,U260119-05427,UM-BT-012,1,57600
10196,U260119-05427,UM-TS-023,1,28400
10197,U260729-05428,UM-TS-014,1,46800
10198,U260202-05429,UM-BT-009,1,57000
10199,U260117-05430,UM-BT-003,1,55900
10200,U260117-05430,UM-BT-003,1,50200
10201,U260323-05431,UM-TS-035,1,20400
10202,U260323-05431,UM-BT-001,1,35600
10203,U260725-05432,UM-AC-004,1,13700
10204,U260616-05433,UM-TS-036,1,43000
10205,U260616-05433,UM-TS-035,1,20900
10206,U260616-05433,UM-BT-003,2,69100
10207,U260706-05434,UM-SH-008,1,187700
10208,U260421-05435,UM-TS-010,1,33600
10209,U260421-05435,UM-TS-020,1,39700
10210,U260421-05435,UM-TS-027,1,78300
10211,U260421-05435,UM-OT-003,1,317700
10212,U260726-05436,UM-AC-010,1,58100
10213,U251211-05437,UM-BT-019,1,32700
10214,U260903-05438,UM-SH-009,1,155400
10215,U251203-05439,UM-BT-017,1,40700
10216,U260103-05440,UM-TS-037,1,29100
10217,U260103-05440,UM-SH-008,1,158600
10218,U260103-05440,UM-OT-015,1,88200
10219,U260127-05441,UM-AC-004,2,12400
10220,U260602-05442,UM-TS-029,1,53600
10221,U230712-05443,UM-OT-002,1,251800
10222,U230712-05443,UM-AC-014,1,26300
10223,U251101-05444,UM-TS-031,1,27800
10224,U250802-05445,UM-OT-008,1,254200
10225,U260608-05446,UM-OT-018,1,382700
10226,U260830-05447,UM-SH-016,2,128900
10227,U260113-05448,UM-SH-015,1,83800
10228,U260113-05448,UM-BT-008,1,76800
10229,U260528-05449,UM-TS-020,1,31800
10230,U260528-05449,UM-OT-011,1,78300
10231,U260715-05450,UM-TS-001,1,49300
10232,U260715-05450,UM-SH-007,1,86800
10233,U260714-05451,UM-SH-002,2,231800
10234,U260714-05451,UM-OT-013,1,156500
10235,U260408-05452,UM-AC-022,1,19000
10236,U260408-05452,UM-BT-005,1,94900
10237,U260227-05453,UM-OT-012,1,181800
10238,U260509-05454,UM-AC-023,3,78100
10239,U260509-05454,UM-TS-017,2,51700
10240,U260509-05454,UM-AC-009,1,74200
10241,U260103-05455,UM-SH-023,1,92000
10242,U260103-05455,UM-SH-003,3,148300
10243,U251020-05456,UM-BT-007,1,95900
10244,U251020-05456,UM-SH-018,1,180700
10245,U251020-05456,UM-BT-015,1,79400
10246,U260125-05457,UM-TS-037,1,29500
10247,U260125-05457,UM-TS-036,1,44600
10248,U250716-05458,UM-AC-002,1,62000
10249,U250716-05458,UM-SH-011,1,113100
10250,U250619-05459,UM-BT-001,1,35600
10251,U250619-05459,UM-TS-032,1,38200
10252,U260715-05460,UM-BT-012,2,65200
10253,U260715-05460,UM-SH-007,1,99400
10254,U260715-05460,UM-TS-014,1,55000
10255,U250214-05461,UM-BT-022,1,61600
10256,U250203-05462,UM-AC-008,3,17500
10257,U260621-05463,UM-SH-019,1,171700
10258,U240918-05464,UM-TS-022,1,48000
10259,U240918-05464,UM-TS-011,3,73600
10260,U240918-05464,UM-TS-016,1,70700
10261,U260122-05465,UM-TS-014,1,50600
10262,U260807-05466,UM-TS-033,1,42300
10263,U260807-05466,UM-BT-012,1,65300
10264,U260624-05467,UM-TS-009,1,47200
10265,U260624-05467,UM-AC-012,1,45700
10266,U260624-05467,UM-SH-016,1,152700
10267,U260822-05468,UM-TS-022,1,38400
10268,U251211-05469,UM-TS-011,1,70400
10269,U251211-05469,UM-OT-018,1,287900
10270,U251227-05470,UM-TS-033,1,40800
10271,U251227-05470,UM-BT-024,1,39200
10272,U251227-05470,UM-TS-008,1,49000
10273,U250926-05471,UM-OT-009,1,310600
10274,U251121-05472,UM-BT-017,1,35300
10275,U251121-05472,UM-TS-034,1,61700
10276,U240314-05473,UM-TS-019,1,72300
10277,U240314-05473,UM-TS-034,1,55600
10278,U240508-05474,UM-TS-015,1,14900
10279,U240508-05474,UM-BT-001,1,47200
10280,U240508-05474,UM-TS-027,1,68600
10281,U260206-05475,UM-BT-016,1,102500
10282,U260601-05476,UM-BT-023,1,85600
10283,U260601-05476,UM-SH-005,1,67100
10284,U260725-05477,UM-AC-002,1,79700
10285,U260524-05478,UM-SH-024,2,113700
10286,U260524-05478,UM-AC-020,1,64600
10287,U260820-05479,UM-OT-019,1,164700
10288,U260820-05479,UM-SH-024,1,125100
10289,U260820-05479,UM-TS-018,1,59300
10290,U260825-05480,UM-TS-012,1,34200
10291,U260512-05481,UM-TS-012,1,39000
10292,U260512-05481,UM-BT-022,1,74800
10293,U260623-05482,UM-AC-016,1,34100
10294,U260829-05483,UM-TS-032,1,37400
10295,U260818-05484,UM-SH-023,2,90400
10296,U260818-05484,UM-BT-001,1,46600
10297,U260818-05484,UM-TS-018,1,67600
10298,U260729-05485,UM-SH-011,1,109800
10299,U260729-05485,UM-TS-012,1,34400
10300,U260729-05485,UM-TS-004,1,48600
10301,U260708-05486,UM-OT-010,1,200500
10302,U260803-05487,UM-AC-025,1,64200
10303,U260520-05488,UM-AC-014,1,23100
10304,U260821-05489,UM-SH-006,1,237100
10305,U260821-05489,UM-BT-002,1,66100
10306,U260821-05489,UM-TS-022,1,44200
10307,U260813-05490,UM-OT-008,1,267200
10308,U260813-05491,UM-OT-007,1,93600
10309,U260827-05492,UM-TS-035,1,16300
10310,U240628-05493,UM-TS-032,1,34300
10311,U250616-05494,UM-SH-004,1,94800
10312,U250319-05495,UM-TS-001,1,49600
10313,U250319-05495,UM-BT-025,1,79500
10314,U250319-05495,UM-SH-024,3,101300
10315,U260226-05496,UM-SH-008,1,161900
10316,U251229-05497,UM-TS-011,1,64900
10317,U251229-05497,UM-TS-002,1,43700
10318,U251229-05497,UM-SH-023,1,93900
10319,U251229-05497,UM-SH-012,3,152400
10320,U251229-05497,UM-AC-004,1,15400
10321,U260606-05498,UM-BT-018,1,70400
10322,U260606-05498,UM-TS-036,1,39300
10323,U250802-05499,UM-BT-021,1,82900
10324,U250802-05499,UM-SH-018,1,176000
10325,U250802-05499,UM-OT-024,1,277200
10326,U250802-05499,UM-SH-008,2,211900
10327,U260324-05500,UM-TS-003,1,61300
10328,U260324-05500,UM-AC-020,3,66200
10329,U260411-05501,UM-BT-025,1,78000
10330,U260610-05502,UM-SH-021,1,155800
10331,U260610-05502,UM-TS-018,1,78300
10332,U260803-05503,UM-TS-030,1,68200
10333,U260803-05503,UM-TS-029,1,49600
10334,U260803-05503,UM-BT-003,1,54800
10335,U251215-05504,UM-TS-014,1,42500
10336,U251215-05504,UM-TS-025,1,55300
10337,U251215-05504,UM-SH-024,1,115900
10338,U251215-05504,UM-BT-016,1,92200
10339,U251215-05504,UM-TS-015,1,14500
10340,U250913-05505,UM-BT-022,1,61000
10341,U260720-05506,UM-TS-011,1,72400
10342,U260720-05506,UM-OT-018,1,321100
10343,U260720-05506,UM-BT-015,1,77400
10344,U260720-05506,UM-AC-019,2,60000
10345,U260720-05506,UM-SH-001,1,98000
10346,U260526-05507,UM-AC-017,1,24500
10347,U260526-05507,UM-TS-005,1,37200
10348,U260729-05508,UM-TS-026,1,41500
10349,U260729-05508,UM-AC-010,1,54200
10350,U260717-05509,UM-SH-016,1,127500
10351,U260717-05509,UM-BT-022,1,76000
10352,U260630-05510,UM-BT-004,1,50400
10353,U260529-05511,UM-TS-001,2,40300
10354,U260830-05512,UM-BT-016,1,98300
10355,U260830-05512,UM-BT-023,1,106200
10356,U260628-05513,UM-TS-034,1,60500
10357,U251007-05514,UM-AC-031,1,74100
10358,U251007-05514,UM-BT-008,1,66900
10359,U251007-05514,UM-AC-016,1,27600
10360,U251009-05515,UM-SH-022,1,140400
10361,U260822-05516,UM-BT-018,1,59200
10362,U260601-05517,UM-OT-014,1,126000
10363,U260601-05517,UM-AC-016,1,32300
10364,U250803-05518,UM-TS-027,1,64500
10365,U260106-05519,UM-BT-001,1,48300
10366,U250216-05520,UM-SH-020,1,181700
10367,U260107-05521,UM-TS-005,1,44300
10368,U260105-05522,UM-TS-001,1,45900
10369,U260105-05522,UM-BT-015,1,106000
10370,U260423-05523,UM-TS-015,2,19800
10371,U260423-05523,UM-TS-028,1,79500
10372,U260531-05524,UM-TS-021,3,52300
10373,U260531-05524,UM-SH-021,1,174400
10374,U260826-05525,UM-OT-026,1,96900
10375,U260826-05525,UM-TS-028,1,77900
10376,U260625-05526,UM-TS-030,1,65700
10377,U260625-05526,UM-AC-024,1,52000
10378,U260619-05527,UM-TS-011,1,87400
10379,U260619-05527,UM-AC-005,1,36500
10380,U260812-05528,UM-BT-007,1,90900
10381,U260812-05528,UM-BT-003,1,54100
10382,U260812-05528,UM-AC-023,1,66900
10383,U260812-05528,UM-TS-030,1,76200
10384,U260706-05529,UM-AC-019,1,61700
10385,U260104-05530,UM-SH-012,1,182700
10386,U260104-05530,UM-SH-019,1,152600
10387,U260104-05530,UM-TS-008,1,45900
10388,U260517-05531,UM-TS-035,3,21400
10389,U260404-05532,UM-OT-009,1,326800
10390,U260404-05532,UM-TS-008,2,58800
10391,U260404-05532,UM-SH-010,1,157300
10392,U260719-05533,UM-TS-032,1,35800
10393,U260719-05533,UM-TS-006,2,81400
10394,U260704-05534,UM-BT-003,1,69700
10395,U260704-05534,UM-TS-016,1,67000
10396,U250810-05535,UM-TS-003,1,62700
10397,U250810-05535,UM-BT-017,1,31400
10398,U250810-05535,UM-BT-009,1,56900
10399,U250810-05535,UM-OT-018,1,301900
10400,U250810-05535,UM-TS-002,1,39800
10401,U260721-05536,UM-BT-022,1,69500
10402,U260716-05537,UM-TS-006,1,75500
10403,U260727-05538,UM-BT-005,1,104600
10404,U260727-05538,UM-OT-008,3,276600
10405,U260727-05539,UM-AC-012,1,45300
10406,U260821-05540,UM-BT-003,2,49500
10407,U260705-05541,UM-BT-017,1,43800
10408,U260705-05541,UM-SH-008,1,156600
10409,U250219-05542,UM-BT-009,1,53100
10410,U230810-05543,UM-BT-013,1,110100
10411,U230810-05543,UM-TS-016,1,62200
10412,U240101-05544,UM-SH-010,1,160900
10413,U241126-05545,UM-TS-006,2,81400
10414,U260610-05546,UM-AC-027,1,69000
10415,U260610-05546,UM-SH-012,1,142600
10416,U260331-05547,UM-SH-024,1,111500
10417,U260331-05547,UM-OT-004,3,240000
10418,U260331-05547,UM-SH-023,1,95100
10419,U240624-05548,UM-TS-014,1,42300
10420,U260406-05549,UM-OT-006,2,297700
10421,U260406-05549,UM-SH-009,1,140500
10422,U260406-05549,UM-BT-001,1,35800
10423,U260824-05550,UM-TS-031,1,33100
10424,U260719-05551,UM-OT-015,1,93400
10425,U260719-05551,UM-TS-008,2,50800
10426,U240913-05552,UM-TS-015,1,14300
10427,U240913-05552,UM-OT-001,1,318900
10428,U241012-05553,UM-SH-002,1,223700
10429,U241012-05553,UM-OT-021,2,126600
10430,U260811-05554,UM-TS-021,1,53400
10431,U260817-05555,UM-BT-015,1,91300
10432,U260820-05556,UM-AC-027,1,71500
10433,U260705-05557,UM-BT-003,2,55500
10434,U260705-05557,UM-TS-011,1,80800
10435,U260720-05558,UM-OT-012,1,168600
10436,U260720-05558,UM-SH-019,1,150200
10437,U260720-05558,UM-AC-013,1,42300
10438,U260902-05559,UM-TS-027,1,65500
10439,U260830-05560,UM-SH-017,1,114700
10440,U260725-05561,UM-OT-007,1,94800
10441,U260725-05561,UM-TS-007,1,47200
10442,U260519-05562,UM-TS-012,2,35600
10443,U250212-05563,UM-BT-009,2,59600
10444,U260401-05564,UM-BT-003,1,58800
10445,U260401-05564,UM-TS-014,1,44700
10446,U250604-05565,UM-SH-006,1,184400
10447,U250604-05565,UM-TS-002,1,31600
10448,U250604-05565,UM-OT-004,2,242500
10449,U251117-05566,UM-BT-023,1,98100
10450,U251117-05566,UM-BT-003,1,58200
10451,U260318-05567,UM-TS-022,1,42900
10452,U260318-05567,UM-SH-013,1,157800
10453,U260318-05567,UM-BT-023,1,97400
10454,U260610-05568,UM-OT-003,1,266400
10455,U250823-05569,UM-BT-016,1,106000
10456,U260618-05570,UM-OT-003,1,304700
10457,U260719-05571,UM-BT-013,1,115500
10458,U260516-05572,UM-BT-018,1,72800
10459,U260211-05573,UM-SH-006,1,220500
10460,U250309-05574,UM-OT-004,1,248700
10461,U250309-05574,UM-TS-013,1,22300
10462,U260417-05575,UM-TS-001,1,47300
10463,U260801-05576,UM-TS-015,1,16200
10464,U260801-05576,UM-OT-015,1,111500
10465,U260801-05576,UM-OT-008,1,213100
10466,U260801-05576,UM-BT-008,1,66300
10467,U260801-05576,UM-OT-016,1,131700
10468,U260321-05577,UM-BT-012,1,58800
10469,U260321-05577,UM-TS-026,1,38100
10470,U260321-05577,UM-TS-023,1,25800
10471,U260321-05577,UM-TS-007,1,43300
10472,U251225-05578,UM-BT-019,1,31500
10473,U251225-05578,UM-AC-020,1,63600
10474,U251225-05578,UM-BT-002,1,60200
10475,U251225-05578,UM-TS-009,2,55100
10476,U250817-05579,UM-SH-010,2,149000
10477,U260409-05580,UM-BT-006,2,48100
10478,U260826-05581,UM-BT-004,1,55700
10479,U260826-05581,UM-TS-030,2,64900
10480,U260817-05582,UM-BT-006,2,64500
10481,U260817-05582,UM-TS-007,2,48100
10482,U260710-05583,UM-BT-016,1,98900
10483,U260710-05583,UM-TS-028,1,61300
10484,U260710-05583,UM-BT-025,1,83000
10485,U260524-05584,UM-OT-022,1,200900
10486,U260524-05584,UM-BT-004,1,43800
10487,U260524-05584,UM-SH-020,1,212700
10488,U260702-05585,UM-AC-001,1,68200
10489,U260702-05586,UM-BT-008,1,72200
10490,U251212-05587,UM-BT-001,1,42700
10491,U260415-05588,UM-TS-031,2,25000
10492,U260311-05589,UM-OT-003,1,275900
10493,U260311-05589,UM-BT-008,1,65700
10494,U260311-05589,UM-SH-009,1,152100
10495,U260311-05589,UM-TS-035,2,17900
10496,U260510-05590,UM-TS-001,1,46600
10497,U251212-05591,UM-BT-021,1,92600
10498,U260628-05592,UM-SH-003,1,170200
10499,U260810-05593,UM-TS-014,2,41100
10500,U260810-05593,UM-TS-002,1,32000
10501,U260730-05594,UM-SH-009,1,125200
10502,U260820-05595,UM-AC-027,1,69700
10503,U260820-05595,UM-SH-017,1,121700
10504,U260820-05595,UM-TS-033,1,40700
10505,U260820-05595,UM-TS-031,1,31100
10506,U260813-05596,UM-TS-033,2,39300
10507,U260818-05597,UM-BT-018,1,75300
10508,U260822-05598,UM-SH-015,1,89500
10509,U260826-05599,UM-BT-016,1,110900
10510,U260826-05599,UM-TS-011,2,84100
10511,U260826-05599,UM-TS-032,1,35600
10512,U260826-05599,UM-TS-016,1,78100
10513,U260805-05600,UM-SH-018,2,229800
10514,U260805-05600,UM-TS-023,1,22200
10515,U260623-05601,UM-TS-015,1,15800
10516,U260725-05602,UM-BT-021,1,72600
10517,U260901-05603,UM-BT-023,1,105100
10518,U260901-05603,UM-AC-028,3,40800
10519,U260901-05603,UM-TS-010,1,31100
10520,U260525-05604,UM-BT-022,1,63400
10521,U260613-05605,UM-BT-004,1,50700
10522,U260613-05605,UM-OT-019,1,155700
10523,U251010-05606,UM-TS-036,1,40700
10524,U251010-05606,UM-TS-019,1,77800
10525,U251010-05606,UM-BT-014,1,69500
10526,U260815-05607,UM-BT-010,1,86700
10527,U260514-05608,UM-TS-015,1,16500
10528,U260409-05609,UM-SH-009,1,115300
10529,U260409-05609,UM-SH-005,1,67900
10530,U260902-05610,UM-TS-013,1,23400
10531,U260902-05610,UM-BT-018,1,74300
10532,U260815-05611,UM-OT-002,1,311600
10533,U260815-05611,UM-OT-006,1,288200
10534,U260328-05612,UM-SH-013,1,179000
10535,U260328-05612,UM-BT-011,1,75400
10536,U260609-05613,UM-TS-021,1,54000
10537,U260827-05614,UM-TS-006,1,71800
10538,U251107-05615,UM-SH-006,1,223100
10539,U251129-05616,UM-TS-036,1,47000
10540,U260422-05617,UM-SH-020,1,167100
10541,U260422-05617,UM-TS-001,1,44100
10542,U260706-05618,UM-BT-001,1,47200
10543,U260706-05618,UM-BT-004,1,45800
10544,U260706-05618,UM-SH-021,1,160500
10545,U260424-05619,UM-BT-004,2,52800
10546,U260121-05620,UM-BT-018,1,60900
10547,U250722-05621,UM-TS-011,1,68800
10548,U250324-05622,UM-OT-006,1,294400
10549,U250628-05623,UM-SH-006,1,173900
10550,U250628-05623,UM-BT-018,1,74400
10551,U250628-05623,UM-SH-005,1,80400
10552,U260307-05624,UM-AC-020,1,62600
10553,U260123-05625,UM-TS-002,1,33400
10554,U260123-05625,UM-AC-010,2,50400
10555,U250914-05626,UM-AC-011,1,67800
10556,U250914-05626,UM-SH-018,3,196300
10557,U250129-05627,UM-SH-011,1,126500
10558,U250129-05627,UM-BT-001,1,46800
10559,U250702-05628,UM-OT-020,1,158200
10560,U250702-05628,UM-TS-033,1,43300
10561,U250702-05628,UM-BT-001,1,46500
10562,U260208-05629,UM-SH-013,1,214200
10563,U260829-05630,UM-BT-011,1,61800
10564,U260609-05631,UM-TS-022,1,41600
10565,U260121-05632,UM-BT-016,1,93100
10566,U260121-05632,UM-AC-005,1,29600
10567,U250716-05633,UM-BT-012,1,55600
10568,U250906-05634,UM-TS-017,1,46800
10569,U250408-05635,UM-TS-007,1,35300
10570,U231224-05636,UM-TS-009,1,63100
10571,U250926-05637,UM-TS-011,2,79300
10572,U250926-05637,UM-TS-008,1,51800
10573,U250926-05637,UM-TS-033,1,45100
10574,U260424-05638,UM-AC-027,1,72600
10575,U260424-05638,UM-SH-012,1,193600
10576,U260628-05639,UM-TS-010,1,24900
10577,U260628-05639,UM-OT-019,1,152100
10578,U260628-05639,UM-TS-011,1,75300
10579,U260628-05639,UM-AC-006,1,23900
10580,U260707-05640,UM-AC-031,1,61200
10581,U250622-05641,UM-SH-005,1,89600
10582,U250622-05641,UM-SH-017,1,131300
10583,U260309-05642,UM-TS-006,1,60500
10584,U260618-05643,UM-TS-009,1,63000
10585,U260618-05643,UM-OT-024,1,290200
10586,U250722-05644,UM-AC-004,1,14900
10587,U250716-05645,UM-BT-005,2,93900
10588,U250716-05645,UM-TS-021,1,50700
10589,U260301-05646,UM-BT-017,1,32200
10590,U260620-05647,UM-SH-009,1,131300
10591,U260608-05648,UM-AC-022,2,19700
10592,U260608-05648,UM-TS-035,1,19700
10593,U260608-05648,UM-TS-019,2,76800
10594,U260424-05649,UM-AC-024,1,44700
10595,U260731-05650,UM-BT-015,1,89000
10596,U260731-05650,UM-BT-005,1,83600
10597,U260328-05651,UM-SH-023,1,77900
10598,U260328-05651,UM-BT-015,1,103800
10599,U260508-05652,UM-BT-003,1,63400
10600,U260508-05652,UM-BT-016,1,97900
10601,U260508-05652,UM-TS-025,3,51000
10602,U260325-05653,UM-AC-008,1,15700
10603,U251213-05654,UM-OT-019,1,163200
10604,U260307-05655,UM-BT-006,1,63000
10605,U250515-05656,UM-BT-002,1,75900
10606,U250515-05656,UM-SH-024,1,134800
10607,U250515-05656,UM-TS-002,1,39500
10608,U250515-05656,UM-TS-037,1,28000
10609,U250515-05656,UM-BT-022,1,67700
10610,U260125-05657,UM-TS-013,1,18700
10611,U260717-05658,UM-BT-001,2,36000
10612,U260717-05658,UM-AC-030,2,10300
10613,U260717-05658,UM-BT-025,1,78900
10614,U260717-05658,UM-TS-010,1,24700
10615,U260314-05659,UM-TS-028,1,74100
10616,U260314-05659,UM-BT-004,1,48000
10617,U260721-05660,UM-TS-022,2,41800
10618,U260721-05660,UM-SH-024,1,117700
10619,U260721-05660,UM-BT-024,1,51800
10620,U260306-05661,UM-AC-024,1,51600
10621,U260306-05661,UM-OT-013,1,155700
10622,U260215-05662,UM-BT-001,1,45400
10623,U260215-05662,UM-AC-019,1,58700
10624,U260215-05662,UM-TS-027,1,77000
10625,U250614-05663,UM-TS-029,1,50700
10626,U251203-05664,UM-BT-020,2,85000
10627,U250718-05665,UM-AC-017,1,25300
10628,U250718-05665,UM-BT-009,1,61000
10629,U250718-05665,UM-AC-025,1,65300
10630,U250718-05665,UM-TS-022,1,37600
10631,U260124-05666,UM-OT-023,1,325600
10632,U250511-05667,UM-AC-030,1,12400
10633,U250511-05667,UM-BT-025,1,88800
10634,U250708-05668,UM-SH-006,1,185400
10635,U250708-05668,UM-OT-004,1,195700
10636,U260713-05669,UM-OT-010,1,174800
10637,U260702-05670,UM-TS-023,2,21700
10638,U260702-05670,UM-SH-015,1,85900
10639,U260702-05670,UM-TS-005,1,41700
10640,U260509-05671,UM-SH-020,1,171100
10641,U260509-05671,UM-AC-004,1,13600
10642,U251128-05672,UM-AC-010,1,52900
10643,U251128-05672,UM-BT-009,1,60500
10644,U251103-05673,UM-TS-007,1,39300
10645,U251103-05673,UM-TS-017,1,55500
10646,U260330-05674,UM-SH-004,2,110200
10647,U241021-05675,UM-TS-030,1,78200
10648,U260508-05676,UM-BT-006,1,52600
10649,U241029-05677,UM-BT-019,1,36500
10650,U241029-05677,UM-TS-022,1,41200
10651,U231206-05678,UM-OT-017,1,265800
10652,U231206-05678,UM-OT-024,2,316700
10653,U250721-05679,UM-BT-012,2,61000
10654,U260727-05680,UM-TS-032,2,41500
10655,U260813-05681,UM-TS-008,3,59000
10656,U260813-05681,UM-SH-016,1,130400
10657,U260714-05682,UM-TS-020,1,38200
10658,U260714-05682,UM-BT-005,1,108200
10659,U260726-05683,UM-SH-021,1,148100
10660,U260726-05683,UM-BT-004,1,47200
10661,U250828-05684,UM-BT-018,1,71200
10662,U250828-05684,UM-TS-033,1,45000
10663,U250830-05685,UM-TS-016,1,62900
10664,U260614-05686,UM-OT-021,1,142600
10665,U260805-05687,UM-BT-017,1,36500
10666,U260805-05687,UM-SH-016,1,153200
10667,U260805-05687,UM-TS-015,1,14300
10668,U260426-05688,UM-BT-013,1,92700
10669,U260712-05689,UM-AC-002,1,78000
10670,U260813-05690,UM-TS-023,1,26700
10671,U260813-05690,UM-OT-007,1,96500
10672,U260813-05690,UM-OT-012,1,157200
10673,U260312-05691,UM-AC-016,1,25300
10674,U260825-05692,UM-SH-010,1,170900
10675,U260716-05693,UM-TS-027,1,74000
10676,U260716-05693,UM-AC-031,1,70400
10677,U260716-05693,UM-AC-006,1,20800
10678,U260716-05693,UM-SH-013,1,173700
10679,U260313-05694,UM-AC-017,1,27100
10680,U260619-05695,UM-SH-003,1,169800
10681,U260501-05696,UM-AC-027,1,70400
10682,U260501-05696,UM-BT-008,1,81600
10683,U260501-05696,UM-TS-030,1,73400
10684,U260805-05697,UM-TS-022,1,44000
10685,U260805-05697,UM-TS-002,1,33000
10686,U260426-05698,UM-AC-025,1,76100
10687,U260426-05698,UM-TS-011,1,78800
10688,U260426-05698,UM-BT-001,2,40500
10689,U260815-05699,UM-AC-012,2,43900
10690,U260815-05699,UM-BT-010,1,78400
10691,U260815-05699,UM-TS-005,1,46900
10692,U260815-05699,UM-SH-014,1,98200
10693,U260815-05699,UM-SH-002,1,200900
10694,U260902-05700,UM-TS-021,1,43200
10695,U260902-05700,UM-TS-010,1,33500
10696,U260902-05700,UM-BT-009,3,50000
10697,U260502-05701,UM-TS-004,1,44500
10698,U260502-05701,UM-OT-010,3,184500
10699,U260426-05702,UM-TS-014,1,49300
10700,U260208-05703,UM-TS-025,1,64200
10701,U260208-05703,UM-SH-017,1,153900
10702,U260601-05704,UM-AC-023,1,73100
10703,U260430-05705,UM-SH-008,1,174500
10704,U260430-05705,UM-AC-007,1,10800
10705,U260430-05705,UM-BT-018,1,71500
10706,U260430-05705,UM-BT-014,3,70200
10707,U260115-05706,UM-TS-006,1,64000
10708,U260115-05706,UM-TS-016,1,61200
10709,U260719-05707,UM-TS-023,1,30500
10710,U260719-05707,UM-SH-022,1,142500
10711,U260719-05707,UM-SH-021,1,173800
10712,U260719-05707,UM-TS-030,1,71400
10713,U251024-05708,UM-TS-009,1,62000
10714,U260207-05709,UM-AC-025,1,71300
10715,U251026-05710,UM-SH-021,1,147300
10716,U250921-05711,UM-TS-030,1,80400
10717,U250921-05711,UM-TS-036,1,40400
10718,U250921-05711,UM-AC-010,1,45900
10719,U250921-05711,UM-BT-011,1,86500
10720,U250921-05711,UM-TS-030,1,61800
10721,U250915-05712,UM-AC-009,1,54700
10722,U250915-05712,UM-AC-021,1,22400
10723,U250915-05712,UM-TS-037,1,26200
10724,U251028-05713,UM-BT-004,1,52300
10725,U251028-05713,UM-TS-020,1,37000
10726,U251028-05713,UM-AC-007,1,11300
10727,U260414-05714,UM-SH-004,1,91500
10728,U250419-05715,UM-TS-018,3,58600
10729,U250419-05715,UM-AC-024,1,49500
10730,U250419-05715,UM-AC-008,1,17500
10731,U250419-05715,UM-AC-031,1,69600
10732,U260418-05716,UM-TS-015,1,19300
10733,U260120-05717,UM-OT-022,1,227700
10734,U260828-05718,UM-TS-019,1,79000
10735,U260828-05718,UM-BT-008,1,84800
10736,U260831-05719,UM-BT-017,1,38700
10737,U260831-05719,UM-SH-016,1,131700
10738,U260826-05720,UM-AC-027,2,54300
10739,U260826-05720,UM-BT-018,1,76400
10740,U260826-05720,UM-AC-016,1,29100
10741,U260829-05721,UM-SH-014,1,104300
10742,U260829-05721,UM-TS-031,1,31100
10743,U260825-05722,UM-BT-001,1,44400
10744,U260901-05723,UM-BT-016,2,113700
10745,U260901-05723,UM-SH-013,1,154900
10746,U260826-05724,UM-TS-006,1,82800
10747,U260826-05724,UM-BT-010,1,92800
10748,U260824-05725,UM-AC-030,1,10100
10749,U260824-05725,UM-BT-004,1,52500
10750,U260824-05726,UM-BT-002,1,73100
10751,U260824-05726,UM-BT-014,1,66400
10752,U260824-05726,UM-TS-022,1,41900
10753,U260824-05726,UM-BT-008,1,71600
10754,U260826-05727,UM-TS-001,1,42600
10755,U260826-05727,UM-SH-007,1,96700
10756,U260828-05728,UM-TS-007,1,39600
10757,U260828-05728,UM-BT-009,1,64200
10758,U260831-05729,UM-TS-013,1,17900
10759,U251215-05730,UM-TS-004,1,38500
10760,U251215-05730,UM-BT-019,2,27900
10761,U251215-05730,UM-BT-011,1,83800
10762,U251215-05730,UM-TS-008,1,53400
10763,U260826-05731,UM-BT-006,1,63200
10764,U260520-05732,UM-TS-011,1,86500
10765,U260520-05732,UM-TS-032,1,34900
10766,U260617-05733,UM-BT-022,1,61000
10767,U260617-05733,UM-TS-002,2,33400
10768,U250829-05734,UM-TS-007,2,36000
10769,U251105-05735,UM-BT-007,1,77700
10770,U230708-05736,UM-TS-012,1,43800
10771,U230708-05736,UM-BT-018,1,75000
10772,U230708-05736,UM-BT-001,1,36800
10773,U260829-05737,UM-OT-004,1,245500
10774,U260829-05737,UM-TS-001,1,43300
10775,U260710-05738,UM-AC-005,1,30200
10776,U260710-05738,UM-OT-005,1,195200
10777,U260710-05738,UM-TS-021,3,45500
10778,U260902-05739,UM-TS-012,1,46200
10779,U260902-05739,UM-OT-003,1,325400
10780,U260809-05740,UM-SH-022,1,141400
10781,U260809-05741,UM-BT-021,1,68100
10782,U260809-05741,UM-TS-022,2,38400
10783,U260629-05742,UM-TS-037,1,28900
10784,U260719-05743,UM-TS-014,1,49900
10785,U260719-05743,UM-BT-001,1,41400
10786,U260825-05744,UM-AC-011,1,58700
10787,U260825-05744,UM-BT-010,1,84500
10788,U260825-05744,UM-SH-019,1,144900
10789,U260825-05744,UM-OT-017,1,318100
10790,U260825-05744,UM-AC-024,1,45200
10791,U260321-05745,UM-SH-003,1,153000
10792,U260321-05745,UM-TS-001,1,38000
10793,U250805-05746,UM-OT-023,1,329000
10794,U250805-05746,UM-OT-017,1,259900
10795,U260806-05747,UM-TS-033,1,39100
10796,U260403-05748,UM-OT-019,1,156100
10797,U260403-05748,UM-BT-012,1,51900
10798,U251009-05749,UM-SH-024,1,111300
10799,U251009-05749,UM-TS-030,1,69500
10800,U260511-05750,UM-TS-013,1,20700
10801,U260511-05750,UM-BT-001,1,39100
10802,U250326-05751,UM-TS-031,2,25700
10803,U250326-05751,UM-SH-015,1,85600
10804,U250326-05751,UM-AC-019,1,50100
10805,U260723-05752,UM-TS-003,1,63100
10806,U260723-05752,UM-AC-026,1,59900
10807,U260723-05752,UM-BT-007,1,102600
10808,U260723-05752,UM-TS-018,1,72300
10809,U260817-05753,UM-SH-020,1,220000
10810,U260817-05753,UM-TS-025,1,48300
10811,U260817-05753,UM-TS-028,2,86600
10812,U260902-05754,UM-BT-007,1,82300
10813,U260902-05754,UM-BT-012,2,62600
10814,U260902-05754,UM-TS-032,1,31900
10815,U260827-05755,UM-OT-013,1,126900
10816,U260827-05755,UM-SH-017,3,154900
10817,U260827-05755,UM-AC-031,1,75000
10818,U260827-05755,UM-TS-025,1,46000
10819,U231004-05756,UM-BT-006,1,51100
10820,U251018-05757,UM-TS-003,1,58300
10821,U241207-05758,UM-TS-015,1,18100
10822,U241207-05758,UM-BT-001,1,34800
10823,U241207-05758,UM-BT-024,1,47700
10824,U241029-05759,UM-OT-025,1,338300
10825,U241029-05759,UM-BT-019,1,31200
10826,U241029-05759,UM-AC-008,2,13200
10827,U240902-05760,UM-BT-009,1,59300
10828,U240805-05761,UM-BT-004,1,49000
10829,U240805-05761,UM-AC-003,1,13000
10830,U260818-05762,UM-BT-008,1,74200
10831,U260818-05762,UM-AC-026,1,64000
10832,U250514-05763,UM-AC-015,1,47600
10833,U251226-05764,UM-AC-020,1,80000
10834,U251226-05764,UM-BT-013,1,106700
10835,U260301-05765,UM-TS-013,1,19600
10836,U260319-05766,UM-TS-012,1,40800
10837,U260823-05767,UM-TS-013,1,17800
10838,U260628-05768,UM-TS-031,1,25800
10839,U260508-05769,UM-SH-015,1,92300
10840,U260115-05770,UM-OT-002,1,337600
10841,U250612-05771,UM-BT-012,1,61200
10842,U250213-05772,UM-OT-024,2,340700
10843,U250210-05773,UM-SH-011,1,150900
10844,U250211-05774,UM-SH-022,1,142700
10845,U250211-05774,UM-AC-010,1,47000
10846,U250211-05774,UM-TS-026,1,34200
10847,U260407-05775,UM-OT-005,1,198400
10848,U260823-05776,UM-AC-026,1,62000
10849,U260823-05776,UM-AC-024,1,39000
10850,U260823-05776,UM-TS-007,1,43100
10851,U260823-05776,UM-BT-024,1,47400
10852,U260507-05777,UM-AC-004,1,15000
10853,U260830-05778,UM-BT-012,3,56300
10854,U260703-05779,UM-AC-006,1,25300
10855,U260703-05779,UM-TS-019,1,74800
10856,U260703-05779,UM-AC-029,1,10600
10857,U260703-05779,UM-AC-020,1,74700
10858,U240314-05780,UM-TS-020,1,35300
10859,U240314-05780,UM-BT-017,3,33700
10860,U230112-05781,UM-BT-011,1,85200
10861,U230112-05781,UM-TS-005,1,47000
10862,U240126-05782,UM-TS-033,2,49100
10863,U240126-05782,UM-BT-023,1,110300
10864,U240126-05782,UM-TS-022,1,37900
10865,U260813-05783,UM-TS-034,1,52200
10866,U260813-05783,UM-OT-014,1,132900
10867,U250920-05784,UM-OT-010,1,194100
10868,U260324-05785,UM-TS-012,1,38500
10869,U260324-05785,UM-SH-012,1,149300
10870,U251123-05786,UM-BT-022,1,70400
10871,U251123-05786,UM-OT-016,1,130000
10872,U250722-05787,UM-AC-020,1,71200
10873,U250722-05787,UM-TS-003,1,62000
10874,U250722-05787,UM-TS-035,1,21800
10875,U250722-05787,UM-OT-009,1,250400
10876,U241225-05788,UM-AC-002,1,64400
10877,U241225-05788,UM-TS-019,1,63900
10878,U260618-05789,UM-TS-018,1,74100
10879,U260618-05789,UM-OT-015,1,98600
10880,U250706-05790,UM-TS-021,1,47700
10881,U250706-05790,UM-TS-013,1,18300
10882,U260306-05791,UM-BT-017,1,43000
10883,U250702-05792,UM-AC-027,1,69200
10884,U250702-05792,UM-OT-012,1,211100
10885,U250702-05792,UM-TS-014,1,40000
10886,U250307-05793,UM-SH-016,3,119600
10887,U260612-05794,UM-TS-019,1,77300
10888,U260612-05794,UM-OT-022,1,221500
10889,U250320-05795,UM-BT-021,2,72900
10890,U250405-05796,UM-OT-002,2,326200
10891,U250405-05796,UM-BT-005,1,104200
10892,U250419-05797,UM-TS-013,2,17400
10893,U250419-05797,UM-TS-009,1,47000
10894,U260424-05798,UM-SH-016,2,142300
10895,U260424-05798,UM-AC-002,1,81300
10896,U250227-05799,UM-BT-004,1,59600
10897,U250227-05799,UM-TS-003,3,79800
10898,U251211-05800,UM-OT-008,1,197000
10899,U240911-05801,UM-TS-027,1,64100
10900,U260808-05802,UM-OT-002,1,289600
10901,U260808-05802,UM-OT-012,1,188300
10902,U240510-05803,UM-TS-026,1,41200
10903,U250920-05804,UM-TS-034,2,65500
10904,U250920-05804,UM-AC-028,1,39200
10905,U250317-05805,UM-SH-021,1,186800
10906,U260703-05806,UM-BT-019,1,30600
10907,U260703-05806,UM-TS-023,2,23100
10908,U260703-05806,UM-SH-015,1,101800
10909,U250415-05807,UM-TS-030,2,59200
10910,U250115-05808,UM-TS-016,1,62400
10911,U260214-05809,UM-SH-017,1,156300
10912,U260409-05810,UM-OT-011,1,68000
10913,U250915-05811,UM-BT-025,1,82200
10914,U250915-05811,UM-TS-037,1,32300
10915,U260604-05812,UM-SH-009,1,152100
10916,U260604-05812,UM-BT-003,1,52800
10917,U260604-05813,UM-SH-013,1,190600
10918,U260604-05813,UM-OT-019,2,195300
10919,U250927-05814,UM-BT-020,1,65700
10920,U250907-05815,UM-BT-002,2,55900
10921,U250907-05815,UM-TS-020,1,37500
10922,U250907-05815,UM-TS-035,1,16100
10923,U250907-05815,UM-TS-008,1,61500
10924,U260103-05816,UM-BT-020,1,75600
10925,U250406-05817,UM-OT-024,1,336000
10926,U250613-05818,UM-AC-005,3,34800
10927,U250613-05818,UM-OT-002,3,290800
10928,U240507-05819,UM-TS-017,1,42300
10929,U240507-05819,UM-AC-029,1,11500
10930,U240831-05820,UM-AC-001,1,50400
10931,U241231-05821,UM-SH-008,1,186200
10932,U241231-05821,UM-AC-005,1,30600
10933,U240524-05822,UM-TS-004,1,39100
10934,U250609-05823,UM-AC-007,1,10000
10935,U250609-05823,UM-TS-032,1,41700
10936,U250609-05823,UM-BT-004,1,58900
10937,U241030-05824,UM-BT-018,1,70200
10938,U241031-05825,UM-TS-037,1,23100
10939,U241031-05825,UM-TS-019,1,72800
10940,U260615-05826,UM-AC-006,1,21200
10941,U260711-05827,UM-SH-002,1,180500
10942,U260830-05828,UM-BT-011,1,76900
10943,U260830-05828,UM-TS-019,1,84800
10944,U251230-05829,UM-AC-005,1,29800
10945,U251230-05829,UM-AC-017,1,28000
10946,U251230-05829,UM-AC-002,1,63700
10947,U260429-05830,UM-SH-014,2,100000
10948,U260514-05831,UM-BT-009,1,65700
10949,U260112-05832,UM-SH-022,1,137800
10950,U260901-05833,UM-SH-014,1,92600
10951,U260901-05833,UM-TS-017,3,44200
10952,U251028-05834,UM-BT-024,2,44300
10953,U240809-05835,UM-BT-018,1,75000
10954,U250531-05836,UM-OT-020,1,188800
10955,U250701-05837,UM-BT-022,1,58400
10956,U250701-05837,UM-AC-026,2,64200
10957,U250701-05837,UM-OT-021,2,134800
10958,U250701-05837,UM-TS-026,1,42700
10959,U250701-05837,UM-TS-020,1,40200
10960,U260820-05838,UM-SH-007,1,86400
10961,U260820-05838,UM-TS-024,1,25500
10962,U260811-05839,UM-SH-022,2,119600
10963,U260811-05839,UM-TS-022,1,42500
10964,U260811-05839,UM-OT-001,1,336600
10965,U241212-05840,UM-OT-013,1,167000
10966,U260318-05841,UM-TS-001,1,38800
10967,U260318-05841,UM-AC-005,1,32200
10968,U250129-05842,UM-TS-006,1,65300
10969,U250129-05842,UM-TS-006,1,81200
10970,U260620-05843,UM-TS-025,1,55500
10971,U260620-05843,UM-AC-025,1,82000
10972,U260620-05843,UM-TS-020,1,40700
10973,U260620-05843,UM-OT-024,1,361100
10974,U260612-05844,UM-TS-031,1,24000
10975,U260612-05844,UM-AC-031,1,60600
10976,U260612-05844,UM-TS-015,1,16100
10977,U260104-05845,UM-AC-005,1,33700
10978,U260104-05845,UM-TS-033,2,50000
10979,U250312-05846,UM-OT-023,1,343700
10980,U250311-05847,UM-TS-007,1,37600
10981,U260422-05848,UM-OT-024,1,278400
10982,U250821-05849,UM-OT-026,1,94000
10983,U250421-05850,UM-BT-020,2,83700
10984,U260407-05851,UM-TS-013,1,18800
10985,U260707-05852,UM-TS-031,1,26000
10986,U260707-05852,UM-BT-013,1,110300
10987,U260707-05852,UM-TS-035,2,16200
10988,U260601-05853,UM-TS-015,1,14300
10989,U260730-05854,UM-OT-007,1,96500
10990,U260902-05855,UM-BT-022,1,58200
10991,U260902-05855,UM-BT-008,1,64700
10992,U260723-05856,UM-TS-029,1,44200
10993,U260723-05856,UM-OT-022,1,231500
10994,U260612-05857,UM-SH-017,1,116600
10995,U260612-05857,UM-TS-023,2,26000
10996,U260520-05858,UM-BT-005,1,91400
10997,U260731-05859,UM-AC-031,1,60000
10998,U260406-05860,UM-SH-019,1,173800
10999,U260406-05860,UM-OT-010,1,202500
11000,U260609-05861,UM-BT-014,1,65900
11001,U260702-05862,UM-AC-011,3,67600
11002,U260702-05862,UM-TS-033,2,42800
11003,U260821-05863,UM-TS-019,1,66900
11004,U260509-05864,UM-TS-015,2,14400
11005,U260807-05865,UM-OT-014,1,143800
11006,U260604-05866,UM-TS-015,1,19200
11007,U260802-05867,UM-BT-010,1,84700
11008,U260802-05867,UM-TS-010,1,24700
11009,U260802-05867,UM-SH-021,2,161600
11010,U251008-05868,UM-TS-025,1,52500
11011,U250624-05869,UM-TS-017,2,56700
11012,U260502-05870,UM-OT-018,1,338000
11013,U260228-05871,UM-TS-021,1,51300
11014,U260228-05871,UM-SH-001,1,112700
11015,U260709-05872,UM-TS-033,1,37900
11016,U250112-05873,UM-BT-002,1,58200
11017,U260601-05874,UM-SH-005,1,83600
11018,U251222-05875,UM-TS-029,1,41700
11019,U251027-05876,UM-SH-023,1,108800
11020,U260115-05877,UM-TS-002,1,35900
11021,U260115-05877,UM-TS-010,1,24000
11022,U260319-05878,UM-TS-022,1,34400
11023,U260130-05879,UM-TS-007,1,41800
11024,U260523-05880,UM-TS-033,1,45300
11025,U260523-05880,UM-OT-011,2,60400
11026,U260523-05880,UM-TS-012,1,44000
11027,U260523-05880,UM-TS-034,1,54600
11028,U260629-05881,UM-AC-029,2,13800
11029,U260629-05881,UM-TS-024,2,23400
11030,U250718-05882,UM-TS-029,1,45000
11031,U240910-05883,UM-TS-021,1,42600
11032,U240912-05884,UM-TS-030,1,80200
11033,U240912-05885,UM-TS-034,1,57800
11034,U240912-05885,UM-SH-018,1,174300
11035,U260831-05886,UM-BT-007,1,99800
11036,U260901-05887,UM-TS-013,1,24000
11037,U260902-05888,UM-BT-008,1,82800
11038,U260902-05888,UM-TS-028,1,72700
11039,U260722-05889,UM-TS-007,1,43700
11040,U260722-05889,UM-TS-018,1,61700
11041,U260823-05890,UM-BT-008,1,76700
11042,U260823-05890,UM-AC-001,1,64600
11043,U260516-05891,UM-TS-028,1,78600
11044,U260516-05891,UM-SH-024,1,124100
11045,U260827-05892,UM-AC-025,1,63200
11046,U260513-05893,UM-SH-022,2,104000
11047,U260513-05893,UM-SH-011,1,147300
11048,U260606-05894,UM-TS-010,1,28300
11049,U260826-05895,UM-TS-014,1,42700
11050,U260901-05896,UM-BT-025,1,94800
11051,U260819-05897,UM-OT-005,1,184200
11052,U260819-05897,UM-TS-027,1,77700
11053,U260819-05897,UM-OT-024,1,262300
11054,U260809-05898,UM-TS-002,1,33400
11055,U260809-05898,UM-OT-006,1,284800
11056,U260811-05899,UM-SH-009,1,121800
11057,U260729-05900,UM-TS-034,1,64400
11058,U260709-05901,UM-OT-005,1,145800
11059,U260526-05902,UM-SH-001,1,92000
11060,U260526-05902,UM-TS-008,1,46800
11061,U260526-05902,UM-SH-010,2,170800
11062,U260830-05903,UM-BT-019,1,34200
11063,U260830-05903,UM-TS-005,1,37100
11064,U260830-05903,UM-BT-013,1,106200
11065,U260830-05903,UM-OT-019,1,167200
11066,U260830-05903,UM-BT-001,1,35600
11067,U260814-05904,UM-SH-001,3,117400
11068,U260814-05904,UM-BT-004,1,44200
11069,U260727-05905,UM-SH-002,3,178000
11070,U260629-05906,UM-TS-036,1,47400
11071,U260629-05906,UM-SH-011,1,121500
11072,U260629-05906,UM-TS-011,1,76300
11073,U260819-05907,UM-SH-011,1,147300
11074,U260819-05907,UM-OT-024,3,337900
11075,U260819-05907,UM-OT-007,1,104500
11076,U260818-05908,UM-TS-019,1,85800
11077,U241012-05909,UM-BT-016,1,92700
11078,U241012-05909,UM-TS-009,1,57000
11079,U260319-05910,UM-TS-013,1,21200
11080,U260303-05911,UM-OT-023,3,278500
11081,U260228-05912,UM-BT-005,2,98900
11082,U260228-05912,UM-AC-027,1,61600
11083,U260301-05913,UM-BT-019,1,26600
11084,U260228-05914,UM-AC-026,3,50900
11085,U250701-05915,UM-SH-017,1,114800
11086,U251011-05916,UM-AC-020,1,88200
11087,U251011-05916,UM-OT-026,2,91800
11088,U260504-05917,UM-BT-017,2,42100
11089,U260504-05917,UM-SH-023,1,89800
11090,U260318-05918,UM-BT-011,1,67000
11091,U260318-05918,UM-TS-033,1,47800
11092,U260209-05919,UM-TS-035,1,18800
11093,U260209-05919,UM-SH-018,1,233100
11094,U251127-05920,UM-SH-014,1,92900
11095,U251031-05921,UM-AC-025,1,77200
11096,U260615-05922,UM-OT-020,1,180800
11097,U260615-05922,UM-SH-003,1,167700
11098,U260831-05923,UM-TS-024,1,23700
11099,U260831-05923,UM-BT-002,1,57900
11100,U250918-05924,UM-BT-007,1,77200
11101,U260529-05925,UM-BT-016,1,89300
11102,U251203-05926,UM-SH-011,1,124000
11103,U260522-05927,UM-OT-025,1,350000
11104,U260522-05927,UM-BT-018,2,63200
11105,U260522-05927,UM-BT-016,3,87200
11106,U260522-05927,UM-BT-011,1,63700
11107,U260115-05928,UM-AC-031,1,63100
11108,U260213-05929,UM-BT-015,1,87500
11109,U250629-05930,UM-BT-011,1,85900
11110,U260612-05931,UM-SH-005,2,69300
11111,U241011-05932,UM-SH-010,2,169400
11112,U241011-05932,UM-OT-008,1,199000
11113,U241011-05932,UM-AC-019,1,46900
11114,U241011-05932,UM-TS-009,3,60900
11115,U250211-05933,UM-TS-013,1,21600
11116,U250211-05933,UM-BT-006,2,63900
11117,U260413-05934,UM-TS-006,1,72700
11118,U260413-05934,UM-BT-002,1,57400
11119,U260413-05934,UM-BT-008,1,71000
11120,U260404-05935,UM-AC-008,1,13000
11121,U260305-05936,UM-AC-007,1,9800
11122,U260305-05936,UM-TS-034,1,54600
11123,U260305-05936,UM-TS-008,2,59600
11124,U260312-05937,UM-TS-003,1,79200
11125,U260706-05938,UM-OT-016,1,133600
11126,U260706-05938,UM-TS-034,1,52500
11127,U260706-05938,UM-TS-004,3,45100
11128,U260620-05939,UM-TS-020,1,34000
11129,U260620-05939,UM-SH-022,1,105000
11130,U260809-05940,UM-BT-004,2,48400
11131,U260809-05940,UM-BT-003,1,65300
11132,U260615-05941,UM-AC-027,1,54300
11133,U260615-05941,UM-AC-025,1,76100
11134,U260615-05941,UM-BT-023,1,114600
11135,U260615-05941,UM-TS-020,1,39300
11136,U260509-05942,UM-TS-009,1,56700
11137,U260227-05943,UM-OT-010,1,179200
11138,U260227-05943,UM-TS-001,1,40800
11139,U260623-05944,UM-OT-009,1,326000
11140,U260408-05945,UM-AC-009,1,61800
11141,U260408-05945,UM-AC-016,1,29900
11142,U260408-05945,UM-SH-024,1,126600
11143,U251208-05946,UM-TS-028,1,68000
11144,U251208-05946,UM-BT-002,1,69500
11145,U250219-05947,UM-TS-012,1,42500
11146,U260724-05948,UM-OT-006,1,210600
11147,U260727-05949,UM-BT-025,1,80600
11148,U260727-05949,UM-SH-008,2,171000
11149,U260615-05950,UM-SH-009,1,120500
11150,U260816-05951,UM-TS-014,1,55000
11151,U260820-05952,UM-TS-036,1,38000
11152,U260730-05953,UM-BT-012,1,63000
11153,U260728-05954,UM-BT-015,3,104800
11154,U260706-05955,UM-SH-003,1,146200
11155,U260706-05955,UM-SH-007,2,88800
11156,U260702-05956,UM-SH-005,1,71500
11157,U250927-05957,UM-TS-009,2,48200
11158,U250618-05958,UM-BT-018,1,78300
11159,U250618-05958,UM-AC-003,3,15900
11160,U260814-05959,UM-BT-013,2,108100
11161,U260814-05960,UM-SH-008,1,191300
11162,U260814-05960,UM-BT-010,1,101400
11163,U260714-05961,UM-TS-022,1,40300
11164,U260714-05961,UM-TS-037,1,24000
11165,U260713-05962,UM-AC-005,1,33000
11166,U260806-05963,UM-TS-005,1,48400
11167,U260806-05963,UM-AC-029,1,11800
11168,U260806-05964,UM-TS-034,1,48200
11169,U260806-05964,UM-AC-008,1,13600
11170,U260806-05964,UM-OT-013,1,169600
11171,U260504-05965,UM-AC-001,1,63700
11172,U260808-05966,UM-AC-022,3,15000
11173,U260808-05966,UM-AC-014,1,29900
11174,U260808-05966,UM-OT-019,1,171400
11175,U260721-05967,UM-BT-006,2,63700
11176,U260516-05968,UM-BT-005,2,91800
11177,U260516-05968,UM-OT-008,1,249200
11178,U260516-05968,UM-SH-004,1,95000
11179,U260516-05968,UM-TS-024,1,19100
11180,U260823-05969,UM-SH-024,2,117600
11181,U260823-05969,UM-SH-018,1,238100
11182,U260802-05970,UM-OT-010,1,179100
11183,U260802-05970,UM-TS-009,1,53200
11184,U260828-05971,UM-AC-024,1,48700
11185,U260815-05972,UM-BT-007,1,91300
11186,U260802-05973,UM-BT-002,1,70900
11187,U260802-05973,UM-AC-012,3,46900
11188,U260706-05974,UM-SH-014,2,84600
11189,U260706-05974,UM-BT-017,3,43700
11190,U260621-05975,UM-BT-018,1,78400
11191,U260530-05976,UM-SH-017,1,115800
11192,U260206-05977,UM-AC-030,1,12500
11193,U260302-05978,UM-OT-012,1,170500
11194,U251204-05979,UM-BT-020,3,70800
11195,U251204-05979,UM-BT-024,1,40400
11196,U260504-05980,UM-TS-011,1,65300
11197,U260504-05980,UM-TS-032,1,39700
11198,U260731-05981,UM-SH-009,1,159300
11199,U260731-05981,UM-SH-012,1,153500
11200,U260830-05982,UM-AC-005,1,32800
11201,U260830-05982,UM-SH-008,1,211300
11202,U260627-05983,UM-OT-008,1,230200
11203,U251011-05984,UM-OT-010,1,168000
11204,U260412-05985,UM-TS-036,2,47500
11205,U260412-05985,UM-TS-006,1,72200
11206,U260412-05985,UM-BT-007,1,87500
11207,U240701-05986,UM-TS-034,1,47700
11208,U240701-05986,UM-TS-012,1,34000
11209,U260803-05987,UM-SH-022,1,105700
11210,U260831-05988,UM-SH-005,1,64100
11211,U260831-05988,UM-BT-002,3,59000
11212,U260705-05989,UM-SH-014,1,78000
11213,U260901-05990,UM-TS-024,1,23000
11214,U260814-05991,UM-TS-037,1,28300
11215,U260814-05991,UM-OT-010,1,175300
11216,U260802-05992,UM-BT-019,1,36200
11217,U260720-05993,UM-AC-002,1,65500
11218,U260720-05993,UM-TS-023,1,25000
11219,U260803-05994,UM-SH-016,1,121300
11220,U260803-05994,UM-TS-021,1,48800
11221,U260803-05994,UM-TS-023,1,27400
11222,U260723-05995,UM-AC-024,1,43500
11223,U260630-05996,UM-BT-010,2,79000
11224,U260630-05996,UM-TS-019,2,77400
11225,U260721-05997,UM-TS-009,2,66700
11226,U260721-05997,UM-OT-014,1,165800
11227,U260721-05997,UM-SH-010,1,187400
11228,U260706-05998,UM-BT-004,3,49600
11229,U260709-05999,UM-TS-034,1,65800
11230,U260828-06000,UM-SH-008,1,154300
11231,U260804-06001,UM-TS-019,1,62300
11232,U260804-06001,UM-TS-018,2,78100
11233,U260823-06002,UM-TS-016,1,67300
11234,U260823-06002,UM-AC-015,1,52400
11235,U260823-06002,UM-TS-033,1,48900
11236,U260823-06002,UM-AC-007,1,13200
11237,U260701-06003,UM-BT-018,1,76500
11238,U260701-06003,UM-TS-018,1,67300
11239,U251219-06004,UM-TS-010,1,27900
11240,U251219-06004,UM-SH-004,1,85200
11241,U260820-06005,UM-OT-003,2,281400
11242,U260820-06005,UM-SH-022,1,129700
11243,U250801-06006,UM-BT-014,1,60800
11244,U250801-06006,UM-SH-020,2,164000
11245,U250801-06006,UM-OT-019,1,155600
11246,U250207-06007,UM-TS-011,1,66500
11247,U250207-06007,UM-TS-015,1,14400
11248,U250207-06007,UM-TS-028,1,72500
11249,U250816-06008,UM-BT-001,1,36200
11250,U250816-06008,UM-BT-001,2,46200
11251,U260508-06009,UM-TS-016,1,78400
11252,U240423-06010,UM-OT-024,1,308300
11253,U240423-06010,UM-TS-019,1,80700
11254,U240423-06010,UM-BT-024,1,39200
11255,U251231-06011,UM-TS-009,1,55200
11256,U240102-06012,UM-AC-016,1,32200
11257,U251217-06013,UM-OT-018,2,365600
11258,U251217-06013,UM-BT-004,1,59400
11259,U251217-06013,UM-TS-026,2,34800
11260,U250129-06014,UM-AC-029,1,12500
11261,U250129-06014,UM-TS-011,2,83100
11262,U250503-06015,UM-BT-004,2,56500
11263,U250530-06016,UM-TS-020,1,42700
11264,U260830-06017,UM-BT-003,1,64100
11265,U260830-06017,UM-SH-016,1,142900
11266,U251103-06018,UM-SH-010,1,139300
11267,U251103-06018,UM-AC-003,1,14700
11268,U251218-06019,UM-TS-015,1,15500
11269,U251218-06019,UM-BT-001,1,40200
11270,U251218-06019,UM-BT-009,1,65500
11271,U251218-06019,UM-OT-015,1,80200
11272,U251122-06020,UM-TS-017,1,51600
11273,U260424-06021,UM-TS-025,1,52300
11274,U260424-06021,UM-OT-012,1,203800
11275,U260424-06021,UM-OT-024,1,303400
11276,U250731-06022,UM-BT-018,1,77000
11277,U250731-06022,UM-AC-001,1,53400
11278,U250731-06022,UM-BT-001,1,38800
11279,U260720-06023,UM-AC-028,1,33800
11280,U251105-06024,UM-SH-022,1,113000
11281,U231104-06025,UM-TS-030,1,61100
11282,U241208-06026,UM-BT-023,1,109300
11283,U241208-06026,UM-TS-031,1,33600
11284,U241208-06026,UM-OT-018,1,279700
11285,U241208-06026,UM-AC-007,1,13500
11286,U241208-06026,UM-BT-020,1,64500
11287,U260707-06027,UM-TS-002,1,39700
11288,U260707-06027,UM-BT-024,1,48400
11289,U230422-06028,UM-TS-015,1,18500
11290,U230422-06028,UM-TS-037,1,26000
11291,U240723-06029,UM-BT-019,1,31200
11292,U250722-06030,UM-BT-006,2,57600
11293,U250722-06030,UM-TS-018,1,75700
11294,U260426-06031,UM-AC-018,1,47200
11295,U260426-06031,UM-OT-024,1,367300
11296,U260404-06032,UM-SH-011,1,133500
11297,U260404-06032,UM-BT-017,1,32300
11298,U260716-06033,UM-TS-017,1,53800
11299,U260716-06033,UM-OT-023,1,327800
11300,U260629-06034,UM-AC-013,1,43000
11301,U260629-06034,UM-BT-024,1,49100
11302,U260629-06034,UM-TS-036,1,42500
11303,U251222-06035,UM-AC-016,2,29400
11304,U251222-06035,UM-TS-033,1,46900
11305,U251222-06035,UM-TS-018,1,78400
11306,U260708-06036,UM-TS-003,2,58200
11307,U250213-06037,UM-TS-036,3,43900
11308,U260726-06038,UM-OT-005,1,182400
11309,U260726-06038,UM-BT-011,2,78300
11310,U260726-06038,UM-AC-008,1,15400
11311,U260126-06039,UM-SH-011,2,126200
11312,U260126-06039,UM-OT-001,1,369600
11313,U260622-06040,UM-BT-007,1,78400
11314,U260622-06040,UM-TS-002,1,34000
11315,U260622-06040,UM-OT-002,1,310200
11316,U260622-06040,UM-BT-003,1,58900
11317,U260101-06041,UM-OT-012,1,167800
11318,U260101-06041,UM-OT-011,1,59500
11319,U250626-06042,UM-TS-020,1,34000
11320,U250626-06042,UM-BT-012,1,52300
11321,U250626-06042,UM-AC-015,1,62600
11322,U260802-06043,UM-TS-032,1,34100
11323,U260212-06044,UM-AC-013,1,47600
11324,U260212-06044,UM-BT-007,1,73700
11325,U260417-06045,UM-SH-016,1,153700
11326,U260320-06046,UM-AC-028,1,43300
11327,U260717-06047,UM-TS-024,2,18900
11328,U260717-06047,UM-BT-006,1,55600
11329,U260717-06047,UM-TS-015,1,17700
11330,U251203-06048,UM-OT-008,1,219200
11331,U251203-06048,UM-BT-010,1,90900
11332,U251203-06048,UM-SH-017,1,118600
11333,U260126-06049,UM-AC-002,1,79800
11334,U260126-06049,UM-TS-005,3,40100
11335,U260716-06050,UM-BT-016,1,82900
11336,U260716-06050,UM-SH-023,2,80100
11337,U260716-06050,UM-SH-010,1,186400
11338,U260716-06050,UM-SH-013,1,198500
11339,U260505-06051,UM-OT-007,1,114200
11340,U260707-06052,UM-BT-003,1,55600
11341,U260707-06052,UM-OT-016,1,136100
11342,U260707-06052,UM-BT-022,1,57100
11343,U250527-06053,UM-AC-009,1,72200
11344,U250527-06053,UM-SH-001,1,99800
11345,U250527-06053,UM-TS-025,2,46900
11346,U240516-06054,UM-TS-030,3,69200
11347,U260221-06055,UM-OT-007,1,99300
11348,U260221-06055,UM-BT-007,1,96800
11349,U260221-06055,UM-TS-003,1,79300
11350,U251125-06056,UM-BT-007,1,81800
11351,U260817-06057,UM-SH-022,2,135400
11352,U260803-06058,UM-AC-018,1,41800
11353,U260816-06059,UM-TS-011,3,63900
11354,U260816-06059,UM-TS-017,1,52500
11355,U260816-06059,UM-BT-007,1,85500
11356,U260815-06060,UM-TS-015,1,14500
11357,U250721-06061,UM-OT-021,1,128000
11358,U250721-06061,UM-TS-020,1,42100
11359,U250721-06061,UM-TS-025,1,47500
11360,U260201-06062,UM-TS-026,1,37100
11361,U260810-06063,UM-SH-022,1,143900
11362,U260810-06063,UM-BT-013,1,122200
11363,U260810-06063,UM-SH-004,1,111000
11364,U260804-06064,UM-BT-021,1,76100
11365,U260804-06064,UM-AC-018,1,50600
11366,U260804-06064,UM-OT-012,1,205700
11367,U260804-06064,UM-AC-009,1,53800
11368,U260307-06065,UM-OT-010,1,213700
11369,U260608-06066,UM-BT-014,2,66800
11370,U260608-06066,UM-SH-001,1,97700
11371,U260803-06067,UM-SH-003,1,162900
11372,U260804-06068,UM-SH-001,1,93200
11373,U260801-06069,UM-SH-014,1,91400
11374,U260801-06069,UM-OT-012,1,166900
11375,U260406-06070,UM-AC-025,3,74500
11376,U260406-06070,UM-AC-010,2,53700
11377,U260902-06071,UM-TS-031,1,28800
11378,U260703-06072,UM-SH-007,1,73800
11379,U260210-06073,UM-BT-003,1,63000
11380,U260210-06073,UM-OT-013,1,136800
11381,U260210-06073,UM-TS-036,1,46200
11382,U260210-06073,UM-TS-029,1,50100
11383,U260708-06074,UM-AC-027,1,72500
11384,U260708-06074,UM-SH-015,3,100200
11385,U260327-06075,UM-SH-013,1,194400
11386,U260327-06075,UM-TS-029,2,51600
11387,U260327-06075,UM-SH-004,1,115600
11388,U260422-06076,UM-BT-019,1,36700
11389,U260422-06076,UM-BT-011,1,80100
11390,U260422-06076,UM-AC-016,1,32800
11391,U260422-06076,UM-BT-025,1,87000
11392,U260704-06077,UM-SH-017,2,156200
11393,U260704-06077,UM-BT-003,1,67600
11394,U250818-06078,UM-TS-019,1,66600
11395,U251218-06079,UM-AC-023,1,74000
11396,U251218-06079,UM-AC-029,1,13600
11397,U260901-06080,UM-TS-023,1,27600
11398,U240401-06081,UM-TS-012,1,34400
11399,U240401-06081,UM-SH-007,1,100300
11400,U240816-06082,UM-BT-016,1,98800
11401,U260806-06083,UM-TS-023,2,26700
11402,U260806-06083,UM-TS-002,1,42400
11403,U260829-06084,UM-OT-015,1,87800
11404,U260829-06084,UM-TS-022,1,39100
11405,U260722-06085,UM-SH-006,2,235300
11406,U260722-06085,UM-TS-013,1,18800
11407,U260722-06085,UM-AC-008,1,15300
11408,U260629-06086,UM-TS-013,1,23900
11409,U260810-06087,UM-TS-034,1,57200
11410,U260621-06088,UM-TS-004,1,38500
11411,U260129-06089,UM-OT-008,1,275700
11412,U260129-06089,UM-BT-008,1,69000
11413,U260129-06089,UM-TS-035,1,20900
11414,U260129-06089,UM-SH-003,1,191800
11415,U260430-06090,UM-SH-022,1,143100
11416,U260430-06090,UM-BT-003,1,59200
11417,U260708-06091,UM-SH-024,1,138300
11418,U260226-06092,UM-BT-021,1,78800
11419,U260826-06093,UM-SH-015,2,88800
11420,U260826-06093,UM-OT-001,1,334700
11421,U260826-06093,UM-BT-015,3,87500
11422,U260403-06094,UM-BT-014,1,50200
11423,U260403-06094,UM-AC-024,1,50700
11424,U260403-06094,UM-SH-017,1,130400
11425,U260403-06094,UM-SH-011,1,144600
11426,U260403-06094,UM-OT-005,1,149000
11427,U260812-06095,UM-OT-018,1,345800
11428,U260812-06095,UM-TS-019,1,68000
11429,U260812-06095,UM-BT-008,2,90400
11430,U250615-06096,UM-TS-026,2,36600
11431,U250615-06096,UM-TS-025,1,56700
11432,U260228-06097,UM-BT-016,1,95900
11433,U260312-06098,UM-TS-036,1,41400
11434,U260903-06099,UM-BT-018,1,66900
11435,U260903-06099,UM-BT-020,1,65800
11436,U260903-06099,UM-SH-002,1,202400
11437,U260521-06100,UM-BT-009,1,50500
11438,U250808-06101,UM-OT-010,1,166000
11439,U260331-06102,UM-SH-001,1,101500
11440,U250921-06103,UM-SH-005,1,86500
11441,U250921-06103,UM-AC-003,1,14900
11442,U250921-06103,UM-AC-017,1,23000
11443,U260712-06104,UM-OT-018,1,355300
11444,U260712-06104,UM-SH-006,1,218000
11445,U260605-06105,UM-TS-010,1,32100
11446,U260813-06106,UM-OT-023,1,277600
11447,U240828-06107,UM-BT-007,1,74500
11448,U240828-06107,UM-BT-015,1,94700
11449,U250926-06108,UM-BT-016,3,89400
11450,U260805-06109,UM-BT-021,1,81300
11451,U260805-06109,UM-SH-024,1,110800
11452,U260805-06109,UM-TS-026,1,31900
11453,U260331-06110,UM-TS-002,1,34400
11454,U260513-06111,UM-TS-033,1,38000
11455,U260513-06111,UM-SH-021,1,163000
11456,U260711-06112,UM-AC-004,1,15800
11457,U260624-06113,UM-TS-030,2,62600
11458,U260624-06113,UM-SH-012,1,157500
11459,U260624-06113,UM-OT-004,1,219200
11460,U260628-06114,UM-SH-021,1,164200
11461,U260628-06114,UM-TS-018,1,76500
11462,U260628-06114,UM-AC-020,2,76900
11463,U260628-06114,UM-TS-036,3,51100
11464,U260704-06115,UM-OT-012,1,209900
11465,U260704-06116,UM-AC-006,1,25700
11466,U260627-06117,UM-TS-008,1,53100
11467,U260603-06118,UM-TS-017,2,45100
11468,U260112-06119,UM-OT-016,1,107300
11469,U260112-06119,UM-TS-011,2,78400
11470,U260227-06120,UM-BT-025,1,109800
11471,U260227-06120,UM-BT-011,1,68600
11472,U260227-06120,UM-TS-010,1,32300
11473,U260116-06121,UM-BT-024,1,51800
11474,U260814-06122,UM-TS-037,1,26400
11475,U260814-06122,UM-SH-007,1,81100
11476,U260814-06122,UM-SH-010,1,180500
11477,U260814-06122,UM-TS-036,2,39700
11478,U250910-06123,UM-TS-025,1,58500
11479,U250910-06123,UM-OT-014,1,126400
11480,U250907-06124,UM-SH-004,1,119900
11481,U250907-06124,UM-BT-023,3,114700
11482,U250907-06124,UM-BT-002,1,57500
11483,U250907-06124,UM-OT-025,1,382300
11484,U260817-06125,UM-TS-036,1,50700
11485,U260527-06126,UM-TS-029,1,55300
11486,U260516-06127,UM-BT-003,1,69100
11487,U260516-06127,UM-SH-007,2,102000
11488,U260516-06127,UM-SH-006,1,183500
11489,U260516-06127,UM-BT-012,1,64200
11490,U260828-06128,UM-TS-036,1,45300
11491,U260828-06128,UM-BT-003,1,51400
11492,U260828-06128,UM-AC-015,1,61900
11493,U260828-06128,UM-TS-008,1,48700
11494,U260901-06129,UM-BT-003,2,49800
11495,U260901-06129,UM-BT-009,3,47100
11496,U260618-06130,UM-OT-014,2,154500
11497,U260618-06130,UM-BT-011,1,65400
11498,U260813-06131,UM-TS-014,1,48300
11499,U260813-06131,UM-BT-012,1,51700
11500,U260527-06132,UM-TS-032,1,40300
11501,U260527-06132,UM-TS-029,1,48300
11502,U260527-06132,UM-BT-008,1,65300
11503,U260527-06132,UM-TS-016,1,70200
11504,U260527-06132,UM-OT-005,1,169700
11505,U260716-06133,UM-BT-025,1,108500
11506,U260725-06134,UM-BT-004,1,58000
11507,U260325-06135,UM-TS-017,1,51600
11508,U260611-06136,UM-AC-030,1,13200
11509,U260611-06136,UM-TS-036,1,44900
11510,U260825-06137,UM-OT-026,1,96700
11511,U260816-06138,UM-BT-006,1,60500
11512,U241022-06139,UM-BT-013,1,124700
11513,U241022-06139,UM-TS-007,1,49200
11514,U241022-06139,UM-TS-025,2,59700
11515,U241022-06139,UM-TS-018,1,75900
11516,U260827-06140,UM-OT-024,1,267200
11517,U250331-06141,UM-TS-023,1,22300
11518,U250331-06141,UM-OT-003,1,321200
11519,U250331-06141,UM-TS-004,1,36100
11520,U250331-06141,UM-TS-031,1,28400
11521,U250427-06142,UM-BT-025,1,96600
11522,U250427-06142,UM-BT-020,1,67500
11523,U250430-06143,UM-OT-022,1,251200
11524,U250430-06143,UM-TS-014,1,46900
11525,U250430-06143,UM-OT-017,1,246300
11526,U230223-06144,UM-TS-008,2,45400
11527,U230223-06144,UM-TS-006,1,63600
11528,U230903-06145,UM-BT-006,1,58100
11529,U230903-06145,UM-BT-022,2,60000
11530,U230903-06145,UM-SH-008,1,154800
11531,U250222-06146,UM-AC-021,1,18000
11532,U250222-06146,UM-OT-009,1,299700
11533,U240417-06147,UM-BT-010,1,101700
11534,U240417-06147,UM-TS-004,1,36200
11535,U240320-06148,UM-AC-007,1,11200
11536,U240320-06148,UM-TS-031,1,30200
11537,U240320-06148,UM-SH-001,1,126900
11538,U260301-06149,UM-OT-009,1,280200
11539,U241004-06150,UM-SH-008,1,180600
11540,U241004-06150,UM-AC-028,1,39600
11541,U230523-06151,UM-SH-003,1,182000
11542,U230523-06151,UM-TS-026,1,36300
11543,U230523-06151,UM-TS-018,1,74700
11544,U230523-06151,UM-AC-018,1,48900
11545,U230523-06151,UM-SH-012,2,149000
11546,U260831-06152,UM-BT-009,1,51400
11547,U260831-06152,UM-OT-022,1,210500
11548,U260728-06153,UM-AC-025,1,78700
11549,U260728-06153,UM-TS-010,1,30600
11550,U260728-06153,UM-SH-024,2,134200
11551,U241002-06154,UM-TS-033,1,37400
11552,U241002-06154,UM-BT-014,1,55300
11553,U260404-06155,UM-BT-004,1,58100
11554,U260903-06156,UM-OT-005,1,161100
11555,U260903-06156,UM-BT-025,3,88600
11556,U260903-06156,UM-BT-014,1,57800
11557,U260819-06157,UM-BT-008,1,90800
11558,U260816-06158,UM-BT-006,1,57000
11559,U260816-06158,UM-OT-003,1,272900
11560,U260828-06159,UM-BT-012,1,63300
11561,U260828-06159,UM-BT-017,1,32400
11562,U260816-06160,UM-OT-012,1,181900
11563,U260823-06161,UM-TS-032,1,39400
11564,U260823-06161,UM-SH-003,1,167100
11565,U260823-06161,UM-AC-007,1,10300
11566,U260812-06162,UM-AC-028,1,43800
11567,U260824-06163,UM-AC-025,1,66800
11568,U260824-06163,UM-OT-020,2,147100
11569,U260807-06164,UM-BT-011,1,66900
11570,U260902-06165,UM-TS-012,1,33600
11571,U260323-06166,UM-TS-023,2,30800
11572,U260323-06166,UM-BT-004,1,56700
11573,U240812-06167,UM-BT-004,1,50600
11574,U240625-06168,UM-TS-035,1,18100
11575,U240625-06168,UM-SH-009,1,139100
11576,U240625-06168,UM-TS-013,1,19400
11577,U240625-06168,UM-AC-015,1,52000
11578,U240625-06168,UM-TS-033,1,45600
11579,U260630-06169,UM-AC-015,1,50600
11580,U260630-06169,UM-BT-012,3,46800
11581,U260629-06170,UM-TS-003,1,65200
11582,U260629-06170,UM-TS-011,1,80900
11583,U260820-06171,UM-TS-017,1,54600
11584,U260614-06172,UM-AC-028,1,44600
11585,U260813-06173,UM-BT-012,2,46200
11586,U260813-06173,UM-BT-025,1,101900
11587,U260813-06173,UM-AC-002,1,68300
11588,U260809-06174,UM-TS-007,3,46100
11589,U260809-06174,UM-AC-001,2,65900
11590,U260809-06174,UM-TS-023,1,22100
11591,U250620-06175,UM-AC-028,2,42600
11592,U250620-06175,UM-BT-022,1,68100
11593,U251027-06176,UM-BT-016,2,106100
11594,U260119-06177,UM-BT-024,1,44000
11595,U260411-06178,UM-TS-023,1,25200
11596,U260330-06179,UM-BT-003,1,69500
11597,U260223-06180,UM-OT-010,1,168800
11598,U260223-06180,UM-BT-019,1,35300
11599,U260130-06181,UM-TS-035,1,20800
11600,U260130-06181,UM-BT-006,3,47900
11601,U260403-06182,UM-TS-028,1,62800
11602,U260625-06183,UM-TS-032,1,36000
11603,U260625-06183,UM-BT-014,1,66100
11604,U260614-06184,UM-SH-007,1,82300
11605,U260614-06184,UM-BT-015,1,93700
11606,U250420-06185,UM-AC-014,1,28400
11607,U260225-06186,UM-TS-006,1,72200
11608,U260225-06186,UM-BT-011,1,77400
11609,U260225-06186,UM-TS-031,1,26600
11610,U260225-06186,UM-SH-019,1,138700
11611,U260225-06186,UM-TS-035,1,18100
11612,U250316-06187,UM-AC-030,1,12800
11613,U250812-06188,UM-OT-013,1,136200
11614,U250317-06189,UM-SH-023,1,85500
11615,U260830-06190,UM-OT-021,1,160700
11616,U250806-06191,UM-OT-018,1,300600
11617,U250806-06191,UM-TS-003,1,79600
11618,U250806-06191,UM-BT-013,1,100800
11619,U250806-06191,UM-SH-018,1,200400
11620,U250806-06191,UM-TS-007,1,40500
11621,U231029-06192,UM-TS-029,1,45700
11622,U231029-06192,UM-TS-022,1,45300
11623,U260306-06193,UM-OT-021,2,117600
11624,U230814-06194,UM-TS-017,1,40000
11625,U250521-06195,UM-TS-007,1,45800
11626,U250521-06195,UM-TS-037,1,30400
11627,U250521-06195,UM-AC-027,1,54800
11628,U250521-06195,UM-TS-015,1,14300
11629,U251014-06196,UM-AC-028,1,38400
11630,U260329-06197,UM-TS-033,1,38600
11631,U260329-06197,UM-OT-024,1,263600
11632,U260329-06197,UM-BT-001,1,48000
11633,U251226-06198,UM-TS-028,1,66600
11634,U251226-06198,UM-SH-002,1,168200
11635,U250419-06199,UM-OT-015,1,110300
11636,U260214-06200,UM-BT-003,1,58600
11637,U260822-06201,UM-TS-002,1,43000
11638,U260822-06201,UM-SH-010,1,163900
11639,U260822-06201,UM-AC-022,1,18300
11640,U260829-06202,UM-BT-020,1,86700
11641,U260829-06202,UM-TS-035,1,19200
11642,U260829-06202,UM-BT-008,1,81900
11643,U260710-06203,UM-OT-026,1,115100
11644,U260825-06204,UM-BT-021,1,91200
11645,U260825-06204,UM-TS-011,1,79000
11646,U260820-06205,UM-TS-021,1,52300
11647,U260804-06206,UM-TS-020,1,41600
11648,U260813-06207,UM-TS-004,1,42300
11649,U260813-06207,UM-TS-015,1,14400
11650,U260813-06207,UM-BT-020,1,80300
11651,U260731-06208,UM-SH-020,3,184100
11652,U260628-06209,UM-BT-006,1,59500
11653,U260628-06209,UM-AC-025,1,69200
11654,U260814-06210,UM-AC-007,1,10600
11655,U260814-06210,UM-BT-008,1,71400
11656,U260814-06210,UM-TS-034,1,61100
11657,U260820-06211,UM-SH-006,3,181300
11658,U240103-06212,UM-TS-031,1,28500
11659,U260505-06213,UM-SH-003,1,194700
11660,U241109-06214,UM-AC-025,1,65800
11661,U241109-06214,UM-SH-022,2,138600
11662,U250826-06215,UM-SH-006,1,232600
11663,U250826-06215,UM-SH-022,1,125700
11664,U241220-06216,UM-TS-022,1,43600
11665,U251103-06217,UM-BT-013,2,126000
11666,U260730-06218,UM-TS-032,1,40000
11667,U260730-06218,UM-TS-028,1,61700
11668,U260730-06218,UM-TS-025,1,56100
11669,U260730-06218,UM-TS-003,1,69200
11670,U260730-06218,UM-OT-025,1,355800
11671,U250411-06219,UM-SH-020,1,221100
11672,U250731-06220,UM-BT-002,1,59300
11673,U250731-06220,UM-TS-010,1,32900
11674,U241016-06221,UM-AC-001,2,49000
11675,U251229-06222,UM-SH-003,1,154800
11676,U240703-06223,UM-SH-006,1,196500
11677,U260818-06224,UM-AC-029,1,10400
11678,U260809-06225,UM-TS-033,1,37900
11679,U260809-06226,UM-TS-034,2,58700
11680,U260809-06226,UM-TS-004,1,47200
11681,U260811-06227,UM-TS-006,1,64800
11682,U260729-06228,UM-OT-018,1,339900
11683,U260729-06228,UM-OT-016,1,109800
11684,U260717-06229,UM-BT-020,3,78100
11685,U260717-06229,UM-BT-005,2,91100
11686,U260717-06229,UM-TS-009,1,61100
11687,U260717-06229,UM-BT-004,1,58400
11688,U260724-06230,UM-TS-016,1,76700
11689,U260724-06230,UM-AC-003,1,14500
11690,U260724-06230,UM-AC-021,1,18500
11691,U260816-06231,UM-TS-019,1,67300
11692,U260816-06231,UM-OT-008,1,201000
11693,U260816-06231,UM-SH-009,1,147700
11694,U260831-06232,UM-BT-005,1,96200
11695,U260831-06232,UM-OT-006,2,217200
11696,U260831-06232,UM-BT-008,1,75100
11697,U260831-06232,UM-TS-001,1,48500
11698,U260831-06232,UM-TS-033,3,43200
11699,U260814-06233,UM-TS-028,2,63200
11700,U260814-06233,UM-OT-025,1,357800
11701,U250729-06234,UM-AC-021,3,24400
11702,U260425-06235,UM-BT-003,1,56500
11703,U240824-06236,UM-SH-022,1,143600
11704,U260319-06237,UM-AC-005,2,37000
11705,U250721-06238,UM-TS-032,1,42400
11706,U250721-06238,UM-BT-021,1,89900
11707,U250721-06238,UM-AC-004,1,15200
11708,U250601-06239,UM-SH-001,1,100500
11709,U250601-06239,UM-OT-005,1,167200
11710,U250601-06239,UM-SH-005,2,77400
11711,U250601-06239,UM-BT-003,2,62500
11712,U250601-06239,UM-BT-009,1,47100
11713,U250317-06240,UM-TS-029,1,46800
11714,U250102-06241,UM-TS-030,1,72600
11715,U250102-06241,UM-BT-010,1,98200
11716,U250102-06241,UM-AC-001,2,66200
11717,U260505-06242,UM-SH-002,1,181800
11718,U260505-06242,UM-BT-018,1,78100
11719,U260324-06243,UM-AC-023,1,73400
11720,U250516-06244,UM-BT-004,1,56300
11721,U260207-06245,UM-BT-016,2,89900
11722,U260207-06245,UM-OT-013,1,151600
11723,U260207-06245,UM-OT-001,1,366700
11724,U251115-06246,UM-BT-004,3,58400
11725,U251115-06246,UM-OT-005,1,157200
11726,U260515-06247,UM-BT-005,1,83200
11727,U260517-06248,UM-TS-028,2,81200
11728,U260517-06248,UM-OT-010,1,184000
11729,U260901-06249,UM-SH-019,1,132200
11730,U260901-06249,UM-AC-001,1,62100
11731,U260530-06250,UM-SH-007,1,72700
11732,U260405-06251,UM-AC-031,2,70500
11733,U260405-06251,UM-SH-008,1,174000
11734,U260218-06252,UM-BT-012,1,48100
11735,U260414-06253,UM-AC-030,1,12300
11736,U260414-06253,UM-TS-021,1,39800
11737,U260328-06254,UM-TS-025,1,63600
11738,U251228-06255,UM-TS-003,1,58700
11739,U251228-06255,UM-BT-006,1,58400
11740,U251228-06255,UM-AC-022,1,16000
11741,U260412-06256,UM-OT-015,1,96000
11742,U260627-06257,UM-TS-007,2,37200
11743,U260627-06257,UM-TS-014,1,55500
11744,U251106-06258,UM-BT-016,1,82000
11745,U260728-06259,UM-OT-004,1,244000
11746,U260712-06260,UM-TS-034,1,60900
11747,U260712-06260,UM-BT-024,3,41800
11748,U251215-06261,UM-BT-008,2,71500
11749,U251215-06261,UM-BT-018,2,78600
11750,U251215-06261,UM-BT-008,1,80100
11751,U251215-06261,UM-BT-003,1,49400
11752,U260522-06262,UM-TS-023,1,23400
11753,U260405-06263,UM-BT-001,2,43900
11754,U260127-06264,UM-AC-022,1,15900
11755,U260127-06264,UM-SH-022,1,128300
11756,U260127-06264,UM-SH-023,1,93600
11757,U260127-06264,UM-OT-024,1,312400
11758,U260127-06264,UM-TS-011,1,69000
11759,U260630-06265,UM-AC-030,1,11100
11760,U260630-06265,UM-TS-019,1,64900
11761,U260630-06265,UM-OT-016,1,131800
11762,U260815-06266,UM-TS-035,2,22900
11763,U260813-06267,UM-AC-015,1,55200
11764,U260811-06268,UM-AC-023,1,81500
11765,U260811-06268,UM-TS-014,1,51400
11766,U260811-06268,UM-OT-002,1,255800
11767,U260811-06268,UM-TS-010,1,31200
11768,U260717-06269,UM-TS-017,1,45100
11769,U260717-06269,UM-SH-024,1,109600
11770,U260802-06270,UM-TS-011,3,82400
11771,U260516-06271,UM-BT-006,1,64300
11772,U260516-06271,UM-AC-005,1,28300
11773,U260525-06272,UM-OT-012,1,173600
11774,U260801-06273,UM-AC-019,1,61600
11775,U260222-06274,UM-SH-005,1,81700
11776,U260222-06274,UM-TS-006,1,81500
11777,U260820-06275,UM-BT-021,1,72500
11778,U260518-06276,UM-SH-015,1,107000
11779,U260518-06276,UM-AC-009,1,54900
11780,U260518-06276,UM-SH-023,1,90500
11781,U260518-06276,UM-BT-020,2,77700
11782,U260518-06276,UM-SH-020,2,191200
11783,U260815-06277,UM-BT-012,1,54800
11784,U260815-06277,UM-BT-022,1,75500
11785,U260815-06277,UM-TS-018,1,59200
11786,U260316-06278,UM-TS-028,1,70100
11787,U260316-06278,UM-TS-009,1,50000
11788,U260316-06278,UM-BT-010,1,86400
11789,U260415-06279,UM-BT-021,1,87800
11790,U260415-06279,UM-OT-010,2,218100
11791,U241227-06280,UM-AC-019,2,48900
11792,U241227-06280,UM-SH-008,1,176000
11793,U241227-06280,UM-TS-008,2,53400
11794,U260208-06281,UM-BT-005,1,107200
11795,U250722-06282,UM-SH-010,3,136800
11796,U230213-06283,UM-SH-014,1,79200
11797,U230213-06283,UM-BT-014,1,50300
11798,U250715-06284,UM-SH-020,1,201900
11799,U250715-06284,UM-BT-023,1,99900
11800,U250715-06284,UM-AC-016,1,27600
11801,U250715-06284,UM-TS-027,1,70000
11802,U250715-06284,UM-SH-021,1,155600
11803,U240215-06285,UM-BT-013,1,126400
11804,U240215-06285,UM-AC-025,1,71800
11805,U240928-06286,UM-SH-005,1,78200
11806,U240928-06286,UM-BT-017,1,35100
11807,U240928-06286,UM-AC-024,2,39200
11808,U240928-06286,UM-SH-011,1,147800
11809,U240928-06286,UM-OT-010,1,186600
11810,U251105-06287,UM-TS-037,2,32800
11811,U240430-06288,UM-BT-003,1,57700
11812,U251226-06289,UM-BT-019,1,28500
11813,U260704-06290,UM-OT-023,1,374800
11814,U260704-06290,UM-AC-013,1,44100
11815,U260704-06290,UM-OT-002,1,294200
11816,U260704-06290,UM-BT-024,1,37700
11817,U260704-06290,UM-AC-020,1,83200
11818,U251111-06291,UM-AC-022,1,14100
11819,U250615-06292,UM-SH-014,1,80500
11820,U260517-06293,UM-AC-030,1,10300
11821,U260517-06293,UM-OT-014,2,172400
11822,U250128-06294,UM-OT-002,1,304800
11823,U250128-06294,UM-TS-029,1,45200
11824,U231015-06295,UM-TS-018,1,68200
11825,U241013-06296,UM-AC-021,1,18300
11826,U240620-06297,UM-AC-021,1,20900
11827,U260219-06298,UM-TS-010,1,29100
11828,U260219-06298,UM-TS-008,1,58300
11829,U250528-06299,UM-BT-006,1,55900
11830,U250528-06299,UM-OT-004,2,226800
11831,U250528-06299,UM-OT-011,1,61600
11832,U250528-06299,UM-OT-019,1,190300
11833,U251129-06300,UM-AC-001,1,67700
11834,U260703-06301,UM-TS-012,1,37700
11835,U260325-06302,UM-SH-002,1,211600
11836,U260510-06303,UM-AC-023,1,60500
11837,U260301-06304,UM-OT-011,1,62700
11838,U260522-06305,UM-TS-022,1,45800
11839,U260522-06305,UM-TS-030,1,64800
11840,U260522-06305,UM-TS-020,1,36400
11841,U260522-06305,UM-TS-024,1,19700
11842,U260522-06305,UM-OT-005,1,147400
11843,U250225-06306,UM-AC-009,1,56200
11844,U250225-06306,UM-SH-014,2,91700
11845,U250225-06306,UM-TS-021,1,40100
11846,U251029-06307,UM-OT-001,1,323500
11847,U251030-06308,UM-OT-024,1,362400
11848,U251030-06308,UM-BT-011,1,81900
11849,U251028-06309,UM-OT-013,1,139200
11850,U260829-06310,UM-BT-004,1,45800
11851,U260829-06310,UM-BT-017,1,31700
11852,U260901-06311,UM-SH-008,1,177900
11853,U260901-06311,UM-SH-012,1,198000
11854,U241207-06312,UM-AC-029,1,13800
11855,U241207-06312,UM-AC-031,1,63800
11856,U240929-06313,UM-TS-032,1,42500
11857,U240929-06313,UM-SH-009,1,127800
11858,U240929-06313,UM-TS-023,1,29300
11859,U251122-06314,UM-TS-031,1,27900
11860,U251122-06314,UM-TS-016,1,73300
11861,U251129-06315,UM-SH-016,3,143900
11862,U251229-06316,UM-TS-030,1,61600
11863,U260406-06317,UM-TS-017,2,50900
11864,U260406-06317,UM-OT-013,1,150000
11865,U260518-06318,UM-TS-002,1,41300
11866,U260518-06318,UM-AC-021,1,18300
11867,U260518-06318,UM-OT-021,1,148200
11868,U260518-06318,UM-OT-010,1,187200
11869,U260518-06318,UM-TS-026,1,43000
11870,U251123-06319,UM-AC-027,1,57300
11871,U251123-06319,UM-TS-025,1,49200
11872,U251123-06319,UM-TS-007,1,37900
11873,U260708-06320,UM-BT-023,1,109700
11874,U260708-06320,UM-BT-003,1,58400
11875,U260708-06320,UM-AC-006,1,21600
11876,U251127-06321,UM-TS-025,1,58400
11877,U251127-06321,UM-BT-019,1,34700
11878,U251127-06321,UM-TS-004,1,49700
11879,U251127-06321,UM-SH-018,1,185600
11880,U260318-06322,UM-BT-015,1,75100
11881,U260502-06323,UM-OT-009,1,347700
11882,U260502-06323,UM-OT-026,1,107100
11883,U260502-06323,UM-TS-019,1,69500
11884,U260502-06323,UM-BT-017,1,33700
11885,U260502-06323,UM-OT-012,3,184500
11886,U260709-06324,UM-SH-024,1,136600
11887,U260709-06324,UM-TS-032,3,40400
11888,U260709-06324,UM-BT-003,1,55700
11889,U260709-06324,UM-TS-001,1,40200
11890,U260706-06325,UM-TS-034,1,51200
11891,U260706-06325,UM-SH-020,1,218700
11892,U260706-06325,UM-SH-022,1,102700
11893,U251117-06326,UM-BT-013,1,106800
11894,U251117-06326,UM-AC-002,1,81900
11895,U251117-06326,UM-BT-007,2,78400
11896,U251117-06326,UM-OT-017,1,328600
11897,U251117-06326,UM-OT-015,1,85100
11898,U260731-06327,UM-TS-007,1,43600
11899,U260814-06328,UM-TS-001,1,48900
11900,U260814-06328,UM-AC-017,2,23900
11901,U241230-06329,UM-BT-004,2,44700
11902,U250105-06330,UM-AC-030,1,10800
11903,U250105-06330,UM-TS-022,1,41000
11904,U260819-06331,UM-BT-020,1,81200
11905,U260902-06332,UM-OT-007,1,106300
11906,U260613-06333,UM-SH-006,1,209800
11907,U250717-06334,UM-AC-002,1,85200
11908,U250727-06335,UM-TS-020,1,36800
11909,U250727-06335,UM-TS-015,1,16900
11910,U260626-06336,UM-TS-019,2,65000
11911,U260626-06336,UM-BT-024,1,40800
11912,U260626-06336,UM-TS-015,1,18600
11913,U260216-06337,UM-BT-013,1,116900
11914,U260521-06338,UM-TS-021,1,46000
11915,U260521-06338,UM-TS-026,1,44800
11916,U260320-06339,UM-AC-002,2,84000
11917,U260219-06340,UM-TS-012,1,34600
11918,U260219-06340,UM-TS-011,1,63000
11919,U251212-06341,UM-TS-036,1,39300
11920,U260809-06342,UM-SH-001,1,109200
11921,U250902-06343,UM-BT-010,2,89600
11922,U250902-06343,UM-BT-025,1,108500
11923,U240223-06344,UM-TS-023,1,26800
11924,U231117-06345,UM-BT-001,2,36500
11925,U250210-06346,UM-TS-030,1,78900
11926,U240723-06347,UM-TS-014,1,56300
11927,U240723-06347,UM-BT-008,2,71000
11928,U260206-06348,UM-TS-021,1,54300
11929,U241027-06349,UM-TS-035,1,16800
11930,U260331-06350,UM-OT-014,3,161700
11931,U260208-06351,UM-BT-022,1,76200
11932,U250302-06352,UM-OT-023,3,367300
11933,U250302-06352,UM-TS-014,1,43300
11934,U241019-06353,UM-BT-019,2,37000
11935,U250704-06354,UM-SH-017,2,124300
11936,U250704-06354,UM-OT-014,1,162000
11937,U250704-06354,UM-BT-015,1,83300
11938,U250704-06354,UM-TS-014,2,42000
11939,U260806-06355,UM-TS-012,1,34600
11940,U250225-06356,UM-TS-012,1,40700
11941,U250529-06357,UM-OT-022,1,242600
11942,U250529-06357,UM-SH-014,1,96900
11943,U240327-06358,UM-TS-016,3,58400
11944,U240327-06358,UM-AC-022,1,18400
11945,U260409-06359,UM-TS-037,1,26200
11946,U250519-06360,UM-SH-020,1,213800
11947,U241118-06361,UM-TS-009,1,48200
11948,U241118-06361,UM-BT-007,1,88600
11949,U260206-06362,UM-AC-028,1,33800
11950,U260206-06362,UM-TS-001,1,40100
11951,U260206-06362,UM-AC-005,2,33200
11952,U260206-06362,UM-TS-027,1,81500
11953,U260722-06363,UM-TS-022,1,37700
11954,U251031-06364,UM-OT-002,3,275200
11955,U241222-06365,UM-BT-025,1,103600
11956,U260817-06366,UM-BT-011,2,87000
11957,U260807-06367,UM-OT-017,1,316900
11958,U260727-06368,UM-SH-004,1,108500
11959,U260727-06368,UM-SH-021,1,159700
11960,U251129-06369,UM-AC-022,2,19700
11961,U250501-06370,UM-SH-003,1,201500
11962,U250501-06370,UM-TS-014,1,44500
11963,U251202-06371,UM-TS-037,3,26500
11964,U251202-06371,UM-SH-021,1,143300
11965,U251202-06371,UM-BT-008,1,87100
11966,U250506-06372,UM-BT-024,1,37500
11967,U250707-06373,UM-SH-006,1,179200
11968,U240825-06374,UM-TS-025,1,46400
11969,U240825-06374,UM-BT-018,1,61200
11970,U240825-06374,UM-AC-017,1,29700
11971,U231110-06375,UM-OT-018,1,373800
11972,U260610-06376,UM-BT-002,1,58400
11973,U260610-06376,UM-SH-004,1,111300
11974,U250510-06377,UM-AC-024,1,53000
11975,U231124-06378,UM-TS-017,1,49500
11976,U231124-06378,UM-BT-018,1,56200
11977,U260324-06379,UM-AC-008,1,12900
11978,U230619-06380,UM-OT-011,1,60200
11979,U230619-06380,UM-TS-021,1,39700
11980,U230619-06380,UM-TS-015,1,14300
11981,U230619-06380,UM-TS-021,1,40600
11982,U260702-06381,UM-TS-001,1,46400
11983,U260510-06382,UM-TS-028,2,76100
11984,U260510-06382,UM-TS-027,1,70700
11985,U240610-06383,UM-BT-014,1,50500
11986,U240610-06383,UM-BT-020,1,91100
11987,U260731-06384,UM-TS-029,1,45300
11988,U260731-06384,UM-BT-024,1,41100
11989,U251201-06385,UM-TS-035,1,16300
11990,U251205-06386,UM-TS-030,1,79400
11991,U260517-06387,UM-SH-009,1,161900
11992,U260625-06388,UM-BT-005,1,112000
11993,U250601-06389,UM-AC-007,1,10700
11994,U250601-06389,UM-OT-014,1,170400
11995,U250601-06389,UM-AC-005,1,32600
11996,U241027-06390,UM-OT-001,1,334800
11997,U241027-06390,UM-BT-006,2,58500
11998,U260307-06391,UM-BT-015,1,92600
11999,U260307-06391,UM-TS-014,2,54500
12000,U250717-06392,UM-TS-010,1,29900
12001,U250717-06392,UM-BT-012,1,62800
12002,U240717-06393,UM-OT-025,2,331600
12003,U240717-06393,UM-SH-022,2,132600
12004,U260131-06394,UM-AC-004,1,12400
12005,U260131-06394,UM-AC-011,1,63000
12006,U260131-06394,UM-TS-032,1,34900
12007,U231219-06395,UM-TS-037,1,32300
12008,U260515-06396,UM-SH-020,1,198100
12009,U260515-06396,UM-BT-009,1,49800
12010,U260113-06397,UM-BT-016,1,98000
12011,U260113-06397,UM-OT-014,1,144900
12012,U260113-06397,UM-SH-018,2,214600
12013,U260113-06397,UM-BT-015,1,92000
12014,U260110-06398,UM-TS-002,1,35600
12015,U260110-06398,UM-AC-012,1,43800
12016,U250714-06399,UM-TS-023,2,30200
12017,U240902-06400,UM-SH-004,3,91200
12018,U240902-06400,UM-SH-004,1,86800
12019,U260815-06401,UM-TS-028,1,71900
12020,U260815-06401,UM-TS-021,1,53500
12021,U260314-06402,UM-TS-009,2,63800
12022,U260314-06402,UM-TS-031,2,30400
12023,U260619-06403,UM-TS-009,1,59700
12024,U260619-06403,UM-BT-008,2,69700
12025,U260701-06404,UM-AC-017,1,30300
12026,U260701-06404,UM-BT-001,1,46100
12027,U250921-06405,UM-SH-004,1,107800
12028,U260620-06406,UM-OT-014,2,135700
12029,U260223-06407,UM-TS-015,1,15700
12030,U260223-06407,UM-AC-021,1,19800
12031,U260223-06407,UM-SH-013,1,179200
12032,U260223-06407,UM-BT-024,1,38400
12033,U250602-06408,UM-AC-026,1,50300
12034,U250618-06409,UM-TS-003,1,78100
12035,U251025-06410,UM-TS-036,1,52200
12036,U251025-06410,UM-TS-023,1,31000
12037,U251025-06410,UM-SH-002,2,233400
12038,U251026-06411,UM-TS-010,1,28500
12039,U251026-06412,UM-BT-024,1,43000
12040,U251026-06412,UM-BT-003,1,56600
12041,U260730-06413,UM-BT-001,1,41700
12042,U260313-06414,UM-BT-014,1,59200
12043,U251223-06415,UM-TS-005,1,44300
12044,U230727-06416,UM-BT-025,1,95500
12045,U240108-06417,UM-AC-005,1,38000
12046,U240108-06417,UM-AC-002,1,82600
12047,U260223-06418,UM-TS-002,1,43600
12048,U260223-06418,UM-OT-012,1,191600
12049,U260223-06418,UM-BT-024,2,46200
12050,U250824-06419,UM-SH-008,1,181500
12051,U250824-06419,UM-BT-002,1,76700
12052,U260731-06420,UM-TS-001,1,43900
12053,U250703-06421,UM-BT-017,1,38000
12054,U250703-06421,UM-AC-012,1,46100
12055,U250826-06422,UM-TS-020,1,44000
12056,U250123-06423,UM-BT-008,1,68900
12057,U260803-06424,UM-AC-018,1,45900
12058,U250314-06425,UM-AC-010,1,61500
12059,U250314-06425,UM-TS-019,1,87600
12060,U240813-06426,UM-TS-025,1,57800
12061,U240813-06426,UM-TS-014,1,52200
12062,U240813-06426,UM-TS-012,2,39500
12063,U240327-06427,UM-BT-007,1,82500
12064,U260819-06428,UM-AC-013,1,42500
12065,U260819-06428,UM-AC-013,1,42000
12066,U260816-06429,UM-TS-001,1,36800
12067,U260322-06430,UM-TS-033,1,44000
12068,U260322-06430,UM-TS-004,1,41000
12069,U260412-06431,UM-BT-012,1,63800
12070,U241231-06432,UM-TS-024,3,21900
12071,U231113-06433,UM-TS-026,1,36900
12072,U231113-06433,UM-SH-023,1,84100
12073,U231113-06433,UM-TS-017,1,49600
12074,U241213-06434,UM-BT-020,1,81100
12075,U241213-06434,UM-TS-032,1,38600
12076,U241213-06434,UM-BT-007,1,92900
12077,U260107-06435,UM-AC-029,1,10500
12078,U260107-06435,UM-OT-006,1,253300
12079,U260701-06436,UM-BT-010,1,89700
12080,U260711-06437,UM-AC-029,1,12100
12081,U260711-06437,UM-AC-019,1,62600
12082,U260711-06437,UM-SH-005,1,75400
12083,U260223-06438,UM-TS-022,1,44000
12084,U260223-06438,UM-BT-025,2,86700
12085,U260408-06439,UM-SH-018,1,211800
12086,U260408-06439,UM-AC-001,1,51300
12087,U260408-06439,UM-OT-011,1,73600
12088,U260731-06440,UM-OT-013,1,166200
12089,U260820-06441,UM-TS-005,1,37200
12090,U260512-06442,UM-BT-004,1,50000
12091,U260512-06442,UM-SH-006,1,222400
12092,U260512-06442,UM-SH-006,1,215100
12093,U260512-06442,UM-AC-012,1,47500
12094,U240314-06443,UM-SH-014,1,98500
12095,U240314-06443,UM-OT-006,1,255300
12096,U260805-06444,UM-SH-003,1,193400
12097,U260521-06445,UM-TS-023,1,25000
12098,U260311-06446,UM-BT-012,1,62600
12099,U260311-06446,UM-TS-012,1,36000
12100,U260317-06447,UM-TS-031,1,28100
12101,U230317-06448,UM-BT-018,1,68800
12102,U250503-06449,UM-BT-002,1,77800
12103,U250503-06449,UM-OT-020,1,169400
12104,U250410-06450,UM-TS-021,1,47400
12105,U250729-06451,UM-BT-021,1,80000
12106,U250729-06451,UM-BT-002,1,56500
12107,U250729-06451,UM-TS-015,1,16100
12108,U251021-06452,UM-AC-005,1,28500
12109,U240706-06453,UM-OT-006,1,274100
12110,U240706-06453,UM-TS-029,2,51600
12111,U240706-06453,UM-BT-003,1,64200
12112,U250629-06454,UM-OT-009,1,253500
12113,U240224-06455,UM-TS-015,1,14800
12114,U240224-06455,UM-BT-009,1,57900
12115,U240224-06455,UM-SH-010,1,172800
12116,U250307-06456,UM-SH-016,1,136600
12117,U250307-06456,UM-BT-005,1,103000
12118,U231215-06457,UM-TS-023,3,22000
12119,U260818-06458,UM-TS-024,1,20700
12120,U260817-06459,UM-AC-010,1,51800
12121,U240509-06460,UM-OT-012,1,163900
12122,U250313-06461,UM-BT-002,1,64600
12123,U250313-06461,UM-TS-026,1,42600
12124,U241015-06462,UM-AC-004,1,15900
12125,U260327-06463,UM-BT-004,1,50300
12126,U260827-06464,UM-OT-023,1,355500
12127,U250223-06465,UM-TS-007,2,37400
12128,U250223-06465,UM-SH-010,2,149000
12129,U260321-06466,UM-SH-020,1,162800
12130,U250619-06467,UM-BT-007,1,93300
12131,U240930-06468,UM-OT-002,1,280700
12132,U240930-06468,UM-BT-004,1,48100
12133,U240929-06469,UM-BT-013,1,122200
12134,U240929-06469,UM-TS-034,1,63400
12135,U240929-06469,UM-TS-007,1,39500
12136,U240928-06470,UM-AC-022,1,18800
12137,U260207-06471,UM-TS-012,1,43500
12138,U260207-06471,UM-TS-016,1,74100
12139,U260207-06471,UM-SH-024,1,101400
12140,U260207-06471,UM-OT-008,1,203500
12141,U260207-06471,UM-BT-010,1,87100
12142,U260807-06472,UM-BT-014,3,52400
12143,U260807-06472,UM-BT-011,1,69900
12144,U260807-06472,UM-BT-021,1,66300
12145,U260825-06473,UM-BT-002,1,65400
12146,U250102-06474,UM-TS-034,1,53600
12147,U250102-06474,UM-SH-001,1,93100
12148,U241231-06475,UM-TS-033,1,50600
12149,U241231-06475,UM-BT-003,1,51600
12150,U241231-06475,UM-TS-010,1,25500
12151,U241231-06475,UM-TS-032,1,40900
12152,U260624-06476,UM-SH-018,1,217900
12153,U260624-06476,UM-OT-003,1,302100
12154,U260524-06477,UM-BT-020,1,87100
12155,U260524-06477,UM-OT-007,1,86300
12156,U251119-06478,UM-AC-026,2,67000
12157,U260504-06479,UM-OT-015,1,91100
12158,U250522-06480,UM-AC-018,1,44000
12159,U260718-06481,UM-BT-010,1,93400
12160,U260207-06482,UM-TS-035,1,21700
12161,U260207-06482,UM-OT-016,1,114800
12162,U260702-06483,UM-OT-026,1,96300
12163,U260702-06483,UM-BT-014,1,53600
12164,U250707-06484,UM-AC-028,1,39700
12165,U260227-06485,UM-BT-019,1,31400
12166,U251023-06486,UM-AC-001,1,58800
12167,U251023-06486,UM-TS-027,1,62200
12168,U251023-06486,UM-TS-010,1,25600
12169,U251023-06486,UM-TS-005,1,40500
12170,U240620-06487,UM-SH-014,1,91100
12171,U240620-06487,UM-BT-001,1,47900
12172,U240620-06487,UM-TS-024,1,20200
12173,U240620-06487,UM-BT-023,2,100300
12174,U230911-06488,UM-OT-010,1,210900
12175,U230911-06488,UM-BT-009,1,50300
12176,U240511-06489,UM-TS-013,1,18900
12177,U260715-06490,UM-SH-020,1,174900
12178,U260715-06490,UM-OT-005,1,173400
12179,U260715-06490,UM-SH-004,1,108900
12180,U260715-06490,UM-BT-011,1,63000
12181,U260821-06491,UM-TS-001,1,46400
12182,U260318-06492,UM-OT-004,1,216800
12183,U260318-06492,UM-OT-011,1,68500
12184,U260318-06492,UM-TS-031,1,33300
12185,U260318-06492,UM-AC-003,2,14800
12186,U260305-06493,UM-TS-030,1,58600
12187,U260101-06494,UM-TS-013,1,22000
12188,U260101-06494,UM-TS-020,1,39900
12189,U260101-06494,UM-TS-017,1,44000
12190,U260809-06495,UM-TS-027,1,69400
12191,U260809-06495,UM-OT-015,1,99700
12192,U260809-06495,UM-OT-024,1,346800
12193,U250217-06496,UM-TS-029,1,42900
12194,U250216-06497,UM-TS-025,1,61200
12195,U250216-06497,UM-AC-010,1,43800
12196,U260508-06498,UM-TS-006,1,76300
12197,U260508-06498,UM-TS-009,2,54000
12198,U241225-06499,UM-AC-027,1,52700
12199,U241225-06499,UM-AC-008,1,15800
12200,U241225-06499,UM-SH-007,1,99900
12201,U241225-06499,UM-TS-030,1,63500
12202,U241225-06499,UM-OT-021,1,129600
12203,U240924-06500,UM-SH-001,1,128800
12204,U240924-06500,UM-OT-011,1,69300
12205,U240320-06501,UM-OT-005,1,196800
12206,U240320-06501,UM-TS-019,1,79800
12207,U260616-06502,UM-TS-034,2,58200
12208,U260122-06503,UM-AC-007,1,10100
12209,U260122-06503,UM-SH-012,1,158600
12210,U251118-06504,UM-OT-024,1,282900
12211,U251118-06504,UM-TS-020,1,40600
12212,U251118-06504,UM-BT-008,1,77800
12213,U260602-06505,UM-TS-014,1,45400
12214,U251226-06506,UM-SH-012,2,192300
12215,U251226-06506,UM-BT-011,1,78500
12216,U260718-06507,UM-SH-018,1,181100
12217,U260718-06507,UM-BT-019,1,37500
12218,U260718-06507,UM-BT-020,1,74600
12219,U260412-06508,UM-OT-018,2,279000
12220,U260412-06508,UM-BT-014,1,50400
12221,U260412-06508,UM-AC-025,1,71100
12222,U260104-06509,UM-AC-031,1,75200
12223,U260104-06509,UM-BT-013,1,104100
12224,U260104-06509,UM-SH-014,1,105200
12225,U260104-06509,UM-OT-002,3,326900
12226,U260801-06510,UM-TS-037,1,32700
12227,U260801-06510,UM-TS-030,2,78900
12228,U260801-06510,UM-SH-019,1,174000
12229,U260801-06510,UM-BT-020,1,70300
12230,U251203-06511,UM-TS-010,1,30000
12231,U251203-06511,UM-TS-001,3,46000
12232,U251203-06511,UM-SH-006,1,227300
12233,U260210-06512,UM-TS-031,1,33000
12234,U260210-06512,UM-BT-016,1,93200
12235,U260711-06513,UM-BT-022,1,60200
12236,U260208-06514,UM-SH-011,1,154900
12237,U260208-06514,UM-TS-003,1,77200
12238,U260827-06515,UM-TS-028,1,77800
12239,U260827-06515,UM-OT-010,1,175600
12240,U260312-06516,UM-TS-007,1,39400
12241,U260312-06516,UM-TS-012,1,39900
12242,U260312-06516,UM-BT-011,1,65800
12243,U241013-06517,UM-TS-023,1,27700
12244,U260305-06518,UM-BT-010,1,94300
12245,U260719-06519,UM-TS-009,1,63200
12246,U260618-06520,UM-SH-010,1,182500
12247,U260618-06520,UM-TS-009,1,58900
12248,U250511-06521,UM-BT-023,2,95300
12249,U250108-06522,UM-TS-012,1,40500
12250,U250606-06523,UM-BT-021,1,66000
12251,U250708-06524,UM-TS-030,1,81700
12252,U250708-06524,UM-SH-012,1,187700
12253,U250708-06524,UM-BT-001,2,47300
12254,U250708-06524,UM-TS-016,1,69400
12255,U250708-06524,UM-TS-007,1,49000
12256,U260831-06525,UM-BT-001,2,43100
12257,U260831-06525,UM-TS-035,1,21600
12258,U260903-06526,UM-BT-003,1,60700
12259,U260903-06526,UM-BT-006,1,56600
12260,U260902-06527,UM-AC-023,1,82100
12261,U260823-06528,UM-SH-013,1,211900
12262,U260823-06528,UM-SH-018,1,215200
12263,U260823-06528,UM-TS-026,3,33200
12264,U260823-06528,UM-SH-018,3,236100
12265,U260812-06529,UM-OT-008,2,255700
12266,U260820-06530,UM-TS-001,1,45500
12267,U260825-06531,UM-BT-017,2,39200
12268,U260825-06532,UM-OT-004,1,203500
12269,U260825-06532,UM-SH-018,1,212600
12270,U260821-06533,UM-OT-026,1,98900
12271,U260821-06533,UM-TS-027,1,80300
12272,U260811-06534,UM-SH-017,1,128900
12273,U260811-06534,UM-OT-021,1,119100
12274,U260218-06535,UM-TS-031,1,27900
12275,U251228-06536,UM-SH-003,2,178600
12276,U260901-06537,UM-AC-006,1,20500
12277,U260901-06537,UM-BT-025,1,108600
12278,U260827-06538,UM-TS-026,2,37900
12279,U260901-06539,UM-BT-024,1,40300
12280,U260901-06539,UM-AC-019,1,55500
12281,U260828-06540,UM-SH-016,1,122000
12282,U260901-06541,UM-TS-004,1,39700
12283,U260831-06542,UM-AC-029,2,10100
12284,U260827-06543,UM-AC-025,1,69500
12285,U260827-06543,UM-OT-011,1,63800
12286,U260827-06543,UM-BT-012,1,64800
12287,U260831-06544,UM-SH-006,1,207100
12288,U260831-06544,UM-BT-010,2,78000
12289,U260831-06545,UM-OT-025,1,296200
12290,U260828-06546,UM-TS-013,1,23100
12291,U260831-06547,UM-TS-032,1,40600
12292,U260831-06547,UM-TS-009,1,64700
12293,U260901-06548,UM-TS-019,1,81300
12294,U260709-06549,UM-TS-005,1,46700
12295,U241120-06550,UM-OT-021,1,117800
12296,U240817-06551,UM-TS-030,2,71300
12297,U240817-06551,UM-BT-009,1,49600
12298,U251130-06552,UM-TS-037,1,28100
12299,U260804-06553,UM-BT-007,2,94700
12300,U260804-06553,UM-SH-018,1,205600
12301,U260705-06554,UM-TS-030,1,66300
12302,U260705-06554,UM-BT-021,1,71800
12303,U260827-06555,UM-BT-018,1,58400
12304,U260827-06555,UM-TS-023,2,30100
12305,U260827-06555,UM-SH-019,1,166800
12306,U251224-06556,UM-TS-017,1,50900
12307,U260531-06557,UM-TS-033,1,47100
12308,U260531-06557,UM-TS-010,1,25000
12309,U260307-06558,UM-AC-011,1,70400
12310,U260307-06558,UM-SH-002,1,193700
12311,U260204-06559,UM-OT-022,1,206300
12312,U260204-06559,UM-TS-015,1,19200
12313,U250923-06560,UM-AC-002,1,63500
12314,U250923-06560,UM-TS-009,1,62200
12315,U250923-06560,UM-OT-005,1,142500
12316,U251013-06561,UM-BT-010,1,95000
12317,U260727-06562,UM-BT-005,1,109400
12318,U250111-06563,UM-TS-025,1,59500
12319,U260808-06564,UM-OT-009,1,252300
12320,U260808-06564,UM-AC-016,1,27700
12321,U260901-06565,UM-OT-002,1,259500
12322,U260827-06566,UM-BT-002,2,59100
12323,U260827-06566,UM-TS-031,3,29900
12324,U260808-06567,UM-TS-036,1,43600
12325,U260614-06568,UM-TS-017,1,51400
12326,U260614-06568,UM-TS-005,3,36300
12327,U260614-06568,UM-SH-015,1,97400
12328,U260614-06568,UM-TS-026,1,44800
12329,U251113-06569,UM-TS-027,1,76700
12330,U251113-06569,UM-BT-002,1,75000
12331,U260205-06570,UM-SH-024,1,129800
12332,U260205-06570,UM-OT-016,1,124200
12333,U260305-06571,UM-OT-011,1,79600
12334,U241030-06572,UM-SH-016,1,125100
12335,U241030-06572,UM-TS-011,1,73900
12336,U241030-06572,UM-BT-021,1,84000
12337,U260125-06573,UM-TS-001,2,46200
12338,U260125-06573,UM-SH-008,1,151400
12339,U260125-06573,UM-TS-011,1,74500
12340,U260125-06573,UM-OT-021,1,131300
12341,U260108-06574,UM-OT-023,1,370300
12342,U260706-06575,UM-OT-021,2,133700
12343,U260623-06576,UM-AC-001,1,59000
12344,U241230-06577,UM-TS-006,1,67800
12345,U241230-06577,UM-BT-003,1,59400
12346,U240228-06578,UM-AC-001,1,54600
12347,U260301-06579,UM-BT-001,1,46800
12348,U260301-06579,UM-TS-007,1,46800
12349,U260612-06580,UM-OT-023,1,293900
12350,U260612-06580,UM-TS-001,1,45200
12351,U260825-06581,UM-OT-020,1,144600
12352,U260521-06582,UM-BT-019,1,35900
12353,U260119-06583,UM-OT-014,1,165900
12354,U260725-06584,UM-TS-026,1,41800
12355,U260725-06584,UM-AC-012,1,36400
12356,U260902-06585,UM-AC-018,1,42600
12357,U260722-06586,UM-AC-024,1,49900
12358,U260516-06587,UM-TS-006,1,60500
12359,U250617-06588,UM-BT-025,1,90000
12360,U260102-06589,UM-BT-020,1,89600
12361,U260102-06589,UM-OT-026,1,106600
12362,U250727-06590,UM-BT-017,1,37200
12363,U250101-06591,UM-OT-015,1,88800
12364,U250101-06591,UM-TS-010,2,26300
12365,U250101-06591,UM-OT-026,1,110900
12366,U250101-06591,UM-SH-003,3,196000
12367,U260519-06592,UM-BT-008,1,67100
12368,U260519-06592,UM-TS-010,3,29000
12369,U260519-06592,UM-OT-024,1,315400
12370,U241201-06593,UM-SH-007,1,72300
12371,U241201-06593,UM-OT-015,1,84500
12372,U241201-06593,UM-BT-003,1,55200
12373,U260510-06594,UM-TS-029,2,40100
12374,U260510-06594,UM-OT-010,2,192900
12375,U250916-06595,UM-BT-014,1,67700
12376,U260109-06596,UM-TS-033,2,42800
12377,U260204-06597,UM-TS-033,1,45100
12378,U260420-06598,UM-BT-006,2,48100
12379,U260420-06598,UM-OT-021,1,135000
12380,U251118-06599,UM-BT-004,1,50600
12381,U250102-06600,UM-SH-001,1,105700
12382,U260409-06601,UM-TS-022,1,43700
12383,U260709-06602,UM-TS-033,1,45300
12384,U260709-06602,UM-BT-025,1,80200
12385,U260709-06602,UM-BT-001,1,43200
12386,U260609-06603,UM-TS-024,1,22700
12387,U260609-06603,UM-TS-016,1,72300
12388,U260609-06603,UM-TS-016,1,68400
12389,U260705-06604,UM-OT-011,1,73700
12390,U260723-06605,UM-AC-013,1,51900
12391,U260714-06606,UM-TS-037,1,31000
12392,U260714-06606,UM-TS-003,2,72000
12393,U260827-06607,UM-TS-020,1,32000
12394,U260702-06608,UM-SH-007,1,86100
12395,U260702-06608,UM-TS-024,1,21300
12396,U260702-06608,UM-BT-013,2,110900
12397,U260702-06608,UM-BT-023,1,110800
12398,U260621-06609,UM-OT-012,1,215400
12399,U260621-06609,UM-TS-027,1,86000
12400,U260621-06609,UM-BT-003,1,68900
12401,U260421-06610,UM-OT-013,1,148700
12402,U260716-06611,UM-TS-020,1,36900
12403,U260716-06611,UM-AC-023,2,72700
12404,U260716-06611,UM-BT-014,1,55600
12405,U260724-06612,UM-TS-004,1,35800
12406,U260724-06612,UM-TS-014,2,50100
12407,U260724-06612,UM-AC-025,1,61100
12408,U260813-06613,UM-TS-037,1,32200
12409,U260803-06614,UM-OT-023,2,296900
12410,U260518-06615,UM-TS-035,1,18900
12411,U260518-06615,UM-AC-020,1,87100
12412,U250309-06616,UM-SH-004,1,110000
12413,U250309-06616,UM-OT-005,1,149700
12414,U260803-06617,UM-SH-011,1,151800
12415,U260803-06617,UM-BT-010,1,104100
12416,U260719-06618,UM-TS-027,1,81000
12417,U260705-06619,UM-BT-019,1,28600
12418,U260720-06620,UM-TS-024,1,21400
12419,U260720-06620,UM-TS-032,1,37000
12420,U251207-06621,UM-BT-014,2,59200
12421,U240425-06622,UM-TS-019,1,73800
12422,U240425-06622,UM-TS-021,1,53100
12423,U260430-06623,UM-TS-021,1,53200
12424,U260430-06623,UM-AC-006,1,21400
12425,U260204-06624,UM-OT-024,1,270300
12426,U260204-06625,UM-SH-017,1,125100
12427,U260204-06625,UM-AC-005,1,35500
12428,U260204-06625,UM-TS-002,1,42400
12429,U260204-06625,UM-BT-022,1,76300
12430,U260205-06626,UM-OT-005,1,183000
12431,U250121-06627,UM-TS-033,1,42100
12432,U250121-06627,UM-SH-014,2,88100
12433,U250121-06627,UM-BT-017,1,36400
12434,U260317-06628,UM-BT-005,1,112500
12435,U260317-06628,UM-BT-019,1,27100
12436,U260829-06629,UM-BT-015,1,101700
12437,U260829-06629,UM-AC-004,1,15700
12438,U260829-06629,UM-TS-007,3,48000
12439,U260829-06629,UM-TS-025,1,55600
12440,U260829-06629,UM-TS-013,1,21000
12441,U251219-06630,UM-SH-010,1,164400
12442,U260822-06631,UM-BT-007,2,89800
12443,U260823-06632,UM-SH-022,2,144100
12444,U260826-06633,UM-BT-015,1,78800
12445,U260826-06634,UM-TS-029,1,44300
12446,U260826-06634,UM-SH-002,1,173500
12447,U260826-06634,UM-AC-030,1,11700
12448,U260826-06634,UM-TS-036,1,44600
12449,U260826-06635,UM-TS-007,2,40600
12450,U260826-06635,UM-BT-011,1,62600
12451,U260813-06636,UM-TS-013,1,17400
12452,U260813-06636,UM-TS-006,1,77500
12453,U260813-06636,UM-BT-009,1,54400
12454,U260811-06637,UM-TS-009,1,49800
12455,U260811-06637,UM-AC-031,2,65500
12456,U260830-06638,UM-SH-007,1,95100
12457,U260830-06638,UM-TS-010,1,25600
12458,U260902-06639,UM-BT-014,1,52000
12459,U260902-06639,UM-OT-018,1,285700
12460,U260809-06640,UM-OT-004,1,221700
12461,U250802-06641,UM-BT-011,1,75200
12462,U231223-06642,UM-SH-005,1,87800
12463,U231223-06642,UM-OT-016,1,130700
12464,U240818-06643,UM-AC-030,1,12000
12465,U260728-06644,UM-TS-004,1,45300
12466,U260307-06645,UM-AC-005,1,31100
12467,U260812-06646,UM-BT-024,1,49700
12468,U260812-06646,UM-SH-020,1,214200
12469,U250826-06647,UM-TS-027,1,80900
12470,U260305-06648,UM-OT-008,1,242500
12471,U260305-06648,UM-BT-006,1,62600
12472,U260729-06649,UM-BT-024,1,45800
12473,U251224-06650,UM-TS-002,1,33700
12474,U250123-06651,UM-SH-018,1,186900
12475,U250123-06651,UM-OT-018,1,331900
12476,U260714-06652,UM-BT-010,1,84200
12477,U260714-06652,UM-OT-008,1,206000
12478,U260714-06652,UM-TS-015,1,18500
12479,U260714-06652,UM-BT-019,1,30800
12480,U260605-06653,UM-OT-017,1,297800
12481,U260605-06653,UM-BT-003,1,64200
12482,U260605-06653,UM-BT-017,1,40400
12483,U250413-06654,UM-TS-021,1,44800
12484,U251022-06655,UM-TS-015,1,18000
12485,U250401-06656,UM-TS-004,1,47800
12486,U250401-06656,UM-SH-017,1,129700
12487,U250401-06656,UM-AC-023,1,84300
12488,U250401-06656,UM-BT-011,1,86200
12489,U260602-06657,UM-TS-001,2,50000
12490,U260602-06657,UM-BT-015,1,98000
12491,U260602-06657,UM-AC-011,1,78100
12492,U260602-06657,UM-SH-004,1,113200
12493,U250310-06658,UM-SH-024,1,112800
12494,U250310-06658,UM-AC-014,1,27900
12495,U250310-06658,UM-TS-009,1,53800
12496,U260526-06659,UM-TS-031,1,31800
12497,U260526-06659,UM-OT-005,1,192500
12498,U260828-06660,UM-BT-015,1,94500
12499,U260803-06661,UM-SH-003,2,146300
12500,U251207-06662,UM-TS-021,1,53500
12501,U251207-06662,UM-TS-020,3,37500
12502,U251207-06662,UM-TS-012,1,38600
12503,U251207-06662,UM-TS-033,1,39100
12504,U260708-06663,UM-OT-005,1,173400
12505,U260708-06663,UM-AC-008,2,13500
12506,U260810-06664,UM-TS-024,1,19700
12507,U260622-06665,UM-OT-023,1,312600
12508,U260622-06665,UM-SH-004,1,94800
12509,U260720-06666,UM-BT-013,1,122900
12510,U260720-06666,UM-TS-007,1,37300
12511,U260720-06666,UM-BT-019,2,30400
12512,U260720-06666,UM-TS-034,1,49500
12513,U260420-06667,UM-SH-002,2,185200
12514,U250701-06668,UM-TS-017,1,56300
12515,U250701-06668,UM-AC-013,1,53200
12516,U250721-06669,UM-BT-017,1,38800
12517,U250721-06669,UM-BT-008,1,65800
12518,U260825-06670,UM-OT-011,1,57800
12519,U260829-06671,UM-TS-001,2,38100
12520,U260826-06672,UM-BT-020,1,74200
12521,U250428-06673,UM-AC-014,1,27000
12522,U250428-06673,UM-TS-006,1,83700
12523,U251006-06674,UM-OT-023,1,377600
12524,U251006-06674,UM-BT-025,1,85600
12525,U251006-06674,UM-TS-026,2,39800
12526,U251006-06674,UM-TS-037,1,28800
12527,U251006-06674,UM-TS-020,1,38200
12528,U260404-06675,UM-AC-019,1,61700
12529,U260404-06675,UM-OT-010,1,166200
12530,U251219-06676,UM-AC-031,1,68600
12531,U251219-06676,UM-SH-021,2,184600
12532,U251219-06676,UM-TS-027,2,82700
12533,U240204-06677,UM-BT-007,2,98500
12534,U240204-06677,UM-SH-020,1,172500
12535,U240204-06677,UM-OT-013,2,160900
12536,U240206-06678,UM-TS-031,2,24800
12537,U250803-06679,UM-OT-006,1,209400
12538,U250803-06679,UM-BT-008,1,83000
12539,U250803-06679,UM-TS-010,1,24600
12540,U250803-06679,UM-AC-010,1,53300
12541,U260816-06680,UM-BT-006,1,65300
12542,U260613-06681,UM-TS-022,1,44200
12543,U260613-06681,UM-BT-018,1,76900
12544,U260613-06681,UM-TS-031,1,31100
12545,U260613-06681,UM-AC-019,1,62500
12546,U230607-06682,UM-SH-009,1,156800
12547,U260305-06683,UM-BT-003,1,67200
12548,U230526-06684,UM-SH-022,1,136500
12549,U240713-06685,UM-TS-037,1,27200
12550,U240713-06685,UM-AC-022,1,14200
12551,U240713-06685,UM-AC-028,1,33400
12552,U240713-06685,UM-TS-034,1,60400
12553,U220715-06686,UM-TS-012,1,34600
12554,U220715-06686,UM-TS-012,1,43200
12555,U241009-06687,UM-AC-012,1,42300
12556,U250930-06688,UM-OT-011,1,71600
12557,U250930-06688,UM-TS-024,1,23000
12558,U260627-06689,UM-AC-006,1,21600
12559,U260627-06689,UM-SH-019,2,174700
12560,U260627-06689,UM-AC-023,1,71800
12561,U260625-06690,UM-BT-018,1,71700
12562,U260625-06690,UM-AC-007,2,13600
12563,U240809-06691,UM-AC-004,1,11400
12564,U240809-06691,UM-BT-019,1,34900
12565,U240809-06691,UM-BT-018,1,66800
12566,U260628-06692,UM-TS-029,1,48900
12567,U260518-06693,UM-TS-011,1,81800
12568,U260518-06693,UM-BT-009,2,52300
12569,U260518-06693,UM-BT-018,2,70400
12570,U250119-06694,UM-SH-009,1,160900
12571,U250119-06694,UM-SH-015,1,105700
12572,U250119-06694,UM-TS-035,2,21800
12573,U260808-06695,UM-AC-030,1,13600
12574,U260901-06696,UM-TS-011,2,68700
12575,U260901-06696,UM-SH-017,1,127400
12576,U260818-06697,UM-TS-033,1,50500
12577,U260826-06698,UM-AC-004,1,15400
12578,U260826-06698,UM-SH-006,2,195600
12579,U260826-06698,UM-TS-029,1,44100
12580,U260826-06698,UM-BT-010,3,83500
12581,U260822-06699,UM-OT-004,1,196700
12582,U260828-06700,UM-SH-002,1,171500
12583,U260828-06700,UM-SH-008,1,185400
12584,U260828-06701,UM-SH-005,1,86900
12585,U260828-06701,UM-TS-007,1,44000
12586,U260828-06701,UM-TS-008,2,54700
12587,U260116-06702,UM-TS-023,1,24100
12588,U260612-06703,UM-BT-012,1,62500
12589,U260612-06703,UM-SH-014,1,83300
12590,U260820-06704,UM-SH-009,1,162100
12591,U260220-06705,UM-BT-021,1,71700
12592,U260501-06706,UM-BT-014,1,51700
12593,U260524-06707,UM-SH-002,1,225300
12594,U260704-06708,UM-AC-013,1,41600
12595,U260718-06709,UM-TS-001,1,49400
12596,U260719-06710,UM-BT-009,1,46900
12597,U260719-06710,UM-OT-021,1,128000
12598,U260826-06711,UM-TS-037,1,28900
12599,U260829-06712,UM-BT-014,1,70800
12600,U260829-06712,UM-TS-017,1,55900
12601,U260829-06712,UM-SH-006,1,244700
12602,U260807-06713,UM-AC-008,1,15100
12603,U260807-06713,UM-BT-016,1,102800
12604,U260627-06714,UM-BT-015,1,92000
12605,U260802-06715,UM-TS-037,1,29000
12606,U260627-06716,UM-TS-017,1,50200
12607,U260806-06717,UM-OT-018,1,354000
12608,U260806-06717,UM-SH-014,1,91800
12609,U260806-06717,UM-AC-001,1,53200
12610,U260715-06718,UM-BT-001,1,44300
12611,U260203-06719,UM-OT-015,1,104900
12612,U260206-06720,UM-TS-010,1,24300
12613,U260206-06720,UM-TS-001,2,44700
12614,U260206-06720,UM-TS-028,1,77600
12615,U260114-06721,UM-BT-007,1,81200
12616,U250910-06722,UM-BT-020,1,67000
12617,U250318-06723,UM-OT-012,1,196900
12618,U250318-06723,UM-BT-015,1,86400
12619,U260512-06724,UM-TS-004,1,42400
12620,U260512-06724,UM-OT-013,1,177100
12621,U260902-06725,UM-TS-030,2,71900
12622,U260902-06725,UM-BT-004,1,50900
12623,U250402-06726,UM-BT-009,1,62000
12624,U250411-06727,UM-SH-021,1,179500
12625,U260814-06728,UM-BT-003,1,58400
12626,U260610-06729,UM-BT-018,2,72500
12627,U260601-06730,UM-BT-001,1,48000
12628,U260601-06730,UM-OT-025,1,338900
12629,U260601-06730,UM-BT-010,3,105200
12630,U260601-06730,UM-AC-006,1,19600
12631,U260719-06731,UM-TS-007,1,42800
12632,U260723-06732,UM-TS-018,2,72300
12633,U260723-06732,UM-BT-009,3,63200
12634,U260222-06733,UM-AC-014,3,27800
12635,U260222-06733,UM-SH-023,1,100000
12636,U260222-06733,UM-TS-033,2,44400
12637,U260316-06734,UM-BT-016,2,110900
12638,U260316-06734,UM-AC-028,1,39500
12639,U260316-06734,UM-BT-013,1,96700
12640,U260316-06734,UM-OT-017,1,298100
12641,U251215-06735,UM-TS-019,1,84100
12642,U250628-06736,UM-SH-007,1,94400
12643,U250628-06736,UM-BT-020,1,65300
12644,U250214-06737,UM-SH-022,1,140400
12645,U251015-06738,UM-OT-017,1,282500
12646,U250822-06739,UM-AC-016,1,30900
12647,U241025-06740,UM-BT-016,2,114300
12648,U241025-06740,UM-BT-013,1,109700
12649,U251205-06741,UM-BT-012,2,55700
12650,U251205-06741,UM-TS-025,2,51500
12651,U250813-06742,UM-SH-013,2,159800
12652,U240714-06743,UM-OT-007,1,87900
12653,U260708-06744,UM-SH-009,1,133200
12654,U260708-06744,UM-SH-023,1,82100
12655,U260708-06744,UM-AC-005,1,31700
12656,U250611-06745,UM-OT-016,1,130500
12657,U250611-06745,UM-TS-005,1,47000
12658,U240308-06746,UM-AC-005,1,38300
12659,U240914-06747,UM-BT-020,1,65500
12660,U240914-06747,UM-TS-019,1,85800
12661,U260216-06748,UM-BT-015,1,91300
12662,U250421-06749,UM-AC-026,1,53800
12663,U250421-06749,UM-BT-007,1,99800
12664,U260425-06750,UM-TS-025,1,48300
12665,U260425-06750,UM-BT-016,1,94500
12666,U260405-06751,UM-TS-037,1,28900
12667,U260405-06751,UM-SH-005,1,89600
12668,U260405-06751,UM-BT-013,1,124800
12669,U260707-06752,UM-TS-028,2,61800
12670,U260707-06752,UM-OT-008,1,257400
12671,U260707-06752,UM-SH-012,1,172700
12672,U260707-06752,UM-TS-021,1,49400
12673,U260623-06753,UM-TS-029,1,43800
12674,U260623-06753,UM-OT-020,1,169800
12675,U260623-06753,UM-TS-006,1,73700
12676,U260408-06754,UM-BT-018,1,66600
12677,U260408-06754,UM-BT-022,1,78700
12678,U260518-06755,UM-TS-002,1,33700
12679,U260728-06756,UM-BT-017,1,41000
12680,U260715-06757,UM-TS-017,1,43200
12681,U260610-06758,UM-TS-016,1,64600
12682,U260610-06758,UM-OT-026,1,93200
12683,U260712-06759,UM-SH-010,3,146700
12684,U260712-06759,UM-AC-028,1,42700
12685,U260716-06760,UM-TS-020,1,42500
12686,U260725-06761,UM-TS-017,1,52100
12687,U260130-06762,UM-SH-019,1,166100
12688,U260130-06762,UM-SH-020,1,203900
12689,U260816-06763,UM-TS-012,2,36600
12690,U260823-06764,UM-AC-002,1,62700
12691,U260823-06764,UM-TS-011,1,85100
12692,U260823-06764,UM-TS-010,1,32100
12693,U260514-06765,UM-TS-035,1,21700
12694,U260709-06766,UM-BT-012,1,53300
12695,U260709-06766,UM-SH-021,1,157900
12696,U260418-06767,UM-BT-024,1,45000
12697,U260418-06767,UM-BT-010,1,81400
12698,U260222-06768,UM-TS-003,3,72000
12699,U260222-06768,UM-TS-036,1,40300
12700,U260222-06768,UM-BT-021,2,75900
12701,U260222-06768,UM-TS-019,1,68900
12702,U260113-06769,UM-SH-006,1,187200
12703,U260113-06769,UM-AC-006,1,18900
12704,U260902-06770,UM-TS-002,1,37200
12705,U260812-06771,UM-TS-007,1,45700
12706,U260703-06772,UM-OT-002,1,256400
12707,U260703-06772,UM-TS-004,1,36400
12708,U260902-06773,UM-AC-026,1,59600
12709,U260902-06773,UM-AC-029,1,13600
12710,U260902-06773,UM-BT-012,1,59400
12711,U260403-06774,UM-OT-008,1,267700
12712,U260403-06774,UM-SH-011,1,152500
12713,U260506-06775,UM-OT-024,1,297200
12714,U260506-06775,UM-OT-017,2,238400
12715,U260506-06775,UM-SH-007,1,74500
12716,U260506-06775,UM-TS-009,1,60800
12717,U260506-06775,UM-AC-012,1,41800
12718,U251111-06776,UM-BT-001,1,36500
12719,U260227-06777,UM-BT-010,1,79900
12720,U260511-06778,UM-AC-012,1,50400
12721,U260511-06778,UM-SH-012,1,158800
12722,U260511-06778,UM-OT-025,1,333700
12723,U260511-06778,UM-TS-010,1,33200
12724,U260509-06779,UM-BT-018,1,70800
12725,U260819-06780,UM-TS-004,1,48000
12726,U260819-06780,UM-SH-013,1,197500
12727,U260819-06780,UM-TS-012,1,46700
12728,U260827-06781,UM-TS-027,1,62400
12729,U260827-06781,UM-TS-001,1,39500
12730,U260508-06782,UM-OT-001,1,362200
12731,U260508-06782,UM-BT-011,1,81800
12732,U260508-06782,UM-TS-018,1,68500
12733,U260508-06782,UM-OT-008,1,237500
12734,U260825-06783,UM-OT-001,1,298800
12735,U260626-06784,UM-BT-023,1,114400
12736,U260713-06785,UM-TS-032,1,32200
12737,U260613-06786,UM-OT-015,1,80500
12738,U260729-06787,UM-TS-019,1,65500
12739,U260729-06787,UM-TS-001,1,46700
12740,U260713-06788,UM-BT-003,1,50400
12741,U260828-06789,UM-TS-015,1,16000
12742,U260826-06790,UM-AC-031,1,75300
12743,U260826-06790,UM-OT-014,1,123800
12744,U260826-06790,UM-AC-027,2,59200
12745,U260608-06791,UM-AC-006,1,24000
12746,U260608-06791,UM-AC-023,1,76700
12747,U260614-06792,UM-TS-016,1,76000
12748,U260816-06793,UM-TS-009,1,49800
12749,U260714-06794,UM-BT-008,1,86900
12750,U260831-06795,UM-AC-023,2,69400
12751,U260804-06796,UM-OT-011,2,77900
12752,U260707-06797,UM-TS-029,1,47000
12753,U260827-06798,UM-BT-022,1,61200
12754,U260827-06798,UM-AC-018,1,48700
12755,U260614-06799,UM-TS-024,1,18900
12756,U260827-06800,UM-OT-006,1,228700
12757,U260827-06800,UM-BT-022,1,59500
12758,U260827-06800,UM-AC-020,1,64900
12759,U260818-06801,UM-TS-017,1,42900
12760,U260830-06802,UM-AC-010,1,61700
12761,U260830-06802,UM-BT-001,1,37500
12762,U260830-06802,UM-TS-017,1,54300
12763,U260731-06803,UM-BT-014,1,58300
12764,U260729-06804,UM-TS-012,1,34900
12765,U260729-06804,UM-BT-023,1,106300
12766,U260729-06804,UM-TS-026,1,39200
12767,U260729-06804,UM-TS-024,1,23400
12768,U260812-06805,UM-SH-008,1,157300
12769,U260812-06805,UM-BT-025,1,88100
12770,U260210-06806,UM-TS-029,2,39300
12771,U240801-06807,UM-BT-022,1,68900
12772,U240801-06807,UM-TS-018,1,68400
12773,U240801-06807,UM-OT-022,1,251100
12774,U250414-06808,UM-SH-018,3,196500
12775,U250414-06808,UM-BT-009,2,60500
12776,U250414-06808,UM-OT-014,1,149200
12777,U250414-06808,UM-BT-022,1,58900
12778,U250414-06808,UM-TS-020,1,40600
12779,U260814-06809,UM-BT-013,3,104700
12780,U260814-06809,UM-AC-026,1,66800
12781,U260814-06809,UM-AC-017,1,28500
12782,U260814-06809,UM-SH-006,1,243800
12783,U260824-06810,UM-AC-021,3,22400
12784,U260824-06810,UM-SH-011,1,145700
12785,U260621-06811,UM-SH-003,1,188200
12786,U260629-06812,UM-BT-016,1,103000
12787,U260328-06813,UM-TS-008,1,54600
12788,U260328-06813,UM-BT-006,1,60800
12789,U260613-06814,UM-SH-003,1,188200
12790,U260613-06814,UM-BT-005,1,95300
12791,U260325-06815,UM-OT-015,1,108900
12792,U260325-06815,UM-BT-013,1,117300
12793,U260325-06815,UM-TS-023,1,24600
12794,U260509-06816,UM-TS-002,1,35500
12795,U260327-06817,UM-BT-005,2,110000
12796,U260327-06817,UM-OT-014,1,166200
12797,U260327-06817,UM-TS-021,1,51200
12798,U250709-06818,UM-TS-028,1,81500
12799,U250709-06818,UM-TS-014,1,55200
12800,U260826-06819,UM-BT-008,1,74300
12801,U260826-06820,UM-BT-022,1,80300
12802,U260826-06820,UM-OT-002,1,244900
12803,U260820-06821,UM-OT-026,1,94200
12804,U260820-06821,UM-TS-014,3,43400
12805,U260826-06822,UM-AC-023,1,66400
12806,U260826-06822,UM-SH-011,1,121700
12807,U260826-06822,UM-TS-026,1,37100
12808,U260215-06823,UM-AC-007,1,13400
12809,U251227-06824,UM-SH-009,1,161400
12810,U260331-06825,UM-AC-005,1,37700
12811,U260324-06826,UM-TS-030,1,61700
12812,U241121-06827,UM-BT-005,1,116400
12813,U251008-06828,UM-BT-020,1,69800
12814,U251225-06829,UM-AC-019,1,50400
12815,U251225-06829,UM-OT-022,1,243200
12816,U251225-06829,UM-TS-017,1,43000
12817,U251225-06829,UM-OT-026,1,101100
12818,U251225-06829,UM-BT-010,3,104300
12819,U260719-06830,UM-OT-026,1,90600
12820,U260719-06830,UM-TS-012,1,35300
12821,U260108-06831,UM-TS-032,1,43400
12822,U260108-06831,UM-TS-036,1,50100
12823,U260108-06831,UM-BT-008,1,65900
12824,U260108-06831,UM-SH-004,1,102200
12825,U260108-06831,UM-SH-009,1,150800
12826,U260331-06832,UM-TS-001,1,39600
12827,U260415-06833,UM-TS-006,1,68700
12828,U260226-06834,UM-BT-023,1,84800
12829,U260329-06835,UM-AC-003,1,13000
12830,U260329-06835,UM-TS-028,1,72700
12831,U250211-06836,UM-TS-018,1,81600
12832,U250211-06836,UM-OT-006,1,253100
12833,U251112-06837,UM-BT-015,2,97200
12834,U251112-06837,UM-SH-012,3,168400
12835,U251112-06837,UM-TS-034,1,58900
12836,U251112-06837,UM-OT-006,1,256700
12837,U251206-06838,UM-OT-024,1,279100
12838,U260121-06839,UM-BT-003,1,65500
12839,U251010-06840,UM-BT-024,2,50600
12840,U260416-06841,UM-TS-011,1,65300
12841,U260806-06842,UM-AC-030,1,10900
12842,U260806-06842,UM-OT-005,1,194100
12843,U260202-06843,UM-SH-023,1,97600
12844,U260202-06843,UM-OT-019,1,175100
12845,U250322-06844,UM-BT-023,1,114800
12846,U250322-06844,UM-SH-016,1,132000
12847,U250322-06844,UM-OT-001,1,274400
12848,U250322-06844,UM-TS-028,1,72700
12849,U260319-06845,UM-TS-017,1,45800
12850,U260328-06846,UM-BT-015,1,97500
12851,U260209-06847,UM-AC-028,1,42900
12852,U260209-06847,UM-OT-019,1,174400
12853,U260520-06848,UM-TS-012,1,42000
12854,U250910-06849,UM-SH-018,1,190800
12855,U260609-06850,UM-TS-007,1,47600
12856,U240425-06851,UM-TS-001,1,41200
12857,U240909-06852,UM-SH-021,1,166600
12858,U260217-06853,UM-BT-022,1,71000
12859,U240717-06854,UM-TS-018,1,81500
12860,U260305-06855,UM-TS-021,1,48200
12861,U260305-06855,UM-OT-007,1,113200
12862,U260305-06855,UM-TS-005,1,40200
12863,U260305-06855,UM-AC-007,1,12300
12864,U260529-06856,UM-BT-012,1,65400
12865,U260529-06856,UM-TS-013,1,16800
12866,U251012-06857,UM-SH-022,1,110900
12867,U251012-06857,UM-SH-002,1,210900
12868,U241123-06858,UM-TS-022,3,44800
12869,U241123-06858,UM-SH-017,1,144100
12870,U241123-06858,UM-BT-002,1,63400
12871,U250622-06859,UM-BT-016,1,81300
12872,U250622-06859,UM-BT-009,1,53300
12873,U250325-06860,UM-BT-004,1,46200
12874,U250325-06860,UM-OT-026,1,88000
12875,U250308-06861,UM-SH-010,1,175900
12876,U250308-06861,UM-TS-023,1,30400
12877,U250307-06862,UM-TS-002,1,33700
12878,U250307-06862,UM-AC-022,1,15300
12879,U250305-06863,UM-SH-016,1,148300
12880,U240715-06864,UM-SH-022,1,132500
12881,U240715-06864,UM-BT-016,1,92500
12882,U260816-06865,UM-BT-006,1,47900
12883,U260825-06866,UM-BT-018,1,59400
12884,U260825-06866,UM-TS-023,1,25500
12885,U260825-06866,UM-TS-005,1,42200
12886,U260825-06866,UM-TS-033,1,41700
12887,U260825-06867,UM-BT-001,1,47400
12888,U260825-06867,UM-BT-018,1,58000
12889,U260825-06867,UM-BT-005,1,112700
12890,U260818-06868,UM-SH-019,1,129000
12891,U260625-06869,UM-AC-015,2,62200
12892,U260824-06870,UM-BT-020,2,65900
12893,U260824-06870,UM-AC-029,1,12400
12894,U260824-06870,UM-SH-009,1,117800
12895,U260809-06871,UM-TS-013,1,21200
12896,U260731-06872,UM-BT-007,1,102800
12897,U260813-06873,UM-TS-016,1,78000
12898,U260730-06874,UM-AC-017,1,30200
12899,U260703-06875,UM-TS-024,1,18200
12900,U260731-06876,UM-TS-008,1,60800
12901,U260828-06877,UM-TS-009,1,54300
12902,U260828-06877,UM-TS-007,1,49200
12903,U260828-06877,UM-AC-015,1,55000
12904,U260828-06877,UM-SH-013,1,182300
12905,U260220-06878,UM-BT-012,1,54700
12906,U260220-06878,UM-AC-012,1,51100
12907,U260124-06879,UM-SH-018,1,184900
12908,U260124-06879,UM-SH-014,1,86500
12909,U251214-06880,UM-BT-003,1,55700
12910,U251214-06880,UM-OT-018,1,363200
12911,U230729-06881,UM-BT-021,1,92000
12912,U230729-06881,UM-TS-029,1,51500
12913,U230830-06882,UM-SH-002,2,213400
12914,U240120-06883,UM-OT-001,1,275100
12915,U260724-06884,UM-BT-002,1,71100
12916,U260724-06884,UM-TS-002,1,36700
12917,U260502-06885,UM-SH-021,1,146000
12918,U260502-06885,UM-SH-022,1,132800
12919,U260124-06886,UM-AC-030,3,12800
12920,U260124-06886,UM-TS-009,1,65000
12921,U250826-06887,UM-TS-007,3,48400
12922,U260901-06888,UM-AC-015,1,51800
12923,U250306-06889,UM-SH-015,1,105200
12924,U250306-06889,UM-BT-019,1,32700
12925,U250306-06889,UM-BT-012,1,55200
12926,U241218-06890,UM-BT-023,1,108300
12927,U240325-06891,UM-AC-009,1,56300
12928,U231005-06892,UM-TS-036,1,38500
12929,U231005-06892,UM-BT-011,2,73800
12930,U231005-06892,UM-TS-036,1,50300
12931,U260726-06893,UM-BT-005,1,99200
12932,U260728-06894,UM-OT-005,1,148100
12933,U260728-06894,UM-BT-016,1,93500
12934,U260728-06894,UM-OT-010,1,169300
12935,U260831-06895,UM-TS-026,1,33400
12936,U260831-06895,UM-AC-008,1,13400
12937,U260514-06896,UM-AC-005,1,34900
12938,U260514-06896,UM-TS-037,1,30300
12939,U260824-06897,UM-SH-011,1,141400
12940,U260824-06897,UM-SH-004,1,118700
12941,U260814-06898,UM-TS-011,1,78000
12942,U260618-06899,UM-TS-037,1,24000
12943,U260618-06899,UM-TS-020,1,37900
12944,U260615-06900,UM-TS-032,2,44100
12945,U251001-06901,UM-SH-021,1,179400
12946,U251001-06901,UM-SH-004,2,84300
12947,U260226-06902,UM-TS-021,3,51900
12948,U260226-06902,UM-TS-009,1,56700
12949,U260226-06902,UM-AC-018,1,48100
12950,U260511-06903,UM-OT-003,1,315500
12951,U250928-06904,UM-TS-007,1,47200
12952,U250928-06904,UM-TS-007,1,46300
12953,U260823-06905,UM-TS-031,1,25900
12954,U251119-06906,UM-TS-020,1,41200
12955,U260121-06907,UM-TS-017,1,40800
12956,U260608-06908,UM-AC-027,1,59100
12957,U260226-06909,UM-AC-030,1,11100
12958,U260802-06910,UM-TS-007,1,35600
12959,U260122-06911,UM-TS-035,2,16600
12960,U260714-06912,UM-TS-012,1,38800
12961,U260714-06912,UM-TS-004,1,49900
12962,U260714-06912,UM-SH-020,1,227800
12963,U260821-06913,UM-TS-003,1,57100
12964,U260821-06913,UM-SH-005,1,80500
12965,U260821-06913,UM-BT-011,1,66300
12966,U260821-06913,UM-OT-009,1,252900
12967,U231122-06914,UM-OT-024,1,295900
12968,U251202-06915,UM-TS-002,1,31800
12969,U251202-06915,UM-AC-016,1,31200
12970,U260211-06916,UM-TS-028,1,63100
12971,U260211-06916,UM-BT-023,1,112700
12972,U260211-06916,UM-TS-034,1,48200
12973,U250307-06917,UM-TS-015,1,19400
12974,U260611-06918,UM-SH-020,1,228400
12975,U260611-06918,UM-AC-012,1,40400
12976,U260611-06918,UM-AC-029,1,13100
12977,U260611-06918,UM-OT-012,2,169800
12978,U260528-06919,UM-TS-032,3,36700
12979,U260524-06920,UM-TS-035,1,19300
12980,U260228-06921,UM-TS-006,1,70500
12981,U260507-06922,UM-TS-023,1,26100
12982,U260507-06922,UM-BT-016,1,90300
12983,U260507-06922,UM-BT-018,1,63000
12984,U231203-06923,UM-BT-013,2,98700
12985,U231203-06923,UM-OT-007,1,106800
12986,U231203-06923,UM-BT-012,3,46500
12987,U231203-06923,UM-TS-006,1,83900
12988,U231203-06923,UM-SH-015,1,82100
12989,U231021-06924,UM-TS-018,1,73500
12990,U250924-06925,UM-TS-025,1,55700
12991,U251004-06926,UM-AC-031,1,63600
12992,U260516-06927,UM-TS-032,1,34300
12993,U260516-06927,UM-TS-020,1,32300
12994,U260125-06928,UM-OT-008,1,249000
12995,U260125-06928,UM-SH-015,1,101900
12996,U260309-06929,UM-TS-009,3,60200
12997,U260331-06930,UM-AC-010,1,56500
12998,U260331-06930,UM-AC-025,1,61000
12999,U260503-06931,UM-TS-032,2,38900
13000,U240619-06932,UM-TS-024,1,21500
13001,U240619-06932,UM-BT-017,1,31600
13002,U240619-06932,UM-OT-007,2,100200
13003,U240619-06932,UM-AC-021,1,20800
13004,U260304-06933,UM-OT-001,1,348500
13005,U260304-06933,UM-BT-017,1,43800
13006,U260509-06934,UM-TS-030,1,64200
13007,U250302-06935,UM-TS-019,1,78700
13008,U251209-06936,UM-TS-032,1,37800
13009,U250703-06937,UM-TS-006,1,84000
13010,U250703-06937,UM-SH-011,1,148200
13011,U260407-06938,UM-AC-005,2,37400
13012,U260407-06938,UM-OT-008,1,237700
13013,U260407-06938,UM-SH-013,1,174300
13014,U260407-06938,UM-AC-002,2,75600
13015,U260716-06939,UM-AC-013,2,41700
13016,U260716-06939,UM-TS-029,1,52400
13017,U250425-06940,UM-OT-015,2,103400
13018,U260314-06941,UM-SH-010,1,140600
13019,U260314-06941,UM-AC-020,1,88200
13020,U260314-06941,UM-AC-014,2,26800
13021,U250420-06942,UM-TS-024,1,20300
13022,U250518-06943,UM-AC-003,3,13400
13023,U250518-06943,UM-TS-037,1,25600
13024,U260618-06944,UM-TS-005,1,35600
13025,U250615-06945,UM-TS-029,1,56000
13026,U250615-06945,UM-BT-002,1,63400
13027,U260526-06946,UM-SH-007,1,88500
13028,U260526-06946,UM-AC-017,2,29800
13029,U260525-06947,UM-BT-021,2,77300
13030,U260525-06947,UM-AC-020,1,84200
13031,U260525-06947,UM-SH-018,1,184800
13032,U260817-06948,UM-TS-011,1,71700
13033,U260817-06948,UM-TS-019,1,82200
13034,U260817-06948,UM-BT-015,1,86900
13035,U251116-06949,UM-TS-034,1,46400
13036,U251116-06949,UM-BT-006,1,52600
13037,U251116-06949,UM-TS-036,1,40800
13038,U260606-06950,UM-SH-019,2,129700
13039,U260606-06950,UM-TS-033,1,47000
13040,U260412-06951,UM-AC-027,1,59400
13041,U260412-06951,UM-BT-021,1,84300
13042,U260606-06952,UM-SH-013,1,154200
13043,U260606-06952,UM-TS-019,1,65900
13044,U260606-06952,UM-SH-022,1,111400
13045,U260718-06953,UM-BT-004,1,42100
13046,U260718-06953,UM-OT-006,1,224700
13047,U260618-06954,UM-BT-021,1,92000
13048,U260618-06954,UM-BT-016,2,89400
13049,U260317-06955,UM-AC-003,1,15300
13050,U260317-06955,UM-TS-003,1,59600
13051,U260523-06956,UM-TS-006,1,85600
13052,U260723-06957,UM-BT-004,1,56200
13053,U260806-06958,UM-BT-011,2,72200
13054,U260816-06959,UM-BT-002,3,76100
13055,U260410-06960,UM-TS-031,1,29400
13056,U260410-06960,UM-AC-001,1,61900
13057,U260627-06961,UM-TS-014,1,54800
13058,U260627-06961,UM-OT-026,1,109500
13059,U260801-06962,UM-BT-002,1,68600
13060,U260601-06963,UM-TS-013,1,20200
13061,U260601-06963,UM-SH-020,1,178200
13062,U260601-06963,UM-OT-005,1,182100
13063,U260601-06963,UM-BT-015,1,97800
13064,U260826-06964,UM-BT-017,1,41200
13065,U260826-06964,UM-TS-018,1,66900
13066,U260803-06965,UM-SH-004,1,112600
13067,U260803-06965,UM-BT-002,1,59000
13068,U260811-06966,UM-AC-018,1,42200
13069,U260811-06966,UM-TS-012,1,45200
13070,U260818-06967,UM-SH-003,1,163300
13071,U260818-06967,UM-BT-023,1,89900
13072,U260616-06968,UM-BT-018,1,70300
13073,U260616-06968,UM-AC-029,1,13800
13074,U260709-06969,UM-TS-010,1,33000
13075,U260706-06970,UM-OT-009,1,323900
13076,U260903-06971,UM-TS-015,1,18900
13077,U260903-06971,UM-TS-006,1,68400
13078,U260804-06972,UM-TS-005,3,47100
13079,U260813-06973,UM-TS-032,1,35700
13080,U260813-06973,UM-TS-034,3,52800
13081,U250905-06974,UM-SH-020,1,174600
13082,U260517-06975,UM-TS-010,1,25000
13083,U250428-06976,UM-TS-017,1,44900
13084,U250428-06976,UM-TS-006,1,63800
13085,U250428-06976,UM-SH-001,1,112400
13086,U250504-06977,UM-BT-002,1,60600
13087,U250823-06978,UM-BT-019,1,31500
13088,U250823-06978,UM-AC-002,1,80500
13089,U260404-06979,UM-BT-014,1,50100
13090,U260404-06979,UM-TS-026,1,41100
13091,U260404-06979,UM-TS-036,1,46700
13092,U260404-06979,UM-TS-035,1,21100
13093,U260313-06980,UM-BT-016,1,105400
13094,U260313-06980,UM-BT-006,1,51000
13095,U250731-06981,UM-TS-012,1,42600
13096,U260719-06982,UM-OT-017,1,274000
13097,U240605-06983,UM-SH-001,1,119900
13098,U260616-06984,UM-SH-022,1,126800
13099,U260822-06985,UM-AC-022,1,17800
13100,U260420-06986,UM-SH-004,1,98400
13101,U260420-06986,UM-BT-024,1,41000
13102,U260420-06986,UM-TS-015,1,18200
13103,U260420-06986,UM-SH-012,1,178600
13104,U260420-06986,UM-TS-021,1,53300
13105,U260602-06987,UM-SH-017,1,153500
13106,U260602-06987,UM-TS-022,1,35600
13107,U260716-06988,UM-SH-012,1,147700
13108,U260716-06988,UM-OT-010,1,204300
13109,U241209-06989,UM-AC-020,1,83100
13110,U241209-06989,UM-BT-003,2,54400
13111,U260703-06990,UM-BT-008,1,66000
13112,U260703-06990,UM-TS-035,1,16300
13113,U260825-06991,UM-BT-025,1,99400
13114,U260811-06992,UM-AC-029,1,10900
13115,U260827-06993,UM-TS-005,1,41100
13116,U260827-06993,UM-BT-003,1,54200
13117,U260726-06994,UM-BT-009,1,60500
13118,U260726-06994,UM-AC-028,1,39300
13119,U260617-06995,UM-TS-029,2,53800
13120,U260821-06996,UM-TS-030,2,75100
13121,U260821-06996,UM-TS-010,1,30100
13122,U260821-06996,UM-SH-017,1,142400
13123,U260821-06996,UM-AC-015,1,50600
13124,U260902-06997,UM-SH-012,1,186000
13125,U260715-06998,UM-OT-025,1,382400
13126,U260622-06999,UM-OT-007,2,90700
13127,U260622-06999,UM-BT-021,1,81900
13128,U260809-07000,UM-SH-020,1,227900
13129,U260608-07001,UM-BT-008,1,90100
13130,U241208-07002,UM-TS-021,1,43400
13131,U241208-07002,UM-TS-037,1,30900
13132,U260510-07003,UM-BT-013,1,93200
13133,U260510-07003,UM-TS-002,1,38100
13134,U260419-07004,UM-OT-023,2,380000
13135,U260123-07005,UM-AC-009,1,60300
13136,U250322-07006,UM-TS-016,1,71800
13137,U260521-07007,UM-SH-014,1,85900
13138,U260831-07008,UM-BT-017,3,36300
13139,U241213-07009,UM-TS-015,1,17800
13140,U241213-07009,UM-SH-019,1,133100
13141,U260327-07010,UM-BT-010,1,105800
13142,U260311-07011,UM-BT-009,2,57300
13143,U260716-07012,UM-TS-017,1,54600
13144,U260716-07012,UM-SH-007,2,73700
13145,U260716-07012,UM-TS-036,1,44000
13146,U260613-07013,UM-AC-028,1,37600
13147,U260613-07013,UM-AC-023,1,66100
13148,U260626-07014,UM-SH-001,2,119600
13149,U260626-07014,UM-BT-006,1,60800
13150,U260807-07015,UM-TS-028,1,73900
13151,U260807-07015,UM-TS-027,1,62700
13152,U260807-07015,UM-BT-023,3,80900
13153,U260226-07016,UM-TS-021,1,51000
13154,U260226-07016,UM-SH-005,1,78600
13155,U260226-07016,UM-TS-036,1,41400
13156,U260802-07017,UM-TS-013,1,21100
13157,U241011-07018,UM-BT-012,1,46600
13158,U241011-07018,UM-TS-006,2,61000
13159,U241011-07018,UM-AC-001,1,66800
13160,U251220-07019,UM-BT-006,1,59400
13161,U260331-07020,UM-OT-020,3,178700
13162,U240730-07021,UM-OT-016,1,130500
13163,U240730-07021,UM-AC-016,1,35800
13164,U260608-07022,UM-BT-015,1,91200
13165,U250219-07023,UM-AC-008,1,17800
13166,U250219-07023,UM-SH-009,2,116200
13167,U260831-07024,UM-TS-027,1,70700
13168,U241224-07025,UM-OT-017,1,267900
13169,U241224-07025,UM-TS-035,1,20600
13170,U241224-07025,UM-TS-013,1,17000
13171,U250217-07026,UM-TS-031,3,33100
13172,U250217-07026,UM-OT-024,1,329400
13173,U250217-07026,UM-AC-021,2,20500
13174,U240127-07027,UM-SH-023,1,101000
13175,U240127-07027,UM-BT-018,1,68700
13176,U240127-07027,UM-SH-021,1,155700
13177,U240127-07027,UM-OT-007,1,101100
13178,U231117-07028,UM-BT-017,1,31900
13179,U231117-07028,UM-OT-012,3,220600
13180,U231205-07029,UM-SH-024,1,105000
13181,U231205-07029,UM-TS-036,2,43800
13182,U260720-07030,UM-TS-007,1,47500
13183,U260720-07030,UM-TS-026,1,37000
13184,U260720-07030,UM-BT-002,1,66400
13185,U241130-07031,UM-TS-030,1,59600
13186,U241130-07031,UM-SH-013,1,202000
13187,U241130-07031,UM-BT-009,1,61200
13188,U241130-07031,UM-BT-011,1,77600
13189,U241130-07031,UM-SH-023,2,92000
13190,U260124-07032,UM-AC-028,1,40800
13191,U250224-07033,UM-BT-025,1,94000
13192,U250224-07033,UM-BT-019,1,35800
13193,U250421-07034,UM-TS-028,2,68100
13194,U250421-07034,UM-TS-020,1,39600
13195,U250510-07035,UM-BT-022,1,60300
13196,U260531-07036,UM-AC-022,1,17700
13197,U260531-07036,UM-AC-006,2,20300
13198,U250514-07037,UM-BT-009,1,56200
13199,U250514-07037,UM-BT-023,1,102600
13200,U260413-07038,UM-AC-005,1,36100
13201,U241004-07039,UM-OT-015,2,85000
13202,U241004-07039,UM-BT-018,2,56000
13203,U241004-07039,UM-SH-004,1,120000
13204,U260406-07040,UM-AC-023,1,62300
13205,U260406-07040,UM-TS-008,1,62400
13206,U241023-07041,UM-BT-014,1,66800
13207,U240326-07042,UM-BT-009,1,66500
13208,U240326-07042,UM-BT-020,1,80900
13209,U240326-07042,UM-TS-011,1,62200
13210,U240326-07042,UM-OT-023,1,304900
13211,U240720-07043,UM-SH-007,1,98900
13212,U240720-07043,UM-BT-021,1,83100
13213,U250116-07044,UM-TS-016,1,75800
13214,U250116-07044,UM-BT-020,2,71300
13215,U250116-07044,UM-TS-029,1,52500
13216,U250116-07044,UM-AC-019,1,57200
13217,U250116-07044,UM-TS-033,2,43700
13218,U250225-07045,UM-SH-003,1,173300
13219,U250505-07046,UM-SH-023,1,101000
13220,U250505-07046,UM-OT-011,2,72100
13221,U250505-07046,UM-BT-021,2,67900
13222,U250505-07046,UM-OT-006,1,214100
13223,U250505-07046,UM-OT-022,1,193100
13224,U260624-07047,UM-TS-011,1,86400
13225,U260110-07048,UM-TS-019,1,73300
13226,U260608-07049,UM-SH-005,1,70200
13227,U260608-07049,UM-BT-020,1,83500
13228,U260608-07049,UM-SH-014,1,91000
13229,U260608-07049,UM-BT-005,3,100800
13230,U260608-07049,UM-AC-025,1,64400
13231,U260522-07050,UM-SH-007,1,87300
13232,U260310-07051,UM-SH-015,1,100200
13233,U260517-07052,UM-AC-012,2,43300
13234,U260517-07052,UM-TS-030,1,74100
13235,U260517-07052,UM-AC-027,1,67300
13236,U260312-07053,UM-BT-002,1,72900
13237,U260312-07053,UM-BT-021,1,75500
13238,U260620-07054,UM-TS-004,3,48400
13239,U260831-07055,UM-BT-011,1,82700
13240,U260724-07056,UM-AC-003,2,13200
13241,U260724-07056,UM-TS-026,1,39300
13242,U260724-07056,UM-SH-021,1,160900
13243,U260724-07056,UM-AC-015,3,51800
13244,U260722-07057,UM-TS-021,3,54800
13245,U260820-07058,UM-BT-025,1,78800
13246,U260115-07059,UM-SH-023,1,103100
13247,U260304-07060,UM-BT-023,1,86400
13248,U260304-07060,UM-BT-003,1,56900
13249,U260617-07061,UM-BT-016,1,95400
13250,U260617-07061,UM-BT-015,3,84700
13251,U260602-07062,UM-BT-018,2,70600
13252,U260602-07062,UM-SH-019,1,181800
13253,U260602-07062,UM-BT-021,1,66400
13254,U241105-07063,UM-TS-020,1,32700
13255,U260813-07064,UM-TS-006,1,85800
13256,U260813-07064,UM-SH-009,1,144400
13257,U260813-07064,UM-BT-014,1,55800
13258,U260813-07064,UM-SH-017,1,157600
13259,U260813-07064,UM-TS-017,1,55200
13260,U250824-07065,UM-BT-003,1,69600
13261,U250824-07065,UM-TS-018,3,75700
13262,U250824-07065,UM-BT-016,1,99800
13263,U250824-07065,UM-AC-026,1,50100
13264,U250825-07066,UM-TS-004,1,42600
13265,U251226-07067,UM-SH-016,1,127500
13266,U260508-07068,UM-BT-004,1,54400
13267,U251029-07069,UM-BT-007,1,77600
13268,U251029-07069,UM-BT-015,1,84800
13269,U260708-07070,UM-BT-024,1,39800
13270,U260708-07070,UM-AC-018,1,49900
13271,U260708-07070,UM-SH-012,1,197000
13272,U260506-07071,UM-TS-037,2,28200
13273,U260825-07072,UM-SH-008,1,159500
13274,U251202-07073,UM-OT-011,1,61800
13275,U260114-07074,UM-SH-011,1,119800
13276,U260114-07074,UM-TS-022,1,47200
13277,U260114-07074,UM-TS-002,1,42200
13278,U260114-07074,UM-TS-013,1,22300
13279,U251230-07075,UM-OT-018,2,387100
13280,U251230-07075,UM-TS-026,1,39800
13281,U260305-07076,UM-BT-016,2,86300
13282,U260305-07076,UM-OT-026,1,106100
13283,U260305-07076,UM-TS-002,1,41800
13284,U260305-07076,UM-BT-025,1,103700
13285,U260305-07076,UM-AC-025,1,66200
13286,U260522-07077,UM-AC-027,1,58300
13287,U260522-07077,UM-AC-017,1,29500
13288,U260522-07077,UM-BT-024,1,47000
13289,U251203-07078,UM-AC-016,3,34700
13290,U251201-07079,UM-AC-019,1,60100
13291,U251201-07079,UM-TS-001,1,51500
13292,U250706-07080,UM-AC-009,1,69700
13293,U260207-07081,UM-TS-037,2,29200
13294,U260207-07081,UM-AC-023,1,74400
13295,U260821-07082,UM-TS-031,1,31600
13296,U260628-07083,UM-TS-013,1,20000
13297,U260628-07083,UM-TS-032,1,40500
13298,U260902-07084,UM-TS-001,1,49900
13299,U260902-07084,UM-TS-020,1,43400
13300,U260902-07084,UM-TS-008,1,56200
13301,U260902-07084,UM-BT-011,1,76400
13302,U260527-07085,UM-TS-014,1,51000
13303,U260823-07086,UM-OT-008,2,214800
13304,U260823-07086,UM-TS-030,1,74600
13305,U260630-07087,UM-AC-026,1,50200
13306,U260804-07088,UM-TS-019,1,81100
13307,U240217-07089,UM-TS-020,1,44000
13308,U231105-07090,UM-SH-004,1,92400
13309,U250917-07091,UM-TS-020,2,43000
13310,U260820-07092,UM-BT-006,1,56200
13311,U260831-07093,UM-AC-018,1,49300
13312,U260831-07093,UM-TS-021,1,53200
13313,U260828-07094,UM-BT-001,1,34600
13314,U260825-07095,UM-BT-021,1,80600
13315,U260825-07095,UM-AC-029,2,11400
13316,U260830-07096,UM-BT-010,1,101500
13317,U260830-07096,UM-SH-024,1,101500
13318,U260831-07097,UM-AC-018,1,39600
13319,U260831-07097,UM-SH-008,1,208900
13320,U260831-07097,UM-TS-033,1,41900
13321,U231225-07098,UM-AC-031,1,53400
13322,U231225-07098,UM-AC-024,1,52900
13323,U231224-07099,UM-TS-010,1,26600
13324,U231224-07099,UM-BT-022,1,73400
13325,U231224-07099,UM-TS-020,1,37800
13326,U231220-07100,UM-BT-019,1,34700
13327,U240531-07101,UM-BT-005,1,88900
13328,U240531-07101,UM-BT-022,3,73400
13329,U231125-07102,UM-OT-014,1,136800
13330,U231125-07102,UM-OT-006,1,269900
13331,U231125-07102,UM-SH-005,1,65500
13332,U260706-07103,UM-BT-007,1,78400
13333,U260706-07103,UM-OT-005,2,200300
13334,U260706-07103,UM-SH-006,1,199600
13335,U260706-07103,UM-TS-006,1,77100
13336,U260706-07103,UM-OT-013,1,163500
13337,U250512-07104,UM-AC-004,1,15600
13338,U250512-07104,UM-SH-008,1,183100
13339,U250512-07104,UM-TS-025,1,47100
13340,U260113-07105,UM-TS-013,1,22500
13341,U260416-07106,UM-BT-007,1,91700
13342,U260722-07107,UM-OT-012,1,184400
13343,U251203-07108,UM-OT-012,1,213200
13344,U251220-07109,UM-BT-009,1,62400
13345,U251220-07109,UM-OT-017,1,259100
13346,U251220-07109,UM-AC-006,1,25100
13347,U251220-07109,UM-SH-004,3,110800
13348,U251220-07109,UM-TS-013,1,22500
13349,U260605-07110,UM-BT-014,1,58300
13350,U260605-07110,UM-TS-035,1,18900
13351,U251001-07111,UM-OT-005,1,199300
13352,U251001-07111,UM-TS-025,1,58700
13353,U251001-07111,UM-OT-021,1,131900
13354,U251001-07111,UM-BT-011,1,70700
13355,U251001-07111,UM-AC-028,1,37100
13356,U260326-07112,UM-TS-008,2,56700
13357,U260326-07112,UM-BT-014,1,67600
13358,U250526-07113,UM-BT-020,2,64600
13359,U241011-07114,UM-BT-018,2,70900
13360,U240801-07115,UM-BT-004,1,58000
13361,U240801-07115,UM-TS-014,1,41600
13362,U240902-07116,UM-SH-010,1,150800
13363,U241007-07117,UM-TS-018,1,59900
13364,U241007-07117,UM-TS-028,2,68800
13365,U260517-07118,UM-OT-014,1,142000
13366,U260706-07119,UM-BT-003,1,50300
13367,U260502-07120,UM-TS-002,1,40800
13368,U260502-07120,UM-TS-033,1,47100
13369,U260502-07120,UM-OT-005,1,170000
13370,U251029-07121,UM-BT-010,1,90000
13371,U251029-07121,UM-TS-020,1,40900
13372,U240320-07122,UM-BT-005,1,111800
13373,U240320-07122,UM-BT-002,1,70800
13374,U240806-07123,UM-BT-006,2,59300
13375,U240808-07124,UM-BT-022,2,65900
13376,U240808-07124,UM-TS-002,2,39600
13377,U240808-07124,UM-TS-012,1,43400
13378,U240809-07125,UM-AC-011,1,56800
13379,U260530-07126,UM-TS-030,1,63100
13380,U260528-07127,UM-OT-003,1,275600
13381,U260528-07127,UM-TS-033,1,42700
13382,U260528-07127,UM-TS-011,1,81600
13383,U260903-07128,UM-TS-005,1,49200
13384,U260420-07129,UM-SH-005,1,81800
13385,U260807-07130,UM-TS-009,2,66100
13386,U260825-07131,UM-SH-024,1,104300
13387,U260801-07132,UM-TS-032,1,44200
13388,U260801-07132,UM-TS-027,1,73900
13389,U260801-07132,UM-TS-034,1,58400
13390,U260725-07133,UM-SH-017,1,159500
13391,U260519-07134,UM-TS-014,1,41500
13392,U260519-07134,UM-BT-002,1,75800
13393,U260520-07135,UM-OT-010,1,223300
13394,U260520-07135,UM-SH-022,1,145400
13395,U250102-07136,UM-BT-017,1,32300
13396,U241205-07137,UM-BT-015,1,97900
13397,U241205-07137,UM-SH-006,1,173200
13398,U241205-07137,UM-TS-024,1,19400
13399,U241206-07138,UM-SH-018,1,239300
13400,U241206-07138,UM-AC-019,1,54600
13401,U241206-07138,UM-OT-012,1,163800
13402,U241204-07139,UM-TS-004,1,46400
13403,U241204-07139,UM-OT-016,2,141400
13404,U241204-07139,UM-SH-024,1,136100
13405,U241204-07139,UM-TS-036,1,46800
13406,U251127-07140,UM-TS-011,1,86100
13407,U251127-07140,UM-TS-011,1,70200
13408,U260606-07141,UM-OT-026,2,103900
13409,U260606-07141,UM-TS-020,1,38100
13410,U260411-07142,UM-BT-021,1,73900
13411,U260508-07143,UM-SH-017,2,160300
13412,U260508-07143,UM-SH-007,1,82600
13413,U260831-07144,UM-TS-002,3,36800
13414,U260809-07145,UM-OT-021,1,146100
13415,U260809-07145,UM-BT-011,2,77600
13416,U260712-07146,UM-TS-012,1,45500
13417,U260712-07146,UM-TS-014,1,44500
13418,U260731-07147,UM-TS-017,1,47700
13419,U260518-07148,UM-AC-005,1,34500
13420,U260716-07149,UM-BT-025,1,85900
13421,U260414-07150,UM-TS-020,1,32100
13422,U260414-07150,UM-BT-007,1,104000
13423,U260414-07150,UM-SH-020,1,165300
13424,U260414-07150,UM-OT-018,1,312500
13425,U241020-07151,UM-BT-011,1,71400
13426,U241020-07151,UM-BT-013,2,93900
13427,U240706-07152,UM-BT-021,1,87200
13428,U251123-07153,UM-BT-001,1,44100
13429,U240601-07154,UM-TS-023,1,23000
13430,U240601-07154,UM-SH-011,1,153700
13431,U260505-07155,UM-TS-036,1,43000
13432,U260505-07155,UM-SH-015,3,87700
13433,U260729-07156,UM-TS-036,1,51600
13434,U260625-07157,UM-TS-003,2,57400
13435,U260625-07157,UM-TS-036,1,46300
13436,U260827-07158,UM-SH-021,1,187100
13437,U260827-07158,UM-AC-029,1,12000
13438,U260806-07159,UM-TS-034,3,64800
13439,U260806-07159,UM-AC-016,1,34100
13440,U260316-07160,UM-AC-015,1,52500
13441,U260828-07161,UM-OT-003,1,303800
13442,U260828-07161,UM-BT-005,1,104200
13443,U260828-07161,UM-OT-014,1,133700
13444,U260828-07161,UM-TS-036,1,39200
13445,U260828-07161,UM-TS-013,1,23000
13446,U260323-07162,UM-TS-025,1,54500
13447,U260323-07162,UM-TS-037,1,29400
13448,U250119-07163,UM-TS-013,2,22300
13449,U250119-07163,UM-BT-005,2,97700
13450,U260825-07164,UM-AC-007,2,10500
13451,U260825-07164,UM-BT-021,2,91700
13452,U260825-07164,UM-TS-037,2,29900
13453,U240812-07165,UM-SH-001,2,90500
13454,U260829-07166,UM-BT-016,1,86700
13455,U260903-07167,UM-TS-005,2,46100
13456,U260903-07168,UM-TS-028,1,87000
13457,U260903-07168,UM-BT-021,1,88000
13458,U231006-07169,UM-BT-017,1,38200
13459,U260704-07170,UM-AC-005,1,32400
13460,U260113-07171,UM-OT-016,1,120200
13461,U240923-07172,UM-OT-025,1,369000
13462,U240923-07172,UM-AC-002,1,83300
13463,U240923-07172,UM-TS-006,1,79200
13464,U250531-07173,UM-TS-029,1,44100
13465,U250531-07173,UM-TS-018,1,76300
13466,U250531-07173,UM-SH-017,1,138400
13467,U250531-07173,UM-SH-003,2,166200
13468,U250531-07173,UM-SH-009,1,137500
13469,U241026-07174,UM-BT-013,1,96000
13470,U260621-07175,UM-BT-004,1,43000
13471,U260621-07175,UM-BT-004,1,53500
13472,U250311-07176,UM-OT-022,1,245100
13473,U250311-07176,UM-OT-025,1,345400
13474,U250311-07176,UM-TS-008,1,58600
13475,U250311-07176,UM-TS-011,1,77900
13476,U240614-07177,UM-BT-008,1,75900
13477,U240324-07178,UM-TS-010,2,31700
13478,U240324-07178,UM-OT-025,1,289300
13479,U260111-07179,UM-TS-034,3,51600
13480,U251117-07180,UM-BT-011,1,84600
13481,U251221-07181,UM-BT-015,1,102300
13482,U240606-07182,UM-TS-021,1,52900
13483,U260827-07183,UM-SH-023,1,103100
13484,U260121-07184,UM-OT-019,1,150800
13485,U241013-07185,UM-OT-022,1,191900
13486,U241014-07186,UM-OT-011,1,73400
13487,U260219-07187,UM-SH-014,1,97900
13488,U240113-07188,UM-OT-016,1,132800
13489,U240113-07188,UM-AC-008,1,13500
13490,U250907-07189,UM-SH-001,1,99600
13491,U260321-07190,UM-TS-020,1,43500
13492,U241115-07191,UM-SH-007,1,93300
13493,U241115-07191,UM-TS-012,1,39000
13494,U240822-07192,UM-BT-004,1,52700
13495,U240822-07192,UM-BT-012,1,59200
13496,U240801-07193,UM-BT-017,1,42400
13497,U260816-07194,UM-BT-021,1,76100
13498,U260816-07194,UM-SH-013,1,159100
13499,U251129-07195,UM-TS-008,1,45300
13500,U251129-07195,UM-OT-021,1,151500
13501,U260628-07196,UM-BT-020,1,75300
13502,U260628-07196,UM-AC-029,3,13200
13503,U260628-07196,UM-TS-004,1,38300
13504,U251206-07197,UM-BT-014,1,59700
13505,U260706-07198,UM-BT-021,1,83800
13506,U260706-07198,UM-TS-004,2,39400
13507,U260706-07198,UM-TS-025,1,47200
13508,U260511-07199,UM-AC-029,1,12300
13509,U260511-07199,UM-OT-019,2,167900
13510,U251103-07200,UM-OT-015,1,108200
13511,U251103-07200,UM-TS-036,3,46400
13512,U260515-07201,UM-BT-012,3,56800
13513,U260515-07201,UM-TS-028,1,80800
13514,U260903-07202,UM-AC-031,1,71200
13515,U260519-07203,UM-TS-016,1,69900
13516,U260605-07204,UM-TS-025,1,64600
13517,U260605-07204,UM-TS-018,1,64000
13518,U260502-07205,UM-AC-004,1,14500
13519,U250107-07206,UM-SH-007,1,76200
13520,U250107-07206,UM-TS-004,1,48300
13521,U260728-07207,UM-BT-023,1,94200
13522,U260716-07208,UM-BT-011,1,63800
13523,U260716-07208,UM-OT-012,2,199100
13524,U260716-07208,UM-OT-023,1,353200
13525,U260506-07209,UM-TS-035,1,16700
13526,U260422-07210,UM-TS-018,1,66000
13527,U260422-07210,UM-OT-014,1,122700
13528,U260422-07210,UM-BT-012,1,60400
13529,U260510-07211,UM-OT-008,1,269500
13530,U260510-07211,UM-BT-020,1,67700
13531,U260404-07212,UM-BT-003,1,63500
13532,U260101-07213,UM-AC-010,1,43500
13533,U260101-07213,UM-TS-018,2,80300
13534,U260101-07213,UM-BT-017,1,32100
13535,U260501-07214,UM-TS-015,1,20000
13536,U260114-07215,UM-BT-013,1,118500
13537,U260114-07215,UM-TS-030,1,75100
13538,U251018-07216,UM-AC-013,2,55300
13539,U251018-07216,UM-TS-002,1,41800
13540,U251018-07216,UM-TS-025,1,63900
13541,U251018-07216,UM-OT-006,1,210800
13542,U250523-07217,UM-BT-022,1,70100
13543,U250523-07217,UM-TS-033,1,38100
13544,U250523-07217,UM-AC-028,1,41600
13545,U251222-07218,UM-TS-016,1,60200
13546,U260329-07219,UM-SH-009,1,119800
13547,U260809-07220,UM-AC-029,1,11000
13548,U260723-07221,UM-BT-009,1,61900
13549,U260723-07221,UM-TS-029,2,53300
13550,U260723-07221,UM-SH-006,1,181600
13551,U241022-07222,UM-TS-017,1,51700
13552,U241022-07222,UM-OT-023,1,279900
13553,U241022-07222,UM-TS-010,1,29600
13554,U241022-07222,UM-SH-015,1,102400
13555,U260426-07223,UM-SH-016,1,158600
13556,U260426-07223,UM-SH-007,1,79000
13557,U260426-07223,UM-AC-021,1,24300
13558,U260705-07224,UM-BT-003,1,49600
13559,U260705-07224,UM-AC-009,3,67000
13560,U260705-07224,UM-TS-027,1,77600
13561,U260515-07225,UM-TS-008,1,48700
13562,U260515-07225,UM-TS-018,2,72500
13563,U260408-07226,UM-TS-017,1,43700
13564,U260831-07227,UM-BT-009,1,60500
13565,U260831-07227,UM-SH-005,1,82400
13566,U260814-07228,UM-BT-008,1,64500
13567,U260814-07228,UM-BT-021,1,92900
13568,U260119-07229,UM-SH-011,1,126400
13569,U260119-07229,UM-TS-035,1,16600
13570,U260116-07230,UM-OT-015,1,96300
13571,U260718-07231,UM-TS-005,1,42600
13572,U260718-07231,UM-SH-021,2,187600
13573,U260819-07232,UM-AC-004,1,15700
13574,U260819-07232,UM-TS-009,1,59400
13575,U260819-07232,UM-TS-026,1,36700
13576,U260822-07233,UM-OT-009,1,354600
13577,U260822-07233,UM-TS-023,1,25200
13578,U251214-07234,UM-AC-030,2,10000
13579,U251214-07234,UM-OT-023,1,311700
13580,U260614-07235,UM-BT-025,1,92300
13581,U260614-07235,UM-TS-035,1,22300
13582,U260614-07235,UM-BT-001,1,46500
13583,U260902-07236,UM-OT-020,2,152200
13584,U260901-07237,UM-AC-022,1,17000
13585,U260901-07237,UM-OT-023,1,373200
13586,U260902-07238,UM-BT-025,1,94600
13587,U260902-07239,UM-TS-013,1,19700
13588,U260903-07240,UM-SH-004,1,113700
13589,U260901-07241,UM-BT-025,1,98500
13590,U260901-07241,UM-TS-028,1,73600
13591,U260427-07242,UM-BT-015,1,89500
13592,U260521-07243,UM-BT-010,1,103700
13593,U260521-07243,UM-TS-027,2,75400
13594,U260521-07243,UM-TS-036,1,45500
13595,U260513-07244,UM-SH-013,1,165700
13596,U260323-07245,UM-TS-014,1,49300
13597,U260323-07245,UM-SH-022,1,117500
13598,U260323-07245,UM-SH-016,2,126400
13599,U260515-07246,UM-AC-012,1,37800
13600,U260530-07247,UM-OT-010,1,215700
13601,U260224-07248,UM-SH-015,3,81100
13602,U260224-07248,UM-TS-023,1,28700
13603,U260224-07248,UM-TS-006,1,84400
13604,U260224-07248,UM-TS-016,1,73500
13605,U260223-07249,UM-AC-018,1,53700
13606,U260223-07249,UM-BT-015,2,93500
13607,U260223-07249,UM-AC-012,1,48300
13608,U250324-07250,UM-TS-033,1,47300
13609,U250908-07251,UM-TS-035,1,19900
13610,U250416-07252,UM-BT-017,1,32500
13611,U240816-07253,UM-AC-018,1,50600
13612,U240816-07253,UM-AC-026,1,67600
13613,U250122-07254,UM-SH-016,1,142100
13614,U250701-07255,UM-OT-021,2,162700
13615,U240929-07256,UM-TS-012,1,37900
13616,U240929-07256,UM-TS-029,1,55000
13617,U240929-07256,UM-AC-031,1,75700
13618,U250901-07257,UM-TS-031,3,29700
13619,U250623-07258,UM-AC-006,1,22400
13620,U250623-07259,UM-TS-001,1,40400
13621,U250623-07259,UM-BT-002,1,60200
13622,U250623-07259,UM-SH-004,1,98500
13623,U260901-07260,UM-SH-013,1,201600
13624,U260811-07261,UM-BT-008,1,64000
13625,U250208-07262,UM-OT-007,1,81100
13626,U250208-07262,UM-BT-010,1,107300
13627,U250506-07263,UM-TS-021,1,54100
13628,U250506-07263,UM-BT-013,2,124300
13629,U260115-07264,UM-BT-019,2,34900
13630,U260115-07264,UM-TS-002,1,31500
13631,U260115-07264,UM-TS-004,1,37400
13632,U260115-07264,UM-AC-013,1,45300
13633,U241017-07265,UM-AC-001,1,61500
13634,U241017-07265,UM-OT-007,1,80900
13635,U260309-07266,UM-TS-015,1,15500
13636,U251230-07267,UM-TS-013,1,22200
13637,U251230-07267,UM-OT-006,1,217200
13638,U251230-07267,UM-TS-005,1,39600
13639,U230617-07268,UM-SH-021,1,173000
13640,U230617-07268,UM-OT-022,1,197500
13641,U260103-07269,UM-BT-021,1,75200
13642,U251210-07270,UM-SH-001,1,103300
13643,U251210-07270,UM-BT-019,1,32000
13644,U260806-07271,UM-TS-008,1,62600
13645,U260806-07271,UM-SH-002,2,210900
13646,U240515-07272,UM-TS-035,1,19900
13647,U240515-07272,UM-BT-012,1,54900
13648,U240515-07272,UM-TS-037,1,26300
13649,U240515-07272,UM-SH-022,1,138700
13650,U260709-07273,UM-SH-014,1,93800
13651,U260709-07273,UM-BT-010,1,109600
13652,U260709-07273,UM-TS-028,1,71800
13653,U260709-07273,UM-TS-001,1,49000
13654,U260709-07273,UM-TS-022,1,46900
13655,U230605-07274,UM-AC-010,1,57800
13656,U251202-07275,UM-TS-025,2,56600
13657,U251202-07275,UM-SH-018,1,230500
13658,U251202-07275,UM-BT-010,1,98100
13659,U251224-07276,UM-TS-001,1,48900
13660,U230829-07277,UM-TS-026,1,42500
13661,U241101-07278,UM-TS-007,1,40800
13662,U241101-07278,UM-TS-033,1,39400
13663,U241101-07278,UM-OT-011,1,63100
13664,U241101-07278,UM-TS-037,1,25100
13665,U260123-07279,UM-OT-004,2,248000
13666,U260123-07279,UM-BT-011,1,64400
13667,U250117-07280,UM-BT-023,1,96900
13668,U250318-07281,UM-SH-011,1,149200
13669,U260114-07282,UM-BT-001,1,36200
13670,U260114-07282,UM-TS-006,2,62400
13671,U260114-07282,UM-TS-018,1,58400
13672,U230509-07283,UM-AC-003,2,14200
13673,U251202-07284,UM-AC-002,1,73900
13674,U251202-07284,UM-TS-003,1,63000
13675,U260225-07285,UM-BT-018,1,69200
13676,U260411-07286,UM-TS-007,3,38100
13677,U251019-07287,UM-BT-010,1,86000
13678,U251019-07287,UM-AC-018,1,38600
13679,U251201-07288,UM-TS-027,1,65000
13680,U251201-07288,UM-TS-035,1,22100
13681,U251201-07288,UM-SH-008,1,178900
13682,U251201-07288,UM-TS-025,1,51000
13683,U251003-07289,UM-TS-011,2,74300
13684,U250910-07290,UM-TS-004,1,38000
13685,U250910-07290,UM-TS-020,1,42700
13686,U260831-07291,UM-BT-021,1,67400
13687,U260831-07291,UM-SH-009,1,125500
13688,U251124-07292,UM-TS-018,1,75900
13689,U250914-07293,UM-TS-020,1,38400
13690,U250914-07293,UM-TS-020,2,41600
13691,U250914-07293,UM-AC-007,1,11600
13692,U260815-07294,UM-AC-011,1,79100
13693,U260805-07295,UM-SH-009,1,135700
13694,U260805-07295,UM-BT-006,2,60700
13695,U260711-07296,UM-BT-023,1,105000
13696,U251109-07297,UM-TS-024,1,18200
13697,U251109-07297,UM-TS-037,1,24300
13698,U251109-07297,UM-BT-024,1,49700
13699,U260901-07298,UM-TS-006,2,79500
13700,U260902-07299,UM-TS-028,1,79500
13701,U260902-07299,UM-TS-025,1,48900
13702,U251223-07300,UM-AC-005,1,30500
13703,U251223-07300,UM-SH-005,2,72400
13704,U251223-07300,UM-AC-007,1,13000
13705,U260722-07301,UM-TS-021,1,52300
13706,U260722-07301,UM-TS-002,1,32600
13707,U260722-07301,UM-AC-015,1,59400
13708,U260821-07302,UM-BT-004,1,56100
13709,U260821-07302,UM-SH-013,1,177700
13710,U260821-07302,UM-BT-008,1,82800
13711,U251219-07303,UM-AC-022,2,15800
13712,U251219-07303,UM-TS-024,1,24500
13713,U260203-07304,UM-SH-018,1,186400
13714,U241006-07305,UM-TS-008,1,55600
13715,U241006-07305,UM-BT-002,1,75600
13716,U241006-07305,UM-TS-009,1,50200
13717,U241003-07306,UM-BT-005,2,86700
13718,U241003-07306,UM-TS-002,2,36900
13719,U260810-07307,UM-TS-036,1,48000
13720,U260810-07307,UM-BT-005,2,94400
13721,U260810-07307,UM-TS-002,1,32500
13722,U260706-07308,UM-TS-025,1,63500
13723,U260706-07308,UM-TS-006,1,71100
13724,U260821-07309,UM-AC-017,1,27600
13725,U260818-07310,UM-TS-006,1,64100
13726,U260818-07310,UM-SH-010,3,172800
13727,U260818-07310,UM-TS-003,1,58700
13728,U260818-07310,UM-TS-032,1,42500
13729,U250521-07311,UM-TS-032,2,43500
13730,U250521-07311,UM-TS-021,1,39700
13731,U250521-07311,UM-SH-024,1,131300
13732,U241030-07312,UM-SH-013,1,202700
13733,U241030-07312,UM-TS-007,1,49900
13734,U260808-07313,UM-SH-021,1,180100
13735,U250612-07314,UM-SH-005,1,74000
13736,U260802-07315,UM-TS-012,1,41400
13737,U260802-07315,UM-BT-025,1,80600
13738,U260725-07316,UM-TS-021,1,51400
13739,U260801-07317,UM-SH-007,1,90900
13740,U260801-07317,UM-BT-011,1,61500
13741,U260801-07317,UM-TS-035,1,19900
13742,U250813-07318,UM-TS-017,1,56800
13743,U250813-07318,UM-BT-015,1,105200
13744,U260525-07319,UM-TS-025,1,54800
13745,U260525-07319,UM-BT-013,1,111000
13746,U260525-07319,UM-OT-015,1,91400
13747,U260525-07319,UM-SH-005,1,78800
13748,U260525-07319,UM-SH-010,2,172700
13749,U260131-07320,UM-BT-002,1,75600
13750,U260131-07320,UM-OT-020,1,140500
13751,U260820-07321,UM-OT-012,1,202700
13752,U260820-07321,UM-BT-001,1,47200
13753,U260820-07321,UM-TS-025,1,54400
13754,U260820-07321,UM-SH-023,1,87700
13755,U250628-07322,UM-TS-006,1,76500
13756,U250628-07322,UM-BT-008,1,68900
13757,U250628-07322,UM-TS-035,1,21100
13758,U250628-07322,UM-AC-003,1,12300
13759,U251205-07323,UM-BT-018,1,57500
13760,U251205-07323,UM-SH-022,1,115100
13761,U251205-07323,UM-AC-015,1,56300
13762,U251205-07323,UM-OT-023,1,342700
13763,U260807-07324,UM-BT-005,2,116700
13764,U260807-07324,UM-TS-011,1,83800
13765,U260807-07324,UM-OT-009,1,348300
13766,U260808-07325,UM-TS-006,1,74700
13767,U260808-07325,UM-SH-022,1,117200
13768,U260712-07326,UM-TS-032,1,38200
13769,U260712-07326,UM-OT-021,1,121500
13770,U251031-07327,UM-TS-011,1,68900
13771,U260730-07328,UM-AC-014,1,28900
13772,U251230-07329,UM-AC-019,1,61500
13773,U260602-07330,UM-AC-007,1,12800
13774,U260616-07331,UM-OT-009,1,251300
13775,U260616-07331,UM-BT-021,1,75700
13776,U260429-07332,UM-SH-011,1,152000
13777,U260429-07332,UM-TS-003,1,78400
13778,U260507-07333,UM-TS-031,1,26400
13779,U260210-07334,UM-TS-015,2,19600
13780,U250908-07335,UM-BT-012,1,50000
13781,U250908-07335,UM-OT-019,2,154100
13782,U251019-07336,UM-TS-013,1,22500
13783,U251116-07337,UM-BT-004,2,43300
13784,U251116-07337,UM-TS-026,1,37400
13785,U251116-07337,UM-SH-021,3,180600
13786,U251116-07337,UM-BT-011,1,77400
13787,U250930-07338,UM-AC-011,1,64900
13788,U260210-07339,UM-TS-028,2,78200
13789,U260210-07339,UM-BT-014,2,57100
13790,U260819-07340,UM-OT-015,1,95500
13791,U260819-07340,UM-TS-001,3,48100
13792,U260801-07341,UM-TS-019,1,65300
13793,U260801-07341,UM-AC-004,1,11600
13794,U260807-07342,UM-TS-024,1,20500
13795,U260807-07342,UM-BT-018,1,57000
13796,U260807-07342,UM-OT-017,1,246900
13797,U250906-07343,UM-BT-012,1,49100
13798,U260610-07344,UM-AC-017,1,24200
13799,U260610-07344,UM-SH-005,2,89500
13800,U260330-07345,UM-SH-024,1,102000
13801,U260124-07346,UM-SH-001,1,99000
13802,U260717-07347,UM-TS-034,1,61800
13803,U260717-07347,UM-OT-009,2,349500
13804,U260717-07347,UM-BT-014,1,62200
13805,U260225-07348,UM-TS-015,1,18400
13806,U260225-07348,UM-BT-013,1,112900
13807,U250919-07349,UM-AC-021,1,24300
13808,U260715-07350,UM-AC-020,2,64900
13809,U260715-07350,UM-OT-008,1,264700
13810,U260715-07350,UM-TS-025,1,54200
13811,U260715-07350,UM-AC-024,1,46600
13812,U260715-07350,UM-TS-008,2,58200
13813,U250719-07351,UM-TS-016,1,76200
13814,U250719-07351,UM-AC-027,1,63300
13815,U260510-07352,UM-OT-020,1,144900
13816,U260321-07353,UM-TS-031,1,31400
13817,U260321-07353,UM-TS-021,1,40000
13818,U260710-07354,UM-TS-002,1,32100
13819,U260106-07355,UM-AC-025,1,78100
13820,U260106-07355,UM-TS-006,1,79900
13821,U251215-07356,UM-TS-006,2,80400
13822,U251215-07356,UM-TS-029,1,46100
13823,U251215-07356,UM-SH-010,1,153600
13824,U251215-07356,UM-AC-005,2,37800
13825,U260102-07357,UM-BT-004,1,53300
13826,U260419-07358,UM-AC-003,1,13900
13827,U260806-07359,UM-BT-006,1,48500
13828,U260806-07359,UM-TS-008,1,61300
13829,U260527-07360,UM-BT-023,2,102100
13830,U260527-07360,UM-BT-016,1,103200
13831,U251111-07361,UM-SH-009,1,131600
13832,U251111-07361,UM-OT-022,1,213200
13833,U251111-07361,UM-BT-023,2,94700
13834,U250324-07362,UM-AC-019,1,58800
13835,U250324-07362,UM-TS-003,1,73700
13836,U250324-07362,UM-BT-018,1,70300
13837,U260212-07363,UM-TS-020,1,39800
13838,U260212-07363,UM-BT-009,1,54300
13839,U260406-07364,UM-SH-005,1,84700
13840,U241207-07365,UM-TS-034,1,56600
13841,U241207-07365,UM-TS-027,1,78800
13842,U260618-07366,UM-TS-013,1,19900
13843,U260619-07367,UM-AC-001,3,63400
13844,U250501-07368,UM-AC-030,3,12900
13845,U250501-07368,UM-OT-008,1,201000
13846,U250519-07369,UM-BT-002,1,67400
13847,U251105-07370,UM-TS-005,2,36000
13848,U250321-07371,UM-AC-007,1,12700
13849,U250321-07371,UM-AC-006,1,25900
13850,U250321-07371,UM-OT-004,1,236200
13851,U260608-07372,UM-OT-018,1,310600
13852,U260608-07372,UM-SH-021,1,181700
13853,U260608-07372,UM-SH-016,1,147100
13854,U260608-07372,UM-OT-025,1,332800
13855,U260608-07372,UM-TS-029,1,51600
13856,U250811-07373,UM-SH-006,1,202900
13857,U250811-07373,UM-BT-022,1,63500
13858,U260728-07374,UM-TS-037,1,31700
13859,U260728-07374,UM-TS-033,1,41800
13860,U260422-07375,UM-OT-025,1,317900
13861,U260814-07376,UM-SH-007,1,91100
13862,U260814-07376,UM-TS-015,1,19400
13863,U260814-07376,UM-TS-025,1,62300
13864,U260814-07376,UM-BT-009,1,64800
13865,U260814-07377,UM-BT-023,1,100400
13866,U260814-07377,UM-TS-020,1,33900
13867,U260628-07378,UM-TS-037,1,31800
13868,U241203-07379,UM-OT-016,2,108400
13869,U241203-07379,UM-BT-013,1,101100
13870,U260125-07380,UM-TS-034,1,54300
13871,U260322-07381,UM-BT-015,1,104100
13872,U260322-07381,UM-BT-006,1,48200
13873,U260512-07382,UM-TS-001,1,48700
13874,U250526-07383,UM-TS-006,1,82300
13875,U250526-07383,UM-TS-024,1,26000
13876,U250526-07383,UM-BT-019,1,28800
13877,U250526-07383,UM-OT-018,1,388000
13878,U250525-07384,UM-TS-031,1,29800
13879,U250525-07384,UM-BT-007,1,101100
13880,U260829-07385,UM-OT-024,1,284000
13881,U260829-07386,UM-TS-022,2,46800
13882,U260829-07386,UM-TS-014,1,50300
13883,U260902-07387,UM-TS-004,1,39500
13884,U260902-07387,UM-SH-013,1,205000
13885,U260902-07387,UM-OT-021,1,154800
13886,U260901-07388,UM-BT-012,1,54300
13887,U260820-07389,UM-TS-011,1,78600
13888,U260820-07389,UM-OT-014,1,131400
13889,U260820-07389,UM-TS-031,1,24100
13890,U260830-07390,UM-TS-028,1,84700
13891,U260828-07391,UM-TS-024,2,24300
13892,U260828-07391,UM-SH-014,1,79500
13893,U260828-07391,UM-TS-032,2,33100
13894,U260828-07391,UM-SH-008,1,153500
13895,U260828-07391,UM-AC-001,1,52100
13896,U251003-07392,UM-SH-001,1,102300
13897,U251003-07392,UM-OT-010,1,183400
13898,U251003-07392,UM-TS-002,1,37300
13899,U260719-07393,UM-TS-009,1,66000
13900,U260719-07393,UM-SH-017,1,119300
13901,U260818-07394,UM-AC-006,1,23700
13902,U260731-07395,UM-TS-004,1,49700
13903,U260508-07396,UM-TS-011,2,81400
13904,U260816-07397,UM-OT-022,1,200200
13905,U260816-07397,UM-SH-022,1,126200
13906,U260816-07397,UM-BT-010,1,102000
13907,U260830-07398,UM-TS-015,2,14000
13908,U250916-07399,UM-BT-013,1,93100
13909,U250916-07399,UM-OT-006,1,231000
13910,U251201-07400,UM-TS-016,1,70300
13911,U251201-07400,UM-OT-017,1,287700
13912,U251201-07400,UM-AC-011,1,68200
13913,U260502-07401,UM-TS-003,1,79500
13914,U260502-07401,UM-BT-003,3,66700
13915,U240712-07402,UM-BT-021,1,79700
13916,U240712-07402,UM-TS-020,1,35000
13917,U230430-07403,UM-SH-016,1,152600
13918,U230430-07403,UM-TS-023,1,24700
13919,U230430-07403,UM-TS-036,2,39300
13920,U240325-07404,UM-AC-020,1,88700
13921,U260722-07405,UM-TS-027,1,70600
13922,U260722-07405,UM-SH-009,3,146600
13923,U260807-07406,UM-BT-012,1,61800
13924,U260212-07407,UM-TS-007,1,37300
13925,U260212-07407,UM-TS-032,1,39300
13926,U250730-07408,UM-BT-011,1,75900
13927,U250730-07409,UM-BT-014,1,61700
13928,U250727-07410,UM-SH-013,1,201900
13929,U260830-07411,UM-BT-018,1,80000
13930,U260209-07412,UM-SH-003,1,177800
13931,U240330-07413,UM-OT-015,1,96000
13932,U240330-07413,UM-SH-011,1,154000
13933,U260412-07414,UM-TS-008,1,53700
13934,U260412-07414,UM-AC-024,3,40400
13935,U260525-07415,UM-TS-007,2,48200
13936,U251215-07416,UM-SH-003,2,145300
13937,U251215-07416,UM-BT-025,1,100900
13938,U251215-07416,UM-TS-028,1,62300
13939,U260323-07417,UM-AC-021,2,17700
13940,U260323-07417,UM-TS-007,1,43300
13941,U250221-07418,UM-TS-018,1,75100
13942,U250906-07419,UM-OT-017,1,307700
13943,U250906-07419,UM-OT-006,1,237900
13944,U250906-07419,UM-TS-003,3,69100
13945,U260221-07420,UM-AC-018,1,39100
13946,U260221-07420,UM-TS-025,2,45700
13947,U260221-07420,UM-TS-001,1,36500
13948,U260221-07420,UM-SH-021,1,163500
13949,U250914-07421,UM-TS-030,1,63700
13950,U250914-07421,UM-SH-022,1,144700
13951,U260304-07422,UM-TS-025,1,58300
13952,U260720-07423,UM-OT-003,2,296400
13953,U260720-07423,UM-BT-009,1,57500
13954,U260820-07424,UM-SH-004,3,112600
13955,U260820-07424,UM-OT-013,1,173700
13956,U260828-07425,UM-SH-010,1,132700
13957,U260828-07425,UM-BT-017,1,37100
13958,U260828-07425,UM-SH-015,1,82800
13959,U260828-07425,UM-SH-004,1,98100
13960,U250114-07426,UM-TS-037,1,24600
13961,U241015-07427,UM-SH-023,1,109800
13962,U241015-07427,UM-BT-019,1,26700
13963,U260307-07428,UM-TS-002,1,37400
13964,U260306-07429,UM-BT-014,1,58300
13965,U260721-07430,UM-TS-017,1,44100
13966,U241129-07431,UM-BT-012,2,61700
13967,U241129-07431,UM-TS-003,1,72500
13968,U260422-07432,UM-AC-018,2,52200
13969,U250225-07433,UM-TS-028,1,80800
13970,U231212-07434,UM-SH-013,1,188600
13971,U260802-07435,UM-TS-026,1,36700
13972,U260802-07435,UM-BT-020,1,86900
13973,U260802-07435,UM-SH-018,1,182500
13974,U260802-07435,UM-AC-006,1,25500
13975,U250714-07436,UM-AC-021,1,21100
13976,U260701-07437,UM-OT-002,1,255400
13977,U260701-07437,UM-TS-019,1,69400
13978,U250722-07438,UM-BT-013,2,126400
13979,U250722-07438,UM-TS-037,3,27500
13980,U250212-07439,UM-BT-002,1,70800
13981,U250212-07439,UM-TS-033,1,51600
13982,U250212-07439,UM-TS-032,1,32100
13983,U250212-07439,UM-OT-023,1,321800
13984,U260703-07440,UM-OT-023,1,328500
13985,U260703-07440,UM-AC-001,2,49400
13986,U260517-07441,UM-BT-013,1,90100
13987,U260517-07441,UM-SH-007,2,72900
13988,U260517-07441,UM-SH-012,1,162600
13989,U260320-07442,UM-BT-003,2,69700
13990,U260128-07443,UM-TS-034,2,55400
13991,U260128-07443,UM-AC-023,1,74000
13992,U260128-07443,UM-TS-009,1,57500
13993,U260723-07444,UM-AC-022,1,16700
13994,U260713-07445,UM-SH-012,1,157900
13995,U260713-07445,UM-TS-021,1,51900
13996,U260626-07446,UM-TS-012,1,46200
13997,U260626-07446,UM-TS-015,2,18800
13998,U260626-07447,UM-AC-009,1,73800
13999,U260626-07447,UM-SH-011,1,124800
14000,U260626-07447,UM-SH-014,1,89000
14001,U240913-07448,UM-BT-001,1,34300
14002,U240913-07448,UM-TS-034,3,47600
14003,U240913-07448,UM-TS-016,1,70100
14004,U240914-07449,UM-TS-033,1,46600
14005,U251203-07450,UM-AC-021,1,24500
14006,U251203-07450,UM-TS-027,1,81300
14007,U251203-07450,UM-OT-020,1,170200
14008,U251203-07450,UM-TS-025,1,61400
14009,U260226-07451,UM-AC-001,1,67300
14010,U260226-07451,UM-TS-025,1,51500
14011,U251209-07452,UM-BT-004,1,57600
14012,U251209-07452,UM-BT-021,1,79700
14013,U230611-07453,UM-BT-022,1,75100
14014,U230611-07453,UM-SH-001,1,118000
14015,U230611-07453,UM-SH-010,1,177200
14016,U230611-07453,UM-AC-021,2,22700
14017,U260826-07454,UM-TS-016,1,68200
14018,U260826-07454,UM-OT-019,1,187500
14019,U260826-07454,UM-SH-009,1,137200
14020,U251120-07455,UM-BT-015,1,97100
14021,U260609-07456,UM-BT-003,1,68000
14022,U251216-07457,UM-TS-029,1,55100
14023,U251216-07457,UM-BT-023,1,84000
14024,U250724-07458,UM-TS-007,1,36100
14025,U250724-07458,UM-TS-011,2,81700
14026,U250724-07458,UM-OT-009,3,321800
14027,U260829-07459,UM-SH-021,1,178200
14028,U260311-07460,UM-BT-018,1,58000
14029,U260803-07461,UM-BT-024,1,48300
14030,U260424-07462,UM-BT-013,1,97800
14031,U260424-07462,UM-SH-009,1,137500
14032,U260424-07462,UM-AC-026,1,58000
14033,U260729-07463,UM-TS-036,1,45900
14034,U260729-07463,UM-SH-018,1,180300
14035,U260729-07463,UM-TS-015,1,17500
14036,U260729-07463,UM-BT-017,1,38100
14037,U260729-07463,UM-OT-003,1,322000
14038,U260308-07464,UM-BT-019,1,26700
14039,U250218-07465,UM-SH-012,1,174800
14040,U260508-07466,UM-BT-017,1,35700
14041,U260325-07467,UM-TS-005,1,43500
14042,U260819-07468,UM-TS-021,1,39600
14043,U260819-07468,UM-TS-006,1,62000
14044,U251126-07469,UM-OT-026,1,99400
14045,U240620-07470,UM-OT-025,1,276800
14046,U251018-07471,UM-SH-010,1,158600
14047,U251018-07471,UM-BT-010,1,92700
14048,U251228-07472,UM-BT-023,1,113800
14049,U260430-07473,UM-TS-020,1,42000
14050,U260430-07473,UM-BT-012,1,49000
14051,U260430-07473,UM-SH-008,1,177200
14052,U260430-07473,UM-TS-012,1,37300
14053,U251007-07474,UM-OT-008,1,238600
14054,U260107-07475,UM-TS-001,1,45800
14055,U260107-07475,UM-OT-018,1,276500
14056,U260107-07475,UM-BT-024,2,45700
14057,U251123-07476,UM-TS-028,1,82500
14058,U250330-07477,UM-OT-021,2,118300
14059,U250330-07477,UM-AC-008,1,17100
14060,U250723-07478,UM-SH-006,1,201600
14061,U250723-07478,UM-TS-025,1,49000
14062,U260601-07479,UM-AC-027,1,54900
14063,U260819-07480,UM-TS-011,1,77800
14064,U260508-07481,UM-TS-025,2,51300
14065,U260508-07481,UM-TS-024,1,24100
14066,U260508-07481,UM-SH-007,1,100100
14067,U260508-07481,UM-BT-014,1,55500
14068,U260301-07482,UM-BT-001,1,45600
14069,U260301-07482,UM-OT-002,1,287700
14070,U250830-07483,UM-TS-007,1,40000
14071,U260614-07484,UM-TS-001,1,44700
14072,U260614-07484,UM-SH-008,1,167000
14073,U231117-07485,UM-AC-022,1,16900
14074,U231117-07485,UM-OT-007,1,112200
14075,U231117-07485,UM-TS-010,1,27700
14076,U241216-07486,UM-BT-012,1,54900
14077,U241216-07486,UM-BT-005,1,93300
14078,U241216-07486,UM-AC-011,1,65700
14079,U241216-07486,UM-SH-004,1,94200
14080,U241216-07486,UM-TS-021,1,40800
14081,U260505-07487,UM-TS-002,1,42000
14082,U260220-07488,UM-TS-028,1,70500
14083,U260509-07489,UM-OT-009,1,284200
14084,U251204-07490,UM-BT-009,1,48600
14085,U251204-07490,UM-OT-013,2,163900
14086,U251204-07490,UM-OT-021,1,144800
14087,U251204-07490,UM-TS-004,1,45900
14088,U260418-07491,UM-TS-024,1,23000
14089,U260216-07492,UM-SH-009,1,164000
14090,U250818-07493,UM-SH-020,1,168700
14091,U250818-07493,UM-AC-026,1,63700
14092,U260619-07494,UM-TS-019,1,67400
14093,U260619-07494,UM-BT-025,1,85800
14094,U260619-07494,UM-SH-015,1,79200
14095,U260815-07495,UM-TS-005,1,36700
14096,U250516-07496,UM-BT-024,1,49300
14097,U250516-07496,UM-TS-017,1,47800
14098,U260201-07497,UM-TS-031,1,31100
14099,U260201-07497,UM-BT-014,1,69100
14100,U260201-07497,UM-TS-017,3,43500
14101,U260604-07498,UM-TS-023,2,23400
14102,U260107-07499,UM-TS-034,1,52300
14103,U260107-07499,UM-OT-010,1,219700
14104,U260109-07500,UM-AC-013,1,44300
14105,U260109-07500,UM-TS-025,1,64000
14106,U250613-07501,UM-TS-019,3,71700
14107,U250613-07501,UM-TS-034,1,53800
14108,U260207-07502,UM-SH-021,1,161300
14109,U260317-07503,UM-AC-025,1,79300
14110,U260317-07503,UM-SH-011,3,154900
14111,U251204-07504,UM-BT-007,1,75600
14112,U251214-07505,UM-TS-024,1,24300
14113,U251214-07505,UM-SH-011,1,133700
14114,U251214-07505,UM-TS-013,1,18600
14115,U260312-07506,UM-SH-001,3,126300
14116,U260818-07507,UM-BT-001,1,48400
14117,U260310-07508,UM-TS-007,1,41400
14118,U260125-07509,UM-TS-020,1,40300
14119,U260902-07510,UM-SH-021,1,160100
14120,U260602-07511,UM-TS-024,1,20200
14121,U260602-07511,UM-TS-006,1,80800
14122,U260724-07512,UM-TS-020,1,33800
14123,U260829-07513,UM-BT-021,1,84800
14124,U260714-07514,UM-SH-011,2,145000
14125,U260425-07515,UM-BT-008,1,71600
14126,U260425-07515,UM-BT-018,1,59000
14127,U260425-07515,UM-TS-030,1,70700
14128,U260529-07516,UM-TS-009,1,60600
14129,U260529-07516,UM-SH-016,1,124900
14130,U260529-07516,UM-BT-011,1,67500
14131,U260529-07516,UM-TS-013,1,18500
14132,U260529-07516,UM-AC-018,3,43600
14133,U260723-07517,UM-SH-003,1,172700
14134,U260430-07518,UM-OT-021,1,121000
14135,U260430-07518,UM-TS-019,1,76600
14136,U260430-07518,UM-BT-004,1,51100
14137,U260711-07519,UM-TS-008,2,60300
14138,U260711-07519,UM-TS-015,1,18900
14139,U260711-07519,UM-BT-016,1,108400
14140,U260711-07519,UM-BT-014,1,55000
14141,U260702-07520,UM-BT-011,1,74800
14142,U240710-07521,UM-TS-009,1,59500
14143,U250912-07522,UM-SH-001,1,116400
14144,U260407-07523,UM-TS-024,1,20100
14145,U260407-07523,UM-TS-003,1,78400
14146,U251105-07524,UM-OT-022,2,241500
14147,U251105-07524,UM-BT-017,1,37700
14148,U251105-07524,UM-SH-024,1,118200
14149,U251105-07524,UM-TS-028,1,83900
14150,U251215-07525,UM-TS-008,1,54900
14151,U251215-07525,UM-AC-028,1,37600
14152,U260901-07526,UM-BT-017,1,43900
14153,U260901-07526,UM-TS-031,1,30900
14154,U260901-07526,UM-SH-021,1,145900
14155,U240501-07527,UM-BT-003,1,56700
14156,U251004-07528,UM-AC-009,1,56800
14157,U250808-07529,UM-AC-008,1,16000
14158,U250622-07530,UM-TS-007,1,38600
14159,U250622-07530,UM-TS-031,1,25100
14160,U260726-07531,UM-BT-016,1,100500
14161,U260726-07531,UM-TS-031,1,31700
14162,U251126-07532,UM-TS-024,1,19400
14163,U250719-07533,UM-TS-012,1,38900
14164,U260311-07534,UM-AC-028,1,42500
14165,U260323-07535,UM-TS-006,2,66900
14166,U260323-07535,UM-TS-029,1,50100
14167,U260519-07536,UM-BT-018,2,74400
14168,U260519-07536,UM-TS-037,1,31700
14169,U260519-07536,UM-TS-003,2,63100
14170,U260822-07537,UM-SH-017,1,162800
14171,U260822-07537,UM-BT-013,1,100000
14172,U260717-07538,UM-TS-022,1,39900
14173,U230628-07539,UM-TS-006,3,69400
14174,U230917-07540,UM-TS-035,1,16200
14175,U230917-07540,UM-OT-019,2,188500
14176,U230917-07540,UM-TS-007,1,47000
14177,U221026-07541,UM-BT-025,1,88400
14178,U221026-07541,UM-BT-017,1,35300
14179,U240301-07542,UM-TS-027,2,70600
14180,U240301-07542,UM-TS-015,1,16600
14181,U240210-07543,UM-OT-017,1,239500
14182,U240210-07543,UM-BT-008,2,78100
14183,U240210-07543,UM-TS-007,3,39200
14184,U240210-07543,UM-BT-004,1,52000
14185,U240210-07543,UM-TS-022,1,46100
14186,U250911-07544,UM-OT-016,1,122800
14187,U250911-07544,UM-OT-025,1,382400
14188,U241127-07545,UM-OT-026,1,86400
14189,U241127-07545,UM-TS-012,1,46500
14190,U231216-07546,UM-BT-010,1,94500
14191,U231216-07546,UM-SH-024,1,125300
14192,U231216-07546,UM-AC-031,1,73000
14193,U231216-07546,UM-OT-012,2,215100
14194,U230615-07547,UM-SH-010,1,141000
14195,U230615-07547,UM-TS-004,1,39100
14196,U240716-07548,UM-BT-009,2,47400
14197,U251110-07549,UM-BT-019,1,29100
14198,U250406-07550,UM-SH-004,1,104900
14199,U260804-07551,UM-BT-020,1,65100
14200,U260416-07552,UM-BT-021,3,78500
14201,U260416-07552,UM-BT-011,1,80500
14202,U250724-07553,UM-OT-015,1,104700
14203,U260301-07554,UM-AC-027,3,59900
14204,U260301-07554,UM-TS-010,1,32300
14205,U250709-07555,UM-OT-008,2,257900
14206,U260502-07556,UM-AC-031,1,58400
14207,U251212-07557,UM-OT-023,1,310200
14208,U251212-07557,UM-AC-019,1,53000
14209,U251212-07557,UM-TS-014,1,54300
14210,U260630-07558,UM-SH-024,3,112900
14211,U260630-07558,UM-AC-014,2,27900
14212,U260725-07559,UM-BT-016,1,114600
14213,U260504-07560,UM-AC-027,1,71800
14214,U260504-07560,UM-BT-012,1,55500
14215,U260504-07560,UM-BT-010,1,86800
14216,U251210-07561,UM-SH-022,1,112000
14217,U251210-07561,UM-SH-018,1,210800
14218,U230624-07562,UM-TS-010,3,29800
14219,U240107-07563,UM-SH-018,1,218700
14220,U240107-07563,UM-BT-011,1,71500
14221,U240107-07563,UM-TS-005,1,49900
14222,U250905-07564,UM-SH-009,1,160800
14223,U250905-07564,UM-OT-003,2,313300
14224,U250905-07564,UM-TS-008,2,58300
14225,U231020-07565,UM-AC-028,1,43500
14226,U231020-07565,UM-OT-023,1,270900
14227,U231020-07565,UM-AC-029,1,13500
14228,U250811-07566,UM-AC-023,1,62400
14229,U260303-07567,UM-TS-033,1,39500
14230,U260303-07567,UM-TS-036,1,43500
14231,U260303-07567,UM-TS-021,1,40500
14232,U260303-07567,UM-TS-022,1,38300
14233,U260303-07567,UM-SH-007,1,102500
14234,U250430-07568,UM-SH-010,1,165700
14235,U250430-07568,UM-SH-019,1,169100
14236,U250430-07568,UM-TS-026,1,43900
14237,U250430-07568,UM-AC-017,1,23000
14238,U250430-07568,UM-SH-001,1,124000
14239,U260626-07569,UM-AC-031,1,54900
14240,U260626-07569,UM-TS-028,1,66100
14241,U241112-07570,UM-TS-008,1,51300
14242,U241112-07570,UM-OT-003,1,315300
14243,U241112-07570,UM-OT-026,1,109900
14244,U250116-07571,UM-TS-009,2,57400
14245,U251106-07572,UM-TS-002,1,34000
14246,U251106-07572,UM-BT-004,1,52800
14247,U251106-07572,UM-OT-025,1,349400
14248,U260402-07573,UM-TS-035,1,20600
14249,U260402-07573,UM-BT-011,1,63400
14250,U250616-07574,UM-SH-003,1,177200
14251,U260828-07575,UM-TS-030,1,59500
14252,U260828-07575,UM-TS-016,1,71700
14253,U260718-07576,UM-BT-018,1,79100
14254,U260806-07577,UM-OT-006,1,296600
14255,U260521-07578,UM-BT-019,1,34600
14256,U260718-07579,UM-TS-005,1,43700
14257,U260428-07580,UM-AC-009,1,67700
14258,U260428-07580,UM-BT-008,1,70400
14259,U260808-07581,UM-TS-028,1,80400
14260,U260705-07582,UM-TS-006,1,62400
14261,U260705-07582,UM-AC-014,1,27000
14262,U260807-07583,UM-TS-014,1,45100
14263,U260807-07583,UM-AC-014,2,26200
14264,U260519-07584,UM-TS-012,1,38200
14265,U260829-07585,UM-BT-009,2,66000
14266,U260829-07585,UM-AC-009,1,71300
14267,U260828-07586,UM-OT-016,1,126700
14268,U260826-07587,UM-BT-012,3,47400
14269,U260826-07587,UM-OT-012,1,202200
14270,U251128-07588,UM-BT-025,1,91600
14271,U260608-07589,UM-TS-031,1,32600
14272,U250607-07590,UM-TS-028,2,83800
14273,U260812-07591,UM-TS-032,1,44800
14274,U260321-07592,UM-SH-015,3,100200
14275,U260321-07592,UM-SH-006,1,218400
14276,U260321-07592,UM-BT-024,1,46500
14277,U260301-07593,UM-BT-018,1,56700
14278,U251025-07594,UM-TS-004,1,46500
14279,U251025-07594,UM-OT-025,1,301600
14280,U251217-07595,UM-OT-005,1,146900
14281,U251217-07595,UM-SH-016,1,117000
14282,U251217-07595,UM-BT-020,1,74900
14283,U260406-07596,UM-SH-012,1,181500
14284,U260406-07596,UM-SH-015,1,106800
14285,U260406-07596,UM-BT-022,3,71900
14286,U250625-07597,UM-BT-007,1,102300
14287,U260405-07598,UM-BT-007,1,73800
14288,U251005-07599,UM-OT-022,1,247000
14289,U251005-07599,UM-AC-008,1,15400
14290,U250510-07600,UM-BT-012,2,50700
14291,U260709-07601,UM-BT-009,1,64600
14292,U260709-07601,UM-OT-018,1,314900
14293,U260709-07601,UM-BT-023,1,99800
14294,U260711-07602,UM-BT-014,1,65000
14295,U260711-07602,UM-OT-013,1,131500
14296,U260413-07603,UM-AC-018,1,45400
14297,U260131-07604,UM-SH-020,1,194900
14298,U260131-07604,UM-SH-001,2,127600
14299,U260131-07604,UM-OT-008,2,257900
14300,U260331-07605,UM-BT-017,1,33800
14301,U260331-07605,UM-AC-021,1,19600
14302,U251104-07606,UM-BT-011,1,69500
14303,U260508-07607,UM-AC-012,1,41300
14304,U260508-07607,UM-TS-005,2,39900
14305,U260508-07607,UM-TS-021,1,52500
14306,U260508-07607,UM-AC-017,1,22100
14307,U260709-07608,UM-OT-026,1,91700
14308,U260218-07609,UM-TS-017,1,45000
14309,U260305-07610,UM-TS-015,1,15400
14310,U260608-07611,UM-OT-015,1,86600
14311,U260117-07612,UM-AC-015,1,52400
14312,U260117-07612,UM-TS-010,3,24000
14313,U260117-07612,UM-OT-002,1,255100
14314,U260818-07613,UM-SH-005,2,88300
14315,U260209-07614,UM-OT-013,1,145700
14316,U260208-07615,UM-TS-006,1,80600
14317,U260208-07615,UM-OT-009,1,325600
14318,U260208-07615,UM-BT-020,1,80900
14319,U260208-07615,UM-BT-004,1,43600
14320,U250723-07616,UM-SH-017,1,130100
14321,U250723-07616,UM-OT-010,1,196900
14322,U250723-07616,UM-OT-015,1,104200
14323,U251025-07617,UM-SH-018,1,185800
14324,U251025-07617,UM-TS-020,1,44000
14325,U251025-07617,UM-AC-016,2,25400
14326,U251019-07618,UM-BT-018,2,63300
14327,U251019-07618,UM-AC-002,1,73600
14328,U251019-07618,UM-SH-020,1,184400
14329,U251019-07618,UM-SH-008,2,206800
14330,U250814-07619,UM-SH-021,1,157600
14331,U260902-07620,UM-AC-004,2,12400
14332,U260902-07620,UM-OT-011,1,68800
14333,U260301-07621,UM-TS-032,2,36900
14334,U251204-07622,UM-BT-003,1,66800
14335,U251204-07622,UM-BT-016,1,96300
14336,U260704-07623,UM-TS-015,1,15800
14337,U251205-07624,UM-AC-007,1,11400
14338,U251205-07624,UM-SH-009,1,120100
14339,U251205-07624,UM-BT-012,3,65000
14340,U251205-07624,UM-TS-005,1,48300
14341,U251205-07624,UM-SH-002,1,223300
14342,U250918-07625,UM-TS-016,1,59000
14343,U250618-07626,UM-BT-005,1,107200
14344,U250618-07626,UM-OT-017,1,242000
14345,U250618-07626,UM-SH-010,1,143400
14346,U250927-07627,UM-TS-032,1,39200
14347,U250927-07627,UM-TS-030,1,64800
14348,U250927-07627,UM-SH-019,1,134800
14349,U251124-07628,UM-AC-019,1,57600
14350,U260328-07629,UM-OT-008,1,201500
14351,U260202-07630,UM-BT-007,1,81200
14352,U260202-07630,UM-SH-024,1,125200
14353,U260807-07631,UM-TS-025,1,54000
14354,U260807-07631,UM-OT-018,2,352400
14355,U260418-07632,UM-AC-018,1,38900
14356,U260418-07632,UM-BT-025,1,90200
14357,U250925-07633,UM-BT-011,1,84700
14358,U230902-07634,UM-TS-035,1,21100
14359,U230902-07634,UM-AC-031,1,71500
14360,U240716-07635,UM-BT-006,1,63300
14361,U260314-07636,UM-SH-013,1,203300
14362,U260314-07636,UM-OT-005,1,199500
14363,U260314-07636,UM-TS-017,1,45600
14364,U260217-07637,UM-SH-023,1,85700
14365,U260217-07637,UM-SH-023,1,101400
14366,U230927-07638,UM-BT-021,1,75400
14367,U230927-07638,UM-OT-019,3,174600
14368,U260807-07639,UM-BT-018,1,75600
14369,U260807-07639,UM-TS-027,1,77200
14370,U260807-07639,UM-OT-005,1,199000
14371,U251108-07640,UM-BT-003,1,68400
14372,U250509-07641,UM-BT-024,1,45200
14373,U251110-07642,UM-TS-013,1,22400
14374,U251110-07642,UM-BT-021,1,86300
14375,U240725-07643,UM-TS-020,1,41200
14376,U240725-07643,UM-TS-021,1,53900
14377,U240725-07643,UM-TS-019,1,63600
14378,U260205-07644,UM-SH-024,1,104700
14379,U260205-07644,UM-SH-008,1,164300
14380,U260526-07645,UM-BT-011,1,67700
14381,U260724-07646,UM-OT-007,1,112300
14382,U260724-07646,UM-BT-022,1,65500
14383,U260610-07647,UM-OT-016,1,110400
14384,U260610-07647,UM-TS-016,1,55700
14385,U240712-07648,UM-SH-017,1,147100
14386,U240712-07648,UM-TS-003,1,69900
14387,U260427-07649,UM-SH-003,1,185300
14388,U260427-07649,UM-TS-030,1,81300
14389,U231116-07650,UM-TS-006,1,66600
14390,U231116-07650,UM-SH-021,2,146500
14391,U260813-07651,UM-OT-023,1,333500
14392,U250621-07652,UM-BT-018,2,56300
14393,U260729-07653,UM-BT-012,1,57300
14394,U260729-07653,UM-AC-001,1,48300
14395,U260901-07654,UM-TS-009,1,47700
14396,U260901-07654,UM-TS-001,1,48000
14397,U260528-07655,UM-BT-004,1,54200
14398,U260528-07655,UM-OT-022,1,213900
14399,U260704-07656,UM-AC-009,1,66900
14400,U260704-07656,UM-TS-008,1,58300
14401,U260704-07656,UM-TS-036,1,38800
14402,U260704-07656,UM-BT-021,1,86400
14403,U260729-07657,UM-BT-019,1,29300
14404,U260729-07657,UM-TS-036,1,47200
14405,U260729-07657,UM-TS-001,1,36400
14406,U260330-07658,UM-BT-006,1,61100
14407,U260330-07658,UM-TS-013,1,17300
14408,U260330-07658,UM-BT-024,1,40000
14409,U260330-07658,UM-AC-011,1,65000
14410,U250717-07659,UM-BT-008,2,90600
14411,U250717-07659,UM-SH-017,1,133800
14412,U250717-07659,UM-BT-008,1,74600
14413,U250520-07660,UM-BT-025,1,82400
14414,U250520-07660,UM-OT-012,1,170000
14415,U250520-07660,UM-AC-019,1,46500
14416,U240613-07661,UM-BT-010,1,106800
14417,U250120-07662,UM-BT-003,1,51400
14418,U250120-07662,UM-TS-013,1,23400
14419,U250524-07663,UM-AC-011,2,60600
14420,U260619-07664,UM-BT-006,2,65800
14421,U260226-07665,UM-OT-021,1,133500
14422,U240503-07666,UM-AC-020,2,68600
14423,U240503-07666,UM-TS-008,1,49400
14424,U240504-07667,UM-TS-020,1,35200
14425,U240504-07667,UM-SH-021,1,165700
14426,U240504-07667,UM-TS-024,1,18700
14427,U250902-07668,UM-TS-034,1,57400
14428,U250902-07668,UM-SH-012,1,177600
14429,U241214-07669,UM-AC-006,1,19400
14430,U250907-07670,UM-TS-019,1,81300
14431,U250823-07671,UM-AC-024,1,47700
14432,U250823-07671,UM-TS-026,1,37800
14433,U241227-07672,UM-SH-012,1,149100
14434,U260711-07673,UM-SH-018,1,174300
14435,U260829-07674,UM-TS-004,1,43900
14436,U260812-07675,UM-AC-013,1,41300
14437,U260812-07675,UM-SH-021,1,174700
14438,U260812-07675,UM-TS-008,1,47600
14439,U260901-07676,UM-TS-028,1,86100
14440,U260901-07676,UM-AC-011,1,69400
14441,U260720-07677,UM-TS-009,2,59100
14442,U260720-07677,UM-AC-015,1,51900
14443,U260720-07677,UM-OT-006,1,230200
14444,U260720-07677,UM-AC-016,2,28100
14445,U260810-07678,UM-TS-009,1,59700
14446,U250224-07679,UM-BT-004,1,46500
14447,U260713-07680,UM-TS-031,1,28000
14448,U260713-07680,UM-BT-025,1,90400
14449,U260323-07681,UM-TS-032,3,40300
14450,U260323-07681,UM-BT-020,1,65300
14451,U260323-07681,UM-SH-022,1,105000
14452,U251002-07682,UM-BT-004,1,51800
14453,U251002-07682,UM-AC-004,1,15100
14454,U260626-07683,UM-TS-007,1,47900
14455,U260728-07684,UM-BT-006,1,51500
14456,U260728-07684,UM-TS-021,1,45000
14457,U260202-07685,UM-TS-031,1,30200
14458,U260202-07685,UM-BT-003,1,67800
14459,U260202-07685,UM-TS-021,1,53200
14460,U260530-07686,UM-TS-021,1,44500
14461,U260530-07686,UM-AC-020,1,66000
14462,U260530-07686,UM-TS-023,3,26700
14463,U260823-07687,UM-TS-025,1,56600
14464,U260809-07688,UM-TS-014,3,56000
14465,U260809-07688,UM-AC-004,1,13600
14466,U260820-07689,UM-SH-006,1,186000
14467,U260823-07690,UM-TS-003,1,74100
14468,U260823-07690,UM-TS-035,1,21500
14469,U260824-07691,UM-BT-013,1,104500
14470,U260205-07692,UM-BT-015,1,84100
14471,U250910-07693,UM-TS-037,1,32600
14472,U250910-07693,UM-TS-024,1,20100
14473,U250910-07694,UM-SH-011,1,132700
14474,U250910-07694,UM-SH-018,2,248000
14475,U250530-07695,UM-TS-002,3,41400
14476,U260621-07696,UM-AC-004,1,14200
14477,U260313-07697,UM-BT-006,1,58500
14478,U260827-07698,UM-OT-014,1,163200
14479,U260827-07698,UM-TS-033,1,47100
14480,U260420-07699,UM-SH-005,1,78600
14481,U260420-07699,UM-BT-014,1,70500
14482,U260420-07699,UM-SH-008,1,157000
14483,U260327-07700,UM-BT-021,1,85100
14484,U260402-07701,UM-SH-002,3,187000
14485,U260525-07702,UM-TS-019,1,79800
14486,U260123-07703,UM-OT-002,2,277100
14487,U260123-07703,UM-BT-002,2,70800
14488,U260123-07703,UM-AC-010,1,50400
14489,U260320-07704,UM-BT-007,1,99500
14490,U250603-07705,UM-TS-023,1,28800
14491,U250603-07705,UM-TS-002,1,43300
14492,U250603-07705,UM-TS-003,1,65100
14493,U250603-07705,UM-SH-024,1,116700
14494,U250603-07705,UM-TS-020,1,34700
14495,U251126-07706,UM-AC-001,1,59800
14496,U251126-07706,UM-TS-020,1,35000
14497,U251126-07706,UM-TS-032,1,44500
14498,U251126-07706,UM-TS-037,1,29600
14499,U251126-07706,UM-SH-007,1,97700
14500,U230510-07707,UM-SH-012,1,161500
14501,U250520-07708,UM-TS-022,1,39500
14502,U250520-07708,UM-OT-021,1,127800
14503,U231226-07709,UM-BT-008,1,74500
14504,U231226-07709,UM-TS-024,1,19000
14505,U241118-07710,UM-TS-020,1,32300
14506,U241118-07710,UM-TS-034,3,58700
14507,U241118-07710,UM-SH-016,2,115600
14508,U260228-07711,UM-BT-015,2,86500
14509,U240727-07712,UM-TS-026,1,40000
14510,U260325-07713,UM-OT-017,1,262500
14511,U260325-07713,UM-BT-012,1,54700
14512,U260325-07713,UM-BT-018,1,59700
14513,U260801-07714,UM-AC-029,1,13800
14514,U260421-07715,UM-SH-013,1,206500
14515,U260815-07716,UM-TS-024,2,19900
14516,U260815-07716,UM-TS-036,1,48600
14517,U260402-07717,UM-TS-023,1,27000
14518,U260402-07717,UM-SH-011,1,130200
14519,U260402-07717,UM-TS-001,2,51800
14520,U260402-07717,UM-TS-029,1,46000
14521,U260611-07718,UM-BT-020,1,72100
14522,U260825-07719,UM-BT-005,1,98400
14523,U260825-07719,UM-BT-010,1,83000
14524,U260402-07720,UM-TS-010,1,26900
14525,U260705-07721,UM-SH-006,3,223100
14526,U260705-07721,UM-BT-019,1,29300
14527,U260705-07721,UM-BT-001,1,41100
14528,U260526-07722,UM-BT-020,1,82000
14529,U260526-07722,UM-AC-031,1,70300
14530,U260526-07722,UM-BT-016,1,102300
14531,U260526-07722,UM-BT-021,1,89300
14532,U250110-07723,UM-TS-032,1,42100
14533,U250215-07724,UM-SH-001,1,117200
14534,U250831-07725,UM-OT-020,1,140700
14535,U260218-07726,UM-TS-023,2,22500
14536,U260218-07726,UM-TS-005,1,47700
14537,U260218-07726,UM-TS-024,1,23300
14538,U260218-07726,UM-AC-010,1,59300
14539,U240724-07727,UM-TS-010,1,30000
14540,U250415-07728,UM-OT-006,1,229200
14541,U250123-07729,UM-OT-009,1,342100
14542,U250123-07729,UM-TS-004,1,42000
14543,U240229-07730,UM-SH-022,1,120400
14544,U260801-07731,UM-TS-027,1,65400
14545,U260607-07732,UM-OT-010,2,170500
14546,U260607-07732,UM-BT-013,1,118100
14547,U250130-07733,UM-TS-009,3,52400
14548,U251217-07734,UM-TS-019,1,74200
14549,U251217-07734,UM-TS-029,1,43000
14550,U251204-07735,UM-SH-023,1,86700
14551,U260426-07736,UM-AC-020,1,72000
14552,U260426-07736,UM-AC-019,1,62100
14553,U260426-07736,UM-TS-001,1,40900
14554,U260201-07737,UM-BT-021,1,84300
14555,U260201-07737,UM-TS-029,1,51800
14556,U260604-07738,UM-OT-013,1,151700
14557,U260604-07738,UM-SH-010,1,178900
14558,U260604-07738,UM-BT-021,1,67900
14559,U260831-07739,UM-BT-013,1,91400
14560,U260711-07740,UM-BT-003,1,50600
14561,U260711-07740,UM-AC-026,1,52500
14562,U260330-07741,UM-SH-010,1,186500
14563,U260330-07741,UM-TS-023,1,23700
14564,U260330-07741,UM-BT-007,1,101800
14565,U260625-07742,UM-TS-006,3,83400
14566,U260625-07742,UM-TS-022,1,46400
14567,U251127-07743,UM-OT-021,1,147100
14568,U251127-07743,UM-TS-010,1,25200
14569,U250803-07744,UM-TS-028,1,68300
14570,U250803-07744,UM-BT-011,1,68900
14571,U250420-07745,UM-TS-024,1,25100
14572,U250710-07746,UM-TS-025,1,48600
14573,U250710-07746,UM-SH-009,1,144000
14574,U250710-07746,UM-OT-005,1,186300
14575,U260220-07747,UM-OT-014,1,131000
14576,U260220-07747,UM-TS-037,1,32600
14577,U260731-07748,UM-TS-034,1,46600
14578,U260731-07748,UM-TS-020,1,41500
14579,U251206-07749,UM-SH-013,1,209800
14580,U250306-07750,UM-BT-015,1,84300
14581,U260220-07751,UM-AC-015,2,49300
14582,U250420-07752,UM-BT-024,1,37700
14583,U251113-07753,UM-TS-034,1,60800
14584,U251113-07753,UM-AC-017,1,22900
14585,U251014-07754,UM-BT-010,3,93500
14586,U251014-07754,UM-TS-032,1,34000
14587,U251014-07754,UM-BT-022,1,75600
14588,U251014-07754,UM-BT-019,1,31900
14589,U241214-07755,UM-SH-007,1,88700
14590,U241214-07755,UM-SH-009,1,128100
14591,U230221-07756,UM-SH-015,2,90700
14592,U230221-07756,UM-BT-002,1,59100
14593,U230221-07756,UM-BT-004,2,45300
14594,U230705-07757,UM-TS-037,1,23400
14595,U260417-07758,UM-BT-025,1,84500
14596,U260417-07758,UM-BT-003,2,64500
14597,U251222-07759,UM-OT-005,1,151100
14598,U251222-07759,UM-OT-009,1,336500
14599,U251222-07759,UM-TS-027,1,86400
14600,U260222-07760,UM-AC-025,1,66700
14601,U250714-07761,UM-TS-023,1,30600
14602,U250714-07761,UM-BT-024,1,50900
14603,U250714-07761,UM-TS-014,1,41900
14604,U260602-07762,UM-TS-014,1,56300
14605,U260413-07763,UM-SH-001,1,116200
14606,U260413-07763,UM-OT-007,1,113200
14607,U260721-07764,UM-BT-021,3,82200
14608,U260721-07764,UM-TS-031,1,23800
14609,U260721-07764,UM-TS-020,1,44000
14610,U260721-07764,UM-TS-010,1,27800
14611,U260820-07765,UM-OT-011,1,62800
14612,U260820-07765,UM-TS-034,1,60000
14613,U260714-07766,UM-AC-027,1,58800
14614,U250926-07767,UM-OT-020,1,150800
14615,U250926-07767,UM-TS-022,1,43100
14616,U250926-07767,UM-TS-030,1,62800
14617,U260721-07768,UM-TS-030,1,67600
14618,U260721-07768,UM-SH-018,1,174200
14619,U260721-07768,UM-SH-023,1,93000
14620,U260227-07769,UM-SH-005,1,82800
14621,U260328-07770,UM-TS-019,1,79800
14622,U260804-07771,UM-SH-006,1,230700
14623,U260804-07771,UM-SH-014,2,87700
14624,U260804-07771,UM-BT-021,1,81500
14625,U251218-07772,UM-AC-003,3,14000
14626,U260209-07773,UM-AC-018,1,40100
14627,U260209-07773,UM-AC-017,1,28400
14628,U260209-07773,UM-TS-003,3,71300
14629,U260526-07774,UM-BT-003,1,54600
14630,U260526-07774,UM-TS-025,1,51300
14631,U260620-07775,UM-BT-001,1,43200
14632,U260620-07775,UM-BT-024,1,38700
14633,U260620-07775,UM-TS-029,1,49800
14634,U260620-07775,UM-TS-021,1,49200
14635,U260620-07775,UM-AC-005,1,35800
14636,U260319-07776,UM-BT-006,1,50300
14637,U260207-07777,UM-TS-002,1,35200
14638,U251207-07778,UM-BT-004,1,49200
14639,U251207-07778,UM-TS-026,1,40300
14640,U251122-07779,UM-AC-028,1,42100
14641,U260818-07780,UM-AC-020,1,85400
14642,U260329-07781,UM-BT-003,1,57700
14643,U260329-07781,UM-BT-001,1,43400
14644,U260329-07781,UM-BT-008,1,65800
14645,U260902-07782,UM-AC-024,3,51100
14646,U260902-07782,UM-OT-026,1,117700
14647,U260828-07783,UM-BT-014,1,55300
14648,U260820-07784,UM-AC-009,1,53900
14649,U251018-07785,UM-BT-019,1,31800
14650,U251018-07785,UM-BT-018,1,78400
14651,U251019-07786,UM-SH-021,1,158300
14652,U251019-07786,UM-BT-002,1,64900
14653,U251019-07786,UM-SH-009,1,160200
14654,U260706-07787,UM-TS-034,1,58000
14655,U260706-07787,UM-SH-019,1,177000
14656,U260706-07788,UM-TS-014,1,45300
14657,U260707-07789,UM-OT-015,1,102300
14658,U260326-07790,UM-TS-036,1,48700
14659,U260326-07790,UM-SH-004,1,86600
14660,U260326-07790,UM-TS-019,1,63200
14661,U260326-07790,UM-TS-024,1,25100
14662,U260621-07791,UM-BT-001,1,43800
14663,U250106-07792,UM-OT-018,1,277000
14664,U250106-07792,UM-BT-012,1,65700
14665,U250106-07792,UM-TS-014,1,42200
14666,U251211-07793,UM-OT-022,2,207900
14667,U250313-07794,UM-TS-037,1,25900
14668,U250313-07794,UM-AC-014,1,27400
14669,U260804-07795,UM-TS-025,1,47600
14670,U250524-07796,UM-BT-021,3,66200
14671,U250523-07797,UM-OT-017,1,303900
14672,U250523-07797,UM-BT-014,1,65200
14673,U250523-07797,UM-BT-020,1,77600
14674,U250523-07797,UM-AC-029,1,12300
14675,U250520-07798,UM-SH-020,1,229500
14676,U250102-07799,UM-OT-010,1,211900
14677,U260310-07800,UM-TS-025,2,53300
14678,U260714-07801,UM-BT-016,1,86700
14679,U260714-07801,UM-BT-003,2,65400
14680,U260627-07802,UM-TS-030,1,58300
14681,U260627-07802,UM-TS-004,1,49900
14682,U260221-07803,UM-SH-001,3,103100
14683,U260605-07804,UM-TS-015,2,15100
14684,U260605-07804,UM-SH-015,1,98200
14685,U260605-07804,UM-BT-005,1,107500
14686,U260605-07804,UM-AC-005,2,29000
14687,U260429-07805,UM-OT-018,1,329400
14688,U260429-07805,UM-TS-019,1,79700
14689,U251111-07806,UM-SH-009,3,142000
14690,U260812-07807,UM-BT-001,2,40700
14691,U260812-07807,UM-TS-017,1,52400
14692,U260812-07807,UM-OT-014,1,137200
14693,U260812-07807,UM-AC-015,1,47300
14694,U260812-07807,UM-AC-015,1,47200
14695,U260718-07808,UM-TS-026,3,42900
14696,U250526-07809,UM-AC-028,1,35500
14697,U250526-07809,UM-BT-014,1,54700
14698,U251117-07810,UM-SH-019,3,150200
14699,U251117-07810,UM-BT-017,1,42900
14700,U250405-07811,UM-SH-010,1,140300
14701,U250405-07811,UM-AC-004,1,13000
14702,U250405-07811,UM-SH-005,1,75900
14703,U260602-07812,UM-BT-008,1,71700
14704,U260103-07813,UM-AC-004,1,12100
14705,U260103-07813,UM-OT-008,1,245500
14706,U251116-07814,UM-TS-028,2,68600
14707,U251116-07814,UM-TS-003,1,69800
14708,U250512-07815,UM-TS-015,1,19500
14709,U260901-07816,UM-TS-002,1,34000
14710,U260629-07817,UM-OT-011,1,67500
14711,U260629-07817,UM-BT-005,3,94900
14712,U260629-07817,UM-TS-033,1,38200
14713,U260401-07818,UM-TS-009,1,63200
14714,U260401-07818,UM-TS-004,2,44900
14715,U260831-07819,UM-BT-017,1,41700
14716,U260831-07820,UM-SH-001,1,98700
14717,U260829-07821,UM-OT-008,1,263700
14718,U260902-07822,UM-OT-025,1,383800
14719,U260831-07823,UM-TS-034,1,59800
14720,U260903-07824,UM-BT-007,1,87500
14721,U260430-07825,UM-SH-002,2,223100
14722,U260219-07826,UM-OT-021,1,160800
14723,U260305-07827,UM-OT-003,1,277700
14724,U251028-07828,UM-BT-025,1,103100
14725,U251028-07828,UM-TS-003,1,75100
14726,U260730-07829,UM-TS-027,1,76200
14727,U260730-07829,UM-SH-018,1,193500
14728,U260730-07829,UM-BT-004,1,55000
14729,U260530-07830,UM-BT-022,1,68200
14730,U260715-07831,UM-SH-020,1,173900
14731,U260713-07832,UM-TS-010,3,28900
14732,U260713-07832,UM-TS-033,1,38400
14733,U251113-07833,UM-TS-025,1,50400
14734,U251113-07833,UM-OT-020,1,168600
14735,U250707-07834,UM-TS-015,1,17000
14736,U250707-07834,UM-TS-033,1,41900
14737,U250707-07835,UM-TS-034,1,60200
14738,U250707-07835,UM-SH-023,1,81900
14739,U251226-07836,UM-AC-021,1,20900
14740,U251226-07836,UM-BT-024,1,49400
14741,U250128-07837,UM-AC-020,1,71200
14742,U250128-07837,UM-SH-022,2,127100
14743,U260901-07838,UM-TS-008,1,51700
14744,U251006-07839,UM-TS-027,1,84000
14745,U260811-07840,UM-BT-010,1,82100
14746,U260811-07840,UM-SH-002,1,172200
14747,U260811-07840,UM-SH-004,1,86500
14748,U260811-07840,UM-OT-011,1,67600
14749,U260311-07841,UM-TS-015,1,17100
14750,U260312-07842,UM-OT-024,1,307000
14751,U251004-07843,UM-BT-015,1,93100
14752,U251004-07843,UM-TS-021,1,42700
14753,U251004-07843,UM-OT-001,1,302400
14754,U260811-07844,UM-BT-022,1,77300
14755,U260811-07844,UM-AC-018,1,39400
14756,U260811-07844,UM-AC-022,2,14600
14757,U260315-07845,UM-AC-029,1,14000
14758,U260315-07845,UM-BT-014,1,54500
14759,U260315-07845,UM-BT-006,1,53500
14760,U250615-07846,UM-SH-011,1,110100
14761,U260902-07847,UM-BT-007,1,73300
14762,U260902-07847,UM-TS-028,1,73000
14763,U260415-07848,UM-BT-003,1,51800
14764,U260415-07848,UM-AC-001,1,50200
14765,U260731-07849,UM-SH-022,1,137900
14766,U260830-07850,UM-OT-024,1,367700
14767,U260219-07851,UM-SH-014,1,107900
14768,U260219-07851,UM-OT-010,1,202500
14769,U260219-07851,UM-TS-011,1,75400
14770,U260219-07851,UM-SH-011,1,149600
14771,U260219-07851,UM-AC-017,2,22800
14772,U260803-07852,UM-TS-031,1,27300
14773,U260803-07852,UM-OT-020,1,177800
14774,U260815-07853,UM-BT-004,1,42700
14775,U260815-07853,UM-TS-032,2,43000
14776,U260708-07854,UM-AC-004,1,15900
14777,U260708-07854,UM-TS-037,1,31900
14778,U260222-07855,UM-TS-001,1,43400
14779,U260821-07856,UM-BT-002,1,72600
14780,U250713-07857,UM-BT-021,1,79700
14781,U250713-07857,UM-OT-016,1,143500
14782,U250713-07857,UM-TS-006,1,77000
14783,U250713-07857,UM-TS-006,1,73400
14784,U250713-07857,UM-TS-010,1,29400
14785,U260504-07858,UM-BT-009,2,53900
14786,U260309-07859,UM-SH-003,1,165300
14787,U260309-07859,UM-OT-011,1,78900
14788,U260309-07859,UM-AC-023,1,81300
14789,U250625-07860,UM-SH-022,2,129300
14790,U250625-07860,UM-TS-020,1,35400
14791,U250625-07860,UM-SH-023,1,84100
14792,U250625-07860,UM-TS-017,1,54100
14793,U260523-07861,UM-TS-008,1,46800
14794,U260520-07862,UM-BT-003,1,49100
14795,U260520-07862,UM-SH-019,1,148800
14796,U260820-07863,UM-SH-007,3,92000
14797,U260820-07863,UM-BT-004,1,59800
14798,U260820-07863,UM-AC-012,1,45000
14799,U260820-07863,UM-TS-037,3,27000
14800,U260423-07864,UM-TS-023,1,24000
14801,U260413-07865,UM-OT-012,1,215000
14802,U250621-07866,UM-SH-003,2,148500
14803,U250621-07866,UM-TS-025,1,54900
14804,U260216-07867,UM-BT-023,1,106300
14805,U250623-07868,UM-TS-037,1,26500
14806,U250623-07868,UM-OT-011,1,81800
14807,U260802-07869,UM-SH-012,1,167500
14808,U260609-07870,UM-SH-019,2,138000
14809,U260609-07870,UM-TS-006,1,71300
14810,U241125-07871,UM-TS-025,3,52300
14811,U260128-07872,UM-AC-006,1,25100
14812,U260128-07872,UM-TS-029,1,46300
14813,U260622-07873,UM-BT-005,2,95800
14814,U260610-07874,UM-OT-015,1,108200
14815,U260707-07875,UM-SH-002,2,181600
14816,U260310-07876,UM-OT-016,1,131100
14817,U260310-07876,UM-BT-014,1,58400
14818,U260429-07877,UM-OT-006,1,263900
14819,U250824-07878,UM-OT-019,1,163600
14820,U250824-07878,UM-TS-004,1,43100
14821,U250516-07879,UM-TS-004,1,42100
14822,U260901-07880,UM-BT-014,1,69600
14823,U260902-07881,UM-TS-015,1,15300
14824,U260903-07882,UM-TS-002,1,43600
14825,U260705-07883,UM-TS-005,2,38700
14826,U260705-07883,UM-OT-019,1,153200
14827,U251227-07884,UM-TS-006,1,85800
14828,U251227-07884,UM-BT-014,1,51700
14829,U260723-07885,UM-SH-011,1,143200
14830,U260723-07885,UM-TS-004,1,47000
14831,U260723-07885,UM-BT-007,1,86300
14832,U260722-07886,UM-OT-017,1,308800
14833,U260722-07886,UM-TS-009,2,47500
14834,U251217-07887,UM-TS-004,1,40100
14835,U251217-07887,UM-BT-020,1,77700
14836,U260821-07888,UM-TS-034,1,59100
14837,U260821-07888,UM-TS-026,1,33500
14838,U260821-07889,UM-BT-015,2,92200
14839,U260821-07890,UM-BT-013,3,117800
14840,U260821-07890,UM-TS-008,1,45900
14841,U260822-07891,UM-AC-017,1,25200
14842,U260820-07892,UM-TS-025,1,45800
14843,U260820-07892,UM-BT-011,1,77500
14844,U251124-07893,UM-TS-016,2,77900
14845,U251124-07893,UM-TS-010,1,28600
14846,U251124-07893,UM-SH-017,1,130300
14847,U260531-07894,UM-TS-001,1,49700
14848,U260531-07894,UM-SH-010,1,172900
14849,U260531-07894,UM-AC-008,1,17500
14850,U260629-07895,UM-TS-036,1,46900
14851,U260629-07895,UM-OT-012,2,215200
14852,U260629-07895,UM-AC-001,1,52600
14853,U260617-07896,UM-TS-016,1,62900
14854,U260617-07896,UM-OT-022,1,199900
14855,U260822-07897,UM-TS-004,1,39000
14856,U260822-07897,UM-TS-027,1,78800
14857,U260517-07898,UM-TS-022,1,41100
14858,U260517-07898,UM-OT-006,1,268600
14859,U260715-07899,UM-OT-018,1,293300
14860,U260715-07899,UM-TS-014,1,48200
14861,U260715-07899,UM-SH-017,1,125100
14862,U260804-07900,UM-TS-025,1,55400
14863,U260721-07901,UM-AC-007,1,10900
14864,U260810-07902,UM-BT-015,1,96800
14865,U260810-07902,UM-TS-035,1,18100
14866,U260718-07903,UM-TS-018,1,76900
14867,U260718-07903,UM-BT-017,1,37900
14868,U260718-07903,UM-TS-032,3,37400
14869,U260902-07904,UM-SH-012,1,190300
14870,U260731-07905,UM-OT-015,1,80800
14871,U260810-07906,UM-SH-020,1,180900
14872,U260810-07906,UM-TS-018,1,79900
14873,U260815-07907,UM-BT-004,2,53900
14874,U240904-07908,UM-SH-006,1,203300
14875,U240904-07908,UM-BT-001,1,47900
14876,U240904-07908,UM-BT-023,1,93100
14877,U250915-07909,UM-SH-020,1,206500
14878,U250708-07910,UM-AC-028,1,44700
14879,U250708-07910,UM-AC-004,1,12700
14880,U250604-07911,UM-TS-026,1,32500
14881,U250604-07911,UM-TS-027,1,72800
14882,U241111-07912,UM-TS-016,1,56900
14883,U241111-07912,UM-AC-018,1,38700
14884,U260103-07913,UM-SH-009,1,160300
14885,U260103-07913,UM-BT-005,1,108700
14886,U260103-07913,UM-BT-023,1,97600
14887,U260103-07913,UM-OT-008,1,205100
14888,U260717-07914,UM-TS-036,1,43800
14889,U260717-07914,UM-OT-011,2,75100
14890,U260521-07915,UM-TS-033,2,43800
14891,U260521-07915,UM-TS-001,1,50000
14892,U251027-07916,UM-OT-021,1,121100
14893,U250530-07917,UM-TS-008,1,56800
14894,U260323-07918,UM-TS-015,1,15900
14895,U260323-07918,UM-AC-031,1,55200
14896,U251216-07919,UM-TS-024,1,21400
14897,U250803-07920,UM-SH-024,1,131200
14898,U250813-07921,UM-TS-018,3,75800
14899,U250814-07922,UM-BT-010,2,83100
14900,U250814-07922,UM-BT-004,1,46300
14901,U250315-07923,UM-TS-035,1,17200
14902,U250315-07923,UM-TS-014,1,55300
14903,U250406-07924,UM-TS-014,1,46800
14904,U250406-07924,UM-AC-031,1,60200
14905,U250406-07924,UM-AC-005,3,29800
14906,U250406-07924,UM-TS-021,1,39100
14907,U250406-07924,UM-BT-024,1,39800
14908,U241122-07925,UM-SH-020,1,191400
14909,U251008-07926,UM-OT-021,1,144800
14910,U250923-07927,UM-TS-032,1,36600
14911,U260426-07928,UM-AC-017,1,25100
14912,U250224-07929,UM-BT-005,1,92100
14913,U250224-07929,UM-BT-013,1,97400
14914,U260601-07930,UM-TS-019,2,80300
14915,U260601-07930,UM-TS-006,1,79700
14916,U260116-07931,UM-TS-028,2,78000
14917,U260116-07931,UM-TS-018,1,60300
14918,U250710-07932,UM-BT-023,1,95300
14919,U250710-07932,UM-BT-017,1,33600
14920,U250710-07932,UM-TS-034,1,47000
14921,U250710-07932,UM-TS-028,2,80400
14922,U250710-07932,UM-AC-029,1,12800
14923,U241001-07933,UM-SH-021,1,155100
14924,U241001-07933,UM-BT-001,1,44500
14925,U241001-07933,UM-OT-020,1,164400
14926,U241001-07933,UM-TS-007,1,39300
14927,U241001-07933,UM-AC-018,1,41800
14928,U260716-07934,UM-AC-028,1,37800
14929,U260430-07935,UM-BT-009,1,65000
14930,U260616-07936,UM-TS-022,1,40900
14931,U241025-07937,UM-BT-009,1,60700
14932,U241026-07938,UM-TS-024,1,18800
14933,U251223-07939,UM-TS-033,1,47800
14934,U251223-07939,UM-AC-026,2,48500
14935,U260320-07940,UM-TS-010,1,31200
14936,U260605-07941,UM-TS-025,1,51000
14937,U260707-07942,UM-TS-015,1,14700
14938,U260707-07942,UM-OT-010,2,215700
14939,U251111-07943,UM-BT-014,1,65200
14940,U260624-07944,UM-TS-015,1,19000
14941,U260624-07944,UM-TS-023,1,28200
14942,U250328-07945,UM-SH-003,1,146800
14943,U250328-07945,UM-OT-017,1,299800
14944,U250328-07945,UM-BT-004,1,47700
14945,U250909-07946,UM-TS-027,1,77000
14946,U250909-07946,UM-BT-011,1,74600
14947,U250909-07946,UM-TS-026,1,41800
14948,U250909-07946,UM-OT-002,1,337200
14949,U250909-07946,UM-SH-014,3,82800
14950,U260209-07947,UM-BT-023,3,90600
14951,U241104-07948,UM-BT-001,1,38100
14952,U241104-07948,UM-BT-002,1,61100
14953,U260813-07949,UM-TS-020,2,44000
14954,U260714-07950,UM-TS-001,1,41100
14955,U260307-07951,UM-AC-027,1,63700
14956,U260307-07951,UM-TS-036,2,50000
14957,U260307-07951,UM-TS-029,2,45800
14958,U260307-07951,UM-TS-009,3,54800
14959,U260603-07952,UM-BT-015,1,96100
14960,U260603-07952,UM-TS-011,1,65600
14961,U260818-07953,UM-OT-021,1,158800
14962,U260818-07953,UM-TS-009,1,59800
14963,U260818-07953,UM-TS-008,1,46900
14964,U250411-07954,UM-SH-008,1,159700
14965,U250411-07954,UM-SH-006,3,179500
14966,U250411-07954,UM-AC-021,1,20500
14967,U230915-07955,UM-TS-015,1,18200
14968,U230915-07955,UM-BT-012,1,56300
14969,U230915-07955,UM-TS-011,2,64700
14970,U230915-07955,UM-TS-035,1,19700
14971,U231007-07956,UM-BT-005,1,109500
14972,U231007-07956,UM-SH-010,3,175900
14973,U240826-07957,UM-OT-025,1,376200
14974,U240826-07957,UM-SH-018,1,210800
14975,U240612-07958,UM-SH-020,1,221900
14976,U240612-07958,UM-AC-021,2,24400
14977,U240612-07958,UM-BT-023,1,112500
14978,U260902-07959,UM-SH-012,1,163700
14979,U260902-07959,UM-TS-012,1,37900
14980,U260902-07959,UM-BT-012,1,65600
14981,U260810-07960,UM-TS-015,1,15500
14982,U260810-07960,UM-TS-009,1,56900
14983,U260810-07960,UM-TS-014,1,44900
14984,U260810-07960,UM-BT-004,1,53700
14985,U260608-07961,UM-BT-003,1,64600
14986,U260608-07961,UM-SH-017,1,143300
14987,U260205-07962,UM-BT-019,1,37600
14988,U260205-07962,UM-TS-027,1,67500
14989,U250523-07963,UM-AC-029,1,12500
14990,U250624-07964,UM-TS-003,1,60600
14991,U250624-07964,UM-SH-024,3,118200
14992,U250624-07964,UM-AC-031,1,71600
14993,U241129-07965,UM-TS-034,2,63900
14994,U241129-07965,UM-TS-020,1,44000
14995,U241129-07965,UM-BT-006,1,59400
14996,U241129-07965,UM-BT-019,1,34300
14997,U241208-07966,UM-TS-032,1,38200
14998,U250317-07967,UM-AC-003,2,12100
14999,U260623-07968,UM-TS-020,2,38200
15000,U260623-07968,UM-TS-023,1,30800
15001,U240312-07969,UM-BT-001,1,41200
15002,U240312-07969,UM-OT-021,1,146600
15003,U230724-07970,UM-AC-008,1,14200
15004,U230724-07970,UM-TS-013,1,24000
15005,U230728-07971,UM-AC-025,1,64100
15006,U230728-07971,UM-AC-024,1,53400
15007,U241001-07972,UM-OT-011,1,72800
15008,U231031-07973,UM-SH-009,1,151500
15009,U231031-07973,UM-OT-016,2,131400
15010,U260529-07974,UM-SH-022,1,138400
15011,U251121-07975,UM-SH-003,1,174100
15012,U240407-07976,UM-OT-010,3,170700
15013,U240407-07976,UM-TS-003,1,68700
15014,U260308-07977,UM-TS-036,1,38700
15015,U260308-07977,UM-TS-009,1,53600
15016,U260418-07978,UM-AC-024,1,48500
15017,U260418-07978,UM-BT-024,1,51000
15018,U250713-07979,UM-TS-027,1,79900
15019,U250713-07979,UM-TS-007,1,49300
15020,U260330-07980,UM-OT-022,1,250000
15021,U260330-07981,UM-SH-017,1,152000
15022,U260330-07981,UM-SH-009,1,117300
15023,U260330-07981,UM-TS-011,1,68900
15024,U240530-07982,UM-TS-002,1,36500
15025,U251228-07983,UM-BT-004,2,46700
15026,U251228-07983,UM-TS-022,1,44000
15027,U251228-07983,UM-SH-021,1,156000
15028,U250105-07984,UM-TS-031,1,33300
15029,U260112-07985,UM-SH-022,1,141000
15030,U260112-07985,UM-AC-031,1,56000
15031,U260112-07985,UM-BT-011,1,65600
15032,U260818-07986,UM-BT-011,1,62800
15033,U260818-07986,UM-BT-017,1,37600
15034,U260818-07986,UM-BT-005,1,113800
15035,U260530-07987,UM-TS-003,3,62600
15036,U260417-07988,UM-TS-021,1,44800
15037,U260417-07988,UM-BT-001,1,43700
15038,U251128-07989,UM-TS-036,1,39400
15039,U251128-07989,UM-TS-026,1,42700
15040,U260725-07990,UM-BT-010,1,80300
15041,U251210-07991,UM-TS-035,1,22400
15042,U260207-07992,UM-SH-006,2,199700
15043,U260207-07992,UM-TS-016,1,55400
15044,U260207-07993,UM-TS-012,1,47000
15045,U260207-07993,UM-TS-031,1,30700
15046,U260207-07993,UM-BT-013,1,124400
15047,U260807-07994,UM-SH-019,1,128700
15048,U260807-07994,UM-AC-017,1,29500
15049,U260807-07994,UM-BT-001,1,42300
15050,U260819-07995,UM-AC-016,1,35800
15051,U260819-07995,UM-TS-003,1,68300
15052,U260607-07996,UM-BT-008,1,86000
15053,U260607-07996,UM-SH-014,2,89000
15054,U260607-07996,UM-OT-024,1,335400
15055,U260205-07997,UM-TS-024,1,20700
15056,U260205-07997,UM-SH-011,3,147900
15057,U250409-07998,UM-BT-002,1,59800
15058,U241028-07999,UM-SH-009,1,134800
15059,U241028-07999,UM-AC-027,1,55900
15060,U241028-07999,UM-BT-021,1,84700
15061,U260720-08000,UM-TS-023,1,27000
15062,U260720-08000,UM-AC-011,1,78800
15063,U260821-08001,UM-OT-022,1,256600
15064,U260821-08001,UM-SH-005,1,64000
15065,U251128-08002,UM-BT-020,1,66500
15066,U260816-08003,UM-AC-020,1,64000
15067,U240824-08004,UM-TS-006,2,66400
15068,U260820-08005,UM-AC-016,1,33900
15069,U260820-08005,UM-TS-036,1,47600
15070,U260523-08006,UM-OT-025,1,285700
15071,U241129-08007,UM-TS-019,1,64400
15072,U241129-08007,UM-SH-012,1,147000
15073,U241129-08007,UM-BT-006,1,63300
15074,U260824-08008,UM-TS-011,1,72200
15075,U260824-08008,UM-BT-008,1,65800
15076,U260824-08008,UM-SH-014,1,84000
15077,U260824-08008,UM-BT-016,1,111900
15078,U260824-08008,UM-TS-036,1,38000
15079,U250713-08009,UM-OT-020,1,146300
15080,U260819-08010,UM-AC-012,1,51600
15081,U260819-08010,UM-BT-012,1,60100
15082,U260819-08010,UM-OT-006,1,221900
15083,U260309-08011,UM-BT-004,1,57800
15084,U260309-08011,UM-BT-014,1,50500
15085,U241112-08012,UM-AC-029,1,13500
15086,U241112-08012,UM-TS-017,1,45100
15087,U251230-08013,UM-OT-010,1,223200
15088,U251230-08013,UM-BT-021,1,68100
15089,U251230-08013,UM-AC-018,1,37900
15090,U260724-08014,UM-OT-006,1,281100
15091,U260724-08014,UM-TS-003,2,78300
15092,U240707-08015,UM-BT-011,1,80000
15093,U260708-08016,UM-AC-030,1,13900
15094,U260708-08016,UM-TS-035,1,17000
15095,U260708-08016,UM-OT-017,1,265700
15096,U250515-08017,UM-TS-035,1,20200
15097,U260609-08018,UM-SH-021,1,157500
15098,U250828-08019,UM-TS-030,1,63700
15099,U250828-08019,UM-TS-019,1,69300
15100,U260813-08020,UM-BT-019,3,37100
15101,U260425-08021,UM-BT-016,2,82200
15102,U251117-08022,UM-OT-003,1,305500
15103,U260630-08023,UM-BT-017,2,41500
15104,U260630-08023,UM-SH-018,1,208100
15105,U241011-08024,UM-SH-017,1,115600
15106,U241011-08024,UM-SH-021,1,184500
15107,U241011-08024,UM-BT-008,2,82200
15108,U251012-08025,UM-TS-025,1,54000
15109,U251012-08025,UM-TS-001,2,47500
15110,U250101-08026,UM-AC-008,1,17400
15111,U251002-08027,UM-TS-007,1,36200
15112,U251002-08027,UM-SH-010,1,149400
15113,U250728-08028,UM-BT-003,2,62600
15114,U250829-08029,UM-AC-027,1,60500
15115,U250829-08029,UM-TS-004,1,47400
15116,U250829-08029,UM-BT-004,1,44700
15117,U260403-08030,UM-TS-028,1,63200
15118,U260403-08030,UM-BT-014,3,57400
15119,U260403-08030,UM-OT-024,1,335100
15120,U260213-08031,UM-BT-021,1,68700
15121,U250817-08032,UM-TS-022,1,40300
15122,U250817-08032,UM-TS-037,1,26500
15123,U250817-08032,UM-TS-036,1,43600
15124,U250817-08032,UM-SH-009,1,124500
15125,U260103-08033,UM-TS-009,1,56800
15126,U250531-08034,UM-OT-018,1,387400
15127,U250531-08034,UM-TS-008,1,45500
15128,U250307-08035,UM-BT-022,1,76600
15129,U250307-08035,UM-BT-015,1,101600
15130,U260218-08036,UM-TS-031,1,27500
15131,U241230-08037,UM-TS-001,1,51900
15132,U241230-08037,UM-OT-008,1,225000
15133,U251029-08038,UM-SH-001,1,102700
15134,U251029-08038,UM-SH-024,1,111400
15135,U250622-08039,UM-TS-008,1,51000
15136,U241205-08040,UM-TS-003,1,59700
15137,U250424-08041,UM-OT-024,1,369300
15138,U250424-08041,UM-OT-021,1,155500
15139,U250131-08042,UM-SH-024,2,113000
15140,U251120-08043,UM-BT-023,1,99600
15141,U251120-08043,UM-TS-024,2,19400
15142,U251016-08044,UM-TS-021,1,54000
15143,U250518-08045,UM-BT-025,1,81700
15144,U251115-08046,UM-TS-024,1,23600
15145,U251125-08047,UM-BT-007,1,75400
15146,U251125-08047,UM-OT-015,2,85000
15147,U240531-08048,UM-TS-010,1,32600
15148,U250213-08049,UM-TS-018,1,61200
15149,U250213-08049,UM-OT-017,1,291600
15150,U250213-08049,UM-BT-016,1,90300
15151,U260220-08050,UM-BT-011,1,78700
15152,U251024-08051,UM-BT-002,1,56900
15153,U251005-08052,UM-SH-007,1,72600
15154,U260117-08053,UM-TS-007,1,42300
15155,U260117-08053,UM-TS-019,1,78700
15156,U250701-08054,UM-OT-017,2,294400
15157,U250701-08054,UM-BT-023,1,90000
15158,U251023-08055,UM-AC-025,1,75800
15159,U251023-08055,UM-SH-020,1,168100
15160,U251023-08055,UM-BT-009,1,58600
15161,U251023-08055,UM-SH-022,1,145900
15162,U260702-08056,UM-OT-007,1,98800
15163,U260727-08057,UM-SH-014,1,78900
15164,U260810-08058,UM-SH-005,1,79400
15165,U260529-08059,UM-OT-006,1,282400
15166,U260718-08060,UM-OT-010,1,222400
15167,U260718-08060,UM-TS-002,1,42100
15168,U260608-08061,UM-TS-016,1,57700
15169,U260608-08061,UM-BT-009,1,66000
15170,U250916-08062,UM-AC-025,1,74100
15171,U250916-08062,UM-BT-003,3,59900
15172,U250916-08062,UM-TS-012,1,35600
15173,U251224-08063,UM-BT-008,1,77500
15174,U260511-08064,UM-TS-004,1,37500
15175,U241216-08065,UM-TS-025,1,55100
15176,U241216-08065,UM-BT-018,1,77400
15177,U260804-08066,UM-AC-012,1,41000
15178,U260116-08067,UM-TS-028,1,78400
15179,U260116-08067,UM-TS-014,1,56500
15180,U260315-08068,UM-BT-014,1,65400
15181,U260315-08068,UM-AC-022,1,15700
15182,U260315-08068,UM-SH-023,1,98500
15183,U260811-08069,UM-TS-014,1,49900
15184,U260108-08070,UM-BT-019,2,35100
15185,U260108-08070,UM-SH-006,1,216900
15186,U260408-08071,UM-OT-026,1,109200
15187,U260408-08071,UM-TS-034,1,63500
15188,U260408-08071,UM-BT-015,1,97500
15189,U260408-08071,UM-SH-002,2,198300
15190,U260408-08071,UM-AC-017,1,24600
15191,U260223-08072,UM-AC-012,3,38400
15192,U260223-08072,UM-SH-012,1,146300
15193,U260612-08073,UM-AC-003,1,14900
15194,U260823-08074,UM-AC-024,1,50200
15195,U251210-08075,UM-TS-007,1,37600
15196,U251210-08075,UM-BT-024,1,44300
15197,U260513-08076,UM-SH-014,1,108500
15198,U260513-08076,UM-BT-023,2,83100
15199,U260222-08077,UM-BT-021,1,82600
15200,U260222-08077,UM-BT-006,1,54500
15201,U260222-08077,UM-SH-004,1,112300
15202,U260222-08077,UM-SH-017,1,121500
15203,U260831-08078,UM-TS-020,1,31600
15204,U260109-08079,UM-TS-024,1,21200
15205,U260423-08080,UM-BT-025,1,79900
15206,U260204-08081,UM-OT-006,1,215000
15207,U251112-08082,UM-BT-021,1,86400
15208,U251112-08082,UM-OT-002,1,290100
15209,U251112-08082,UM-BT-001,1,48700
15210,U251112-08082,UM-OT-001,3,337000
15211,U260527-08083,UM-BT-017,1,32300
15212,U260527-08083,UM-SH-021,1,172800
15213,U260813-08084,UM-TS-026,3,38800
15214,U250831-08085,UM-OT-010,2,187100
15215,U260531-08086,UM-TS-018,1,73000
15216,U260531-08086,UM-AC-009,1,67800
15217,U251219-08087,UM-OT-014,1,135300
15218,U251219-08087,UM-SH-011,1,134200
15219,U251219-08087,UM-BT-022,1,72900
15220,U260228-08088,UM-TS-024,1,23200
15221,U260814-08089,UM-TS-007,3,43500
15222,U260814-08089,UM-SH-021,1,178700
15223,U260814-08089,UM-AC-021,1,20000
15224,U251114-08090,UM-SH-022,1,117100
15225,U251114-08090,UM-BT-011,1,65500
15226,U260125-08091,UM-SH-023,1,87100
15227,U260406-08092,UM-AC-016,1,27400
15228,U260724-08093,UM-OT-022,1,256300
15229,U260723-08094,UM-AC-031,1,53300
15230,U260216-08095,UM-AC-001,1,62100
15231,U260216-08095,UM-TS-005,1,49000
15232,U260814-08096,UM-BT-001,2,39500
15233,U251104-08097,UM-SH-022,1,106200
15234,U260130-08098,UM-SH-002,1,177900
15235,U260518-08099,UM-BT-012,1,64300
15236,U260402-08100,UM-TS-035,1,20400
15237,U260210-08101,UM-SH-012,1,154100
15238,U260210-08101,UM-TS-027,1,86500
15239,U260210-08101,UM-AC-001,1,60400
15240,U260218-08102,UM-TS-011,1,75300
15241,U260218-08102,UM-AC-030,1,11500
15242,U260218-08102,UM-TS-002,1,38800
15243,U250716-08103,UM-BT-008,1,84300
15244,U260728-08104,UM-AC-028,1,37300
15245,U250816-08105,UM-TS-024,2,18900
15246,U250816-08105,UM-SH-011,2,147100
15247,U260813-08106,UM-BT-006,1,60500
15248,U250124-08107,UM-TS-034,2,65300
15249,U250124-08107,UM-BT-021,1,91000
15250,U251031-08108,UM-BT-021,1,92900
15251,U251031-08108,UM-TS-012,1,44000
15252,U251031-08108,UM-TS-007,2,45700
15253,U251031-08108,UM-BT-016,1,95000
15254,U251129-08109,UM-OT-008,1,235800
15255,U251129-08109,UM-BT-022,1,58900
15256,U251129-08109,UM-SH-014,1,84100
15257,U260423-08110,UM-SH-020,1,200000
15258,U260423-08110,UM-TS-032,1,34300
15259,U260312-08111,UM-OT-017,1,317000
15260,U260413-08112,UM-SH-016,3,128000
15261,U260413-08112,UM-TS-015,1,18000
15262,U251122-08113,UM-BT-014,1,69200
15263,U251122-08113,UM-AC-021,2,23500
15264,U251122-08113,UM-TS-018,1,71600
15265,U250628-08114,UM-TS-032,1,36300
15266,U251128-08115,UM-OT-023,1,304500
15267,U251128-08115,UM-AC-016,1,31100
15268,U251128-08115,UM-SH-017,2,122100
15269,U251128-08115,UM-BT-008,1,65900
15270,U241125-08116,UM-TS-028,1,74800
15271,U231227-08117,UM-TS-035,1,19300
15272,U231227-08117,UM-BT-001,1,43600
15273,U260627-08118,UM-SH-015,3,104800
15274,U250215-08119,UM-TS-022,2,46800
15275,U260228-08120,UM-BT-020,1,83900
15276,U240121-08121,UM-TS-015,1,18000
15277,U250214-08122,UM-BT-020,1,85900
15278,U241004-08123,UM-SH-013,2,180200
15279,U250725-08124,UM-OT-015,2,80100
15280,U250725-08124,UM-TS-003,1,63400
15281,U250725-08124,UM-TS-013,1,23700
15282,U260628-08125,UM-TS-001,1,49300
15283,U260628-08125,UM-OT-002,1,257800
15284,U260426-08126,UM-SH-008,1,168900
15285,U260426-08126,UM-AC-011,2,59200
15286,U251012-08127,UM-SH-012,1,160800
15287,U251012-08127,UM-SH-009,1,143700
15288,U251012-08127,UM-TS-021,1,44200
15289,U231221-08128,UM-AC-004,1,12500
15290,U231221-08128,UM-OT-003,1,278900
15291,U231221-08128,UM-AC-021,1,21100
15292,U231221-08128,UM-OT-007,3,91200
15293,U251130-08129,UM-TS-018,2,76900
15294,U251130-08129,UM-SH-004,1,84700
15295,U251130-08129,UM-OT-010,2,202000
15296,U260608-08130,UM-OT-015,1,93800
15297,U260623-08131,UM-BT-021,1,86200
15298,U251013-08132,UM-TS-026,1,44400
15299,U250426-08133,UM-BT-011,3,70900
15300,U250426-08133,UM-AC-024,1,39900
15301,U260827-08134,UM-BT-008,1,67500
15302,U260827-08134,UM-TS-020,1,43300
15303,U251022-08135,UM-TS-034,1,65700
15304,U251022-08135,UM-TS-020,1,37000
15305,U260503-08136,UM-TS-029,1,49000
15306,U260217-08137,UM-BT-006,2,48100
15307,U260217-08137,UM-TS-004,1,46100
15308,U260617-08138,UM-TS-003,1,66200
15309,U260729-08139,UM-TS-035,1,18300
15310,U260730-08140,UM-BT-009,1,62100
15311,U260730-08140,UM-BT-002,2,62400
15312,U260730-08140,UM-AC-013,2,52400
15313,U260729-08141,UM-SH-001,1,121900
15314,U260729-08141,UM-AC-030,1,11900
15315,U260615-08142,UM-TS-027,1,77400
15316,U260318-08143,UM-TS-028,1,70500
15317,U260318-08143,UM-TS-013,1,23800
15318,U260318-08143,UM-BT-023,1,89200
15319,U260318-08143,UM-SH-011,1,123700
15320,U260203-08144,UM-TS-016,2,57900
15321,U260515-08145,UM-TS-030,1,60800
15322,U260515-08145,UM-TS-029,1,51400
15323,U260515-08145,UM-BT-023,2,104700
15324,U260515-08145,UM-TS-010,2,27700
15325,U260803-08146,UM-SH-002,1,184000
15326,U260803-08146,UM-SH-002,1,189600
15327,U260803-08146,UM-SH-024,1,100900
15328,U251214-08147,UM-TS-017,1,48600
15329,U251214-08147,UM-BT-013,1,97100
15330,U251214-08147,UM-BT-006,1,53500
15331,U251214-08147,UM-SH-002,1,219700
15332,U251214-08147,UM-AC-018,1,40300
15333,U260529-08148,UM-SH-018,1,196100
15334,U260827-08149,UM-AC-024,1,41200
15335,U260827-08149,UM-OT-020,1,186600
15336,U260827-08149,UM-BT-022,1,71600
15337,U251007-08150,UM-OT-001,1,284400
15338,U251007-08150,UM-OT-012,1,198100
15339,U250710-08151,UM-TS-008,1,57800
15340,U250905-08152,UM-AC-016,1,30700
15341,U250408-08153,UM-OT-019,1,203700
15342,U251213-08154,UM-AC-012,3,49800
15343,U251121-08155,UM-TS-018,1,66300
15344,U260420-08156,UM-BT-021,2,79400
15345,U260420-08156,UM-AC-031,1,63100
15346,U260420-08156,UM-TS-036,1,45200
15347,U260721-08157,UM-AC-018,1,44100
15348,U260211-08158,UM-BT-025,1,93700
15349,U260211-08158,UM-BT-008,1,86100
15350,U260211-08158,UM-TS-004,1,40000
15351,U260209-08159,UM-SH-010,2,167000
15352,U260728-08160,UM-BT-018,3,61900
15353,U260717-08161,UM-TS-026,1,41400
15354,U260717-08161,UM-TS-003,1,56400
15355,U260612-08162,UM-TS-026,1,37800
15356,U260612-08162,UM-TS-024,1,25900
15357,U260612-08162,UM-AC-017,1,22200
15358,U260319-08163,UM-TS-023,2,27900
15359,U251103-08164,UM-AC-026,2,65100
15360,U260211-08165,UM-TS-028,1,62500
15361,U260211-08165,UM-OT-001,3,323600
15362,U260211-08165,UM-TS-028,1,85900
15363,U260211-08165,UM-TS-011,1,86300
15364,U260710-08166,UM-SH-006,3,179900
15365,U260710-08166,UM-OT-011,1,67800
15366,U260627-08167,UM-TS-014,1,45300
15367,U260627-08167,UM-SH-015,1,109500
15368,U241021-08168,UM-AC-020,2,72100
15369,U250112-08169,UM-BT-006,1,51200
15370,U250908-08170,UM-AC-001,1,57800
15371,U250908-08170,UM-SH-004,1,102700
15372,U250908-08170,UM-OT-004,2,221200
15373,U250908-08170,UM-TS-035,2,18500
15374,U251003-08171,UM-BT-008,1,90600
15375,U251003-08171,UM-SH-008,1,202400
15376,U260508-08172,UM-TS-003,1,64800
15377,U260508-08172,UM-BT-021,1,74200
15378,U260508-08172,UM-TS-020,1,34700
15379,U250925-08173,UM-AC-013,1,46200
15380,U250925-08173,UM-TS-033,2,47400
15381,U260328-08174,UM-TS-018,1,80500
15382,U260328-08174,UM-TS-032,1,36900
15383,U260810-08175,UM-OT-021,1,152000
15384,U260810-08175,UM-TS-019,1,80300
15385,U260704-08176,UM-SH-001,2,105400
15386,U260704-08176,UM-OT-011,1,64700
15387,U260501-08177,UM-BT-022,1,69100
15388,U260501-08177,UM-BT-018,1,60400
15389,U260501-08177,UM-BT-004,2,48400
15390,U260501-08177,UM-SH-003,1,149400
15391,U260501-08177,UM-TS-028,1,69600
15392,U260422-08178,UM-BT-025,1,90900
15393,U260422-08178,UM-TS-035,1,21000
15394,U260116-08179,UM-BT-009,1,53700
15395,U260116-08179,UM-AC-009,1,54700
15396,U250814-08180,UM-SH-004,1,98300
15397,U250313-08181,UM-TS-030,1,80800
15398,U260826-08182,UM-TS-001,2,50500
15399,U260814-08183,UM-OT-024,1,262700
15400,U260727-08184,UM-AC-017,1,27500
15401,U260901-08185,UM-AC-012,1,42300
15402,U260901-08185,UM-TS-012,2,42500
15403,U260901-08185,UM-TS-001,1,38500
15404,U251020-08186,UM-SH-002,1,169500
15405,U250813-08187,UM-AC-021,1,20500
15406,U250813-08187,UM-BT-005,3,90200
15407,U250813-08187,UM-BT-022,1,62300
15408,U250721-08188,UM-SH-010,1,136000
15409,U250721-08188,UM-TS-015,1,20000
15410,U250721-08188,UM-BT-015,1,77900
15411,U250721-08188,UM-OT-023,2,289200
15412,U250721-08188,UM-SH-009,1,134300
15413,U250822-08189,UM-BT-023,1,106600
15414,U250822-08189,UM-SH-012,1,188700
15415,U250825-08190,UM-TS-018,1,66600
15416,U251114-08191,UM-TS-015,2,16000
15417,U251207-08192,UM-SH-010,2,178100
15418,U251207-08192,UM-BT-001,1,37200
15419,U251207-08192,UM-SH-019,3,139800
15420,U260731-08193,UM-AC-009,1,62200
15421,U260731-08193,UM-AC-011,1,66400
15422,U260731-08193,UM-TS-037,1,31600
15423,U260827-08194,UM-TS-020,1,42700
15424,U260827-08194,UM-TS-011,1,67700
15425,U250328-08195,UM-BT-024,1,40300
15426,U250328-08195,UM-TS-035,1,17100
15427,U250328-08195,UM-BT-012,1,59200
15428,U251214-08196,UM-TS-031,1,30500
15429,U250821-08197,UM-BT-018,1,65500
15430,U250821-08197,UM-TS-036,1,45900
15431,U250822-08198,UM-AC-014,1,23900
15432,U260715-08199,UM-TS-001,2,40900
15433,U260715-08199,UM-BT-013,1,91800
15434,U260715-08199,UM-SH-018,1,242400
15435,U260715-08199,UM-SH-007,1,99700
15436,U260601-08200,UM-BT-010,1,91500
15437,U260601-08200,UM-OT-001,1,357100
15438,U250827-08201,UM-AC-028,1,36500
15439,U251224-08202,UM-TS-024,2,22100
15440,U250903-08203,UM-TS-026,3,43700
15441,U250903-08203,UM-SH-015,1,106300
15442,U260211-08204,UM-SH-023,1,109800
15443,U260526-08205,UM-TS-034,2,59600
15444,U260526-08205,UM-AC-031,1,65600
15445,U251221-08206,UM-TS-015,1,14900
15446,U250228-08207,UM-BT-014,1,64800
15447,U250228-08207,UM-SH-011,1,111600
15448,U250228-08207,UM-TS-009,1,57800
15449,U250228-08207,UM-TS-018,1,60900
15450,U250228-08207,UM-SH-007,2,99600
15451,U260510-08208,UM-BT-015,1,82800
15452,U260510-08208,UM-SH-015,2,102000
15453,U260725-08209,UM-TS-016,1,59900
15454,U260725-08209,UM-BT-025,2,101900
15455,U260329-08210,UM-TS-012,1,46300
15456,U260329-08210,UM-AC-031,3,62300
15457,U250801-08211,UM-SH-015,1,83100
15458,U250731-08212,UM-BT-014,1,64800
15459,U260526-08213,UM-TS-012,1,44500
15460,U251204-08214,UM-TS-005,1,45500
15461,U251204-08214,UM-BT-013,1,91200
15462,U251204-08214,UM-AC-018,1,41600
15463,U260310-08215,UM-TS-019,1,85300
15464,U260310-08215,UM-BT-005,1,90700
15465,U260411-08216,UM-OT-014,1,134800
15466,U260411-08216,UM-BT-012,1,64500
15467,U260411-08216,UM-BT-021,2,67500
15468,U250523-08217,UM-BT-006,1,50500
15469,U260322-08218,UM-BT-016,2,105300
15470,U260322-08218,UM-TS-019,1,63200
15471,U250430-08219,UM-AC-008,2,17300
15472,U250430-08219,UM-SH-002,1,189000
15473,U250430-08219,UM-OT-015,1,86100
15474,U260527-08220,UM-AC-031,1,65000
15475,U260527-08220,UM-BT-016,1,111700
15476,U250818-08221,UM-OT-019,1,162200
15477,U250106-08222,UM-SH-007,1,89300
15478,U250106-08222,UM-OT-010,1,167600
15479,U250108-08223,UM-SH-007,1,89200
15480,U250108-08223,UM-AC-024,1,48400
15481,U251016-08224,UM-AC-007,2,10500
15482,U240918-08225,UM-BT-020,1,82200
15483,U260330-08226,UM-OT-025,1,288500
15484,U260330-08226,UM-OT-016,1,123000
15485,U260330-08226,UM-TS-021,2,46300
15486,U260330-08226,UM-BT-023,1,101700
15487,U250506-08227,UM-TS-024,3,20700
15488,U250117-08228,UM-BT-021,1,80200
15489,U260118-08229,UM-BT-003,3,51600
15490,U250616-08230,UM-BT-004,1,45500
15491,U250616-08230,UM-TS-031,1,33600
15492,U251025-08231,UM-OT-011,1,71500
15493,U260118-08232,UM-TS-018,1,59200
15494,U260118-08232,UM-TS-008,1,60600
15495,U260814-08233,UM-BT-020,2,76800
15496,U260814-08233,UM-TS-037,1,25300
15497,U260524-08234,UM-OT-004,2,225100
15498,U260819-08235,UM-OT-023,1,284600
15499,U260819-08235,UM-BT-021,1,89200
15500,U260819-08235,UM-TS-030,1,62600
15501,U250319-08236,UM-SH-017,1,139100
15502,U250319-08236,UM-SH-003,1,200000
15503,U260515-08237,UM-AC-017,1,29300
15504,U250504-08238,UM-BT-023,1,110000
15505,U250504-08238,UM-SH-002,1,220500
15506,U250420-08239,UM-BT-017,2,30800
15507,U250420-08239,UM-BT-009,1,52200
15508,U260602-08240,UM-AC-029,1,10800
15509,U260602-08240,UM-TS-030,1,57900
15510,U260602-08240,UM-TS-017,1,42300
15511,U260602-08240,UM-OT-023,1,345200
15512,U260602-08240,UM-AC-030,1,11500
15513,U250402-08241,UM-TS-008,1,57400
15514,U260311-08242,UM-BT-006,1,64900
15515,U251031-08243,UM-SH-006,1,175800
15516,U250902-08244,UM-TS-022,1,44100
15517,U260111-08245,UM-BT-004,1,57900
15518,U260111-08245,UM-TS-011,2,74300
15519,U251016-08246,UM-OT-008,1,243500
15520,U251210-08247,UM-TS-031,1,30900
15521,U251210-08247,UM-BT-013,1,93600
15522,U251210-08247,UM-BT-002,1,67900
15523,U251210-08247,UM-TS-035,1,20800
15524,U251210-08247,UM-TS-021,1,42100
15525,U260808-08248,UM-TS-021,1,51100
15526,U260808-08248,UM-AC-002,1,76900
15527,U260528-08249,UM-BT-011,1,85100
15528,U260714-08250,UM-BT-005,3,99200
15529,U260714-08250,UM-TS-036,1,48500
15530,U241026-08251,UM-BT-021,1,77400
15531,U260822-08252,UM-TS-032,1,41100
15532,U260822-08252,UM-BT-007,1,95200
15533,U260822-08252,UM-BT-004,1,47800
15534,U260822-08252,UM-TS-036,1,52200
15535,U260822-08252,UM-BT-009,1,53800
15536,U260815-08253,UM-BT-015,1,89100
15537,U260815-08253,UM-BT-017,1,42500
15538,U260815-08253,UM-TS-028,1,85600
15539,U260826-08254,UM-AC-008,1,17400
15540,U260826-08254,UM-BT-007,2,90400
15541,U260619-08255,UM-SH-001,1,123300
15542,U260619-08255,UM-TS-035,1,21800
15543,U260314-08256,UM-BT-005,1,108400
15544,U260721-08257,UM-BT-018,1,76900
15545,U260520-08258,UM-AC-005,1,31800
15546,U260520-08258,UM-AC-002,1,65300
15547,U260520-08258,UM-BT-007,1,76000
15548,U260520-08258,UM-AC-020,1,79400
15549,U260520-08258,UM-SH-004,1,103600
15550,U260830-08259,UM-TS-022,1,45600
15551,U260830-08259,UM-SH-021,2,161000
15552,U260830-08259,UM-TS-007,3,42600
15553,U250513-08260,UM-SH-009,1,131400
15554,U250513-08260,UM-TS-008,1,57500
15555,U250513-08260,UM-BT-008,1,85500
15556,U251014-08261,UM-SH-005,1,67300
15557,U251014-08261,UM-TS-014,1,55500
15558,U251014-08261,UM-BT-004,1,52700
15559,U231003-08262,UM-BT-008,2,68700
15560,U241206-08263,UM-TS-005,2,36400
15561,U241206-08263,UM-SH-002,3,227100
15562,U241206-08263,UM-TS-027,1,70900
15563,U251224-08264,UM-BT-019,2,34500
15564,U231124-08265,UM-AC-022,1,17000
15565,U231124-08265,UM-AC-010,1,58100
15566,U240913-08266,UM-SH-007,1,81700
15567,U250318-08267,UM-TS-021,1,42800
15568,U251215-08268,UM-SH-020,1,212000
15569,U260901-08269,UM-SH-003,1,160300
15570,U260827-08270,UM-TS-009,1,64100
15571,U260827-08270,UM-SH-007,1,95100
15572,U260815-08271,UM-SH-013,1,201500
15573,U260815-08271,UM-TS-005,1,49700
15574,U260902-08272,UM-TS-002,1,38300
15575,U260902-08272,UM-TS-022,1,44300
15576,U260818-08273,UM-TS-035,1,17600
15577,U260830-08274,UM-TS-010,1,26000
15578,U260821-08275,UM-AC-001,3,59400
15579,U260821-08275,UM-TS-024,1,18400
15580,U260821-08276,UM-SH-017,1,123600
15581,U260526-08277,UM-TS-035,1,17400
15582,U260526-08277,UM-SH-021,1,147500
15583,U250201-08278,UM-TS-026,2,45000
15584,U230701-08279,UM-TS-002,1,43500
15585,U241115-08280,UM-SH-021,1,181200
15586,U250409-08281,UM-TS-028,2,84100
15587,U230709-08282,UM-SH-010,1,185200
15588,U230709-08282,UM-BT-001,3,40000
15589,U230709-08282,UM-TS-033,2,49700
15590,U240313-08283,UM-TS-023,1,27300
15591,U240313-08283,UM-OT-015,1,87500
15592,U230508-08284,UM-SH-022,1,144200
15593,U230508-08284,UM-AC-001,1,63600
15594,U240409-08285,UM-TS-037,1,25400
15595,U260731-08286,UM-BT-024,1,47500
15596,U260728-08287,UM-TS-031,1,31100
15597,U230812-08288,UM-TS-012,1,41000
15598,U230812-08288,UM-SH-017,2,125800
15599,U251215-08289,UM-TS-007,1,46600
15600,U251215-08289,UM-TS-016,1,70100
15601,U251215-08289,UM-BT-017,2,40300
15602,U251215-08289,UM-AC-023,1,64500
15603,U260102-08290,UM-OT-003,1,308000
15604,U240112-08291,UM-TS-001,3,49500
15605,U240112-08291,UM-TS-007,2,47000
15606,U250214-08292,UM-OT-003,1,292100
15607,U250214-08292,UM-SH-006,1,233400
15608,U250214-08292,UM-TS-032,1,37100
15609,U241225-08293,UM-SH-022,1,123100
15610,U241225-08293,UM-OT-007,1,112200
15611,U241225-08293,UM-AC-006,1,19500
15612,U260712-08294,UM-OT-013,2,170700
15613,U260712-08294,UM-SH-011,2,125800
15614,U260513-08295,UM-BT-021,1,84500
15615,U260513-08295,UM-TS-001,1,51100
15616,U260513-08295,UM-OT-010,1,192200
15617,U260513-08295,UM-TS-015,2,15000
15618,U260513-08295,UM-BT-001,1,38800
15619,U250630-08296,UM-SH-016,3,141300
15620,U250630-08296,UM-SH-017,2,157600
15621,U250630-08296,UM-TS-008,2,61200
15622,U250630-08296,UM-TS-017,1,57000
15623,U250630-08296,UM-TS-006,2,60800
15624,U251029-08297,UM-SH-006,3,199600
15625,U251029-08297,UM-TS-032,1,39000
15626,U260629-08298,UM-TS-033,2,37300
15627,U260629-08298,UM-SH-013,1,157200
15628,U260825-08299,UM-BT-001,1,36000
15629,U260413-08300,UM-TS-035,2,16400
15630,U250429-08301,UM-SH-008,1,192800
15631,U260705-08302,UM-SH-004,1,118500
15632,U260705-08302,UM-OT-026,1,114800
15633,U260705-08302,UM-TS-018,1,73400
15634,U260705-08302,UM-TS-007,1,37300
15635,U260618-08303,UM-AC-017,2,30600
15636,U240709-08304,UM-TS-009,1,49100
15637,U260604-08305,UM-AC-014,1,29500
15638,U260604-08305,UM-BT-017,2,42900
15639,U241220-08306,UM-OT-012,1,165700
15640,U260524-08307,UM-BT-020,1,67100
15641,U260621-08308,UM-TS-028,1,82800
15642,U260719-08309,UM-BT-023,1,93000
15643,U260719-08309,UM-OT-012,1,177600
15644,U260719-08309,UM-TS-037,1,30500
15645,U260719-08309,UM-BT-002,1,65900
15646,U260304-08310,UM-OT-015,1,100100
15647,U260618-08311,UM-OT-025,2,366300
15648,U260519-08312,UM-TS-033,1,48600
15649,U260527-08313,UM-AC-024,1,42800
15650,U260815-08314,UM-OT-002,1,309100
15651,U260304-08315,UM-BT-020,1,89200
15652,U260304-08315,UM-TS-013,3,19100
15653,U260412-08316,UM-OT-001,1,359100
15654,U260412-08316,UM-TS-033,1,39300
15655,U260615-08317,UM-SH-004,2,88400
15656,U260527-08318,UM-TS-001,2,39900
15657,U260817-08319,UM-TS-006,1,83100
15658,U260723-08320,UM-BT-019,1,30500
15659,U251128-08321,UM-BT-024,2,47800
15660,U260827-08322,UM-TS-027,1,84200
15661,U260827-08322,UM-SH-014,1,82800
15662,U260709-08323,UM-TS-011,1,61800
15663,U260709-08323,UM-TS-032,2,36700
15664,U260709-08323,UM-SH-023,1,78400
15665,U260130-08324,UM-BT-004,1,56200
15666,U250507-08325,UM-SH-006,1,206700
15667,U260315-08326,UM-BT-019,1,29100
15668,U260317-08327,UM-BT-006,1,64000
15669,U260317-08327,UM-TS-034,1,54400
15670,U260123-08328,UM-OT-011,1,57700
15671,U250626-08329,UM-BT-006,1,65800
15672,U250713-08330,UM-TS-036,1,51100
15673,U251215-08331,UM-BT-001,1,36000
15674,U251215-08331,UM-BT-005,1,87900
15675,U251215-08331,UM-BT-011,2,74000
15676,U250626-08332,UM-BT-009,2,54100
15677,U260808-08333,UM-AC-017,3,27900
15678,U260808-08333,UM-BT-015,1,101900
15679,U260114-08334,UM-BT-004,1,48100
15680,U260729-08335,UM-SH-019,1,160600
15681,U260729-08335,UM-TS-005,1,40800
15682,U260729-08335,UM-SH-009,2,134300
15683,U260729-08335,UM-TS-014,2,46600
15684,U260828-08336,UM-TS-005,1,38000
15685,U260828-08336,UM-SH-004,1,118300
15686,U260828-08336,UM-BT-022,1,69200
15687,U260811-08337,UM-BT-016,1,107100
15688,U260423-08338,UM-AC-018,2,48800
15689,U260423-08338,UM-TS-032,1,35600
15690,U260109-08339,UM-OT-009,1,266000
15691,U251124-08340,UM-SH-004,1,115000
15692,U250618-08341,UM-TS-005,1,44100
15693,U260611-08342,UM-TS-011,1,84800
15694,U260611-08342,UM-AC-010,1,46600
15695,U260611-08342,UM-BT-008,1,87300
15696,U260611-08342,UM-TS-035,1,16100
15697,U250403-08343,UM-BT-020,1,69600
15698,U251127-08344,UM-OT-006,1,211900
15699,U241011-08345,UM-SH-012,1,187800
15700,U260814-08346,UM-BT-004,1,45700
15701,U260814-08346,UM-AC-008,1,15900
15702,U260731-08347,UM-TS-028,1,63800
15703,U260731-08347,UM-TS-003,1,56400
15704,U260823-08348,UM-TS-034,1,60800
15705,U260823-08348,UM-BT-014,1,56000
15706,U260823-08348,UM-TS-007,1,48500
15707,U260618-08349,UM-AC-022,1,18600
15708,U260601-08350,UM-TS-005,1,45800
15709,U260601-08350,UM-AC-009,1,61100
15710,U260601-08350,UM-TS-020,1,35000
15711,U230809-08351,UM-OT-014,1,122200
15712,U250211-08352,UM-SH-009,1,135000
15713,U250211-08352,UM-TS-020,1,41100
15714,U250221-08353,UM-BT-016,1,90100
15715,U241022-08354,UM-OT-003,1,295000
15716,U250718-08355,UM-AC-019,1,46300
15717,U260116-08356,UM-TS-011,1,73900
15718,U260116-08356,UM-AC-022,1,16500
15719,U260403-08357,UM-OT-011,1,59700
15720,U260403-08357,UM-TS-036,1,43400
15721,U260829-08358,UM-TS-031,3,25600
15722,U260829-08358,UM-SH-002,1,168200
15723,U260825-08359,UM-OT-021,1,143300
15724,U260825-08359,UM-OT-024,1,297900
15725,U260825-08359,UM-TS-017,1,56500
15726,U260823-08360,UM-SH-001,1,113200
15727,U260728-08361,UM-TS-020,1,41800
15728,U260830-08362,UM-TS-024,1,23000
15729,U260629-08363,UM-TS-005,1,45900
15730,U260629-08363,UM-TS-022,1,45200
15731,U260716-08364,UM-TS-021,1,44800
15732,U260828-08365,UM-OT-018,1,277300
15733,U260828-08365,UM-TS-015,3,19300
15734,U260713-08366,UM-OT-018,1,288400
15735,U260713-08366,UM-TS-034,1,58000
15736,U260713-08366,UM-OT-002,1,256500
15737,U260831-08367,UM-OT-005,1,149000
15738,U260703-08368,UM-BT-023,1,88700
15739,U260829-08369,UM-AC-007,1,12700
15740,U260829-08369,UM-SH-020,1,198200
15741,U260829-08369,UM-BT-005,1,85300
15742,U260829-08369,UM-OT-002,1,344900
15743,U260829-08369,UM-SH-013,3,211600
15744,U260816-08370,UM-TS-013,3,20900
15745,U260816-08370,UM-OT-011,1,81400
15746,U260816-08370,UM-BT-019,1,34300
15747,U260815-08371,UM-SH-018,1,213600
15748,U260815-08371,UM-BT-021,1,83800
15749,U260820-08372,UM-AC-030,1,11700
15750,U260723-08373,UM-OT-015,1,88500
15751,U260723-08373,UM-SH-018,1,211900
15752,U260720-08374,UM-TS-003,1,58800
15753,U260718-08375,UM-OT-007,1,106100
15754,U260703-08376,UM-OT-019,1,196600
15755,U260204-08377,UM-BT-005,1,99000
15756,U260527-08378,UM-BT-004,3,45300
15757,U260728-08379,UM-BT-004,1,59000
15758,U260820-08380,UM-TS-006,1,67900
15759,U260820-08380,UM-OT-014,2,152000
15760,U260820-08380,UM-TS-009,1,63900
15761,U260315-08381,UM-BT-019,1,35600
15762,U260106-08382,UM-OT-004,1,188800
15763,U260604-08383,UM-BT-021,1,76100
15764,U260604-08383,UM-TS-015,1,19000
15765,U250922-08384,UM-BT-018,1,58900
15766,U250922-08384,UM-BT-007,1,73500
15767,U250922-08384,UM-TS-018,1,78400
15768,U250922-08384,UM-TS-001,2,40900
15769,U251022-08385,UM-TS-006,1,62200
15770,U241124-08386,UM-BT-001,1,43200
15771,U241124-08386,UM-SH-005,2,71900
15772,U241116-08387,UM-TS-007,1,35600
15773,U241116-08387,UM-SH-009,1,119300
15774,U250129-08388,UM-BT-022,1,75200
15775,U250725-08389,UM-SH-001,1,128000
15776,U250927-08390,UM-TS-020,1,37600
15777,U241114-08391,UM-OT-014,1,126700
15778,U241114-08391,UM-TS-011,2,70400
15779,U241114-08391,UM-BT-023,3,86900
15780,U260719-08392,UM-SH-010,1,135600
15781,U260719-08392,UM-TS-003,2,74000
15782,U260407-08393,UM-SH-018,1,180600
15783,U260407-08393,UM-TS-015,1,15800
15784,U260407-08393,UM-AC-011,1,65000
15785,U260407-08393,UM-BT-022,1,77900
15786,U260121-08394,UM-AC-009,2,55300
15787,U250121-08395,UM-BT-012,1,54500
15788,U250121-08395,UM-BT-009,1,62900
15789,U250506-08396,UM-TS-034,1,50200
15790,U250506-08396,UM-TS-004,1,43800
15791,U250506-08396,UM-TS-005,1,45700
15792,U241004-08397,UM-OT-007,1,92700
15793,U241004-08397,UM-OT-003,3,330900
15794,U260116-08398,UM-TS-025,1,60000
15795,U251003-08399,UM-AC-011,1,72400
15796,U251003-08399,UM-AC-024,1,53600
15797,U260817-08400,UM-SH-011,1,150800
15798,U260817-08400,UM-TS-030,2,80400
15799,U260811-08401,UM-BT-022,2,58800
15800,U260802-08402,UM-AC-023,1,79400
15801,U260802-08402,UM-TS-036,2,49800
15802,U260802-08402,UM-TS-029,2,53800
15803,U260317-08403,UM-SH-020,1,189100
15804,U260317-08403,UM-SH-020,2,220200
15805,U251123-08404,UM-SH-001,2,127800
15806,U240405-08405,UM-OT-017,1,331200
15807,U260129-08406,UM-OT-004,1,215100
15808,U260129-08406,UM-AC-009,1,55200
15809,U260129-08406,UM-BT-015,1,103700
15810,U260603-08407,UM-TS-032,1,32000
15811,U260603-08407,UM-BT-015,1,76200
15812,U260603-08407,UM-TS-025,1,49800
15813,U260603-08407,UM-BT-009,1,64400
15814,U260603-08407,UM-BT-024,1,42500
15815,U260813-08408,UM-AC-023,1,74000
15816,U260404-08409,UM-BT-021,1,66900
15817,U260404-08409,UM-SH-017,1,158100
15818,U260121-08410,UM-AC-013,1,50400
15819,U260603-08411,UM-SH-015,1,95700
15820,U241121-08412,UM-AC-003,1,15700
15821,U241121-08412,UM-SH-001,1,117800
15822,U241111-08413,UM-AC-023,1,78100
15823,U250530-08414,UM-TS-016,2,78700
15824,U260824-08415,UM-BT-017,1,33400
15825,U260307-08416,UM-AC-020,2,69300
15826,U260706-08417,UM-OT-006,1,251900
15827,U260309-08418,UM-BT-006,1,54300
15828,U260309-08418,UM-BT-019,1,26700
15829,U260308-08419,UM-AC-007,1,10100
15830,U260813-08420,UM-TS-004,1,40600
15831,U260813-08420,UM-BT-005,1,96700
15832,U260813-08420,UM-BT-023,1,83600
15833,U250616-08421,UM-OT-015,1,83100
15834,U250616-08421,UM-TS-031,1,34000
15835,U250616-08421,UM-BT-021,1,90600
15836,U250616-08421,UM-TS-001,1,47300
15837,U241204-08422,UM-TS-007,1,48300
15838,U241204-08422,UM-BT-016,1,101200
15839,U250319-08423,UM-OT-014,1,134900
15840,U250813-08424,UM-TS-014,2,44000
15841,U250813-08424,UM-TS-028,1,66600
15842,U250813-08424,UM-AC-021,1,22500
15843,U250813-08424,UM-AC-003,1,12000
15844,U260407-08425,UM-TS-001,1,44500
15845,U260407-08425,UM-TS-031,1,25000
15846,U260822-08426,UM-AC-018,1,47200
15847,U260818-08427,UM-AC-023,1,83500
15848,U260818-08427,UM-SH-013,1,216300
15849,U240527-08428,UM-AC-030,1,13600
15850,U240927-08429,UM-SH-022,1,136800
15851,U240927-08429,UM-BT-012,1,61700
15852,U240927-08429,UM-TS-031,1,31000
15853,U250904-08430,UM-OT-002,1,331600
15854,U250904-08430,UM-TS-022,1,40800
15855,U260902-08431,UM-AC-031,1,69400
15856,U260903-08432,UM-TS-019,1,85900
15857,U260829-08433,UM-SH-013,1,195300
15858,U260814-08434,UM-BT-018,3,64600
15859,U260814-08434,UM-TS-024,1,22200
15860,U260902-08435,UM-TS-023,2,30600
15861,U260902-08435,UM-TS-028,1,83300
15862,U250930-08436,UM-SH-017,1,155000
15863,U260621-08437,UM-TS-001,2,40900
15864,U260809-08438,UM-TS-018,1,64200
15865,U260731-08439,UM-TS-035,2,18300
15866,U260731-08439,UM-TS-021,1,47000
15867,U260731-08439,UM-TS-008,1,56800
15868,U260731-08439,UM-TS-003,1,61500
15869,U260816-08440,UM-TS-030,1,79700
15870,U260816-08440,UM-TS-023,1,26600
15871,U260809-08441,UM-TS-003,1,57400
15872,U260809-08441,UM-BT-009,1,65100
15873,U260809-08441,UM-BT-004,1,59600
15874,U260830-08442,UM-TS-016,2,74600
15875,U260705-08443,UM-AC-014,1,25200
15876,U260831-08444,UM-SH-014,1,89800
15877,U260831-08444,UM-AC-015,1,53100
15878,U260831-08444,UM-TS-026,1,35500
15879,U260723-08445,UM-OT-010,2,166500
15880,U260816-08446,UM-OT-007,1,89400
15881,U260529-08447,UM-TS-006,1,65100
15882,U260529-08447,UM-BT-007,1,97900
15883,U260529-08447,UM-BT-010,2,106800
15884,U250914-08448,UM-OT-002,1,257400
15885,U250914-08448,UM-TS-003,2,68500
15886,U250914-08448,UM-TS-037,1,23500
15887,U250914-08448,UM-BT-021,1,68200
15888,U250914-08448,UM-SH-005,1,64400
15889,U250923-08449,UM-OT-011,1,81700
15890,U250923-08449,UM-OT-002,1,344600
15891,U250923-08449,UM-TS-036,1,51400
15892,U250505-08450,UM-TS-021,1,51800
15893,U250505-08450,UM-BT-018,2,56300
15894,U260328-08451,UM-BT-014,2,56500
15895,U260328-08451,UM-OT-021,3,122800
15896,U260412-08452,UM-OT-024,1,353200
15897,U260412-08452,UM-OT-019,1,192800
15898,U260412-08452,UM-AC-026,1,64500
15899,U260529-08453,UM-OT-002,1,262800
15900,U260501-08454,UM-BT-010,2,92600
15901,U260501-08454,UM-OT-023,1,291900
15902,U260501-08454,UM-OT-020,1,159600
15903,U260319-08455,UM-TS-004,2,44800
15904,U260319-08455,UM-TS-034,1,64900
15905,U250821-08456,UM-OT-005,1,151200
15906,U250821-08456,UM-TS-022,1,41500
15907,U260706-08457,UM-BT-018,2,71600
15908,U260822-08458,UM-OT-013,1,132400
15909,U260822-08458,UM-TS-031,1,29300
15910,U260822-08458,UM-TS-017,1,55000
15911,U241203-08459,UM-OT-014,1,172600
15912,U240918-08460,UM-AC-007,2,10600
15913,U251107-08461,UM-BT-007,1,94000
15914,U251107-08461,UM-BT-012,1,46400
15915,U251107-08461,UM-TS-013,1,18200
15916,U260324-08462,UM-SH-016,1,141000
15917,U260324-08462,UM-TS-018,1,64400
15918,U260607-08463,UM-BT-021,2,82800
15919,U260607-08463,UM-BT-016,1,82000
15920,U260607-08463,UM-BT-004,1,54600
15921,U260607-08463,UM-TS-026,1,43300
15922,U250903-08464,UM-OT-012,1,176300
15923,U250903-08464,UM-TS-007,1,47900
15924,U250623-08465,UM-BT-007,2,76300
15925,U250122-08466,UM-TS-033,1,50700
15926,U250122-08466,UM-TS-016,1,71900
15927,U250122-08466,UM-TS-021,1,48200
15928,U240917-08467,UM-SH-016,1,144900
15929,U240320-08468,UM-OT-026,1,101400
15930,U240320-08468,UM-BT-018,1,69000
15931,U230901-08469,UM-BT-013,2,123200
15932,U260825-08470,UM-TS-021,1,39500
15933,U260825-08470,UM-BT-016,1,95800
15934,U251118-08471,UM-BT-012,1,56300
15935,U240922-08472,UM-AC-018,1,46400
15936,U260526-08473,UM-TS-034,2,47000
15937,U260526-08473,UM-AC-017,1,26800
15938,U260526-08473,UM-TS-029,1,46300
15939,U260526-08473,UM-BT-025,3,101300
15940,U250419-08474,UM-TS-037,2,30300
15941,U250419-08474,UM-SH-022,1,121500
15942,U260607-08475,UM-OT-013,1,149700
15943,U260607-08475,UM-TS-033,1,50000
15944,U251223-08476,UM-TS-020,1,34500
15945,U251223-08476,UM-AC-007,2,12300
15946,U251223-08476,UM-TS-006,1,84700
15947,U251223-08476,UM-TS-011,1,64400
15948,U260902-08477,UM-TS-037,2,29200
15949,U260902-08477,UM-TS-025,1,60900
15950,U260902-08477,UM-AC-008,1,15800
15951,U260814-08478,UM-TS-027,1,65500
15952,U260814-08478,UM-SH-018,2,217800
15953,U260814-08478,UM-SH-023,1,83900
15954,U260806-08479,UM-BT-008,1,80000
15955,U260818-08480,UM-AC-024,1,44600
15956,U260602-08481,UM-OT-023,2,371600
15957,U250603-08482,UM-TS-021,1,53700
15958,U251024-08483,UM-SH-020,1,162400
15959,U260829-08484,UM-BT-024,1,44500
15960,U260526-08485,UM-TS-032,1,43300
15961,U260526-08485,UM-BT-002,1,70600
15962,U260801-08486,UM-BT-011,1,67200
15963,U260801-08486,UM-TS-013,1,22000
15964,U260801-08486,UM-SH-021,1,138600
15965,U260410-08487,UM-BT-003,1,58200
15966,U260410-08487,UM-SH-015,3,111900
15967,U260410-08487,UM-SH-016,1,115300
15968,U250507-08488,UM-TS-025,1,49100
15969,U260415-08489,UM-OT-011,1,76600
15970,U250822-08490,UM-TS-026,1,41000
15971,U260119-08491,UM-BT-023,1,95100
15972,U260119-08491,UM-SH-003,1,159800
15973,U260119-08491,UM-SH-006,2,176700
15974,U260119-08491,UM-BT-001,3,48800
15975,U260119-08491,UM-TS-007,1,47200
15976,U251029-08492,UM-BT-010,2,97300
15977,U260623-08493,UM-BT-007,2,82200
15978,U260426-08494,UM-AC-029,1,13400
15979,U260731-08495,UM-SH-017,1,137700
15980,U260731-08495,UM-SH-011,1,132000
15981,U260731-08495,UM-OT-004,1,235200
15982,U250829-08496,UM-BT-001,1,46800
15983,U260119-08497,UM-OT-019,1,198700
15984,U260119-08497,UM-SH-008,1,184900
15985,U250209-08498,UM-AC-009,2,66700
15986,U250209-08498,UM-BT-002,1,61400
15987,U241025-08499,UM-SH-018,1,209500
15988,U241025-08499,UM-TS-031,1,28900
15989,U241025-08499,UM-AC-027,1,69000
15990,U260310-08500,UM-OT-017,1,282400
15991,U260310-08500,UM-OT-003,3,278600
15992,U250722-08501,UM-TS-029,1,49200
15993,U250722-08501,UM-BT-019,1,35300
15994,U250722-08501,UM-TS-021,1,46100
15995,U260518-08502,UM-TS-010,1,26500
15996,U260518-08502,UM-SH-021,1,189500
15997,U260518-08502,UM-TS-028,2,85600
15998,U260209-08503,UM-BT-013,2,95400
15999,U260209-08503,UM-AC-017,1,24500
16000,U260425-08504,UM-TS-004,1,39200
16001,U260425-08504,UM-OT-005,1,143800
16002,U260103-08505,UM-AC-027,1,70800
16003,U251115-08506,UM-SH-020,1,179700
16004,U260629-08507,UM-BT-005,1,116400
16005,U260629-08507,UM-TS-034,1,65600
16006,U260629-08507,UM-TS-011,1,79200
16007,U260508-08508,UM-BT-008,1,69100
16008,U260820-08509,UM-TS-004,1,44500
16009,U260820-08509,UM-BT-017,1,41700
16010,U260816-08510,UM-TS-021,2,47400
16011,U260816-08510,UM-BT-005,2,84800
16012,U260816-08510,UM-BT-025,1,96100
16013,U260523-08511,UM-SH-016,1,132400
16014,U260626-08512,UM-TS-013,1,19500
16015,U260527-08513,UM-SH-015,1,107200
16016,U260527-08513,UM-TS-006,1,83400
16017,U260725-08514,UM-SH-010,1,182200
16018,U260725-08514,UM-TS-034,1,47600
16019,U260831-08515,UM-BT-024,1,47400
16020,U260830-08516,UM-TS-014,1,54500
16021,U260830-08516,UM-BT-022,1,74400
16022,U230202-08517,UM-TS-018,1,81900
16023,U230202-08517,UM-OT-021,1,145000
16024,U260829-08518,UM-TS-014,1,52600
16025,U260829-08518,UM-AC-003,1,13900
16026,U260822-08519,UM-BT-022,1,76100
16027,U250105-08520,UM-TS-001,1,39200
16028,U260123-08521,UM-BT-015,1,102000
16029,U260105-08522,UM-OT-013,2,165400
16030,U250812-08523,UM-TS-037,1,27900
16031,U250812-08523,UM-OT-002,1,320700
16032,U250812-08523,UM-TS-001,1,40300
16033,U250812-08523,UM-SH-005,1,63800
16034,U260218-08524,UM-OT-020,1,137800
16035,U260724-08525,UM-SH-009,1,127500
16036,U260724-08525,UM-TS-025,1,65000
16037,U260724-08525,UM-SH-002,1,171200
16038,U260724-08525,UM-OT-015,1,109100
16039,U250912-08526,UM-BT-007,1,102300
16040,U250626-08527,UM-OT-016,1,103700
16041,U260417-08528,UM-OT-008,1,201300
16042,U260417-08528,UM-SH-011,1,140100
16043,U260417-08528,UM-TS-004,1,37700
16044,U260822-08529,UM-BT-023,3,98600
16045,U260822-08529,UM-TS-032,2,32700
16046,U260221-08530,UM-AC-007,1,12600
16047,U260725-08531,UM-BT-015,1,85600
16048,U260725-08531,UM-SH-022,1,143300
16049,U260604-08532,UM-TS-016,1,72300
16050,U260604-08532,UM-BT-014,1,69400
16051,U260513-08533,UM-TS-023,1,30800
16052,U251122-08534,UM-SH-002,2,187800
16053,U260214-08535,UM-OT-018,1,334900
16054,U260706-08536,UM-SH-010,1,147900
16055,U260706-08536,UM-BT-012,1,62700
16056,U250730-08537,UM-TS-022,1,45700
16057,U250730-08537,UM-SH-018,1,227600
16058,U251107-08538,UM-AC-024,1,53900
16059,U251107-08538,UM-BT-015,2,102900
16060,U251107-08538,UM-BT-025,2,100900
16061,U251107-08538,UM-TS-023,1,30500
16062,U260407-08539,UM-OT-012,1,192700
16063,U260407-08539,UM-TS-026,2,33200
16064,U260407-08539,UM-TS-020,1,41500
16065,U260901-08540,UM-BT-006,1,65400
16066,U260901-08540,UM-AC-015,1,62100
16067,U260901-08540,UM-BT-020,1,81800
16068,U260901-08541,UM-BT-004,1,55800
16069,U260901-08542,UM-BT-006,1,65800
16070,U260901-08542,UM-BT-007,2,86300
16071,U260901-08542,UM-BT-017,1,35200
16072,U230123-08543,UM-BT-012,1,51000
16073,U230104-08544,UM-TS-026,1,44500
16074,U260902-08545,UM-TS-001,1,46400
16075,U260902-08545,UM-OT-025,1,374400
16076,U260902-08545,UM-SH-004,1,84600
16077,U260903-08546,UM-SH-005,1,86200
16078,U260903-08546,UM-BT-025,1,93700
16079,U260903-08546,UM-TS-030,1,73600
16080,U260902-08547,UM-TS-026,1,39000
16081,U260902-08547,UM-OT-010,1,212000
16082,U260902-08548,UM-OT-024,1,355300
16083,U260902-08549,UM-OT-024,1,263900
16084,U260902-08550,UM-TS-019,1,69100
16085,U260326-08551,UM-BT-012,2,51800
16086,U250224-08552,UM-AC-009,2,65000
16087,U250224-08552,UM-TS-009,1,59500
16088,U260729-08553,UM-OT-011,1,63500
16089,U250630-08554,UM-TS-011,1,82000
16090,U260710-08555,UM-TS-027,1,68500
16091,U260710-08555,UM-AC-020,1,78400
16092,U250112-08556,UM-SH-024,1,105300
16093,U250112-08556,UM-AC-016,1,33100
16094,U260821-08557,UM-AC-023,1,71000
16095,U251129-08558,UM-AC-011,1,64500
16096,U260711-08559,UM-BT-014,1,62200
16097,U260711-08559,UM-BT-005,1,85900
16098,U250325-08560,UM-SH-013,2,191000
16099,U250325-08560,UM-SH-011,1,128500
16100,U250325-08560,UM-AC-001,3,61200
16101,U250325-08561,UM-TS-037,1,30100
16102,U250702-08562,UM-TS-033,1,51600
16103,U260108-08563,UM-TS-027,1,75600
16104,U260714-08564,UM-BT-010,2,85800
16105,U260613-08565,UM-OT-021,1,123700
16106,U260830-08566,UM-OT-018,1,291500
16107,U260830-08566,UM-TS-034,1,47300
16108,U260830-08566,UM-TS-013,1,18900
16109,U260830-08566,UM-TS-030,1,58600
16110,U260504-08567,UM-SH-021,1,156900
16111,U241212-08568,UM-TS-018,1,65000
16112,U241212-08569,UM-BT-014,1,62600
16113,U241212-08569,UM-TS-025,1,53800
16114,U250405-08570,UM-TS-023,1,23600
16115,U260730-08571,UM-BT-016,1,96800
16116,U260317-08572,UM-BT-009,1,59500
16117,U260826-08573,UM-TS-025,2,55100
16118,U251029-08574,UM-TS-013,1,18000
16119,U251029-08574,UM-SH-010,2,174700
16120,U260716-08575,UM-BT-009,1,61400
16121,U260716-08575,UM-BT-025,1,91500
16122,U260716-08575,UM-TS-022,1,46500
16123,U260716-08575,UM-TS-014,1,48500
16124,U260716-08575,UM-BT-023,1,106900
16125,U260406-08576,UM-BT-007,3,78700
16126,U260222-08577,UM-OT-020,1,167800
16127,U260222-08577,UM-BT-014,1,53100
16128,U250902-08578,UM-OT-012,2,212800
16129,U240116-08579,UM-SH-016,1,128600
16130,U240116-08579,UM-SH-016,1,117300
16131,U240116-08579,UM-OT-022,1,208400
16132,U260719-08580,UM-BT-017,1,34800
16133,U260719-08580,UM-TS-022,1,47800
16134,U260719-08580,UM-SH-014,1,99900
16135,U260813-08581,UM-TS-005,1,42900
16136,U260813-08581,UM-TS-011,1,66700
16137,U251209-08582,UM-AC-001,1,49200
16138,U251209-08582,UM-TS-005,3,46400
16139,U250630-08583,UM-BT-015,1,97400
16140,U250630-08583,UM-BT-005,1,83100
16141,U260513-08584,UM-TS-017,2,44300
16142,U260513-08584,UM-OT-021,1,123800
16143,U260327-08585,UM-SH-005,1,72900
16144,U260327-08585,UM-BT-022,1,71500
16145,U260611-08586,UM-TS-018,1,60200
16146,U260611-08586,UM-TS-019,1,73600
16147,U251025-08587,UM-AC-013,1,55500
16148,U251025-08587,UM-TS-010,1,24900
16149,U251026-08588,UM-SH-007,1,98100
16150,U260422-08589,UM-TS-015,1,16700
16151,U260422-08589,UM-TS-022,1,37500
16152,U251211-08590,UM-OT-015,1,88800
16153,U250715-08591,UM-TS-026,1,34800
16154,U260520-08592,UM-BT-002,1,65900
16155,U260520-08592,UM-TS-006,1,68000
16156,U260520-08592,UM-TS-021,2,42500
16157,U260815-08593,UM-AC-020,1,71100
16158,U260527-08594,UM-SH-016,1,115600
16159,U250811-08595,UM-TS-024,1,18800
16160,U250211-08596,UM-OT-011,1,72000
16161,U241225-08597,UM-TS-030,1,75700
16162,U250314-08598,UM-BT-004,1,55100
16163,U250120-08599,UM-OT-009,1,317800
16164,U230822-08600,UM-BT-024,1,39500
16165,U230804-08601,UM-BT-016,1,109400
16166,U230804-08601,UM-TS-005,2,46100
16167,U251123-08602,UM-OT-023,1,338200
16168,U251123-08602,UM-TS-032,1,35600
16169,U260606-08603,UM-SH-019,1,176600
16170,U260606-08603,UM-AC-013,1,54900
16171,U260110-08604,UM-TS-001,1,42200
16172,U260106-08605,UM-AC-003,1,15700
16173,U260106-08605,UM-TS-026,1,41100
16174,U260421-08606,UM-BT-004,1,55100
16175,U260421-08606,UM-TS-004,1,41600
16176,U260421-08606,UM-TS-012,1,45200
16177,U260421-08606,UM-SH-021,1,135400
16178,U260421-08606,UM-BT-023,1,108500
16179,U251207-08607,UM-TS-021,2,44600
16180,U250901-08608,UM-OT-022,1,218600
16181,U260121-08609,UM-OT-015,1,91500
16182,U260121-08609,UM-BT-017,1,41700
16183,U260121-08609,UM-TS-019,1,76600
16184,U260121-08609,UM-OT-001,1,351400
16185,U260121-08609,UM-SH-019,1,172400
16186,U260611-08610,UM-TS-024,1,18800
16187,U260722-08611,UM-SH-008,1,183300
16188,U260722-08611,UM-SH-013,2,209800
16189,U250908-08612,UM-AC-006,1,22600
16190,U250529-08613,UM-BT-022,2,70700
16191,U260517-08614,UM-SH-018,1,191000
16192,U260517-08614,UM-TS-031,2,32900
16193,U260517-08614,UM-SH-012,1,184400
16194,U250730-08615,UM-TS-036,3,40600
16195,U250730-08615,UM-OT-022,1,257800
16196,U260620-08616,UM-BT-025,1,100600
16197,U260228-08617,UM-BT-010,1,88200
16198,U260228-08617,UM-SH-013,1,175700
16199,U251015-08618,UM-TS-035,2,20300
16200,U260823-08619,UM-BT-015,1,82800
16201,U260823-08619,UM-AC-012,3,40700
16202,U260823-08619,UM-TS-035,1,22600
16203,U260823-08619,UM-TS-036,1,40800
16204,U251214-08620,UM-SH-001,1,114200
16205,U251214-08620,UM-BT-013,1,120500
16206,U260401-08621,UM-BT-002,1,69300
16207,U251024-08622,UM-TS-036,1,37600
16208,U260116-08623,UM-TS-012,1,41200
16209,U260730-08624,UM-BT-006,1,61900
16210,U260730-08624,UM-TS-022,1,33600
16211,U260624-08625,UM-TS-034,1,64200
16212,U260624-08625,UM-BT-004,1,44900
16213,U250513-08626,UM-TS-017,1,40600
16214,U250513-08626,UM-BT-008,1,80600
16215,U250513-08626,UM-SH-002,2,200400
16216,U250419-08627,UM-AC-030,1,10700
16217,U250419-08627,UM-BT-013,1,109300
16218,U250419-08627,UM-AC-014,2,30500
16219,U250419-08627,UM-SH-010,1,166800
16220,U260402-08628,UM-SH-009,1,123900
16221,U241229-08629,UM-SH-014,1,90500
16222,U241229-08629,UM-TS-011,1,66100
16223,U250210-08630,UM-AC-007,2,13500
16224,U250210-08630,UM-TS-036,1,39300
16225,U260403-08631,UM-BT-020,1,88800
16226,U260816-08632,UM-BT-007,1,90600
16227,U260816-08632,UM-BT-006,1,60200
16228,U260816-08632,UM-SH-005,1,89900
16229,U260816-08632,UM-AC-025,1,59100
16230,U250830-08633,UM-TS-015,2,15400
16231,U260214-08634,UM-TS-021,1,41600
16232,U260902-08635,UM-OT-025,3,289400
16233,U230516-08636,UM-TS-028,1,86300
16234,U230516-08636,UM-BT-008,1,71000
16235,U240719-08637,UM-SH-009,3,118200
16236,U240719-08637,UM-BT-002,2,62300
16237,U240719-08637,UM-SH-006,1,182500
16238,U240719-08637,UM-SH-004,1,87900
16239,U240714-08638,UM-BT-017,1,39500
16240,U240714-08638,UM-TS-002,1,38600
16241,U240714-08638,UM-TS-017,1,46100
16242,U260602-08639,UM-TS-032,1,41000
16243,U260331-08640,UM-TS-032,2,40800
16244,U240125-08641,UM-TS-035,1,16200
16245,U240125-08641,UM-SH-023,3,91200
16246,U260202-08642,UM-AC-017,1,25400
16247,U260308-08643,UM-TS-021,1,50100
16248,U260308-08643,UM-OT-005,1,201400
16249,U260308-08643,UM-TS-009,1,62500
16250,U260715-08644,UM-BT-014,1,63400
16251,U260715-08644,UM-BT-012,1,55400
16252,U260313-08645,UM-AC-004,1,11500
16253,U260313-08645,UM-OT-001,1,276100
16254,U260630-08646,UM-SH-021,2,172600
16255,U260630-08646,UM-OT-012,1,200400
16256,U260521-08647,UM-TS-032,1,44500
16257,U260521-08647,UM-OT-025,1,380200
16258,U260701-08648,UM-OT-016,1,104500
16259,U260830-08649,UM-TS-023,2,30200
16260,U240621-08650,UM-SH-001,2,90700
16261,U240620-08651,UM-TS-036,2,48500
16262,U240620-08651,UM-TS-008,1,63900
16263,U240620-08651,UM-TS-028,2,64700
16264,U260630-08652,UM-SH-002,1,186700
16265,U260630-08652,UM-OT-023,1,295800
16266,U260630-08652,UM-SH-008,1,200100
16267,U260817-08653,UM-TS-011,1,86200
16268,U260817-08653,UM-TS-033,2,51700
16269,U260820-08654,UM-AC-030,1,13900
16270,U260802-08655,UM-SH-015,1,99700
16271,U260801-08656,UM-BT-023,1,114000
16272,U260801-08656,UM-AC-017,1,29200
16273,U260728-08657,UM-TS-021,1,50900
16274,U260428-08658,UM-SH-017,3,154000
16275,U260428-08658,UM-BT-015,1,74900
16276,U260607-08659,UM-BT-016,1,114900
16277,U260527-08660,UM-BT-024,1,44100
16278,U260806-08661,UM-AC-010,3,56200
16279,U250313-08662,UM-SH-010,1,169000
16280,U250313-08662,UM-AC-008,1,15000
16281,U250313-08662,UM-TS-035,1,19200
16282,U260312-08663,UM-TS-022,1,45700
16283,U260312-08663,UM-AC-009,1,63100
16284,U260312-08663,UM-OT-024,2,314300
16285,U260113-08664,UM-BT-004,1,50200
16286,U260113-08664,UM-TS-029,3,47400
16287,U260727-08665,UM-AC-018,1,46100
16288,U260809-08666,UM-OT-012,1,177600
16289,U260809-08666,UM-TS-024,1,23200
16290,U260613-08667,UM-TS-001,1,51300
16291,U260613-08667,UM-SH-008,1,209400
16292,U260613-08667,UM-AC-017,1,24800
16293,U260531-08668,UM-BT-007,2,103200
16294,U260506-08669,UM-TS-010,1,24700
16295,U260506-08669,UM-BT-018,1,59200
16296,U260506-08669,UM-BT-005,1,103600
16297,U260527-08670,UM-BT-013,2,90100
16298,U260607-08671,UM-SH-019,1,140900
16299,U260731-08672,UM-BT-010,1,101700
16300,U260405-08673,UM-AC-004,1,14600
16301,U260405-08673,UM-TS-036,2,44400
16302,U260624-08674,UM-AC-002,1,65200
16303,U260421-08675,UM-BT-015,1,99000
16304,U260421-08675,UM-BT-011,1,74200
16305,U260421-08675,UM-SH-002,1,224100
16306,U260327-08676,UM-BT-021,2,87400
16307,U250829-08677,UM-OT-021,1,138000
16308,U250829-08677,UM-BT-025,1,102300
16309,U250829-08677,UM-SH-015,3,110200
16310,U260617-08678,UM-TS-013,1,22000
16311,U260702-08679,UM-TS-002,1,35600
16312,U260702-08679,UM-AC-001,1,58000
16313,U251224-08680,UM-BT-019,1,36500
16314,U251224-08680,UM-AC-003,1,11400
16315,U260317-08681,UM-BT-013,1,111000
16316,U260219-08682,UM-TS-001,1,47900
16317,U260618-08683,UM-BT-005,1,96100
16318,U260221-08684,UM-TS-004,1,38300
16319,U260522-08685,UM-BT-017,1,33300
16320,U260804-08686,UM-SH-009,1,135800
16321,U260804-08686,UM-TS-023,1,28100
16322,U260825-08687,UM-TS-021,3,39400
16323,U260608-08688,UM-TS-009,1,59200
16324,U260528-08689,UM-TS-024,1,19000
16325,U260528-08689,UM-TS-017,2,55700
16326,U260528-08689,UM-BT-013,1,116000
16327,U260414-08690,UM-SH-015,3,92300
16328,U260414-08690,UM-TS-010,1,25300
16329,U260701-08691,UM-SH-019,1,152000
16330,U260714-08692,UM-TS-027,1,70700
16331,U260813-08693,UM-SH-011,1,124400
16332,U260813-08693,UM-SH-002,1,232800
16333,U260813-08693,UM-OT-019,1,168700
16334,U260813-08693,UM-AC-024,1,42300
16335,U260226-08694,UM-SH-010,1,157500
16336,U260226-08694,UM-SH-023,1,97400
16337,U260226-08694,UM-BT-001,1,34300
16338,U260521-08695,UM-BT-015,1,99300
16339,U260522-08696,UM-SH-012,1,190300
16340,U260522-08696,UM-AC-020,1,77500
16341,U260522-08696,UM-AC-020,1,65700
16342,U260624-08697,UM-SH-017,1,128800
16343,U260624-08697,UM-SH-021,1,135700
16344,U260811-08698,UM-TS-017,1,47400
16345,U260816-08699,UM-OT-026,1,87600
16346,U260816-08700,UM-TS-017,1,53500
16347,U260816-08700,UM-AC-003,1,13800
16348,U260816-08700,UM-TS-032,1,34400
16349,U260816-08700,UM-SH-022,1,137800
16350,U260825-08701,UM-BT-022,1,73700
16351,U260825-08701,UM-SH-018,1,246400
16352,U260825-08701,UM-AC-005,1,36900
16353,U260825-08701,UM-TS-004,1,41100
16354,U260610-08702,UM-SH-005,1,80500
16355,U260822-08703,UM-AC-025,1,79700
16356,U260818-08704,UM-SH-013,1,158200
16357,U260314-08705,UM-TS-015,1,18400
16358,U260314-08705,UM-TS-031,1,27200
16359,U260717-08706,UM-SH-003,1,185800
16360,U260713-08707,UM-BT-010,1,84200
16361,U260610-08708,UM-TS-025,1,55400
16362,U260829-08709,UM-TS-019,1,69900
16363,U260829-08709,UM-TS-023,1,24400
16364,U260702-08710,UM-SH-015,1,107000
16365,U260617-08711,UM-TS-005,1,39000
16366,U260617-08711,UM-AC-024,1,52500
16367,U251220-08712,UM-TS-029,1,48800
16368,U251220-08712,UM-TS-032,1,32200
16369,U260312-08713,UM-SH-023,2,99900
16370,U260506-08714,UM-OT-017,1,257100
16371,U260506-08714,UM-TS-002,1,38800
16372,U260506-08714,UM-SH-012,1,190300
16373,U260503-08715,UM-BT-020,2,76100
16374,U251121-08716,UM-TS-019,1,82000
16375,U251121-08716,UM-AC-019,1,62100
16376,U251121-08716,UM-TS-011,1,66500
16377,U251121-08716,UM-TS-005,1,36500
16378,U251206-08717,UM-TS-033,1,38400
16379,U250915-08718,UM-TS-017,1,44600
16380,U250827-08719,UM-BT-022,1,58300
16381,U260820-08720,UM-BT-015,2,95200
16382,U260820-08720,UM-OT-016,1,101500
16383,U260129-08721,UM-AC-001,2,59800
16384,U260824-08722,UM-SH-020,2,177300
16385,U260824-08722,UM-OT-014,1,144900
16386,U260824-08722,UM-AC-018,1,39800
16387,U260824-08722,UM-TS-001,1,47900
16388,U250806-08723,UM-AC-026,1,67500
16389,U260823-08724,UM-TS-010,1,26600
16390,U260823-08724,UM-SH-013,1,202400
16391,U251202-08725,UM-TS-011,1,84100
16392,U251202-08725,UM-AC-008,1,14800
16393,U260619-08726,UM-TS-020,1,41100
16394,U260623-08727,UM-BT-013,1,119700
16395,U260623-08727,UM-OT-025,1,385400
16396,U260623-08727,UM-OT-021,1,120900
16397,U260420-08728,UM-TS-010,1,25500
16398,U260509-08729,UM-AC-010,1,54700
16399,U260321-08730,UM-AC-001,1,61600
16400,U260321-08730,UM-SH-001,1,96900
16401,U251231-08731,UM-TS-016,1,68200
16402,U251231-08731,UM-BT-017,1,35600
16403,U251205-08732,UM-TS-037,1,30700
16404,U251205-08732,UM-SH-006,1,183200
16405,U251205-08732,UM-OT-016,1,129700
16406,U260413-08733,UM-BT-018,1,57600
16407,U260413-08733,UM-BT-016,1,88800
16408,U260413-08733,UM-BT-019,1,37900
16409,U260413-08733,UM-OT-021,1,131700
16410,U260413-08733,UM-SH-016,1,123700
16411,U260203-08734,UM-OT-016,1,136600
16412,U260203-08734,UM-OT-005,1,185400
16413,U260414-08735,UM-TS-011,1,83400
16414,U260414-08735,UM-OT-021,1,138900
16415,U260414-08735,UM-TS-029,1,43400
16416,U260808-08736,UM-SH-004,1,104500
16417,U260808-08736,UM-TS-009,1,65200
16418,U260808-08736,UM-BT-010,1,86500
16419,U260815-08737,UM-OT-026,1,100900
16420,U260815-08737,UM-OT-008,1,201500
16421,U260728-08738,UM-TS-008,1,63300
16422,U260825-08739,UM-SH-019,1,156100
16423,U260830-08740,UM-SH-015,1,107300
16424,U260901-08741,UM-AC-017,1,30100
16425,U260901-08741,UM-BT-016,1,90900
16426,U260901-08741,UM-BT-014,1,62900
16427,U250826-08742,UM-BT-023,1,102100
16428,U250827-08743,UM-TS-020,1,41200
16429,U260402-08744,UM-AC-017,1,28700
16430,U260402-08744,UM-OT-005,1,196200
16431,U260215-08745,UM-BT-013,3,95300
16432,U260215-08745,UM-TS-030,1,63100
16433,U260212-08746,UM-TS-035,1,21600
16434,U260212-08746,UM-AC-007,1,11100
16435,U260214-08747,UM-TS-003,1,61700
16436,U260214-08747,UM-BT-013,1,125900
16437,U231009-08748,UM-TS-017,1,53000
16438,U230910-08749,UM-OT-022,1,204600
16439,U240102-08750,UM-TS-016,3,56600
16440,U240102-08750,UM-SH-012,1,152400
16441,U240102-08750,UM-BT-002,1,61500
16442,U240727-08751,UM-BT-014,1,52900
16443,U240727-08751,UM-TS-006,1,72200
16444,U240727-08751,UM-SH-018,1,197400
16445,U250122-08752,UM-BT-008,1,87900
16446,U260526-08753,UM-TS-034,1,50400
16447,U260526-08753,UM-SH-006,1,208000
16448,U260304-08754,UM-AC-001,1,49400
16449,U260521-08755,UM-TS-004,1,36300
16450,U260521-08755,UM-TS-018,1,77900
16451,U260205-08756,UM-TS-010,1,28700
16452,U260829-08757,UM-SH-023,1,101300
16453,U260829-08757,UM-SH-003,1,163000
16454,U260530-08758,UM-SH-013,1,197300
16455,U260530-08758,UM-TS-004,1,39300
16456,U260530-08758,UM-SH-004,2,119700
16457,U260404-08759,UM-AC-021,1,22800
16458,U251005-08760,UM-BT-002,1,69200
16459,U251005-08760,UM-OT-012,1,218600
16460,U250816-08761,UM-AC-030,1,12100
16461,U260504-08762,UM-TS-028,1,68300
16462,U260504-08762,UM-TS-002,1,40400
16463,U250910-08763,UM-TS-010,1,29700
16464,U251109-08764,UM-OT-013,1,178700
16465,U251109-08764,UM-OT-014,1,155800
16466,U251109-08764,UM-BT-001,2,39500
16467,U260504-08765,UM-AC-016,1,35400
16468,U260504-08765,UM-TS-013,1,23300
16469,U260504-08765,UM-TS-017,1,55500
16470,U260531-08766,UM-TS-028,2,86700
16471,U260531-08766,UM-TS-018,1,81500
16472,U240727-08767,UM-SH-018,2,242400
16473,U251117-08768,UM-TS-006,1,68500
16474,U251117-08768,UM-TS-019,1,79900
16475,U251117-08768,UM-BT-020,1,77900
16476,U251117-08768,UM-TS-020,1,35100
16477,U260727-08769,UM-AC-017,1,28400
16478,U240606-08770,UM-AC-016,1,35000
16479,U260318-08771,UM-TS-001,1,44200
16480,U260318-08771,UM-BT-020,1,72300
16481,U260318-08771,UM-AC-018,1,44000
16482,U260318-08771,UM-AC-015,1,56700
16483,U251108-08772,UM-SH-010,1,173500
16484,U251108-08772,UM-BT-013,1,111900
16485,U250326-08773,UM-BT-019,1,30200
16486,U250326-08773,UM-AC-027,2,67900
16487,U260517-08774,UM-TS-025,1,56200
16488,U250310-08775,UM-BT-017,1,37900
16489,U250310-08775,UM-TS-012,1,43800
16490,U250310-08775,UM-TS-001,2,43100
16491,U260221-08776,UM-TS-032,1,42300
16492,U260221-08776,UM-SH-011,1,142700
16493,U251126-08777,UM-OT-004,1,198600
16494,U251126-08777,UM-TS-016,1,70600
16495,U251126-08777,UM-BT-020,1,68000
16496,U241207-08778,UM-TS-032,1,42300
16497,U241207-08778,UM-OT-026,1,86400
16498,U241207-08778,UM-BT-022,2,62300
16499,U241207-08778,UM-BT-008,1,65800
16500,U240628-08779,UM-BT-009,1,53700
16501,U240628-08779,UM-TS-030,1,71600
16502,U240709-08780,UM-TS-013,1,18100
16503,U240511-08781,UM-BT-017,2,31000
16504,U240511-08781,UM-OT-001,1,292000
16505,U240511-08781,UM-TS-013,1,19800
16506,U240511-08781,UM-TS-016,2,60400
16507,U251031-08782,UM-BT-024,1,49100
16508,U251031-08782,UM-BT-001,2,35900
16509,U251031-08782,UM-BT-004,1,58600
16510,U251031-08782,UM-TS-035,2,21800
16511,U250207-08783,UM-TS-020,1,44100
16512,U250207-08783,UM-TS-003,1,68100
16513,U250207-08783,UM-BT-025,1,85200
16514,U250207-08783,UM-TS-013,1,22900
16515,U250207-08783,UM-AC-007,1,11400
16516,U240318-08784,UM-BT-018,1,60600
16517,U240318-08784,UM-TS-018,2,72400
16518,U240819-08785,UM-AC-023,1,71000
16519,U260604-08786,UM-SH-023,1,105500
16520,U260604-08786,UM-BT-005,1,107700
16521,U260514-08787,UM-SH-013,1,164800
16522,U260514-08787,UM-BT-007,1,84900
16523,U260514-08787,UM-BT-011,1,83800
16524,U260327-08788,UM-TS-011,1,63300
16525,U260327-08788,UM-BT-009,1,47800
16526,U260327-08788,UM-TS-030,1,59200
16527,U260701-08789,UM-BT-001,1,45100
16528,U260820-08790,UM-TS-014,1,45900
16529,U260820-08790,UM-SH-009,1,151200
16530,U260820-08790,UM-TS-006,1,84800
16531,U260820-08790,UM-OT-015,1,88100
16532,U260820-08790,UM-TS-013,1,17500
16533,U260210-08791,UM-TS-016,1,75200
16534,U260210-08791,UM-SH-013,1,208400
16535,U260210-08791,UM-OT-010,1,187200
16536,U260210-08791,UM-BT-001,1,47000
16537,U260710-08792,UM-TS-034,1,51400
16538,U260708-08793,UM-BT-018,2,66200
16539,U260708-08793,UM-TS-023,2,29500
16540,U260417-08794,UM-AC-030,1,12500
16541,U260812-08795,UM-BT-001,1,46200
16542,U260812-08795,UM-SH-021,1,152900
16543,U260223-08796,UM-AC-003,1,14000
16544,U260412-08797,UM-AC-002,1,84100
16545,U260412-08797,UM-BT-024,1,49400
16546,U260511-08798,UM-BT-020,1,90500
16547,U260511-08798,UM-TS-017,1,41700
16548,U260704-08799,UM-TS-022,1,41100
16549,U260729-08800,UM-TS-019,1,73000
16550,U251101-08801,UM-TS-026,1,38400
16551,U260718-08802,UM-AC-002,2,67200
16552,U260718-08802,UM-TS-025,1,48900
16553,U260619-08803,UM-AC-014,1,29500
16554,U260824-08804,UM-OT-026,1,88200
16555,U260708-08805,UM-AC-009,1,58400
16556,U260708-08805,UM-BT-014,1,55000
16557,U260708-08805,UM-AC-030,1,11500
16558,U260712-08806,UM-BT-001,1,36700
16559,U260712-08806,UM-OT-011,1,61600
16560,U260624-08807,UM-TS-013,3,17900
16561,U260827-08808,UM-TS-035,1,16400
16562,U260827-08808,UM-SH-004,1,96000
16563,U260814-08809,UM-OT-026,3,116100
16564,U260722-08810,UM-TS-010,1,29400
16565,U250622-08811,UM-TS-018,1,74600
16566,U250622-08811,UM-AC-013,1,54100
16567,U250903-08812,UM-OT-025,2,316700
16568,U260721-08813,UM-BT-005,1,89900
16569,U260721-08813,UM-OT-005,2,187600
16570,U260721-08813,UM-TS-018,1,69900
16571,U251114-08814,UM-TS-023,1,25100
16572,U251114-08814,UM-TS-015,1,15900
16573,U250620-08815,UM-BT-013,1,111300
16574,U260428-08816,UM-SH-002,1,166700
16575,U260428-08816,UM-TS-013,1,23100
16576,U251005-08817,UM-BT-005,1,90800
16577,U251005-08817,UM-AC-017,1,28300
16578,U260514-08818,UM-TS-033,2,43900
16579,U260112-08819,UM-TS-014,2,40500
16580,U260112-08819,UM-BT-010,1,98000
16581,U250226-08820,UM-BT-023,1,99300
16582,U250226-08820,UM-BT-019,2,34000
16583,U250327-08821,UM-SH-020,2,165500
16584,U250327-08821,UM-AC-022,1,18600
16585,U250311-08822,UM-AC-010,1,50300
16586,U250311-08822,UM-BT-002,1,57500
16587,U250315-08823,UM-OT-016,1,116300
16588,U250315-08823,UM-BT-025,1,110500
16589,U250527-08824,UM-BT-013,1,116900
16590,U250527-08824,UM-TS-021,2,41800
16591,U250602-08825,UM-BT-024,1,49000
16592,U260310-08826,UM-TS-001,1,44700
16593,U260310-08826,UM-OT-023,3,318600
16594,U260310-08826,UM-SH-018,1,229300
16595,U260310-08826,UM-SH-009,1,137800
16596,U260310-08826,UM-AC-001,2,49200
16597,U251221-08827,UM-OT-006,1,288700
16598,U251221-08827,UM-TS-030,1,78600
16599,U251121-08828,UM-TS-002,1,42000
16600,U251121-08828,UM-AC-028,1,43600
16601,U251121-08828,UM-TS-001,2,48900
16602,U260227-08829,UM-TS-015,1,14200
16603,U260526-08830,UM-TS-020,1,42900
16604,U260526-08830,UM-AC-023,2,72800
16605,U260526-08830,UM-SH-022,1,131500
16606,U260105-08831,UM-BT-024,1,37100
16607,U260105-08831,UM-OT-006,1,246300
16608,U260426-08832,UM-BT-012,2,65200
16609,U260719-08833,UM-TS-010,1,27500
16610,U260719-08833,UM-TS-018,1,77600
16611,U260719-08833,UM-OT-005,1,189300
16612,U260404-08834,UM-BT-024,2,50400
16613,U260404-08834,UM-SH-012,1,160800
16614,U260404-08834,UM-SH-012,1,184800
16615,U260603-08835,UM-TS-036,1,39600
16616,U251113-08836,UM-AC-023,1,76700
16617,U260409-08837,UM-BT-020,1,78900
16618,U251218-08838,UM-TS-014,1,45300
16619,U251218-08838,UM-TS-023,2,24000
16620,U251218-08838,UM-SH-023,3,91700
16621,U260527-08839,UM-AC-031,3,54800
16622,U251207-08840,UM-SH-011,1,141300
16623,U260902-08841,UM-OT-008,1,252100
16624,U260902-08841,UM-SH-009,1,126000
16625,U260902-08841,UM-TS-018,1,73700
16626,U260902-08841,UM-TS-015,2,14500
16627,U260813-08842,UM-AC-028,1,34600
16628,U260828-08843,UM-OT-003,1,300600
16629,U260828-08843,UM-SH-017,1,120600
16630,U260817-08844,UM-AC-015,3,55600
16631,U260817-08844,UM-BT-008,1,71900
16632,U250721-08845,UM-TS-020,1,42600
16633,U250721-08845,UM-TS-022,1,45100
16634,U260701-08846,UM-BT-023,1,85700
16635,U260701-08846,UM-AC-009,1,71000
16636,U260701-08846,UM-TS-018,1,58700
16637,U260701-08846,UM-TS-032,2,36900
16638,U251226-08847,UM-TS-026,1,38500
16639,U251226-08847,UM-AC-007,1,10100
16640,U260318-08848,UM-TS-013,1,17700
16641,U241214-08849,UM-TS-006,1,77100
16642,U241214-08849,UM-TS-016,1,78600
16643,U230429-08850,UM-SH-002,1,186500
16644,U240102-08851,UM-OT-004,1,175900
16645,U240102-08851,UM-SH-016,1,125100
16646,U240102-08851,UM-AC-004,1,12500
16647,U240102-08851,UM-AC-010,1,46000
16648,U260811-08852,UM-TS-010,1,33900
16649,U260811-08852,UM-TS-005,1,39000
16650,U260811-08852,UM-BT-012,1,62000
16651,U260203-08853,UM-TS-008,1,51200
16652,U260203-08853,UM-AC-026,2,65800
16653,U260203-08853,UM-TS-012,1,46000
16654,U251104-08854,UM-TS-016,2,78700
16655,U251104-08854,UM-OT-001,3,366800
16656,U251104-08854,UM-BT-003,2,69800
16657,U260604-08855,UM-BT-023,1,98000
16658,U250920-08856,UM-TS-026,1,34500
16659,U250921-08857,UM-AC-001,1,62000
16660,U260711-08858,UM-BT-024,1,45900
16661,U260711-08858,UM-AC-001,1,55500
16662,U241025-08859,UM-BT-013,1,106200
16663,U250912-08860,UM-TS-036,3,42000
16664,U250701-08861,UM-TS-024,1,20800
16665,U250701-08861,UM-TS-010,2,30800
16666,U250701-08861,UM-TS-033,3,39600
16667,U240608-08862,UM-TS-005,2,39000
16668,U260617-08863,UM-TS-007,1,44600
16669,U260325-08864,UM-TS-032,1,39400
16670,U260325-08864,UM-SH-024,1,120200
16671,U240717-08865,UM-SH-021,1,183700
16672,U260228-08866,UM-AC-007,1,12300
16673,U260228-08866,UM-BT-023,1,96200
16674,U260228-08866,UM-OT-004,2,178700
16675,U260228-08866,UM-TS-023,1,26400
16676,U230423-08867,UM-OT-003,1,317700
16677,U230423-08867,UM-SH-012,1,195800
16678,U230423-08867,UM-BT-024,1,42400
16679,U260813-08868,UM-TS-027,1,81800
16680,U260813-08868,UM-TS-015,1,16300
16681,U230914-08869,UM-SH-020,1,214000
16682,U230914-08869,UM-TS-036,1,41900
16683,U230914-08869,UM-TS-019,2,79000
16684,U250809-08870,UM-TS-007,1,43700
16685,U250809-08870,UM-TS-031,1,33700
16686,U250809-08870,UM-SH-024,1,101100
16687,U250809-08870,UM-SH-017,1,123800
16688,U241220-08871,UM-TS-021,2,51700
16689,U241220-08871,UM-BT-014,1,49900
16690,U250216-08872,UM-BT-006,1,52800
16691,U250126-08873,UM-BT-001,1,41400
16692,U240812-08874,UM-AC-020,1,88300
16693,U240812-08874,UM-SH-020,1,218600
16694,U240812-08874,UM-TS-028,1,66800
16695,U260502-08875,UM-TS-027,1,74500
16696,U260811-08876,UM-TS-037,1,27200
16697,U260811-08876,UM-TS-014,1,52900
16698,U250601-08877,UM-AC-028,1,32700
16699,U260110-08878,UM-OT-009,1,324900
16700,U240820-08879,UM-BT-001,2,40900
16701,U250508-08880,UM-TS-001,1,37900
16702,U250508-08880,UM-TS-037,1,30400
16703,U250508-08880,UM-BT-009,1,53800
16704,U250508-08880,UM-BT-007,1,84300
16705,U250405-08881,UM-OT-013,1,173500
16706,U250405-08881,UM-TS-013,1,22900
16707,U260802-08882,UM-TS-009,1,59700
16708,U260802-08882,UM-SH-015,1,97300
16709,U240504-08883,UM-OT-004,1,236400
16710,U240504-08883,UM-BT-021,1,65300
16711,U260901-08884,UM-TS-014,1,48500
16712,U251204-08885,UM-AC-028,1,34500
16713,U250828-08886,UM-OT-022,1,199700
16714,U250828-08886,UM-OT-011,1,68000
16715,U250114-08887,UM-SH-007,1,78100
16716,U250830-08888,UM-BT-015,1,88200
16717,U260621-08889,UM-SH-010,1,180300
16718,U260621-08889,UM-TS-001,1,49500
16719,U260528-08890,UM-SH-003,1,160600
16720,U240901-08891,UM-BT-021,1,68800
16721,U240901-08891,UM-AC-003,1,14100
16722,U241130-08892,UM-AC-010,3,53900
16723,U241130-08892,UM-TS-013,1,22000
16724,U260830-08893,UM-TS-024,1,24300
16725,U260506-08894,UM-BT-007,1,77000
16726,U260506-08894,UM-TS-032,2,44700
16727,U260506-08894,UM-BT-005,2,92000
16728,U260705-08895,UM-AC-007,1,11200
16729,U260615-08896,UM-TS-009,2,51300
16730,U260706-08897,UM-OT-003,2,312900
16731,U260706-08897,UM-TS-028,1,71000
16732,U260706-08897,UM-AC-021,1,19000
16733,U260706-08897,UM-SH-003,1,146400
16734,U251106-08898,UM-BT-012,1,55400
16735,U260729-08899,UM-TS-036,1,38300
16736,U260113-08900,UM-AC-012,1,38400
16737,U260113-08900,UM-SH-009,1,151800
16738,U260113-08900,UM-TS-019,1,67900
16739,U250825-08901,UM-TS-017,1,53300
16740,U250825-08901,UM-BT-017,1,38300
16741,U260520-08902,UM-TS-006,1,74500
16742,U260520-08902,UM-AC-020,2,62300
16743,U260520-08902,UM-BT-008,1,77700
16744,U251228-08903,UM-BT-014,1,64300
16745,U251228-08903,UM-OT-008,1,210800
16746,U251101-08904,UM-SH-005,1,76900
16747,U250512-08905,UM-TS-023,3,29300
16748,U250512-08905,UM-AC-003,1,13100
16749,U260318-08906,UM-OT-023,3,352100
16750,U251002-08907,UM-SH-012,1,149700
16751,U251002-08907,UM-AC-005,2,29600
16752,U251002-08907,UM-BT-012,3,49700
16753,U251002-08907,UM-BT-015,1,83100
16754,U251002-08907,UM-BT-008,1,82300
16755,U260108-08908,UM-AC-015,1,56300
16756,U260108-08908,UM-OT-017,1,295000
16757,U241222-08909,UM-TS-016,1,62800
16758,U241222-08909,UM-BT-014,3,53700
16759,U241222-08909,UM-TS-009,1,54900
16760,U241222-08909,UM-SH-009,1,121500
16761,U260702-08910,UM-TS-004,1,37000
16762,U260702-08910,UM-BT-014,1,64800
16763,U240909-08911,UM-TS-010,1,30000
16764,U260110-08912,UM-OT-001,1,320900
16765,U260108-08913,UM-TS-034,1,61900
16766,U260110-08914,UM-TS-029,1,47100
16767,U260110-08914,UM-SH-017,1,137400
16768,U251115-08915,UM-TS-008,1,46400
16769,U260427-08916,UM-BT-025,1,103000
16770,U260429-08917,UM-TS-007,1,49600
16771,U251118-08918,UM-AC-024,1,47700
16772,U251207-08919,UM-OT-008,1,245400
16773,U251207-08919,UM-BT-017,1,38900
16774,U251207-08919,UM-SH-011,1,120200
16775,U251207-08919,UM-TS-022,2,36800
16776,U251207-08919,UM-TS-023,1,25600
16777,U260331-08920,UM-BT-010,1,80500
16778,U260715-08921,UM-TS-024,2,22400
16779,U251228-08922,UM-TS-010,1,24000
16780,U260418-08923,UM-OT-019,1,176900
16781,U260330-08924,UM-TS-030,1,71700
16782,U260515-08925,UM-TS-010,1,33500
16783,U260515-08926,UM-OT-004,1,239800
16784,U251001-08927,UM-BT-015,1,78200
16785,U251001-08927,UM-AC-007,1,13500
16786,U251001-08927,UM-TS-014,3,55000
16787,U241129-08928,UM-BT-017,1,42400
16788,U241129-08928,UM-TS-017,1,42600
16789,U241129-08928,UM-BT-021,1,69500
16790,U260705-08929,UM-TS-036,1,39800
16791,U260705-08929,UM-TS-009,1,66200
16792,U260705-08929,UM-TS-030,2,60400
16793,U241130-08930,UM-AC-008,1,12800
16794,U231230-08931,UM-TS-014,2,49700
16795,U231230-08931,UM-BT-002,1,57800
16796,U260626-08932,UM-BT-013,1,94600
16797,U250808-08933,UM-BT-018,3,61300
16798,U250808-08933,UM-TS-036,1,43100
16799,U250919-08934,UM-TS-022,1,36900
16800,U250919-08934,UM-SH-017,1,115700
16801,U250919-08934,UM-SH-004,1,93100
16802,U250919-08934,UM-BT-014,1,65700
16803,U241006-08935,UM-AC-030,2,11400
16804,U260305-08936,UM-TS-007,1,48700
16805,U260305-08936,UM-SH-021,1,169400
16806,U260305-08936,UM-BT-025,1,106500
16807,U260305-08936,UM-BT-019,1,37500
16808,U250306-08937,UM-TS-026,1,41100
16809,U250306-08937,UM-TS-018,1,75300
16810,U250306-08937,UM-TS-015,1,16300
16811,U250122-08938,UM-TS-004,1,38100
16812,U250122-08938,UM-BT-004,1,53300
16813,U250122-08939,UM-AC-029,1,11000
16814,U250120-08940,UM-BT-003,1,65800
16815,U260708-08941,UM-AC-024,1,47400
16816,U260708-08941,UM-SH-002,1,188400
16817,U260708-08941,UM-AC-027,1,56300
16818,U260808-08942,UM-TS-020,1,44100
16819,U260808-08942,UM-OT-009,1,342200
16820,U260903-08943,UM-BT-013,1,101500
16821,U260903-08943,UM-OT-008,2,241000
16822,U260818-08944,UM-SH-010,1,154500
16823,U260818-08944,UM-BT-017,2,33400
16824,U260818-08944,UM-AC-027,2,68100
16825,U260513-08945,UM-SH-018,1,200600
16826,U260827-08946,UM-TS-011,1,82800
16827,U260709-08947,UM-BT-010,1,82000
16828,U260709-08947,UM-OT-006,1,279000
16829,U251209-08948,UM-BT-016,1,97700
16830,U251209-08948,UM-OT-009,1,296300
16831,U251209-08948,UM-SH-009,1,122600
16832,U251209-08948,UM-TS-026,1,40800
16833,U250501-08949,UM-BT-004,1,54600
16834,U250729-08950,UM-TS-027,1,86500
16835,U250729-08950,UM-TS-006,2,63400
16836,U260817-08951,UM-TS-023,3,26800
16837,U260817-08951,UM-TS-029,1,55600
16838,U260829-08952,UM-SH-003,1,199200
16839,U260605-08953,UM-BT-025,1,95400
16840,U260605-08953,UM-SH-001,1,100600
16841,U260728-08954,UM-TS-004,1,37100
16842,U260409-08955,UM-TS-005,1,37900
16843,U260119-08956,UM-TS-006,1,85000
16844,U260309-08957,UM-OT-015,1,93200
16845,U260701-08958,UM-SH-016,2,150000
16846,U240620-08959,UM-OT-025,1,275200
16847,U240620-08959,UM-BT-002,1,69200
16848,U240620-08959,UM-AC-030,1,13500
16849,U240620-08959,UM-AC-029,1,10700
16850,U240620-08959,UM-TS-022,1,39600
16851,U240314-08960,UM-TS-036,2,38200
16852,U240314-08960,UM-OT-009,1,297000
16853,U240520-08961,UM-AC-005,1,35300
16854,U260317-08962,UM-TS-011,1,72300
16855,U260317-08962,UM-TS-033,1,40500
16856,U260317-08962,UM-TS-010,3,33300
16857,U260317-08962,UM-SH-013,1,181100
16858,U260530-08963,UM-TS-028,2,66900
16859,U250111-08964,UM-SH-018,1,174900
16860,U250111-08964,UM-BT-012,1,62600
16861,U241030-08965,UM-BT-019,1,33200
16862,U241030-08965,UM-SH-020,1,207500
16863,U260901-08966,UM-SH-021,1,182200
16864,U240810-08967,UM-OT-023,1,348600
16865,U240810-08967,UM-TS-012,1,40300
16866,U240628-08968,UM-TS-025,1,48700
16867,U240628-08968,UM-AC-016,1,32400
16868,U260111-08969,UM-BT-011,1,86900
16869,U260111-08969,UM-AC-021,1,19500
16870,U250729-08970,UM-OT-023,1,312100
16871,U240725-08971,UM-BT-008,1,69600
16872,U260501-08972,UM-OT-010,1,187300
16873,U260501-08972,UM-SH-017,1,119900
16874,U260501-08972,UM-AC-029,3,10900
16875,U251111-08973,UM-TS-008,1,46900
16876,U251111-08973,UM-OT-001,1,317700
16877,U251111-08973,UM-AC-024,1,46400
16878,U251111-08973,UM-SH-005,1,76700
16879,U251111-08973,UM-BT-016,1,89900
16880,U250220-08974,UM-OT-012,1,160800
16881,U250220-08974,UM-TS-033,1,38900
16882,U250220-08974,UM-SH-007,1,76800
16883,U260621-08975,UM-TS-022,1,34900
16884,U260712-08976,UM-BT-013,1,122800
16885,U260712-08976,UM-AC-002,1,66500
16886,U260712-08976,UM-TS-009,1,58400
16887,U260712-08976,UM-BT-014,1,56900
16888,U260901-08977,UM-SH-001,1,125000
16889,U260808-08978,UM-TS-013,1,18000
16890,U260808-08978,UM-AC-026,1,58500
16891,U260808-08978,UM-OT-014,1,165000
16892,U260808-08978,UM-OT-005,1,178900
16893,U260808-08978,UM-TS-029,1,39300
16894,U260725-08979,UM-SH-001,1,91100
16895,U260725-08979,UM-TS-019,1,77100
16896,U260725-08979,UM-BT-008,1,76300
16897,U260725-08979,UM-TS-010,1,32600
16898,U260628-08980,UM-TS-034,1,46600
16899,U260609-08981,UM-TS-025,1,50400
16900,U260609-08981,UM-BT-023,1,95900
16901,U260609-08981,UM-TS-017,1,47900
16902,U260519-08982,UM-AC-030,1,11800
16903,U260519-08982,UM-BT-011,1,73200
16904,U260526-08983,UM-TS-012,1,44100
16905,U260731-08984,UM-BT-014,1,66500
16906,U260520-08985,UM-AC-021,1,24200
16907,U260520-08985,UM-TS-010,1,25900
16908,U251225-08986,UM-SH-009,1,117900
16909,U260801-08987,UM-SH-014,1,77700
16910,U260801-08988,UM-BT-017,1,41300
16911,U260801-08988,UM-TS-029,1,45900
16912,U250828-08989,UM-SH-010,2,156400
16913,U250704-08990,UM-SH-022,1,140900
16914,U260208-08991,UM-TS-023,1,24400
16915,U260208-08991,UM-AC-022,1,14200
16916,U260208-08991,UM-TS-026,1,34300
16917,U260621-08992,UM-BT-015,1,98900
16918,U260621-08992,UM-TS-012,2,38100
16919,U260331-08993,UM-SH-024,1,107100
16920,U250510-08994,UM-TS-003,2,76700
16921,U250510-08994,UM-OT-017,2,268200
16922,U251113-08995,UM-OT-025,1,383300
16923,U260331-08996,UM-TS-012,1,40900
16924,U250724-08997,UM-SH-015,1,94300
16925,U250724-08997,UM-AC-013,1,54300
16926,U251018-08998,UM-BT-013,1,120000
16927,U251018-08998,UM-SH-007,3,74600
16928,U251018-08998,UM-OT-021,1,129700
16929,U260727-08999,UM-SH-012,1,173000
16930,U260727-08999,UM-TS-037,1,32300
16931,U260727-08999,UM-TS-037,1,26200
16932,U260719-09000,UM-BT-014,1,66200
16933,U251027-09001,UM-SH-010,1,159400
16934,U260901-09002,UM-TS-003,1,72200
16935,U260901-09002,UM-TS-002,1,30900
16936,U251013-09003,UM-BT-004,1,54900
16937,U251013-09003,UM-BT-013,1,95900
16938,U251013-09003,UM-BT-016,1,103000
16939,U260216-09004,UM-TS-006,1,62500
16940,U251026-09005,UM-SH-002,1,178600
16941,U260117-09006,UM-SH-016,3,124400
16942,U230719-09007,UM-BT-004,1,51100
16943,U230719-09007,UM-SH-018,2,224200
16944,U230719-09007,UM-BT-017,1,33700
16945,U230719-09007,UM-OT-011,2,63300
16946,U230719-09007,UM-SH-006,1,185900
16947,U260818-09008,UM-BT-024,1,44400
16948,U260614-09009,UM-BT-009,1,59200
16949,U260829-09010,UM-BT-024,1,46600
16950,U260829-09010,UM-TS-026,1,39000
16951,U260829-09010,UM-TS-037,1,29400
16952,U240402-09011,UM-AC-012,1,50800
16953,U240507-09012,UM-OT-021,1,137700
16954,U260401-09013,UM-TS-006,1,79400
16955,U260313-09014,UM-AC-007,1,11800
16956,U260313-09014,UM-OT-008,1,219800
16957,U260516-09015,UM-OT-020,1,187900
16958,U260516-09015,UM-TS-007,1,38400
16959,U260820-09016,UM-SH-016,2,159400
16960,U260820-09016,UM-TS-029,1,47200
16961,U260303-09017,UM-BT-016,1,87800
16962,U260820-09018,UM-BT-018,1,79300
16963,U260820-09018,UM-OT-002,1,260800
16964,U260605-09019,UM-TS-010,1,28000
16965,U250813-09020,UM-TS-031,1,24500
16966,U260807-09021,UM-OT-025,1,281600
16967,U251027-09022,UM-AC-004,1,13200
16968,U251027-09022,UM-OT-019,1,175600
16969,U251027-09022,UM-TS-005,1,39400
16970,U260610-09023,UM-TS-010,1,32700
16971,U260610-09023,UM-SH-001,1,90900
16972,U260610-09023,UM-BT-011,1,84300
16973,U260812-09024,UM-SH-009,1,158600
16974,U260902-09025,UM-BT-025,2,104800
16975,U260108-09026,UM-SH-024,1,100000
16976,U260108-09026,UM-TS-006,2,83500
16977,U260422-09027,UM-SH-009,3,131400
16978,U260422-09027,UM-BT-006,1,55100
16979,U260607-09028,UM-TS-008,2,49200
16980,U260607-09028,UM-TS-006,1,79000
16981,U260607-09028,UM-TS-009,1,48900
16982,U260502-09029,UM-TS-030,1,71400
16983,U240214-09030,UM-SH-002,1,175300
16984,U231116-09031,UM-BT-020,2,66700
16985,U241001-09032,UM-BT-021,1,85200
16986,U241001-09032,UM-AC-005,1,28400
16987,U260523-09033,UM-SH-014,1,82700
16988,U260523-09033,UM-TS-012,1,37800
16989,U260523-09033,UM-BT-016,1,83100
16990,U260609-09034,UM-AC-005,1,39000
16991,U251216-09035,UM-BT-008,1,69400
16992,U250804-09036,UM-TS-033,1,47700
16993,U260903-09037,UM-BT-001,1,44800
16994,U260211-09038,UM-TS-037,1,30600
16995,U260211-09038,UM-TS-033,3,46400
16996,U260211-09039,UM-BT-011,1,71900
16997,U260212-09040,UM-TS-007,1,41400
16998,U250610-09041,UM-TS-017,1,56600
16999,U260614-09042,UM-TS-005,1,46700
17000,U260614-09042,UM-AC-030,1,13800
17001,U260626-09043,UM-BT-024,1,51700
17002,U260626-09043,UM-SH-012,1,158800
17003,U260626-09043,UM-OT-007,1,99600
17004,U260626-09043,UM-TS-002,1,41900
17005,U260828-09044,UM-SH-010,1,181800
17006,U260810-09045,UM-TS-011,1,66600
17007,U260613-09046,UM-BT-007,1,76700
17008,U260822-09047,UM-BT-015,1,90400
17009,U260822-09047,UM-TS-012,1,44200
17010,U260822-09047,UM-BT-008,1,83200
17011,U260822-09047,UM-TS-011,2,80800
17012,U260901-09048,UM-BT-023,1,93100
17013,U260901-09048,UM-SH-016,1,130900
17014,U260901-09048,UM-SH-011,1,136900
17015,U250913-09049,UM-BT-012,1,50200
17016,U250913-09049,UM-TS-022,1,36700
17017,U260831-09050,UM-BT-003,1,67200
17018,U260622-09051,UM-BT-011,1,86200
17019,U260622-09051,UM-OT-025,1,307500
17020,U260622-09051,UM-BT-004,3,57100
17021,U260426-09052,UM-BT-019,1,36900
17022,U260821-09053,UM-BT-011,1,63400
17023,U260821-09053,UM-OT-015,2,90600
17024,U260826-09054,UM-TS-018,1,65000
17025,U251206-09055,UM-OT-002,1,296100
17026,U251206-09055,UM-OT-025,1,334300
17027,U251206-09055,UM-SH-006,1,240900
17028,U251208-09056,UM-TS-027,1,74800
17029,U260824-09057,UM-SH-016,1,116300
17030,U260824-09057,UM-OT-004,1,239100
17031,U260619-09058,UM-TS-015,1,16400
17032,U260619-09058,UM-OT-003,1,240600
17033,U260104-09059,UM-TS-031,1,27600
17034,U260529-09060,UM-TS-036,1,52200
17035,U260529-09060,UM-BT-015,1,84800
17036,U260409-09061,UM-AC-009,1,54900
17037,U260409-09061,UM-OT-016,1,143900
17038,U260828-09062,UM-BT-004,1,46900
17039,U260828-09062,UM-BT-018,1,64200
17040,U260831-09063,UM-SH-004,1,98000
17041,U260706-09064,UM-OT-016,1,131400
17042,U260605-09065,UM-TS-006,1,71400
17043,U260722-09066,UM-SH-003,1,153300
17044,U260608-09067,UM-TS-004,1,48300
17045,U260608-09067,UM-TS-018,1,59700
17046,U260608-09067,UM-AC-018,1,51600
17047,U250318-09068,UM-TS-025,1,57300
17048,U251020-09069,UM-AC-007,1,13600
17049,U260731-09070,UM-SH-019,1,171300
17050,U260731-09070,UM-SH-006,1,173000
17051,U260518-09071,UM-TS-015,1,19000
17052,U260729-09072,UM-OT-011,3,59000
17053,U260729-09072,UM-AC-014,1,23100
17054,U260418-09073,UM-TS-009,1,55100
17055,U260711-09074,UM-OT-013,1,144400
17056,U260711-09074,UM-TS-027,1,73300
17057,U260615-09075,UM-AC-001,1,57100
17058,U260615-09075,UM-BT-019,1,29900
17059,U260523-09076,UM-BT-006,1,47400
17060,U260503-09077,UM-TS-033,1,41500
17061,U260503-09077,UM-BT-014,1,60900
17062,U250626-09078,UM-TS-036,1,37600
17063,U250626-09078,UM-SH-016,1,148300
17064,U250626-09078,UM-AC-016,1,28900
17065,U250626-09078,UM-AC-013,3,42400
17066,U240601-09079,UM-SH-020,1,189800
17067,U260321-09080,UM-OT-017,1,334200
17068,U260321-09080,UM-OT-007,1,83900
17069,U251222-09081,UM-OT-015,1,86800
17070,U251222-09081,UM-BT-016,1,83700
17071,U251222-09081,UM-AC-018,1,38900
17072,U260710-09082,UM-AC-006,1,20600
17073,U260709-09083,UM-TS-019,1,72500
17074,U260709-09083,UM-AC-002,1,61600
17075,U260711-09084,UM-TS-016,2,64200
17076,U260525-09085,UM-TS-033,1,44700
17077,U260525-09085,UM-BT-011,2,72000
17078,U260329-09086,UM-TS-014,1,54900
17079,U260131-09087,UM-OT-024,1,266200
17080,U260131-09087,UM-BT-021,3,69700
17081,U250103-09088,UM-SH-003,1,152700
17082,U231105-09089,UM-SH-016,1,156000
17083,U231105-09089,UM-TS-026,1,43900
17084,U231105-09089,UM-BT-007,1,100500
17085,U231105-09089,UM-TS-024,1,20200
17086,U260207-09090,UM-AC-003,1,15300
17087,U260207-09090,UM-OT-024,1,290200
17088,U260207-09090,UM-TS-020,2,38600
17089,U260207-09090,UM-OT-022,1,215200
17090,U260207-09090,UM-TS-014,1,46000
17091,U260803-09091,UM-OT-021,3,154700
17092,U260803-09091,UM-BT-002,1,68400
17093,U260803-09091,UM-SH-016,1,113700
17094,U260803-09091,UM-TS-019,1,85400
17095,U260525-09092,UM-TS-027,1,67500
17096,U260412-09093,UM-OT-021,1,136600
17097,U260412-09093,UM-AC-019,1,53700
17098,U260412-09093,UM-SH-005,1,78400
17099,U260412-09093,UM-TS-034,1,50300
17100,U260412-09093,UM-AC-025,1,78300
17101,U260406-09094,UM-AC-012,1,51000
17102,U260630-09095,UM-TS-012,1,42400
17103,U260223-09096,UM-AC-004,1,15500
17104,U260205-09097,UM-OT-006,1,239300
17105,U260205-09097,UM-SH-001,1,122800
17106,U260813-09098,UM-TS-004,3,42400
17107,U260813-09098,UM-AC-030,1,10600
17108,U260813-09098,UM-OT-008,2,212300
17109,U260519-09099,UM-TS-027,2,64600
17110,U260519-09099,UM-TS-036,1,49900
17111,U260821-09100,UM-SH-020,1,165800
17112,U260821-09101,UM-TS-008,1,52100
17113,U260821-09102,UM-TS-008,1,52000
17114,U260613-09103,UM-TS-001,1,43700
17115,U260526-09104,UM-TS-004,1,36800
17116,U260526-09104,UM-BT-002,1,68300
17117,U260526-09104,UM-TS-036,1,52000
17118,U260526-09104,UM-TS-016,1,74000
17119,U260814-09105,UM-BT-012,1,65200
17120,U260829-09106,UM-BT-025,1,110200
17121,U260829-09106,UM-BT-019,1,30900
17122,U260816-09107,UM-SH-014,3,80200
17123,U260816-09107,UM-TS-006,1,75500
17124,U260816-09107,UM-OT-015,1,106400
17125,U260816-09107,UM-BT-025,2,102400
17126,U260528-09108,UM-TS-011,1,76400
17127,U260528-09108,UM-TS-020,2,36000
17128,U260528-09108,UM-TS-006,1,73200
17129,U260721-09109,UM-OT-008,2,205100
17130,U260721-09109,UM-AC-003,1,13000
17131,U260416-09110,UM-AC-023,1,64900
17132,U260416-09110,UM-SH-018,1,237900
17133,U260416-09110,UM-BT-020,1,90300
17134,U260416-09110,UM-TS-009,2,62900
17135,U260105-09111,UM-TS-005,1,38000
17136,U260528-09112,UM-AC-019,1,60400
17137,U260528-09112,UM-OT-014,1,165900
17138,U260528-09112,UM-OT-021,1,158100
17139,U251112-09113,UM-BT-021,1,88700
17140,U251112-09113,UM-TS-026,1,43200
17141,U260516-09114,UM-TS-011,1,86600
17142,U260516-09114,UM-BT-014,1,52300
17143,U250907-09115,UM-TS-021,1,51000
17144,U250907-09115,UM-TS-002,1,40500
17145,U250907-09115,UM-OT-005,1,151700
17146,U260727-09116,UM-SH-006,1,175600
17147,U260727-09116,UM-TS-003,1,58600
17148,U260523-09117,UM-AC-010,2,56000
17149,U260624-09118,UM-TS-031,1,31100
17150,U260728-09119,UM-TS-017,1,51200
17151,U260728-09119,UM-BT-013,1,122400
17152,U260807-09120,UM-SH-001,1,98700
17153,U260821-09121,UM-AC-010,1,57000
17154,U260106-09122,UM-AC-005,1,34000
17155,U260804-09123,UM-OT-021,1,162600
17156,U260302-09124,UM-TS-035,1,19900
17157,U260302-09124,UM-BT-022,2,76500
17158,U260630-09125,UM-SH-010,1,140200
17159,U260630-09125,UM-AC-007,1,10300
17160,U260530-09126,UM-TS-035,1,19000
17161,U260530-09126,UM-TS-010,1,33000
17162,U260530-09126,UM-AC-014,1,29300
17163,U260530-09126,UM-BT-020,1,74600
17164,U260530-09126,UM-OT-010,1,185900
17165,U260814-09127,UM-BT-016,1,82300
17166,U260716-09128,UM-TS-021,1,47000
17167,U260716-09128,UM-BT-015,1,103000
17168,U260710-09129,UM-BT-003,1,49800
17169,U260701-09130,UM-TS-009,1,59600
17170,U260701-09130,UM-OT-022,3,190900
17171,U260612-09131,UM-SH-017,1,151400
17172,U260603-09132,UM-TS-017,1,50400
17173,U260427-09133,UM-TS-034,1,47800
17174,U260724-09134,UM-OT-017,1,311700
17175,U260724-09134,UM-OT-010,1,214000
17176,U260724-09134,UM-BT-013,1,96300
17177,U260727-09135,UM-SH-009,1,117000
17178,U260727-09135,UM-SH-005,1,79000
17179,U260614-09136,UM-AC-020,1,84600
17180,U260614-09136,UM-AC-029,1,11400
17181,U260411-09137,UM-BT-003,1,55300
17182,U260901-09138,UM-AC-011,1,66200
17183,U260901-09138,UM-TS-019,1,72400
17184,U260419-09139,UM-TS-017,1,56000
17185,U260419-09139,UM-TS-004,1,46300
17186,U251219-09140,UM-OT-013,2,173000
17187,U251219-09140,UM-SH-020,1,188200
17188,U260131-09141,UM-TS-034,1,47100
17189,U260131-09141,UM-OT-008,3,272800
17190,U260408-09142,UM-AC-013,1,39600
17191,U260501-09143,UM-SH-010,1,133200
17192,U260501-09143,UM-OT-008,1,230200
17193,U260501-09143,UM-SH-010,1,168100
17194,U240306-09144,UM-AC-028,1,33800
17195,U230922-09145,UM-BT-005,2,107500
17196,U230922-09145,UM-BT-019,1,28300
17197,U230922-09145,UM-TS-019,1,63300
17198,U230922-09145,UM-AC-007,1,13200
17199,U231122-09146,UM-BT-014,2,63200
17200,U231122-09146,UM-SH-018,1,231500
17201,U260412-09147,UM-SH-008,1,212600
17202,U260430-09148,UM-TS-030,1,76400
17203,U260430-09148,UM-TS-036,1,48200
17204,U260430-09148,UM-AC-030,1,13500
17205,U260807-09149,UM-OT-024,1,282100
17206,U260206-09150,UM-SH-005,1,80800
17207,U260206-09150,UM-SH-006,1,216700
17208,U260206-09150,UM-SH-013,1,164500
17209,U260206-09150,UM-OT-017,1,316600
17210,U260206-09150,UM-OT-015,1,110300
17211,U260529-09151,UM-BT-011,1,71300
17212,U260529-09151,UM-TS-015,1,15000
17213,U260529-09151,UM-AC-018,1,41400
17214,U260529-09151,UM-AC-011,1,70200
17215,U260614-09152,UM-SH-015,2,97700
17216,U260614-09152,UM-OT-002,1,243200
17217,U260119-09153,UM-BT-005,1,89800
17218,U250903-09154,UM-SH-020,1,210800
17219,U250903-09154,UM-BT-022,1,62900
17220,U260602-09155,UM-SH-014,1,86600
17221,U241126-09156,UM-AC-025,2,60100
17222,U241126-09156,UM-BT-024,1,47600
17223,U260329-09157,UM-BT-016,1,93600
17224,U260329-09157,UM-AC-010,1,48200
17225,U251123-09158,UM-AC-001,1,57500
17226,U260726-09159,UM-TS-024,1,20900
17227,U260726-09159,UM-TS-035,1,18100
17228,U260325-09160,UM-AC-022,2,14500
17229,U250401-09161,UM-BT-004,1,59200
17230,U250401-09161,UM-SH-007,3,93300
17231,U230317-09162,UM-AC-026,3,51700
17232,U230317-09162,UM-SH-022,1,115600
17233,U250922-09163,UM-TS-025,1,55600
17234,U250922-09163,UM-BT-008,1,80400
17235,U250922-09163,UM-OT-012,2,221300
17236,U260614-09164,UM-TS-004,1,48500
17237,U260614-09164,UM-AC-009,2,68700
17238,U250810-09165,UM-TS-002,1,31400
17239,U250810-09165,UM-TS-007,1,36800
17240,U250810-09165,UM-OT-016,1,135400
17241,U250219-09166,UM-AC-027,1,59300
17242,U260829-09167,UM-SH-019,1,150300
17243,U260829-09167,UM-BT-014,1,70800
17244,U220730-09168,UM-TS-034,1,64500
17245,U260415-09169,UM-TS-001,1,40600
17246,U260415-09169,UM-TS-027,1,82500
17247,U260415-09169,UM-TS-030,1,79600
17248,U260415-09169,UM-SH-003,1,186200
17249,U250127-09170,UM-OT-004,1,249900
17250,U231028-09171,UM-AC-018,1,45700
17251,U260101-09172,UM-TS-019,1,79100
17252,U260221-09173,UM-SH-019,1,162000
17253,U231025-09174,UM-BT-014,3,64000
17254,U231025-09174,UM-OT-011,1,73000
17255,U231025-09174,UM-TS-032,1,39600
17256,U231025-09174,UM-BT-016,1,85600
17257,U260509-09175,UM-OT-014,1,130300
17258,U260509-09175,UM-TS-029,1,54800
17259,U250505-09176,UM-TS-011,1,86700
17260,U250429-09177,UM-TS-020,1,42600
17261,U250429-09177,UM-SH-008,1,204200
17262,U250429-09177,UM-BT-013,1,124200
17263,U250316-09178,UM-BT-025,3,83800
17264,U250309-09179,UM-AC-005,1,38200
17265,U250309-09179,UM-SH-020,1,178900
17266,U251101-09180,UM-TS-010,1,27600
17267,U250518-09181,UM-TS-036,1,52800
17268,U250518-09181,UM-TS-006,1,68000
17269,U240316-09182,UM-BT-020,1,68100
17270,U240316-09182,UM-TS-036,1,44300
17271,U240316-09182,UM-TS-018,1,61400
17272,U260901-09183,UM-OT-024,3,314900
17273,U260827-09184,UM-SH-010,1,154100
17274,U260827-09184,UM-TS-020,1,40200
17275,U260827-09184,UM-SH-007,1,90800
17276,U260902-09185,UM-TS-025,2,61900
17277,U260827-09186,UM-TS-012,1,34600
17278,U260827-09186,UM-OT-018,1,283600
17279,U260901-09187,UM-BT-009,1,53600
17280,U260901-09187,UM-TS-013,1,21400
17281,U260520-09188,UM-BT-012,1,59600
17282,U260520-09188,UM-BT-016,1,109400
17283,U260520-09188,UM-TS-029,1,46800
17284,U241213-09189,UM-OT-004,1,225800
17285,U241213-09189,UM-TS-031,1,26600
17286,U241213-09189,UM-AC-012,1,38800
17287,U241213-09189,UM-TS-024,2,23000
17288,U260218-09190,UM-TS-002,1,34900
17289,U260218-09190,UM-TS-032,1,37500
17290,U260218-09190,UM-BT-006,1,65700
17291,U241211-09191,UM-SH-010,2,132300
17292,U241211-09192,UM-SH-001,1,101000
17293,U241211-09192,UM-BT-018,1,56200
17294,U241211-09192,UM-TS-011,1,65900
17295,U260718-09193,UM-TS-028,1,85400
17296,U260718-09193,UM-BT-019,1,29600
17297,U260226-09194,UM-TS-016,1,59900
17298,U260226-09194,UM-BT-007,1,96700
17299,U260226-09194,UM-AC-019,1,58700
17300,U260226-09194,UM-TS-034,1,47100
17301,U260718-09195,UM-TS-010,2,26700
17302,U260718-09195,UM-TS-003,1,71300
17303,U260718-09195,UM-BT-008,2,72500
17304,U260704-09196,UM-BT-005,2,90100
17305,U260704-09196,UM-TS-007,1,47000
17306,U260829-09197,UM-SH-002,1,201300
17307,U260829-09197,UM-AC-011,2,79900
17308,U260625-09198,UM-TS-013,1,23700
17309,U260818-09199,UM-BT-010,1,98500
17310,U260731-09200,UM-BT-005,2,97000
17311,U260731-09200,UM-TS-004,1,39400
17312,U260726-09201,UM-TS-036,1,51400
17313,U260902-09202,UM-TS-026,1,35400
17314,U260722-09203,UM-AC-009,1,64800
17315,U260831-09204,UM-TS-014,1,48300
17316,U260814-09205,UM-OT-015,3,82700
17317,U260820-09206,UM-AC-007,1,11300
17318,U260820-09206,UM-BT-011,2,62600
17319,U260626-09207,UM-OT-002,1,342300
17320,U260626-09207,UM-BT-003,1,51200
17321,U230524-09208,UM-BT-003,1,58500
17322,U250929-09209,UM-BT-016,1,82800
17323,U260421-09210,UM-BT-013,1,113600
17324,U260421-09210,UM-TS-031,1,24400
17325,U251120-09211,UM-OT-021,1,139400
17326,U260113-09212,UM-SH-019,1,144900
17327,U260113-09212,UM-TS-022,1,38600
17328,U260113-09212,UM-BT-023,1,84800
17329,U260113-09212,UM-SH-005,2,74000
17330,U260113-09212,UM-BT-011,1,63200
17331,U250903-09213,UM-TS-032,1,32600
17332,U260405-09214,UM-TS-036,1,49600
17333,U260405-09214,UM-TS-001,1,44500
17334,U251202-09215,UM-SH-012,1,182600
17335,U251202-09215,UM-SH-018,1,206300
17336,U260703-09216,UM-BT-024,1,38800
17337,U260703-09216,UM-TS-003,1,64300
17338,U260703-09216,UM-TS-017,1,40000
17339,U251008-09217,UM-TS-023,3,26800
17340,U230210-09218,UM-SH-006,1,201000
17341,U230210-09218,UM-OT-010,1,187900
17342,U260830-09219,UM-OT-020,1,173300
17343,U260726-09220,UM-SH-023,1,78500
17344,U251228-09221,UM-SH-004,2,117500
17345,U251228-09221,UM-SH-003,1,159700
17346,U260729-09222,UM-TS-035,1,21600
17347,U260523-09223,UM-SH-005,1,72700
17348,U260523-09223,UM-TS-029,1,46000
17349,U260717-09224,UM-SH-009,2,121000
17350,U260717-09224,UM-TS-012,1,33900
17351,U260717-09224,UM-AC-008,1,15500
17352,U260723-09225,UM-TS-010,1,33200
17353,U260723-09225,UM-BT-003,1,57600
17354,U260723-09225,UM-TS-001,1,48800
17355,U260105-09226,UM-AC-019,1,51800
17356,U260105-09226,UM-OT-009,1,294400
17357,U251001-09227,UM-OT-003,1,307000
17358,U251001-09227,UM-AC-028,2,41000
17359,U251001-09227,UM-TS-016,2,62800
17360,U251001-09227,UM-AC-014,2,27100
17361,U260814-09228,UM-AC-013,1,52800
17362,U260814-09228,UM-SH-018,1,198800
17363,U260814-09228,UM-AC-030,1,13800
17364,U260814-09228,UM-TS-025,1,48600
17365,U260426-09229,UM-SH-015,1,83000
17366,U260725-09230,UM-SH-023,2,93800
17367,U260725-09230,UM-TS-033,1,38200
17368,U260804-09231,UM-BT-002,1,58700
17369,U260810-09232,UM-BT-002,1,57200
17370,U260810-09232,UM-OT-007,1,104800
17371,U260730-09233,UM-OT-008,2,228900
17372,U260730-09233,UM-SH-013,2,177700
17373,U260113-09234,UM-TS-011,1,87600
17374,U260113-09234,UM-TS-010,1,29900
17375,U260113-09234,UM-TS-014,1,56200
17376,U260816-09235,UM-AC-027,1,52000
17377,U260816-09235,UM-SH-016,2,116300
17378,U260717-09236,UM-BT-008,1,75100
17379,U260717-09236,UM-AC-007,3,13000
17380,U260717-09236,UM-BT-009,1,59200
17381,U260717-09236,UM-TS-037,2,26000
17382,U260526-09237,UM-BT-001,1,36100
17383,U260524-09238,UM-TS-017,1,51300
17384,U260524-09238,UM-TS-021,1,55000
17385,U260524-09238,UM-AC-016,1,28200
17386,U260429-09239,UM-SH-021,1,167500
17387,U260814-09240,UM-AC-017,1,30400
17388,U260814-09240,UM-TS-021,1,40700
17389,U260728-09241,UM-AC-025,2,58800
17390,U260728-09241,UM-SH-004,1,112800
17391,U260728-09241,UM-BT-016,1,92900
17392,U260728-09241,UM-BT-013,1,98100
17393,U260811-09242,UM-BT-009,1,49900
17394,U260827-09243,UM-SH-016,1,114300
17395,U260827-09243,UM-TS-032,1,44000
17396,U260827-09243,UM-TS-025,2,48500
17397,U260831-09244,UM-BT-016,1,106900
17398,U260806-09245,UM-BT-008,1,79800
17399,U260806-09245,UM-TS-020,1,42800
17400,U260806-09245,UM-TS-034,1,59300
17401,U260831-09246,UM-TS-024,2,25400
17402,U260706-09247,UM-SH-014,1,97800
17403,U260706-09247,UM-BT-005,1,96500
17404,U250714-09248,UM-TS-036,1,52100
17405,U250714-09248,UM-BT-015,1,75200
17406,U260106-09249,UM-OT-019,1,184600
17407,U260106-09249,UM-TS-037,2,28700
17408,U260106-09249,UM-BT-003,2,65500
17409,U260516-09250,UM-OT-012,1,195600
17410,U260516-09250,UM-TS-011,1,82600
17411,U251228-09251,UM-BT-003,1,54500
17412,U251228-09251,UM-AC-008,1,16500
17413,U251228-09251,UM-TS-025,1,60700
17414,U250424-09252,UM-BT-019,1,37200
17415,U250424-09252,UM-BT-012,1,63400
17416,U260327-09253,UM-TS-015,1,19900
17417,U260327-09253,UM-BT-008,1,72100
17418,U260327-09253,UM-SH-003,1,168100
17419,U251201-09254,UM-TS-033,2,38200
17420,U250322-09255,UM-SH-003,1,190300
17421,U250322-09255,UM-BT-004,1,48300
17422,U250322-09255,UM-TS-009,1,61400
17423,U251228-09256,UM-SH-010,3,133200
17424,U260419-09257,UM-TS-014,2,43800
17425,U260128-09258,UM-AC-018,1,53400
17426,U251211-09259,UM-TS-026,1,38400
17427,U251211-09259,UM-TS-033,1,46100
17428,U251211-09259,UM-AC-014,1,22400
17429,U250729-09260,UM-BT-024,1,38200
17430,U250729-09260,UM-BT-020,1,75600
17431,U250729-09260,UM-AC-028,1,32000
17432,U260612-09261,UM-AC-001,1,55000
17433,U260612-09261,UM-BT-011,1,74400
17434,U260612-09261,UM-AC-011,1,69000
17435,U260419-09262,UM-OT-016,1,117500
17436,U260120-09263,UM-OT-016,1,109900
17437,U260120-09263,UM-BT-020,1,86600
17438,U260120-09263,UM-TS-006,1,75200
17439,U240708-09264,UM-SH-016,1,143300
17440,U240708-09264,UM-OT-006,1,289700
17441,U240708-09264,UM-BT-011,2,75800
17442,U231113-09265,UM-OT-026,1,98100
17443,U231113-09265,UM-TS-005,1,36400
17444,U231111-09266,UM-TS-037,2,26700
17445,U241023-09267,UM-TS-023,1,22300
17446,U240614-09268,UM-BT-010,1,82400
17447,U240614-09268,UM-TS-018,1,74600
17448,U260123-09269,UM-BT-006,3,56700
17449,U260227-09270,UM-SH-021,1,171400
17450,U260227-09270,UM-TS-009,1,49300
17451,U230801-09271,UM-AC-002,1,67800
17452,U240917-09272,UM-SH-019,1,142100
17453,U240917-09272,UM-TS-018,1,72600
17454,U251202-09273,UM-SH-016,1,114900
17455,U251202-09273,UM-SH-007,1,98600
17456,U251202-09273,UM-AC-024,1,41300
17457,U260706-09274,UM-BT-007,1,98600
17458,U260706-09274,UM-TS-007,1,40400
17459,U240211-09275,UM-AC-011,2,62300
17460,U240211-09275,UM-AC-027,1,57300
17461,U260622-09276,UM-BT-008,1,72500
17462,U260417-09277,UM-BT-001,1,35200
17463,U260125-09278,UM-AC-030,1,11900
17464,U260125-09278,UM-TS-021,3,45500
17465,U250921-09279,UM-TS-014,1,42200
17466,U250921-09279,UM-TS-018,1,59800
17467,U260804-09280,UM-BT-020,1,73700
17468,U260804-09280,UM-TS-002,1,31800
17469,U260804-09280,UM-TS-034,1,57300
17470,U240214-09281,UM-SH-005,1,76100
17471,U230703-09282,UM-BT-021,1,82400
17472,U241121-09283,UM-TS-016,1,76000
17473,U241121-09283,UM-AC-013,1,43200
17474,U241121-09283,UM-TS-013,1,19100
17475,U241121-09283,UM-SH-024,1,114500
17476,U230303-09284,UM-SH-014,1,96300
17477,U230303-09284,UM-BT-009,1,53900
17478,U260213-09285,UM-BT-005,1,103600
17479,U260830-09286,UM-TS-008,1,52500
17480,U260830-09286,UM-BT-008,1,75800
17481,U260830-09286,UM-SH-021,1,137700
17482,U260823-09287,UM-BT-017,1,34900
17483,U260901-09288,UM-BT-017,1,39600
17484,U260901-09288,UM-SH-010,2,133400
17485,U260901-09288,UM-OT-016,1,134600
17486,U240610-09289,UM-TS-028,2,61600
17487,U240610-09289,UM-BT-013,1,98200
17488,U251226-09290,UM-AC-020,1,81500
17489,U260413-09291,UM-SH-005,1,78300
17490,U260616-09292,UM-TS-037,1,23300
17491,U260616-09292,UM-BT-012,1,57700
17492,U260213-09293,UM-TS-009,1,59400
17493,U260213-09293,UM-OT-018,1,361800
17494,U240813-09294,UM-BT-004,2,59700
17495,U260118-09295,UM-BT-018,3,70000
17496,U260118-09295,UM-SH-002,1,229800
17497,U260118-09295,UM-BT-007,1,79900
17498,U251011-09296,UM-BT-008,1,76300
17499,U250925-09297,UM-SH-004,1,101900
17500,U240712-09298,UM-SH-006,1,241800
17501,U260501-09299,UM-TS-029,1,50700
17502,U260501-09299,UM-BT-011,2,85400
17503,U260323-09300,UM-TS-001,1,48600
17504,U260323-09300,UM-BT-008,2,64700
17505,U251202-09301,UM-SH-001,1,120500
17506,U250426-09302,UM-TS-012,1,33900
17507,U250719-09303,UM-SH-014,1,97900
17508,U250719-09303,UM-AC-012,1,42900
17509,U260703-09304,UM-OT-015,1,96200
17510,U240730-09305,UM-TS-031,2,30100
17511,U240730-09305,UM-AC-027,2,64900
17512,U241015-09306,UM-OT-016,1,124600
17513,U260720-09307,UM-TS-037,1,32700
17514,U260720-09307,UM-TS-003,1,70300
17515,U260720-09307,UM-SH-012,1,175000
17516,U260720-09307,UM-BT-006,1,62300
17517,U250608-09308,UM-TS-036,1,44700
17518,U251107-09309,UM-OT-010,1,193700
17519,U251107-09309,UM-SH-023,1,90900
17520,U260830-09310,UM-TS-035,1,22800
17521,U251009-09311,UM-BT-012,1,56000
17522,U250427-09312,UM-AC-014,1,24000
17523,U260205-09313,UM-OT-002,1,337300
17524,U260205-09313,UM-TS-014,1,48000
17525,U260205-09313,UM-BT-006,1,49200
17526,U260205-09313,UM-OT-004,1,235000
17527,U260804-09314,UM-SH-020,1,190900
17528,U260804-09314,UM-BT-012,2,66000
17529,U260817-09315,UM-SH-018,1,209200
17530,U260817-09315,UM-TS-008,1,59000
17531,U260817-09315,UM-AC-013,1,53100
17532,U260817-09315,UM-BT-019,1,37900
17533,U260817-09315,UM-SH-009,1,116900
17534,U260725-09316,UM-TS-022,1,45000
17535,U260725-09316,UM-TS-021,1,48200
17536,U260725-09316,UM-TS-012,2,42500
17537,U260811-09317,UM-BT-001,1,45400
17538,U250616-09318,UM-OT-012,1,214400
17539,U250616-09318,UM-OT-001,1,308600
17540,U260630-09319,UM-TS-018,2,80300
17541,U260630-09319,UM-AC-002,1,80700
17542,U241017-09320,UM-TS-037,1,32300
17543,U241017-09320,UM-SH-009,1,142100
17544,U250924-09321,UM-BT-003,2,53600
17545,U250924-09321,UM-TS-018,1,64500
17546,U250924-09321,UM-TS-017,1,55400
17547,U260412-09322,UM-BT-019,3,31100
17548,U250118-09323,UM-TS-018,1,62000
17549,U250118-09323,UM-TS-029,1,44100
17550,U241211-09324,UM-BT-022,1,71700
17551,U260605-09325,UM-SH-011,1,150800
17552,U251030-09326,UM-OT-009,1,303800
17553,U251220-09327,UM-BT-005,1,94200
17554,U241215-09328,UM-TS-002,1,33500
17555,U241215-09328,UM-BT-008,1,66200
17556,U260902-09329,UM-TS-025,3,54500
17557,U260902-09329,UM-TS-034,1,61500
17558,U260820-09330,UM-OT-019,1,165200
17559,U260820-09330,UM-BT-001,2,34500
17560,U260820-09330,UM-TS-014,1,44000
17561,U260816-09331,UM-TS-021,1,50800
17562,U260816-09331,UM-BT-023,1,88900
17563,U260816-09331,UM-TS-028,1,61900
17564,U260901-09332,UM-BT-003,1,63500
17565,U260901-09332,UM-SH-009,1,123700
17566,U260901-09332,UM-BT-013,1,121600
17567,U260901-09332,UM-AC-006,1,22200
17568,U260829-09333,UM-TS-011,1,84600
17569,U260829-09333,UM-BT-022,1,80000
17570,U260821-09334,UM-AC-004,3,15300
17571,U260821-09334,UM-SH-020,1,191700
17572,U260821-09334,UM-AC-007,2,11300
17573,U260823-09335,UM-BT-015,1,104800
17574,U260823-09335,UM-TS-018,1,65700
17575,U260830-09336,UM-TS-032,1,38300
17576,U260903-09337,UM-TS-003,1,72700
17577,U260901-09338,UM-AC-016,1,30800
17578,U260901-09338,UM-OT-019,1,177400
17579,U260901-09338,UM-TS-001,1,37300
17580,U260825-09339,UM-TS-009,1,61000
17581,U260825-09339,UM-OT-009,1,338000
17582,U260902-09340,UM-SH-023,2,104100
17583,U260902-09340,UM-AC-012,1,42800
17584,U260825-09341,UM-OT-017,1,319100
17585,U260815-09342,UM-OT-001,1,306100
17586,U260815-09342,UM-AC-021,1,22800
17587,U260815-09342,UM-OT-009,1,333100
17588,U260831-09343,UM-AC-030,1,12600
17589,U260830-09344,UM-AC-029,1,12600
17590,U260104-09345,UM-OT-018,1,321700
17591,U250702-09346,UM-AC-024,3,47600
17592,U260409-09347,UM-BT-014,1,69500
17593,U260409-09347,UM-TS-004,1,42600
17594,U260519-09348,UM-SH-002,1,180400
17595,U260519-09348,UM-TS-025,1,59300
17596,U260519-09348,UM-TS-020,2,42000
17597,U251222-09349,UM-OT-005,1,165000
17598,U240525-09350,UM-TS-020,1,44900
17599,U240817-09351,UM-TS-018,1,70700
17600,U240817-09351,UM-TS-022,1,36400
17601,U240817-09351,UM-SH-002,1,223900
17602,U260702-09352,UM-OT-016,1,140500
17603,U260702-09352,UM-BT-021,1,91000
17604,U260702-09352,UM-BT-006,1,53200
17605,U240626-09353,UM-OT-013,1,136900
17606,U240626-09353,UM-BT-003,1,64000
17607,U240626-09353,UM-SH-020,1,175400
17608,U260606-09354,UM-SH-017,1,122800
17609,U260606-09354,UM-BT-011,1,66800
17610,U260606-09354,UM-OT-014,1,170800
17611,U260606-09354,UM-SH-017,1,120200
17612,U240929-09355,UM-TS-029,1,53600
17613,U240929-09355,UM-TS-024,1,24700
17614,U260403-09356,UM-OT-024,1,339900
17615,U250923-09357,UM-OT-001,1,298300
17616,U250922-09358,UM-BT-012,1,63200
17617,U250922-09358,UM-TS-002,1,31100
17618,U250922-09358,UM-TS-003,2,57000
17619,U250922-09358,UM-AC-005,1,32600
17620,U250922-09358,UM-TS-021,1,54900
17621,U240715-09359,UM-BT-008,1,72000
17622,U240627-09360,UM-SH-004,1,95400
17623,U240627-09360,UM-SH-012,2,195000
17624,U240911-09361,UM-TS-015,1,16100
17625,U260319-09362,UM-BT-012,1,51300
17626,U260319-09362,UM-TS-007,1,47700
17627,U260319-09362,UM-TS-030,1,81800
17628,U251209-09363,UM-BT-013,3,94000
17629,U251226-09364,UM-AC-029,1,13300
17630,U260801-09365,UM-TS-028,1,82500
17631,U260801-09365,UM-TS-004,1,39100
17632,U260711-09366,UM-BT-007,1,73000
17633,U260711-09366,UM-OT-003,1,286100
17634,U260711-09366,UM-BT-004,1,52800
17635,U260711-09366,UM-SH-024,1,120300
17636,U260711-09366,UM-TS-019,1,73300
17637,U250109-09367,UM-TS-016,1,55500
17638,U250109-09367,UM-SH-015,1,104000
17639,U231203-09368,UM-TS-016,3,78700
17640,U231203-09368,UM-TS-013,1,21100
17641,U231203-09368,UM-SH-012,2,158500
17642,U260813-09369,UM-SH-013,1,158800
17643,U260228-09370,UM-OT-019,1,151600
17644,U250525-09371,UM-TS-009,1,56900
17645,U250525-09371,UM-BT-022,1,68200
17646,U250525-09371,UM-AC-018,1,43100
17647,U250525-09371,UM-AC-027,1,53600
17648,U260224-09372,UM-OT-023,2,334500
17649,U260224-09372,UM-TS-005,1,37600
17650,U260613-09373,UM-SH-003,2,175100
17651,U260901-09374,UM-BT-020,1,79800
17652,U260814-09375,UM-OT-008,2,248300
17653,U260322-09376,UM-TS-028,1,85100
17654,U260122-09377,UM-AC-012,1,47900
17655,U251208-09378,UM-OT-010,1,199100
17656,U251208-09378,UM-TS-030,1,74500
17657,U260629-09379,UM-BT-015,1,90400
17658,U260527-09380,UM-TS-002,1,33700
17659,U260527-09380,UM-SH-015,1,98700
17660,U260527-09380,UM-BT-014,1,61900
17661,U260203-09381,UM-BT-012,1,63800
17662,U250204-09382,UM-SH-014,1,103600
17663,U260813-09383,UM-BT-003,2,53100
17664,U260813-09383,UM-BT-003,1,60200
17665,U260309-09384,UM-TS-006,1,76700
17666,U260309-09384,UM-AC-031,1,65000
17667,U260202-09385,UM-TS-033,1,40800
17668,U260202-09385,UM-BT-021,1,88700
17669,U260202-09385,UM-OT-003,1,315700
17670,U260809-09386,UM-TS-007,1,45400
17671,U260809-09386,UM-BT-004,1,46400
17672,U250425-09387,UM-SH-015,1,106900
17673,U250425-09387,UM-TS-036,1,37300
17674,U250425-09387,UM-TS-010,1,33700
17675,U260815-09388,UM-SH-006,1,202800
17676,U251004-09389,UM-SH-010,1,134700
17677,U251004-09389,UM-BT-013,1,101600
17678,U260514-09390,UM-TS-010,1,33500
17679,U260514-09390,UM-BT-019,1,28100
17680,U260819-09391,UM-TS-006,1,84700
17681,U260819-09391,UM-SH-002,1,186500
17682,U260819-09391,UM-TS-025,1,64300
17683,U260819-09391,UM-TS-036,1,39600
17684,U260819-09391,UM-TS-022,1,48000
17685,U250718-09392,UM-AC-003,2,12500
17686,U251030-09393,UM-SH-013,1,159000
17687,U251030-09393,UM-BT-016,1,113200
17688,U250718-09394,UM-AC-029,1,13700
17689,U250718-09394,UM-SH-021,1,154700
17690,U250718-09394,UM-BT-018,1,62800
17691,U260709-09395,UM-TS-023,1,21700
17692,U260709-09395,UM-SH-021,1,157600
17693,U260709-09395,UM-TS-033,1,39000
17694,U250911-09396,UM-AC-016,1,35500
17695,U250911-09396,UM-TS-023,1,23800
17696,U260831-09397,UM-OT-022,1,221900
17697,U260620-09398,UM-BT-022,2,62500
17698,U260620-09398,UM-BT-025,2,102200
17699,U251001-09399,UM-SH-006,1,175400
17700,U251001-09399,UM-BT-024,1,39900
17701,U251023-09400,UM-TS-013,3,18400
17702,U251023-09400,UM-BT-024,1,49400
17703,U251023-09400,UM-BT-007,2,77300
17704,U260716-09401,UM-AC-014,1,22400
17705,U260716-09401,UM-TS-020,1,34900
17706,U251129-09402,UM-BT-007,3,89900
17707,U260425-09403,UM-BT-007,1,84700
17708,U250815-09404,UM-TS-024,1,21400
17709,U260513-09405,UM-BT-012,1,55900
17710,U260127-09406,UM-TS-027,1,74900
17711,U260127-09406,UM-AC-004,1,16000
17712,U250816-09407,UM-OT-022,1,231300
17713,U251103-09408,UM-TS-010,1,24400
17714,U251103-09408,UM-AC-014,1,26600
17715,U260811-09409,UM-SH-011,1,123500
17716,U260729-09410,UM-BT-008,1,65000
17717,U260321-09411,UM-BT-011,1,73200
17718,U260321-09411,UM-TS-001,1,38200
17719,U260224-09412,UM-AC-012,1,37500
17720,U260818-09413,UM-OT-016,1,137800
17721,U260818-09413,UM-BT-009,1,60700
17722,U260828-09414,UM-TS-015,1,15300
17723,U260821-09415,UM-BT-007,1,93600
17724,U260821-09415,UM-TS-025,1,62200
17725,U260821-09415,UM-TS-034,1,50400
17726,U260821-09415,UM-OT-026,3,120100
17727,U260821-09415,UM-AC-001,1,64500
17728,U260830-09416,UM-OT-026,1,91900
17729,U260819-09417,UM-SH-012,1,192000
17730,U260902-09418,UM-TS-002,1,38300
17731,U260902-09418,UM-TS-014,1,55600
17732,U260902-09418,UM-OT-018,1,319000
17733,U260902-09418,UM-SH-006,1,204700
17734,U260901-09419,UM-TS-001,1,44200
17735,U260902-09420,UM-AC-026,2,57500
17736,U260702-09421,UM-SH-019,1,156700
17737,U260827-09422,UM-TS-031,1,29500
17738,U260806-09423,UM-TS-015,1,15300
17739,U260806-09423,UM-AC-025,1,65300
17740,U260512-09424,UM-AC-024,1,49700
17741,U260512-09424,UM-TS-001,1,45900
17742,U260326-09425,UM-TS-009,2,50500
17743,U260415-09426,UM-BT-007,1,94500
17744,U260610-09427,UM-AC-028,1,43800
17745,U260610-09427,UM-BT-025,1,105800
17746,U260610-09427,UM-TS-025,1,45800
17747,U260730-09428,UM-AC-016,1,30900
17748,U260730-09428,UM-SH-020,1,199500
17749,U260705-09429,UM-BT-020,1,83400
17750,U260718-09430,UM-BT-012,3,48800
17751,U260814-09431,UM-TS-024,1,19200
17752,U260814-09431,UM-TS-030,1,61000
17753,U260814-09431,UM-TS-017,1,40400
17754,U260726-09432,UM-TS-017,1,44100
17755,U260702-09433,UM-AC-012,1,45500
17756,U260702-09433,UM-AC-025,1,73600
17757,U260702-09433,UM-BT-019,3,29100
17758,U260903-09434,UM-TS-019,3,79500
17759,U260713-09435,UM-TS-005,1,46100
17760,U260713-09435,UM-TS-025,1,49700
17761,U230313-09436,UM-OT-022,1,237800
17762,U250422-09437,UM-TS-033,1,47700
17763,U250422-09437,UM-SH-009,1,153200
17764,U250422-09437,UM-SH-007,1,75200
17765,U250804-09438,UM-OT-014,1,123700
17766,U250804-09438,UM-AC-006,1,21200
17767,U251221-09439,UM-AC-014,1,26900
17768,U251221-09439,UM-TS-022,1,41000
17769,U260526-09440,UM-BT-008,1,81300
17770,U260526-09440,UM-SH-004,1,111200
17771,U260526-09440,UM-OT-026,1,102500
17772,U260526-09440,UM-BT-001,1,42000
17773,U260721-09441,UM-SH-024,1,125000
17774,U260721-09441,UM-OT-015,3,106100
17775,U260721-09441,UM-TS-027,1,81000
17776,U260801-09442,UM-BT-024,1,45800
17777,U260801-09442,UM-AC-013,1,40200
17778,U260801-09442,UM-OT-006,1,255400
17779,U251215-09443,UM-BT-011,1,65300
17780,U251215-09443,UM-AC-015,1,53000
17781,U260630-09444,UM-BT-020,1,73500
17782,U260713-09445,UM-OT-023,1,297200
17783,U260713-09445,UM-SH-022,1,106900
17784,U260713-09445,UM-BT-018,1,58500
17785,U260713-09445,UM-OT-024,1,323500
17786,U260802-09446,UM-OT-017,2,270500
17787,U260802-09446,UM-TS-036,1,37900
17788,U260802-09446,UM-SH-008,1,211900
17789,U260627-09447,UM-TS-030,1,66800
17790,U260627-09447,UM-TS-027,1,78900
17791,U260529-09448,UM-SH-019,1,144500
17792,U260529-09448,UM-BT-003,1,68800
17793,U260415-09449,UM-SH-005,3,85000
17794,U260415-09449,UM-TS-013,1,19800
17795,U241116-09450,UM-BT-019,1,28300
17796,U241114-09451,UM-SH-015,1,82900
17797,U260615-09452,UM-TS-024,1,20700
17798,U251028-09453,UM-AC-011,1,68700
17799,U251028-09453,UM-BT-013,1,114900
17800,U260613-09454,UM-SH-012,1,166400
17801,U260613-09454,UM-TS-004,1,46800
17802,U260613-09454,UM-SH-021,1,182800
17803,U260613-09454,UM-SH-015,2,101400
17804,U260613-09454,UM-TS-029,1,40800
17805,U250112-09455,UM-AC-020,2,67800
17806,U250112-09455,UM-BT-004,1,53700
17807,U250112-09455,UM-SH-015,2,98900
17808,U260430-09456,UM-OT-018,1,363800
17809,U260430-09456,UM-BT-005,1,102500
17810,U260517-09457,UM-TS-037,3,30100
17811,U260525-09458,UM-TS-015,1,15600
17812,U260525-09458,UM-OT-025,2,278400
17813,U260525-09458,UM-BT-022,1,79700
17814,U260525-09458,UM-OT-007,1,104500
17815,U250705-09459,UM-BT-004,2,56900
17816,U250705-09459,UM-TS-021,1,40200
17817,U251122-09460,UM-TS-008,2,57800
17818,U251122-09460,UM-BT-019,1,28000
17819,U251122-09460,UM-SH-011,1,117800
17820,U251122-09460,UM-BT-014,1,63100
17821,U250210-09461,UM-SH-014,1,103400
17822,U250210-09461,UM-OT-025,1,294500
17823,U260729-09462,UM-SH-021,3,165100
17824,U260729-09462,UM-TS-010,1,25200
17825,U260510-09463,UM-TS-034,1,56400
17826,U260510-09463,UM-TS-032,1,40200
17827,U251120-09464,UM-OT-009,2,352800
17828,U260213-09465,UM-SH-003,1,173200
17829,U260530-09466,UM-BT-005,1,98600
17830,U260715-09467,UM-OT-024,1,319900
17831,U260715-09467,UM-TS-033,1,41600
17832,U260715-09467,UM-BT-020,1,78900
17833,U260715-09467,UM-TS-012,1,41500
17834,U260715-09467,UM-AC-023,1,84200
17835,U260217-09468,UM-BT-020,1,71800
17836,U250918-09469,UM-TS-015,1,18400
17837,U250918-09469,UM-BT-017,1,31300
17838,U250918-09469,UM-OT-002,1,267500
17839,U250918-09469,UM-BT-020,1,77600
17840,U250918-09469,UM-AC-025,1,61900
17841,U260129-09470,UM-BT-023,1,101600
17842,U260129-09470,UM-BT-023,1,92100
17843,U260827-09471,UM-SH-024,1,105800
17844,U260827-09471,UM-BT-003,1,64800
17845,U260724-09472,UM-OT-004,1,247200
17846,U260724-09472,UM-SH-022,1,133200
17847,U260724-09472,UM-TS-017,2,56700
17848,U260727-09473,UM-OT-017,1,327200
17849,U260727-09473,UM-SH-013,1,163100
17850,U260727-09473,UM-AC-011,1,71900
17851,U260304-09474,UM-OT-023,1,309600
17852,U250728-09475,UM-TS-008,1,56100
17853,U250728-09475,UM-AC-017,1,22500
17854,U250701-09476,UM-TS-036,2,39900
17855,U250701-09476,UM-BT-021,1,87800
17856,U260308-09477,UM-OT-015,3,100200
17857,U260727-09478,UM-TS-017,1,56400
17858,U260427-09479,UM-SH-015,1,105900
17859,U260427-09479,UM-TS-027,1,77500
17860,U260216-09480,UM-TS-035,1,18000
17861,U251227-09481,UM-TS-003,1,78000
17862,U260707-09482,UM-AC-007,1,14000
17863,U260707-09482,UM-TS-024,2,25600
17864,U260707-09482,UM-OT-026,1,100600
17865,U260112-09483,UM-SH-019,1,162800
17866,U260112-09483,UM-SH-013,1,208000
17867,U260527-09484,UM-OT-014,1,167700
17868,U251220-09485,UM-SH-010,1,136900
17869,U260628-09486,UM-TS-006,1,65500
17870,U260628-09486,UM-TS-029,1,46100
17871,U250908-09487,UM-AC-006,1,21700
17872,U250814-09488,UM-TS-025,2,56700
17873,U250814-09488,UM-SH-013,1,177700
17874,U260208-09489,UM-TS-030,1,74700
17875,U260808-09490,UM-BT-014,1,61300
17876,U260808-09490,UM-AC-029,1,11500
17877,U260808-09490,UM-SH-021,2,179300
17878,U260810-09491,UM-TS-009,1,53100
17879,U260810-09491,UM-AC-021,1,21600
17880,U260810-09491,UM-TS-029,1,42500
17881,U260810-09492,UM-AC-031,1,61000
17882,U260810-09492,UM-AC-029,1,11500
17883,U260414-09493,UM-TS-012,2,40700
17884,U250531-09494,UM-TS-002,1,37300
17885,U241213-09495,UM-SH-009,1,142500
17886,U260519-09496,UM-TS-028,1,71900
17887,U260519-09496,UM-BT-002,1,75200
17888,U260519-09496,UM-BT-004,1,53600
17889,U260519-09496,UM-BT-010,1,106200
17890,U241210-09497,UM-AC-012,2,46300
17891,U241210-09497,UM-AC-024,1,39100
17892,U250622-09498,UM-AC-025,2,69000
17893,U240821-09499,UM-TS-031,1,30500
17894,U251223-09500,UM-BT-015,1,86100
17895,U251223-09500,UM-TS-010,1,31400
17896,U260213-09501,UM-BT-011,1,82600
17897,U260506-09502,UM-AC-009,1,66900
17898,U260108-09503,UM-BT-011,1,76400
17899,U260108-09503,UM-SH-010,1,134800
17900,U260108-09503,UM-SH-016,1,121900
17901,U260108-09503,UM-TS-015,1,16600
17902,U260511-09504,UM-BT-005,1,116700
17903,U260318-09505,UM-TS-026,1,33000
17904,U260319-09506,UM-AC-023,1,60400
17905,U240324-09507,UM-TS-007,1,38700
17906,U240324-09507,UM-SH-016,1,152100
17907,U260814-09508,UM-BT-012,1,56600
17908,U260814-09508,UM-OT-005,1,200200
17909,U251103-09509,UM-OT-007,1,83700
17910,U251103-09509,UM-TS-023,2,28900
17911,U251103-09509,UM-TS-023,1,29500
17912,U251103-09509,UM-AC-022,1,17500
17913,U260228-09510,UM-AC-021,1,19500
17914,U260228-09510,UM-SH-001,1,99400
17915,U250505-09511,UM-BT-006,1,55600
17916,U250901-09512,UM-SH-001,1,117900
17917,U250301-09513,UM-AC-019,1,62000
17918,U250301-09513,UM-BT-018,1,66700
17919,U260627-09514,UM-BT-024,3,47300
17920,U260627-09514,UM-SH-009,1,141400
17921,U260627-09514,UM-TS-028,1,77700
17922,U260627-09514,UM-OT-007,2,92800
17923,U260422-09515,UM-TS-006,1,75200
17924,U260422-09515,UM-AC-026,1,47900
17925,U250302-09516,UM-AC-009,1,55100
17926,U250302-09516,UM-TS-022,1,46900
17927,U241028-09517,UM-OT-026,1,106200
17928,U241028-09517,UM-TS-008,1,48300
17929,U250620-09518,UM-TS-024,1,23800
17930,U250620-09518,UM-TS-015,2,16400
17931,U250620-09518,UM-TS-024,1,23500
17932,U250620-09518,UM-TS-032,1,36100
17933,U250614-09519,UM-TS-012,1,40100
17934,U260625-09520,UM-AC-030,1,9800
17935,U260625-09520,UM-BT-020,1,81300
17936,U260625-09520,UM-BT-010,1,104700
17937,U260625-09520,UM-TS-029,1,44400
17938,U260625-09520,UM-AC-007,2,10900
17939,U260305-09521,UM-OT-022,2,209500
17940,U260305-09521,UM-BT-015,1,81400
17941,U250129-09522,UM-TS-009,1,64800
17942,U250626-09523,UM-OT-022,1,186700
17943,U250626-09523,UM-SH-002,2,208200
17944,U230329-09524,UM-BT-011,1,68400
17945,U231129-09525,UM-AC-026,1,67400
17946,U231129-09525,UM-TS-014,3,48600
17947,U240731-09526,UM-TS-024,1,23700
17948,U260305-09527,UM-BT-018,1,61500
17949,U260715-09528,UM-OT-018,1,322100
17950,U260715-09528,UM-TS-009,1,59800
17951,U260426-09529,UM-OT-023,2,285300
17952,U260518-09530,UM-AC-028,1,40600
17953,U260518-09530,UM-OT-021,1,159300
17954,U260502-09531,UM-TS-036,1,51000
17955,U260502-09531,UM-BT-009,2,49500
17956,U260502-09531,UM-TS-036,3,51400
17957,U260626-09532,UM-TS-004,1,40900
17958,U260626-09532,UM-BT-015,3,84000
17959,U260626-09532,UM-OT-006,1,234200
17960,U260314-09533,UM-TS-028,1,77900
17961,U260314-09533,UM-SH-009,1,139000
17962,U260805-09534,UM-OT-007,1,106600
17963,U260705-09535,UM-BT-024,1,39400
17964,U260705-09535,UM-AC-010,1,47400
17965,U260722-09536,UM-TS-012,1,38600
17966,U260525-09537,UM-BT-019,1,27300
17967,U260525-09537,UM-OT-006,2,291700
17968,U260314-09538,UM-SH-009,1,146700
17969,U260314-09538,UM-AC-010,1,53100
17970,U260314-09538,UM-TS-025,1,58300
17971,U260314-09538,UM-TS-001,2,36600
17972,U260410-09539,UM-TS-031,1,31300
17973,U260410-09539,UM-TS-001,1,42100
17974,U251113-09540,UM-BT-012,1,62800
17975,U260713-09541,UM-SH-023,1,99400
17976,U260713-09541,UM-TS-028,3,67100
17977,U251108-09542,UM-OT-023,1,290500
17978,U251108-09542,UM-TS-029,1,53400
17979,U240922-09543,UM-TS-002,1,38900
17980,U260612-09544,UM-OT-008,1,194900
17981,U260612-09544,UM-AC-024,1,44100
17982,U260612-09544,UM-TS-020,1,42100
17983,U260306-09545,UM-OT-018,1,329400
17984,U260417-09546,UM-BT-025,3,101600
17985,U260726-09547,UM-SH-019,2,132000
17986,U260726-09547,UM-SH-006,1,182300
17987,U260726-09547,UM-TS-033,1,42000
17988,U260708-09548,UM-SH-022,1,108900
17989,U260708-09548,UM-TS-031,3,28500
17990,U260115-09549,UM-BT-025,1,102900
17991,U260115-09549,UM-TS-018,1,63100
17992,U250820-09550,UM-OT-011,1,59500
17993,U250820-09550,UM-SH-002,2,200900
17994,U260313-09551,UM-TS-003,1,67900
17995,U260313-09551,UM-TS-013,1,23200
17996,U260831-09552,UM-TS-036,1,51500
17997,U260222-09553,UM-AC-009,1,66100
17998,U260408-09554,UM-AC-009,1,67000
17999,U251125-09555,UM-TS-006,1,83100
18000,U251125-09555,UM-BT-015,1,77500
18001,U260719-09556,UM-BT-003,1,52300
18002,U260719-09556,UM-TS-029,1,42600
18003,U260719-09556,UM-TS-037,2,23200
18004,U260719-09556,UM-SH-023,1,102100
18005,U260804-09557,UM-TS-017,1,55300
18006,U260902-09558,UM-TS-017,1,54500
18007,U260825-09559,UM-TS-035,1,21100
18008,U251002-09560,UM-SH-001,1,106100
18009,U251002-09560,UM-OT-002,1,321400
18010,U251002-09560,UM-TS-022,1,47700
18011,U260823-09561,UM-TS-029,1,55100
18012,U260823-09561,UM-SH-001,1,100600
18013,U260621-09562,UM-BT-020,1,66900
18014,U260621-09562,UM-BT-013,1,115900
18015,U260501-09563,UM-SH-005,1,70200
18016,U260501-09563,UM-TS-023,1,28200
18017,U260501-09563,UM-OT-014,1,144600
18018,U260818-09564,UM-AC-024,1,49800
18019,U260818-09564,UM-SH-008,2,194700
18020,U260329-09565,UM-SH-014,1,89900
18021,U260329-09565,UM-TS-018,2,75200
18022,U260329-09565,UM-TS-001,1,48300
18023,U260329-09565,UM-AC-004,2,14300
18024,U260329-09565,UM-BT-004,1,44500
18025,U260829-09566,UM-AC-009,1,75300
18026,U260829-09566,UM-SH-012,1,147800
18027,U260827-09567,UM-AC-006,1,20200
18028,U260902-09568,UM-BT-001,1,39100
18029,U260902-09568,UM-TS-004,1,50500
18030,U260902-09568,UM-OT-002,1,306200
18031,U260902-09568,UM-AC-003,2,12700
18032,U260902-09568,UM-OT-008,1,267100
18033,U260802-09569,UM-BT-002,2,60600
18034,U260730-09570,UM-OT-021,1,121300
18035,U251213-09571,UM-OT-018,1,381400
18036,U250208-09572,UM-SH-012,1,160400
18037,U260430-09573,UM-OT-021,1,124800
18038,U250918-09574,UM-SH-022,1,130400
18039,U250918-09574,UM-SH-002,1,184700
18040,U260802-09575,UM-AC-018,1,40000
18041,U260802-09575,UM-BT-023,3,101900
18042,U260803-09576,UM-BT-011,1,75700
18043,U250918-09577,UM-AC-019,1,56100
18044,U250918-09577,UM-AC-014,1,25200
18045,U260617-09578,UM-AC-022,1,15100
18046,U260617-09578,UM-AC-004,1,14900
18047,U260617-09578,UM-TS-036,1,43700
18048,U260617-09578,UM-OT-026,1,118700
18049,U260617-09578,UM-TS-018,1,70000
18050,U260610-09579,UM-TS-012,1,37100
18051,U260613-09580,UM-TS-003,1,73400
18052,U260611-09581,UM-OT-001,1,326300
18053,U260611-09581,UM-SH-015,1,103100
18054,U260612-09582,UM-OT-019,1,179400
18055,U260612-09582,UM-BT-006,2,55800
18056,U260612-09582,UM-SH-024,2,121900
18057,U260818-09583,UM-TS-005,1,46600
18058,U260818-09583,UM-AC-011,1,65800
18059,U260419-09584,UM-OT-007,1,114000
18060,U260419-09584,UM-TS-010,1,24800
18061,U260419-09584,UM-OT-011,1,69900
18062,U260823-09585,UM-BT-009,1,51500
18063,U221110-09586,UM-TS-017,2,54200
18064,U221110-09586,UM-SH-014,1,107700
18065,U220807-09587,UM-TS-022,1,38900
18066,U231016-09588,UM-BT-003,3,69000
18067,U231016-09588,UM-AC-003,1,15700
18068,U250725-09589,UM-BT-018,1,79400
18069,U250725-09589,UM-BT-021,1,77100
18070,U250725-09589,UM-TS-015,3,15600
18071,U250725-09589,UM-OT-018,1,311000
18072,U260821-09590,UM-TS-003,1,62100
18073,U260821-09590,UM-TS-015,1,18500
18074,U260821-09590,UM-BT-017,1,35100
18075,U260506-09591,UM-OT-003,1,258400
18076,U251021-09592,UM-AC-023,1,75600
18077,U260828-09593,UM-TS-013,2,20500
18078,U260119-09594,UM-BT-018,1,69800
18079,U260119-09594,UM-OT-012,1,178300
18080,U260119-09594,UM-TS-033,1,44200
18081,U250902-09595,UM-AC-015,1,62700
18082,U250902-09595,UM-AC-023,2,78500
18083,U250902-09595,UM-TS-018,1,80100
18084,U260120-09596,UM-AC-023,3,68400
18085,U260417-09597,UM-BT-005,2,109000
18086,U260803-09598,UM-SH-019,1,151300
18087,U260803-09598,UM-TS-004,1,46500
18088,U260803-09598,UM-BT-003,2,57000
18089,U260706-09599,UM-BT-016,1,113800
18090,U260706-09599,UM-BT-005,1,99900
18091,U260702-09600,UM-TS-002,1,40900
18092,U260602-09601,UM-TS-012,1,44900
18093,U260728-09602,UM-SH-010,1,140400
18094,U260716-09603,UM-BT-022,2,80300
18095,U240225-09604,UM-TS-010,1,31900
18096,U240225-09604,UM-TS-002,1,43100
18097,U240225-09604,UM-TS-012,1,38400
18098,U260702-09605,UM-OT-016,1,142300
18099,U231025-09606,UM-BT-022,1,59200
18100,U250506-09607,UM-AC-011,1,70900
18101,U250506-09607,UM-TS-014,2,42800
18102,U250506-09607,UM-BT-017,1,37400
18103,U250712-09608,UM-SH-002,1,215900
18104,U241029-09609,UM-TS-017,1,49200
18105,U241029-09609,UM-OT-017,1,298500
18106,U240922-09610,UM-TS-031,1,26700
18107,U250407-09611,UM-TS-007,2,43300
18108,U260823-09612,UM-BT-003,1,63800
18109,U260823-09612,UM-BT-006,1,54800
18110,U260823-09612,UM-TS-035,1,19300
18111,U260823-09612,UM-BT-011,1,72400
18112,U260823-09612,UM-TS-012,1,44900
18113,U250130-09613,UM-AC-001,1,68500
18114,U250130-09613,UM-TS-005,1,35500
18115,U251102-09614,UM-TS-030,1,58900
18116,U251102-09614,UM-OT-022,1,209300
18117,U250201-09615,UM-BT-013,1,93700
18118,U250117-09616,UM-OT-019,2,185300
18119,U250117-09616,UM-AC-014,1,24200
18120,U250117-09616,UM-BT-016,1,101400
18121,U240704-09617,UM-TS-023,1,30900
18122,U241230-09618,UM-TS-009,1,52400
18123,U241230-09618,UM-TS-027,2,85300
18124,U260702-09619,UM-OT-001,1,374900
18125,U260702-09619,UM-SH-012,2,181900
18126,U251222-09620,UM-TS-011,1,72600
18127,U251222-09620,UM-OT-008,1,231000
18128,U251222-09620,UM-SH-004,1,119200
18129,U241012-09621,UM-TS-018,3,58500
18130,U260702-09622,UM-AC-005,1,35900
18131,U260102-09623,UM-BT-014,1,53800
18132,U260102-09623,UM-TS-016,1,74600
18133,U260102-09623,UM-BT-023,3,89900
18134,U260429-09624,UM-BT-001,1,38500
18135,U260221-09625,UM-SH-020,1,209300
18136,U260221-09625,UM-TS-003,1,66700
18137,U260609-09626,UM-BT-015,1,84300
18138,U260609-09626,UM-TS-010,2,27900
18139,U260821-09627,UM-TS-019,1,87800
18140,U260821-09627,UM-TS-002,1,42000
18141,U260821-09627,UM-TS-025,1,49900
18142,U260716-09628,UM-BT-005,1,112300
18143,U250907-09629,UM-TS-002,1,43000
18144,U250907-09629,UM-TS-027,1,79900
18145,U241127-09630,UM-AC-017,1,23300
18146,U241126-09631,UM-AC-004,1,14700
18147,U241126-09631,UM-TS-006,1,71600
18148,U241126-09631,UM-AC-011,2,76400
18149,U241126-09631,UM-TS-004,1,44500
18150,U241127-09632,UM-TS-035,1,21600
18151,U250318-09633,UM-TS-008,1,53800
18152,U260219-09634,UM-BT-007,1,92000
18153,U260219-09634,UM-BT-020,1,84400
18154,U260219-09634,UM-BT-023,1,114300
18155,U241027-09635,UM-BT-024,1,42200
18156,U250916-09636,UM-SH-022,2,137700
18157,U260805-09637,UM-BT-010,1,103800
18158,U260403-09638,UM-TS-037,1,24800
18159,U260403-09638,UM-BT-004,1,42400
18160,U260403-09638,UM-OT-007,1,100100
18161,U251213-09639,UM-BT-009,1,54300
18162,U260801-09640,UM-AC-027,1,59400
18163,U260801-09640,UM-BT-025,1,89900
18164,U250728-09641,UM-TS-022,2,47600
18165,U250728-09641,UM-OT-009,1,350400
18166,U250728-09641,UM-OT-019,1,189500
18167,U260127-09642,UM-SH-008,1,198000
18168,U260127-09642,UM-BT-016,1,114200
18169,U250211-09643,UM-BT-017,2,43300
18170,U250211-09643,UM-TS-010,1,24100
18171,U250211-09643,UM-SH-023,1,102900
18172,U250211-09643,UM-TS-018,1,76200
18173,U250211-09643,UM-AC-017,3,30900
18174,U251229-09644,UM-BT-001,1,43300
18175,U251229-09644,UM-BT-007,1,88700
18176,U251229-09644,UM-BT-018,1,70200
18177,U260417-09645,UM-TS-018,1,64500
18178,U260417-09645,UM-TS-025,2,57300
18179,U260417-09645,UM-BT-025,1,79500
18180,U260522-09646,UM-BT-005,1,95300
18181,U260522-09646,UM-OT-016,1,133500
18182,U260522-09646,UM-TS-024,1,25200
18183,U260522-09646,UM-BT-003,1,68300
18184,U260728-09647,UM-AC-027,1,55600
18185,U260728-09647,UM-TS-006,1,80500
18186,U260811-09648,UM-AC-006,3,21000
18187,U260811-09648,UM-AC-026,2,53200
18188,U260811-09648,UM-SH-012,1,198600
18189,U260811-09648,UM-OT-012,1,176000
18190,U260811-09649,UM-BT-019,1,28500
18191,U260901-09650,UM-TS-005,1,36900
18192,U260727-09651,UM-TS-004,1,44600
18193,U260727-09651,UM-TS-005,1,39900
18194,U260727-09651,UM-BT-012,1,50900
18195,U260727-09651,UM-AC-027,1,61400
18196,U260727-09651,UM-TS-034,1,57100
18197,U260714-09652,UM-AC-020,1,75400
18198,U260731-09653,UM-TS-018,1,80100
18199,U260720-09654,UM-TS-017,1,45300
18200,U260720-09654,UM-OT-005,1,154500
18201,U260804-09655,UM-TS-008,1,61500
18202,U260804-09655,UM-TS-020,2,41400
18203,U260812-09656,UM-TS-035,1,18300
18204,U260812-09656,UM-SH-008,1,162100
18205,U260728-09657,UM-SH-002,1,231400
18206,U260707-09658,UM-TS-031,2,29000
18207,U260707-09658,UM-TS-021,2,44200
18208,U260814-09659,UM-BT-002,1,70300
18209,U260814-09659,UM-SH-021,1,173000
18210,U260730-09660,UM-TS-008,1,54400
18211,U260731-09661,UM-TS-034,1,54900
18212,U260717-09662,UM-TS-029,1,45000
18213,U260823-09663,UM-OT-012,1,189300
18214,U260823-09663,UM-AC-017,1,27400
18215,U260721-09664,UM-AC-015,1,59800
18216,U260721-09664,UM-SH-022,1,131100
18217,U260713-09665,UM-BT-017,1,34100
18218,U260713-09665,UM-OT-012,1,203600
18219,U260222-09666,UM-AC-027,1,68500
18220,U260222-09666,UM-AC-014,1,27100
18221,U260320-09667,UM-TS-007,1,49900
18222,U260320-09667,UM-BT-015,1,103700
18223,U260320-09667,UM-TS-032,1,31800
18224,U250213-09668,UM-OT-024,1,289800
18225,U260728-09669,UM-SH-015,1,106600
18226,U260728-09669,UM-BT-020,2,79500
18227,U240910-09670,UM-BT-010,1,78600
18228,U240910-09670,UM-OT-018,1,311300
18229,U260902-09671,UM-BT-021,1,70000
18230,U260902-09671,UM-BT-020,1,75600
18231,U260902-09671,UM-SH-019,1,170200
18232,U250901-09672,UM-TS-021,1,43200
18233,U250901-09672,UM-SH-003,1,167500
18234,U240715-09673,UM-TS-030,1,73700
18235,U241230-09674,UM-OT-006,1,265500
18236,U241230-09674,UM-BT-007,1,92500
18237,U250628-09675,UM-TS-030,1,60400
18238,U250628-09675,UM-BT-023,1,97600
18239,U250628-09675,UM-BT-021,1,85600
18240,U250705-09676,UM-OT-003,1,267700
18241,U250705-09676,UM-AC-020,1,75200
18242,U250705-09676,UM-OT-002,2,332100
18243,U251125-09677,UM-TS-007,1,36300
18244,U260529-09678,UM-BT-004,2,52000
18245,U260529-09678,UM-TS-035,1,18500
18246,U260529-09678,UM-OT-015,1,102700
18247,U260529-09678,UM-AC-025,1,59000
18248,U250909-09679,UM-OT-021,1,148100
18249,U250909-09679,UM-OT-002,2,305800
18250,U260810-09680,UM-TS-015,3,15200
18251,U260810-09680,UM-TS-016,1,57600
18252,U260112-09681,UM-SH-013,1,155600
18253,U260427-09682,UM-SH-002,1,178200
18254,U260417-09683,UM-TS-012,1,42500
18255,U260417-09683,UM-BT-021,1,76800
18256,U260417-09683,UM-BT-023,1,102400
18257,U241029-09684,UM-TS-020,1,34000
18258,U241029-09684,UM-SH-002,3,177100
18259,U241118-09685,UM-TS-024,2,18300
18260,U250502-09686,UM-SH-011,1,116000
18261,U250502-09686,UM-OT-021,1,125100
18262,U250502-09686,UM-TS-030,1,72600
18263,U250502-09686,UM-TS-008,1,57400
18264,U251124-09687,UM-TS-013,1,17800
18265,U251124-09687,UM-OT-012,1,209300
18266,U251124-09687,UM-TS-023,1,24800
18267,U251124-09687,UM-AC-001,1,54200
18268,U251124-09687,UM-AC-025,1,76100
18269,U260325-09688,UM-BT-008,1,89400
18270,U260301-09689,UM-BT-012,1,65100
18271,U260301-09689,UM-OT-013,1,149700
18272,U250705-09690,UM-AC-028,1,44400
18273,U250705-09690,UM-TS-036,1,47000
18274,U260903-09691,UM-TS-025,1,50000
18275,U260903-09691,UM-AC-001,3,55700
18276,U260903-09691,UM-TS-007,1,37400
18277,U260627-09692,UM-TS-018,1,75500
18278,U260627-09692,UM-OT-006,1,253400
18279,U260726-09693,UM-TS-025,1,56100
18280,U260615-09694,UM-TS-029,1,45600
18281,U260426-09695,UM-BT-005,1,113300
18282,U260426-09695,UM-OT-016,1,106300
18283,U260426-09695,UM-BT-010,1,105700
18284,U251112-09696,UM-SH-017,2,132700
18285,U251112-09696,UM-AC-017,1,28900
18286,U260705-09697,UM-TS-033,2,45400
18287,U251120-09698,UM-OT-003,1,249100
18288,U251120-09698,UM-SH-015,1,94500
18289,U260524-09699,UM-SH-011,1,155000
18290,U260524-09699,UM-SH-007,2,91900
18291,U260323-09700,UM-SH-020,1,198300
18292,U260323-09700,UM-AC-012,1,51000
18293,U260813-09701,UM-TS-010,3,31800
18294,U260824-09702,UM-SH-009,1,125800
18295,U260612-09703,UM-TS-010,1,25800
18296,U260612-09703,UM-SH-002,1,188300
18297,U260716-09704,UM-BT-018,2,65300
18298,U260716-09704,UM-TS-009,1,55700
18299,U240629-09705,UM-SH-006,1,181100
18300,U260122-09706,UM-BT-021,1,92300
18301,U250628-09707,UM-TS-014,2,41800
18302,U260704-09708,UM-BT-009,1,49700
18303,U260704-09708,UM-OT-007,1,89600
18304,U260720-09709,UM-SH-005,1,87500
18305,U251112-09710,UM-SH-020,1,164400
18306,U250225-09711,UM-AC-021,1,21600
18307,U250225-09711,UM-TS-022,1,34600
18308,U250225-09711,UM-AC-029,1,12100
18309,U260704-09712,UM-TS-022,1,47800
18310,U260205-09713,UM-OT-019,1,169800
18311,U260824-09714,UM-SH-001,1,127400
18312,U251220-09715,UM-TS-030,1,70700
18313,U240122-09716,UM-TS-017,1,56900
18314,U260211-09717,UM-BT-005,1,83900
18315,U251117-09718,UM-AC-028,1,37300
18316,U240831-09719,UM-TS-036,1,47100
18317,U250420-09720,UM-TS-025,1,47200
18318,U250420-09720,UM-SH-018,2,185200
18319,U260210-09721,UM-TS-029,1,49100
18320,U260210-09721,UM-TS-017,1,56700
18321,U260805-09722,UM-AC-030,1,13000
18322,U260805-09722,UM-SH-018,2,178100
18323,U250818-09723,UM-TS-022,1,42900
18324,U260715-09724,UM-TS-032,1,38000
18325,U260715-09724,UM-BT-016,1,83600
18326,U260715-09724,UM-AC-029,1,11900
18327,U260715-09724,UM-BT-024,3,48200
18328,U260330-09725,UM-SH-001,1,106200
18329,U260123-09726,UM-TS-007,1,43000
18330,U250909-09727,UM-BT-004,1,48800
18331,U250909-09727,UM-BT-023,2,83300
18332,U250909-09727,UM-SH-014,1,96800
18333,U250701-09728,UM-BT-007,1,97600
18334,U250701-09728,UM-TS-008,1,47400
18335,U250209-09729,UM-SH-024,1,138100
18336,U250209-09729,UM-AC-017,1,23500
18337,U250209-09729,UM-TS-018,1,70500
18338,U250209-09729,UM-SH-002,2,225700
18339,U260824-09730,UM-SH-019,1,141700
18340,U260824-09730,UM-SH-002,1,192900
18341,U260824-09730,UM-BT-015,1,94600
18342,U260826-09731,UM-BT-011,2,80500
18343,U250420-09732,UM-TS-025,1,46900
18344,U260423-09733,UM-TS-025,1,58500
18345,U250526-09734,UM-OT-009,1,320200
18346,U250526-09734,UM-TS-025,1,61100
18347,U260611-09735,UM-BT-006,1,65500
18348,U260611-09735,UM-BT-004,3,55000
18349,U260611-09735,UM-OT-004,1,232400
18350,U260611-09735,UM-TS-025,1,46500
18351,U260721-09736,UM-SH-011,1,141700
18352,U260617-09737,UM-AC-008,1,13100
18353,U260617-09737,UM-BT-002,1,68900
18354,U260617-09737,UM-AC-016,1,33100
18355,U260811-09738,UM-OT-021,1,139900
18356,U260811-09738,UM-SH-008,1,155400
18357,U260811-09738,UM-AC-019,1,56900
18358,U260517-09739,UM-BT-004,1,55100
18359,U260818-09740,UM-TS-018,2,68300
18360,U260818-09740,UM-TS-036,1,44200
18361,U250201-09741,UM-SH-011,1,155900
18362,U250201-09741,UM-BT-010,1,79000
18363,U250201-09741,UM-AC-016,1,34200
18364,U260830-09742,UM-SH-012,1,151500
18365,U260830-09742,UM-TS-001,2,50100
18366,U230913-09743,UM-SH-003,2,182400
18367,U240506-09744,UM-SH-019,1,157900
18368,U240506-09744,UM-TS-006,2,84100
18369,U240506-09744,UM-AC-030,1,11000
18370,U260414-09745,UM-TS-012,2,44500
18371,U260414-09745,UM-OT-022,1,256600
18372,U260312-09746,UM-TS-001,2,43800
18373,U260312-09746,UM-BT-015,1,101700
18374,U260811-09747,UM-OT-019,1,190600
18375,U260811-09747,UM-BT-022,2,78600
18376,U260810-09748,UM-AC-012,1,45300
18377,U260703-09749,UM-TS-018,1,76500
18378,U260703-09749,UM-BT-015,3,90000
18379,U260830-09750,UM-SH-006,1,185900
18380,U260819-09751,UM-TS-001,1,51400
18381,U260819-09751,UM-TS-030,1,61800
18382,U260819-09751,UM-AC-010,1,60500
18383,U260320-09752,UM-TS-018,1,63100
18384,U260320-09752,UM-AC-007,1,10100
18385,U260320-09752,UM-BT-014,3,69400
18386,U260320-09752,UM-TS-007,1,35100
18387,U250305-09753,UM-BT-018,1,79700
18388,U250305-09753,UM-SH-013,1,186300
18389,U250305-09753,UM-BT-011,1,79100
18390,U260511-09754,UM-BT-009,2,50600
18391,U260511-09754,UM-BT-019,1,36200
18392,U260901-09755,UM-OT-003,2,323400
18393,U250816-09756,UM-BT-005,1,83100
18394,U250911-09757,UM-TS-018,1,71500
18395,U250325-09758,UM-TS-036,2,45800
18396,U250325-09758,UM-BT-025,1,106200
18397,U250325-09758,UM-OT-018,1,296300
18398,U250325-09758,UM-TS-013,1,22600
18399,U250325-09758,UM-TS-023,1,22000
18400,U260303-09759,UM-BT-014,1,64400
18401,U240409-09760,UM-SH-021,1,179100
18402,U240409-09760,UM-OT-023,1,287600
18403,U260818-09761,UM-SH-003,1,159800
18404,U250218-09762,UM-SH-021,1,138600
18405,U260721-09763,UM-SH-016,2,129400
18406,U250225-09764,UM-TS-030,1,71400
18407,U250225-09764,UM-TS-004,1,45800
18408,U250225-09764,UM-OT-018,1,324200
18409,U250923-09765,UM-SH-005,1,89300
18410,U250107-09766,UM-TS-027,1,65600
18411,U250107-09766,UM-TS-012,1,41300
18412,U260303-09767,UM-SH-005,2,78800
18413,U260303-09767,UM-SH-005,1,77700
18414,U251201-09768,UM-BT-008,2,86500
18415,U251201-09768,UM-TS-006,1,64100
18416,U251201-09768,UM-AC-021,1,24900
18417,U231026-09769,UM-BT-011,1,66600
18418,U231026-09769,UM-BT-006,1,53400
18419,U231026-09769,UM-TS-023,1,22600
18420,U240829-09770,UM-AC-014,1,27700
18421,U250325-09771,UM-OT-025,1,382000
18422,U250325-09771,UM-TS-034,1,53300
18423,U250325-09771,UM-BT-010,1,89000
18424,U250325-09771,UM-OT-024,1,280800
18425,U250607-09772,UM-OT-014,1,163600
18426,U250607-09772,UM-BT-011,1,64700
18427,U250607-09772,UM-BT-007,1,78200
18428,U260731-09773,UM-TS-018,1,71000
18429,U260616-09774,UM-SH-015,1,84800
18430,U260828-09775,UM-AC-019,1,56200
18431,U260818-09776,UM-SH-009,1,135000
18432,U260818-09776,UM-SH-006,1,244600
18433,U251231-09777,UM-SH-003,1,164100
18434,U250126-09778,UM-BT-002,1,65100
18435,U260726-09779,UM-BT-025,1,105400
18436,U251120-09780,UM-TS-026,1,36800
18437,U251120-09780,UM-TS-019,1,78000
18438,U240921-09781,UM-SH-003,1,174100
18439,U241226-09782,UM-AC-012,1,45500
18440,U241226-09782,UM-OT-024,1,278800
18441,U241226-09782,UM-SH-019,1,161300
18442,U250119-09783,UM-AC-026,1,57700
18443,U250119-09783,UM-TS-016,2,76700
18444,U250119-09783,UM-BT-023,1,114000
18445,U260811-09784,UM-OT-018,1,361800
18446,U260815-09785,UM-SH-013,1,202000
18447,U260726-09786,UM-TS-014,1,46600
18448,U260726-09786,UM-BT-002,1,57600
18449,U260716-09787,UM-BT-020,1,91100
18450,U260505-09788,UM-OT-016,1,116700
18451,U250730-09789,UM-TS-011,1,81200
18452,U250730-09789,UM-TS-014,1,53400
18453,U250730-09789,UM-AC-003,1,12600
18454,U250417-09790,UM-TS-001,1,42900
18455,U250418-09791,UM-TS-001,2,43300
18456,U250417-09792,UM-BT-019,1,35900
18457,U260122-09793,UM-BT-017,1,43500
18458,U260122-09793,UM-TS-011,2,87100
18459,U251003-09794,UM-TS-011,1,84000
18460,U251003-09794,UM-TS-012,2,46800
18461,U260405-09795,UM-TS-019,1,78100
18462,U260430-09796,UM-TS-001,2,44500
18463,U251002-09797,UM-BT-022,1,56800
18464,U251002-09797,UM-AC-001,1,60800
18465,U250402-09798,UM-TS-037,1,30600
18466,U250402-09798,UM-BT-001,1,43600
18467,U251104-09799,UM-SH-016,1,123200
18468,U251104-09799,UM-TS-002,1,34500
18469,U251022-09800,UM-BT-021,1,80000
18470,U251022-09800,UM-OT-019,1,163900
18471,U250729-09801,UM-SH-010,2,151200
18472,U250729-09801,UM-BT-015,1,101900
18473,U250729-09801,UM-AC-020,1,88500
18474,U231118-09802,UM-TS-034,1,53000
18475,U231118-09802,UM-BT-007,1,90200
18476,U231118-09802,UM-SH-014,1,98400
18477,U231118-09802,UM-TS-017,1,44000
18478,U240910-09803,UM-TS-023,2,23200
18479,U240910-09803,UM-TS-017,1,44800
18480,U260316-09804,UM-OT-003,1,298500
18481,U260316-09804,UM-TS-030,1,66900
18482,U251102-09805,UM-TS-020,1,39000
18483,U260524-09806,UM-SH-012,1,154400
18484,U250510-09807,UM-BT-019,1,35500
18485,U250510-09807,UM-TS-030,1,67100
18486,U250510-09807,UM-TS-010,1,30800
18487,U250510-09807,UM-OT-008,1,265800
18488,U250510-09807,UM-AC-011,1,79700
18489,U250819-09808,UM-SH-008,1,165900
18490,U260731-09809,UM-SH-006,1,199500
18491,U260731-09809,UM-AC-029,1,11600
18492,U260102-09810,UM-TS-004,1,47700
18493,U260715-09811,UM-TS-007,1,35600
18494,U260715-09811,UM-TS-011,1,82300
18495,U260510-09812,UM-TS-023,1,29500
18496,U260510-09812,UM-TS-022,1,43400
18497,U260510-09812,UM-SH-007,1,97100
18498,U260112-09813,UM-TS-001,1,48700
18499,U260112-09813,UM-BT-025,1,105300
18500,U260112-09813,UM-TS-023,1,28500
18501,U260531-09814,UM-BT-015,1,85200
18502,U260531-09814,UM-TS-032,1,43500
18503,U251204-09815,UM-AC-022,1,15500
18504,U251204-09815,UM-SH-015,1,111300
18505,U260816-09816,UM-SH-004,1,108000
18506,U260831-09817,UM-TS-006,1,77100
18507,U260831-09817,UM-BT-005,1,93900
18508,U260117-09818,UM-TS-035,2,18000
18509,U260117-09818,UM-BT-001,1,34600
18510,U260117-09818,UM-BT-019,1,34500
18511,U260117-09818,UM-OT-013,1,145300
18512,U260824-09819,UM-TS-027,1,70000
18513,U251010-09820,UM-AC-029,1,13400
18514,U260128-09821,UM-OT-012,1,194300
18515,U251029-09822,UM-BT-006,1,62900
18516,U251029-09822,UM-AC-008,1,12700
18517,U260517-09823,UM-OT-013,1,173300
18518,U240302-09824,UM-BT-016,2,108200
18519,U240302-09824,UM-BT-010,1,95500
18520,U240302-09824,UM-TS-034,1,53800
18521,U240302-09824,UM-AC-023,1,67300
18522,U250205-09825,UM-BT-018,1,77500
18523,U250205-09825,UM-TS-028,1,78100
18524,U250205-09825,UM-BT-019,1,29200
18525,U260824-09826,UM-SH-021,1,189100
18526,U260813-09827,UM-BT-009,1,50100
18527,U250712-09828,UM-OT-006,1,250200
18528,U250712-09828,UM-BT-005,1,111800
18529,U260723-09829,UM-TS-014,1,52900
18530,U260723-09829,UM-TS-014,1,47300
18531,U241123-09830,UM-OT-021,1,132000
18532,U241123-09830,UM-SH-022,1,144800
18533,U250222-09831,UM-TS-019,1,87900
18534,U250222-09831,UM-SH-020,1,164600
18535,U250222-09831,UM-TS-032,1,42500
18536,U240920-09832,UM-TS-028,1,78100
18537,U250303-09833,UM-TS-030,2,60200
18538,U260901-09834,UM-BT-008,1,71600
18539,U260128-09835,UM-BT-014,1,51700
18540,U231030-09836,UM-TS-013,1,18000
18541,U231030-09836,UM-AC-027,1,64500
18542,U231117-09837,UM-AC-001,1,65900
18543,U231117-09837,UM-OT-023,1,344200
18544,U231117-09837,UM-SH-013,1,184900
18545,U231117-09837,UM-TS-024,1,25100
18546,U231117-09837,UM-AC-028,1,32300
18547,U260609-09838,UM-SH-023,1,104300
18548,U260609-09838,UM-BT-021,1,79800
18549,U260609-09838,UM-OT-009,1,307100
18550,U260413-09839,UM-TS-029,1,53000
18551,U260718-09840,UM-TS-020,1,34400
18552,U260718-09840,UM-OT-019,1,189100
18553,U260718-09840,UM-TS-029,1,45600
18554,U260718-09840,UM-TS-026,1,33500
18555,U260802-09841,UM-BT-011,1,65500
18556,U260802-09841,UM-TS-027,1,84600
18557,U260403-09842,UM-AC-015,2,48100
18558,U260621-09843,UM-BT-001,2,46100
18559,U260621-09843,UM-AC-004,1,14300
18560,U260428-09844,UM-AC-021,1,21700
18561,U260428-09844,UM-OT-022,1,212800
18562,U260224-09845,UM-BT-004,1,43600
18563,U260224-09845,UM-BT-023,1,86200
18564,U260224-09845,UM-OT-012,1,203500
18565,U260224-09845,UM-AC-027,1,61800
18566,U260714-09846,UM-BT-011,1,68500
18567,U260714-09846,UM-BT-024,1,38000
18568,U260714-09846,UM-OT-013,1,136300
18569,U260812-09847,UM-BT-005,1,112500
18570,U260405-09848,UM-TS-018,1,77700
18571,U260405-09849,UM-SH-012,1,181500
18572,U260405-09849,UM-AC-009,1,64700
18573,U260629-09850,UM-OT-015,1,102300
18574,U260629-09850,UM-TS-025,1,62100
18575,U260807-09851,UM-AC-014,1,30500
18576,U260305-09852,UM-TS-014,1,42900
18577,U260322-09853,UM-BT-014,3,69500
18578,U260601-09854,UM-TS-030,2,68100
18579,U260601-09854,UM-BT-001,1,39100
18580,U260707-09855,UM-TS-011,1,85900
18581,U260707-09855,UM-BT-023,2,107900
18582,U260815-09856,UM-OT-004,1,228600
18583,U260815-09856,UM-OT-020,1,168600
18584,U260805-09857,UM-TS-018,3,76500
18585,U260805-09857,UM-BT-003,2,50000
18586,U260805-09857,UM-AC-006,1,19500
18587,U260706-09858,UM-SH-012,1,187300
18588,U260706-09858,UM-TS-026,1,40000
18589,U260706-09858,UM-TS-018,2,63100
18590,U260706-09858,UM-SH-011,1,111500
18591,U260207-09859,UM-BT-013,1,88900
18592,U260207-09859,UM-OT-025,1,363300
18593,U260207-09859,UM-BT-004,1,44400
18594,U260216-09860,UM-SH-013,1,206700
18595,U260630-09861,UM-TS-026,1,37000
18596,U260630-09861,UM-TS-006,1,84300
18597,U260212-09862,UM-AC-028,1,39100
18598,U260822-09863,UM-TS-017,1,41900
18599,U260822-09863,UM-SH-019,1,175000
18600,U260530-09864,UM-TS-016,1,58500
18601,U260530-09864,UM-SH-005,1,87700
18602,U260803-09865,UM-SH-003,1,199900
18603,U240518-09866,UM-BT-022,1,70200
18604,U240820-09867,UM-BT-020,1,70600
18605,U240820-09867,UM-BT-022,1,61100
18606,U230528-09868,UM-BT-010,1,108500
18607,U240422-09869,UM-BT-024,1,37200
18608,U260327-09870,UM-SH-011,1,122800
18609,U260327-09870,UM-AC-019,1,56100
18610,U260519-09871,UM-TS-025,1,57200
18611,U260519-09871,UM-TS-033,1,45200
18612,U260519-09871,UM-SH-006,1,235400
18613,U250502-09872,UM-TS-008,1,60200
18614,U260619-09873,UM-BT-022,2,61600
18615,U260619-09873,UM-OT-014,1,161100
18616,U251228-09874,UM-TS-027,1,66900
18617,U241231-09875,UM-TS-012,1,41800
18618,U241231-09875,UM-SH-016,2,157900
18619,U260616-09876,UM-TS-004,1,39000
18620,U260616-09876,UM-BT-019,1,29000
18621,U260616-09876,UM-OT-016,1,142600
18622,U260508-09877,UM-AC-031,1,60100
18623,U260125-09878,UM-SH-021,1,147900
18624,U260125-09878,UM-AC-011,1,59100
18625,U240908-09879,UM-TS-017,1,56900
18626,U250106-09880,UM-TS-007,1,43300
18627,U250106-09880,UM-TS-026,1,42300
18628,U241109-09881,UM-BT-017,3,33400
18629,U250819-09882,UM-TS-014,1,51300
18630,U250819-09882,UM-BT-021,1,65500
18631,U250819-09882,UM-TS-024,3,23400
18632,U251011-09883,UM-BT-019,1,31300
18633,U260622-09884,UM-OT-020,1,163900
18634,U260709-09885,UM-TS-022,1,40100
18635,U251229-09886,UM-SH-011,1,116500
18636,U251229-09886,UM-AC-026,1,63900
18637,U251229-09886,UM-TS-007,1,43200
18638,U260410-09887,UM-AC-026,1,62600
18639,U250921-09888,UM-OT-018,1,355400
18640,U251105-09889,UM-TS-009,1,66500
18641,U251105-09889,UM-BT-013,1,105900
18642,U260810-09890,UM-AC-023,1,70500
18643,U251210-09891,UM-TS-030,1,65200
18644,U251210-09891,UM-BT-007,1,99100
18645,U251210-09891,UM-SH-006,1,220000
18646,U260813-09892,UM-TS-004,1,44600
18647,U260813-09892,UM-TS-017,1,49200
18648,U260813-09892,UM-AC-017,1,22200
18649,U260813-09892,UM-AC-027,2,61300
18650,U260201-09893,UM-BT-021,1,88500
18651,U260614-09894,UM-BT-023,1,101400
18652,U260803-09895,UM-SH-001,1,90900
18653,U260803-09895,UM-TS-024,1,24400
18654,U260803-09895,UM-TS-011,1,83100
18655,U260115-09896,UM-TS-012,1,42400
18656,U260115-09896,UM-TS-018,3,72400
18657,U260115-09896,UM-SH-002,1,223700
18658,U250627-09897,UM-OT-015,1,91500
18659,U250627-09897,UM-OT-017,1,273800
18660,U250627-09897,UM-AC-024,1,45000
18661,U250514-09898,UM-TS-002,1,31200
18662,U250514-09898,UM-TS-022,1,38900
18663,U260626-09899,UM-SH-005,1,63500
18664,U260626-09899,UM-TS-013,1,21000
18665,U260214-09900,UM-OT-006,1,263800
18666,U260214-09900,UM-AC-027,2,55500
18667,U260214-09900,UM-AC-029,1,10000
18668,U260319-09901,UM-OT-019,1,152400
18669,U260319-09901,UM-BT-023,1,84100
18670,U260319-09901,UM-TS-029,2,55000
18671,U260426-09902,UM-TS-014,1,50900
18672,U260407-09903,UM-AC-004,1,15800
18673,U260407-09903,UM-OT-026,1,114900
18674,U260831-09904,UM-TS-002,1,42500
18675,U260824-09905,UM-SH-024,1,111400
18676,U260819-09906,UM-SH-021,1,172200
18677,U260816-09907,UM-SH-005,1,67700
18678,U260816-09907,UM-TS-032,2,39400
18679,U260808-09908,UM-TS-010,3,32800
18680,U260808-09908,UM-BT-005,1,110800
18681,U260808-09908,UM-OT-013,1,139400
18682,U260808-09908,UM-SH-022,1,139300
18683,U260808-09908,UM-TS-027,1,79900
18684,U260803-09909,UM-OT-006,1,239700
18685,U260804-09910,UM-SH-022,1,129800
18686,U260804-09910,UM-SH-013,1,172700
18687,U260804-09910,UM-BT-016,1,106900
18688,U260707-09911,UM-BT-020,1,66000
18689,U260510-09912,UM-BT-003,1,66100
18690,U260802-09913,UM-SH-009,1,152400
18691,U260326-09914,UM-BT-002,1,75800
18692,U260326-09914,UM-BT-005,1,116200
18693,U260517-09915,UM-BT-013,2,112700
18694,U260524-09916,UM-SH-003,2,149500
18695,U260524-09916,UM-TS-037,1,23900
18696,U260524-09916,UM-BT-021,1,84900
18697,U260902-09917,UM-BT-012,1,54600
18698,U260731-09918,UM-OT-025,1,380500
18699,U260731-09918,UM-SH-011,2,137700
18700,U260709-09919,UM-AC-018,1,46300
18701,U260709-09919,UM-AC-006,1,24000
18702,U260307-09920,UM-SH-013,1,188700
18703,U260307-09920,UM-OT-017,1,242800
18704,U260228-09921,UM-BT-003,2,69300
18705,U260228-09921,UM-TS-013,1,22200
18706,U260122-09922,UM-BT-020,1,73700
18707,U260826-09923,UM-OT-014,1,125400
18708,U260826-09923,UM-OT-024,2,295500
18709,U260826-09923,UM-BT-007,1,75100
18710,U260103-09924,UM-TS-033,1,42400
18711,U260830-09925,UM-BT-003,1,62800
18712,U260830-09925,UM-TS-033,1,42800
18713,U260830-09926,UM-BT-011,1,83100
18714,U260830-09926,UM-TS-003,1,75700
18715,U260828-09927,UM-TS-037,1,27600
18716,U260810-09928,UM-SH-024,2,119300
18717,U260810-09928,UM-SH-005,2,72900
18718,U260818-09929,UM-TS-017,1,43000
18719,U260818-09929,UM-TS-036,1,51900
18720,U260818-09929,UM-AC-018,1,45700
18721,U260818-09929,UM-TS-030,1,82000
18722,U260828-09930,UM-OT-025,1,334100
18723,U260823-09931,UM-SH-007,2,101800
18724,U260726-09932,UM-AC-013,1,40000
18725,U260725-09933,UM-AC-018,2,41400
18726,U260725-09933,UM-BT-001,1,35800
18727,U260420-09934,UM-OT-019,2,159700
18728,U251201-09935,UM-OT-019,1,205200
18729,U260204-09936,UM-TS-023,2,30200
18730,U260519-09937,UM-AC-008,1,16600
18731,U241025-09938,UM-SH-018,1,246700
18732,U241025-09938,UM-AC-027,1,64300
18733,U241025-09938,UM-OT-012,1,200400
18734,U241025-09938,UM-BT-010,1,100000
18735,U250306-09939,UM-TS-011,2,65400
18736,U250306-09939,UM-TS-030,2,61600
18737,U260211-09940,UM-TS-036,2,41500
18738,U260211-09940,UM-TS-006,2,84100
18739,U260211-09940,UM-TS-012,2,47000
18740,U251002-09941,UM-AC-023,1,78600
18741,U260220-09942,UM-OT-019,1,149400
18742,U260220-09942,UM-AC-015,1,44800
18743,U260525-09943,UM-BT-005,1,92300
18744,U260525-09943,UM-TS-014,1,49900
18745,U260525-09943,UM-SH-008,2,177500
18746,U260525-09943,UM-SH-021,1,166600
18747,U260819-09944,UM-SH-001,1,108700
18748,U260823-09945,UM-TS-036,1,52900
18749,U260823-09945,UM-OT-004,2,203800
18750,U260823-09945,UM-TS-006,1,85200
18751,U250206-09946,UM-SH-017,1,158600
18752,U250206-09946,UM-TS-007,2,49800
18753,U250204-09947,UM-TS-008,1,63900
18754,U250206-09948,UM-BT-023,1,106400
18755,U250206-09948,UM-SH-012,1,189600
18756,U251027-09949,UM-BT-016,3,94700
18757,U251027-09949,UM-TS-026,1,39900
18758,U251027-09949,UM-BT-023,1,83900
18759,U251027-09949,UM-AC-028,2,36300
18760,U240515-09950,UM-AC-007,1,12500
18761,U260531-09951,UM-TS-036,1,47000
18762,U250624-09952,UM-OT-012,1,195600
18763,U250803-09953,UM-TS-003,1,56500
18764,U250803-09953,UM-AC-025,1,60800
18765,U250923-09954,UM-AC-028,3,37900
18766,U260507-09955,UM-BT-004,1,47900
18767,U260507-09955,UM-AC-010,3,52100
18768,U260507-09955,UM-TS-029,1,48100
18769,U260401-09956,UM-OT-023,1,276400
18770,U260313-09957,UM-TS-001,1,44000
18771,U260528-09958,UM-TS-002,1,42100
18772,U260321-09959,UM-TS-026,1,43600
18773,U260503-09960,UM-SH-004,1,96900
18774,U260503-09960,UM-AC-007,1,13800
18775,U260503-09960,UM-AC-028,1,32900
18776,U260503-09960,UM-TS-033,1,51000
18777,U250929-09961,UM-TS-018,1,67800
18778,U260819-09962,UM-TS-024,2,20200
18779,U260712-09963,UM-AC-022,1,17700
18780,U260712-09963,UM-TS-011,1,70900
18781,U260501-09964,UM-TS-028,1,75600
18782,U260504-09965,UM-SH-009,1,118700
18783,U260504-09965,UM-SH-018,1,228500
18784,U260504-09965,UM-BT-008,1,76300
18785,U260504-09965,UM-TS-003,1,61000
18786,U260723-09966,UM-TS-003,1,67400
18787,U260823-09967,UM-TS-004,1,35900
18788,U260811-09968,UM-AC-012,1,47700
18789,U260713-09969,UM-OT-011,1,64600
18790,U260713-09969,UM-OT-018,1,312800
18791,U260713-09969,UM-AC-005,1,33600
18792,U260812-09970,UM-OT-011,1,68000
18793,U250911-09971,UM-OT-017,1,301600
18794,U250911-09971,UM-AC-008,1,15700
18795,U250911-09971,UM-SH-020,2,196200
18796,U250425-09972,UM-TS-031,1,30300
18797,U260106-09973,UM-TS-031,1,27700
18798,U260106-09973,UM-BT-006,1,63200
18799,U260106-09973,UM-BT-008,1,85200
18800,U250113-09974,UM-TS-014,1,52900
18801,U251218-09975,UM-BT-013,3,119100
18802,U251218-09975,UM-SH-003,1,169200
18803,U250603-09976,UM-TS-018,1,60100
18804,U250603-09976,UM-OT-017,1,272800
18805,U260320-09977,UM-TS-026,1,44400
18806,U260320-09977,UM-BT-011,1,82900
18807,U260320-09977,UM-AC-026,1,66600
18808,U260320-09977,UM-OT-011,1,78300
18809,U260105-09978,UM-OT-004,1,215000
18810,U260105-09978,UM-TS-021,1,54700
18811,U260105-09978,UM-TS-024,1,21700
18812,U260105-09978,UM-BT-001,1,43500
18813,U260105-09978,UM-SH-017,1,162900
18814,U250716-09979,UM-TS-025,1,56400
18815,U250716-09979,UM-AC-019,1,59700
18816,U250716-09979,UM-TS-037,1,31200
18817,U240526-09980,UM-TS-016,1,78700
18818,U241027-09981,UM-OT-018,1,387800
18819,U250518-09982,UM-OT-022,1,251200
18820,U260519-09983,UM-OT-025,1,324100
18821,U260611-09984,UM-BT-020,1,84800
18822,U260611-09984,UM-OT-008,1,276100
18823,U260611-09984,UM-AC-016,1,32700
18824,U260611-09984,UM-TS-029,1,51300
18825,U260803-09985,UM-BT-022,1,72100
18826,U260803-09985,UM-SH-003,1,164500
18827,U260804-09986,UM-AC-024,1,52100
18828,U260804-09986,UM-TS-018,1,71900
18829,U260520-09987,UM-OT-015,1,82900
18830,U260328-09988,UM-TS-020,1,36300
18831,U260328-09988,UM-TS-035,1,20900
18832,U260328-09988,UM-SH-017,1,142800
18833,U260328-09988,UM-OT-023,2,283600
18834,U260518-09989,UM-BT-015,1,75100
18835,U260518-09989,UM-BT-020,1,84100
18836,U260518-09989,UM-TS-037,3,25900
18837,U260502-09990,UM-BT-022,1,77800
18838,U260416-09991,UM-TS-031,1,29100
18839,U260406-09992,UM-AC-004,1,14600
18840,U260205-09993,UM-AC-031,1,53700
18841,U260523-09994,UM-SH-016,1,133500
18842,U260624-09995,UM-TS-029,1,49400
18843,U260627-09996,UM-BT-019,1,29700
18844,U260817-09997,UM-BT-022,1,60700
18845,U260609-09998,UM-AC-008,1,14600
18846,U260609-09998,UM-OT-016,1,118700
18847,U260609-09998,UM-AC-031,1,55200
18848,U260609-09998,UM-BT-016,1,102000
18849,U260609-09998,UM-OT-003,1,242300
18850,U260228-09999,UM-TS-004,1,41300
18851,U260228-09999,UM-SH-011,1,151400
18852,U260321-10000,UM-TS-026,1,43300
18853,U260319-10001,UM-BT-022,1,64700
18854,U260319-10001,UM-TS-013,1,18100
18855,U260612-10002,UM-BT-006,1,48400
18856,U250828-10003,UM-TS-032,1,34600
18857,U250823-10004,UM-SH-004,1,100700
18858,U250823-10004,UM-TS-004,1,36900
18859,U250822-10005,UM-TS-036,2,40600
18860,U250822-10005,UM-AC-019,1,48900
18861,U250822-10006,UM-BT-008,1,76500
18862,U250822-10006,UM-TS-014,1,44900
18863,U260816-10007,UM-OT-026,1,112400
18864,U251218-10008,UM-AC-002,1,84400
18865,U251219-10009,UM-TS-035,1,20300
18866,U251219-10009,UM-TS-017,1,46500
18867,U260830-10010,UM-SH-007,1,102100
18868,U260830-10010,UM-TS-032,2,42400
18869,U260830-10010,UM-OT-022,1,235100
18870,U260510-10011,UM-OT-001,1,308500
18871,U260510-10011,UM-OT-013,1,135100
18872,U260510-10011,UM-TS-013,1,19400
18873,U260825-10012,UM-SH-022,1,106900
18874,U260723-10013,UM-BT-004,1,50500
18875,U260519-10014,UM-TS-009,2,60200
18876,U260519-10014,UM-OT-008,1,238700
18877,U250101-10015,UM-OT-001,1,301000
18878,U250101-10015,UM-AC-030,1,10600
18879,U250413-10016,UM-SH-002,2,191900
18880,U250413-10016,UM-TS-029,1,45200
18881,U260524-10017,UM-TS-009,1,62200
18882,U260524-10017,UM-BT-011,1,65400
18883,U260524-10017,UM-OT-014,1,136600
18884,U260524-10017,UM-TS-027,1,69300
18885,U260327-10018,UM-TS-016,1,64700
18886,U260825-10019,UM-AC-005,1,30000
18887,U260105-10020,UM-TS-014,1,55900
18888,U260105-10020,UM-BT-011,2,61300
18889,U260105-10020,UM-BT-025,1,96300
18890,U260105-10020,UM-SH-016,2,147200
18891,U250826-10021,UM-AC-020,1,83000
18892,U250826-10021,UM-TS-012,1,37000
18893,U250826-10021,UM-OT-008,1,264400
18894,U260615-10022,UM-SH-001,1,116900
18895,U260615-10023,UM-BT-013,1,107200
18896,U260615-10023,UM-TS-011,1,72300
18897,U260122-10024,UM-BT-011,1,66600
18898,U260122-10024,UM-BT-005,1,91900
18899,U260311-10025,UM-OT-016,1,127600
18900,U260311-10025,UM-TS-016,1,73900
18901,U260311-10025,UM-OT-011,1,77400
18902,U260605-10026,UM-TS-006,1,71700
18903,U260605-10026,UM-BT-016,1,106100
18904,U260605-10026,UM-AC-022,1,14300
18905,U260820-10027,UM-OT-017,1,316000
18906,U260820-10027,UM-AC-030,1,11400
18907,U260820-10027,UM-SH-016,1,149100
18908,U260603-10028,UM-OT-009,1,320900
18909,U260603-10028,UM-OT-019,1,150700
18910,U260706-10029,UM-BT-001,1,46200
18911,U260706-10029,UM-SH-005,1,69500
18912,U260706-10029,UM-SH-010,1,180500
18913,U260706-10029,UM-BT-010,1,101600
18914,U260812-10030,UM-TS-032,1,34300
18915,U260611-10031,UM-TS-035,1,22200
18916,U260611-10031,UM-SH-020,1,220700
18917,U260611-10031,UM-SH-024,1,105500
18918,U260611-10031,UM-TS-029,1,47600
18919,U260611-10031,UM-OT-015,1,92200
18920,U260106-10032,UM-OT-006,2,286800
18921,U260106-10032,UM-TS-036,1,41000
18922,U260106-10032,UM-SH-012,1,193800
18923,U250715-10033,UM-TS-001,1,39800
18924,U250715-10033,UM-BT-007,1,90400
18925,U250715-10033,UM-OT-001,1,313500
18926,U251122-10034,UM-AC-030,1,11100
18927,U260715-10035,UM-SH-008,1,206100
18928,U241024-10036,UM-AC-017,1,23600
18929,U241024-10036,UM-TS-027,1,79100
18930,U250313-10037,UM-TS-010,1,31000
18931,U250313-10037,UM-BT-022,1,67500
18932,U250313-10037,UM-OT-010,1,165100
18933,U250313-10037,UM-BT-012,1,50200
18934,U260723-10038,UM-BT-023,1,104900
18935,U260415-10039,UM-BT-013,1,108900
18936,U260415-10039,UM-AC-015,1,53200
18937,U251127-10040,UM-BT-018,2,63800
18938,U250717-10041,UM-AC-025,1,64800
18939,U250717-10041,UM-SH-006,1,200000
18940,U250717-10041,UM-TS-006,1,78700
18941,U260822-10042,UM-OT-002,1,288900
18942,U260822-10042,UM-SH-015,1,89700
18943,U260502-10043,UM-BT-014,1,65300
18944,U260531-10044,UM-BT-003,1,54900
18945,U260531-10044,UM-BT-019,1,29100
18946,U260822-10045,UM-TS-023,1,24400
18947,U260822-10045,UM-BT-025,1,100500
18948,U260822-10045,UM-TS-026,1,33600
18949,U260822-10045,UM-TS-011,1,84500
18950,U250901-10046,UM-SH-022,1,120200
18951,U250721-10047,UM-BT-017,1,42000
18952,U240728-10048,UM-BT-004,2,44800
18953,U260530-10049,UM-OT-006,1,238700
18954,U260530-10049,UM-OT-019,1,176700
18955,U241019-10050,UM-AC-028,1,38800
18956,U260729-10051,UM-TS-037,1,25900
18957,U240701-10052,UM-SH-002,2,181700
18958,U240701-10052,UM-BT-013,1,120700
18959,U250912-10053,UM-AC-024,1,46900
18960,U260820-10054,UM-TS-009,1,62100
18961,U260820-10054,UM-SH-003,1,201400
18962,U250727-10055,UM-SH-020,3,199600
18963,U250323-10056,UM-TS-012,1,39200
18964,U250323-10056,UM-OT-012,1,196000
18965,U250325-10057,UM-TS-010,1,32500
18966,U250325-10057,UM-BT-020,1,64400
18967,U250325-10057,UM-OT-006,1,254700
18968,U250325-10057,UM-AC-013,1,41500
18969,U260331-10058,UM-TS-016,2,75900
18970,U260323-10059,UM-BT-005,1,97200
18971,U251015-10060,UM-AC-013,2,50600
18972,U251015-10060,UM-TS-007,1,39100
18973,U251015-10060,UM-TS-020,1,37900
18974,U251015-10060,UM-SH-005,1,67200
18975,U250615-10061,UM-BT-015,1,93700
18976,U250615-10061,UM-TS-025,1,47900
18977,U250615-10061,UM-OT-001,1,332400
18978,U250707-10062,UM-SH-010,1,167200
18979,U240803-10063,UM-OT-018,1,313500
18980,U260330-10064,UM-BT-004,1,43500
18981,U251203-10065,UM-TS-016,1,58400
18982,U251203-10065,UM-OT-002,1,303500
18983,U251203-10065,UM-SH-013,1,173300
18984,U250430-10066,UM-OT-015,1,99700
18985,U250430-10066,UM-BT-016,1,95400
18986,U250803-10067,UM-TS-030,3,66400
18987,U250803-10067,UM-TS-020,1,41500
18988,U260725-10068,UM-OT-009,2,286400
18989,U260630-10069,UM-SH-024,1,139100
18990,U260803-10070,UM-BT-024,1,47800
18991,U260625-10071,UM-SH-013,1,193100
18992,U260819-10072,UM-SH-004,1,86800
18993,U260819-10072,UM-TS-036,1,39400
18994,U260620-10073,UM-AC-022,1,17300
18995,U260620-10073,UM-AC-007,2,13000
18996,U260827-10074,UM-BT-010,1,95800
18997,U260827-10074,UM-AC-021,1,17800
18998,U260827-10074,UM-OT-020,1,149600
18999,U260827-10074,UM-BT-021,1,67300
19000,U251010-10075,UM-BT-015,1,82300
19001,U260830-10076,UM-TS-005,1,48900
19002,U260830-10076,UM-TS-002,1,35700
19003,U260507-10077,UM-TS-008,1,49500
19004,U260116-10078,UM-TS-021,1,45000
19005,U260116-10078,UM-OT-019,1,197700
19006,U260116-10078,UM-TS-032,1,40300
19007,U260116-10078,UM-TS-022,2,34200
19008,U260116-10078,UM-TS-020,1,38700
19009,U260623-10079,UM-BT-018,1,67800
19010,U260828-10080,UM-TS-004,2,38500
19011,U260419-10081,UM-SH-022,1,126100
19012,U260419-10081,UM-TS-007,1,40400
19013,U260419-10081,UM-OT-007,1,107900
19014,U260419-10081,UM-TS-008,1,59800
19015,U260419-10081,UM-TS-001,2,42900
19016,U260628-10082,UM-SH-008,1,187600
19017,U260628-10082,UM-BT-021,1,73800
19018,U260628-10082,UM-TS-007,1,48000
19019,U260628-10082,UM-TS-003,1,76400
19020,U260801-10083,UM-TS-022,1,35600
19021,U260816-10084,UM-AC-009,1,70000
19022,U260816-10084,UM-OT-006,1,279700
19023,U260816-10084,UM-SH-004,2,103500
19024,U260816-10084,UM-BT-006,2,47500
19025,U260816-10084,UM-TS-004,1,43700
19026,U260718-10085,UM-SH-019,1,178100
19027,U260805-10086,UM-OT-014,1,165300
19028,U251221-10087,UM-SH-002,1,193300
19029,U251221-10087,UM-TS-014,1,41600
19030,U251221-10087,UM-OT-025,1,313300
19031,U260422-10088,UM-AC-018,1,51600
19032,U260422-10088,UM-OT-008,1,260400
19033,U260422-10088,UM-AC-021,2,18100
19034,U260605-10089,UM-TS-002,1,31900
19035,U260605-10089,UM-SH-016,1,131300
19036,U260617-10090,UM-OT-003,1,328300
19037,U260821-10091,UM-BT-025,1,102500
19038,U260821-10091,UM-TS-013,1,23200
19039,U260821-10091,UM-BT-015,2,92100
19040,U260821-10091,UM-BT-022,2,68800
19041,U250920-10092,UM-OT-012,1,180200
19042,U250920-10092,UM-BT-003,1,63800
19043,U250921-10093,UM-TS-028,1,69800
19044,U260310-10094,UM-OT-009,1,301800
19045,U260416-10095,UM-TS-009,2,61300
19046,U260315-10096,UM-SH-016,1,142800
19047,U260315-10096,UM-SH-011,2,128000
19048,U260315-10096,UM-TS-001,1,47500
19049,U260204-10097,UM-TS-034,1,50800
19050,U260204-10097,UM-BT-020,1,73100
19051,U250924-10098,UM-SH-005,1,69600
19052,U250924-10098,UM-TS-017,1,44000
19053,U241230-10099,UM-BT-008,1,70400
19054,U240810-10100,UM-SH-023,1,83600
19055,U251124-10101,UM-TS-005,1,42100
19056,U251124-10102,UM-TS-007,1,47000
19057,U251124-10102,UM-BT-025,1,98000
19058,U250504-10103,UM-SH-015,1,99500
19059,U250504-10103,UM-BT-019,1,29300
19060,U260111-10104,UM-OT-019,1,160200
19061,U260126-10105,UM-SH-009,1,130300
19062,U260126-10105,UM-BT-024,1,41100
19063,U260603-10106,UM-SH-009,1,156800
19064,U260603-10106,UM-BT-025,1,85000
19065,U260603-10106,UM-TS-003,1,68100
19066,U260603-10106,UM-BT-023,1,111200
19067,U250404-10107,UM-SH-020,1,170200
19068,U250307-10108,UM-BT-011,1,68100
19069,U260602-10109,UM-TS-013,1,20000
19070,U260602-10109,UM-TS-001,1,38200
19071,U260602-10109,UM-TS-026,1,31800
19072,U260602-10109,UM-TS-012,2,37400
19073,U260602-10109,UM-SH-018,3,216700
19074,U250714-10110,UM-BT-019,1,32700
19075,U241115-10111,UM-SH-005,1,76500
19076,U241115-10111,UM-AC-023,1,63500
19077,U241115-10111,UM-OT-017,2,249000
19078,U241115-10111,UM-BT-010,2,108600
19079,U250906-10112,UM-BT-012,2,49400
19080,U250906-10112,UM-BT-021,1,68300
19081,U250906-10112,UM-AC-021,1,21900
19082,U250906-10112,UM-BT-014,1,55200
19083,U250507-10113,UM-TS-022,1,40100
19084,U251114-10114,UM-AC-005,1,39000
19085,U251114-10114,UM-TS-032,1,35900
19086,U251114-10114,UM-TS-037,1,24600
19087,U251114-10114,UM-TS-028,1,72600
19088,U240716-10115,UM-AC-007,1,11100
19089,U240716-10115,UM-OT-006,1,243500
19090,U240716-10115,UM-BT-001,1,44000
19091,U240716-10115,UM-TS-009,1,52400
19092,U240716-10115,UM-TS-031,1,25600
19093,U241217-10116,UM-BT-015,1,101600
19094,U241217-10116,UM-BT-016,1,112700
19095,U260824-10117,UM-TS-034,1,54100
19096,U260824-10117,UM-BT-018,1,63500
19097,U251225-10118,UM-BT-012,1,51300
19098,U251225-10118,UM-BT-009,1,51200
19099,U251225-10118,UM-OT-012,1,198400
19100,U251225-10118,UM-SH-015,1,82000
19101,U250523-10119,UM-SH-013,3,163100
19102,U260310-10120,UM-BT-012,1,53300
19103,U260310-10120,UM-AC-002,2,70100
19104,U260201-10121,UM-BT-001,1,45600
19105,U260513-10122,UM-SH-024,1,127700
19106,U260513-10122,UM-OT-014,1,156700
19107,U250616-10123,UM-TS-006,2,73700
19108,U250616-10123,UM-TS-012,1,47600
19109,U250616-10123,UM-BT-002,1,60300
19110,U251106-10124,UM-BT-020,1,75100
19111,U251106-10124,UM-TS-018,1,78500
19112,U260313-10125,UM-SH-012,1,186200
19113,U250324-10126,UM-BT-008,1,67400
19114,U250324-10126,UM-TS-017,2,43300
19115,U260516-10127,UM-BT-013,1,97500
19116,U260723-10128,UM-BT-024,1,52400
19117,U260328-10129,UM-AC-007,2,12100
19118,U260509-10130,UM-SH-019,1,163000
19119,U260509-10130,UM-OT-024,1,355900
19120,U260509-10130,UM-AC-028,1,31600
19121,U251210-10131,UM-BT-017,1,40300
19122,U251210-10131,UM-BT-020,1,70800
19123,U260109-10132,UM-TS-001,1,47800
19124,U251212-10133,UM-TS-006,1,67400
19125,U251212-10133,UM-SH-005,1,84000
19126,U251212-10133,UM-TS-016,1,74600
19127,U260313-10134,UM-BT-005,1,82500
19128,U260205-10135,UM-TS-006,2,78900
19129,U260124-10136,UM-OT-024,1,279200
19130,U260124-10136,UM-OT-001,1,372800
19131,U260124-10136,UM-BT-015,1,81300
19132,U260601-10137,UM-OT-024,1,323300
19133,U260601-10137,UM-BT-013,1,98100
19134,U260413-10138,UM-TS-037,2,28700
19135,U241109-10139,UM-AC-030,2,13300
19136,U241109-10139,UM-TS-014,1,48600
19137,U241109-10139,UM-BT-008,1,76600
19138,U241109-10139,UM-TS-029,2,53800
19139,U260328-10140,UM-BT-006,1,54200
19140,U260328-10140,UM-BT-018,2,63100
19141,U260328-10140,UM-OT-003,1,314500
19142,U251020-10141,UM-BT-003,1,53000
19143,U251020-10141,UM-AC-014,1,26300
19144,U251020-10141,UM-SH-010,1,174200
19145,U251020-10141,UM-SH-004,1,111900
19146,U251227-10142,UM-BT-009,1,53600
19147,U251227-10142,UM-BT-001,2,35700
19148,U251227-10142,UM-SH-024,1,100600
19149,U251227-10142,UM-TS-002,2,31900
19150,U251227-10142,UM-TS-029,1,46000
19151,U260815-10143,UM-BT-004,1,52900
19152,U260831-10144,UM-BT-014,1,50700
19153,U260731-10145,UM-TS-021,1,39600
19154,U260731-10145,UM-SH-007,1,100800
19155,U260726-10146,UM-SH-010,3,171100
19156,U260726-10146,UM-TS-025,1,62500
19157,U260726-10146,UM-BT-014,1,70500
19158,U260726-10146,UM-TS-037,1,23900
19159,U250917-10147,UM-BT-020,1,82800
19160,U250917-10147,UM-OT-005,1,180600
19161,U250411-10148,UM-SH-021,3,139600
19162,U250411-10148,UM-TS-034,1,65400
19163,U260821-10149,UM-SH-014,1,105100
19164,U260821-10149,UM-SH-008,1,153000
19165,U260805-10150,UM-BT-021,1,90700
19166,U260805-10150,UM-TS-012,1,43500
19167,U230817-10151,UM-TS-024,1,25300
19168,U230817-10151,UM-OT-015,2,90800
19169,U230707-10152,UM-TS-002,1,31000
19170,U250128-10153,UM-TS-010,1,28600
19171,U251129-10154,UM-TS-008,1,51200
19172,U250828-10155,UM-TS-030,1,59700
19173,U250828-10155,UM-BT-018,1,71000
19174,U250828-10155,UM-SH-017,1,152800
19175,U230218-10156,UM-BT-004,1,56700
19176,U230218-10156,UM-AC-003,1,13300
19177,U250114-10157,UM-OT-024,1,349900
19178,U251123-10158,UM-BT-016,1,95700
19179,U251123-10158,UM-SH-007,2,86700
19180,U251123-10158,UM-AC-020,1,65400
19181,U251123-10158,UM-BT-009,1,66900
19182,U251127-10159,UM-TS-035,1,21700
19183,U260601-10160,UM-TS-013,1,23300
19184,U260709-10161,UM-BT-020,1,84300
19185,U260522-10162,UM-TS-024,1,24500
19186,U260522-10162,UM-BT-007,2,97900
19187,U260716-10163,UM-OT-003,1,298200
19188,U260412-10164,UM-TS-002,1,41600
19189,U260820-10165,UM-BT-002,1,67100
19190,U260820-10165,UM-SH-016,1,131200
19191,U260528-10166,UM-BT-012,1,55600
19192,U260326-10167,UM-AC-005,1,35400
19193,U260326-10167,UM-BT-013,1,106700
19194,U260522-10168,UM-TS-009,1,48100
19195,U260522-10168,UM-OT-022,1,230800
19196,U251120-10169,UM-AC-028,1,39200
19197,U260901-10170,UM-SH-023,1,106100
19198,U260801-10171,UM-BT-016,1,106000
19199,U260801-10171,UM-OT-003,1,325300
19200,U260801-10171,UM-BT-013,1,117600
19201,U260828-10172,UM-SH-003,1,165900
19202,U260824-10173,UM-TS-021,1,39200
19203,U260824-10173,UM-TS-001,1,45800
19204,U260823-10174,UM-BT-002,1,76800
19205,U260816-10175,UM-TS-009,1,61100
19206,U260816-10175,UM-BT-005,1,107000
19207,U260816-10175,UM-AC-021,1,19400
19208,U260816-10175,UM-SH-011,1,135200
19209,U260801-10176,UM-BT-010,1,97000
19210,U260811-10177,UM-TS-008,1,52900
19211,U260811-10177,UM-BT-008,1,68500
19212,U250204-10178,UM-SH-010,1,148500
19213,U250916-10179,UM-TS-029,1,54500
19214,U250916-10179,UM-BT-018,1,63300
19215,U251113-10180,UM-TS-027,1,77500
19216,U251113-10180,UM-TS-001,1,49200
19217,U250819-10181,UM-AC-023,2,68400
19218,U260712-10182,UM-SH-016,1,119900
19219,U241127-10183,UM-SH-010,1,140300
19220,U241127-10183,UM-TS-005,1,38900
19221,U241127-10183,UM-BT-012,1,58200
19222,U260714-10184,UM-TS-013,1,19800
19223,U260714-10184,UM-BT-006,1,64000
19224,U231124-10185,UM-SH-020,1,199800
19225,U250901-10186,UM-BT-009,1,50300
19226,U250901-10186,UM-BT-013,1,96300
19227,U241219-10187,UM-TS-006,1,84600
19228,U241219-10187,UM-TS-033,1,51000
19229,U241219-10187,UM-TS-017,1,51800
19230,U241219-10187,UM-AC-021,1,24600
19231,U250810-10188,UM-TS-012,1,43500
19232,U260321-10189,UM-OT-020,1,175100
19233,U250408-10190,UM-AC-017,1,28900
19234,U250408-10190,UM-BT-007,1,73200
19235,U250408-10190,UM-BT-005,1,98000
19236,U250408-10190,UM-BT-010,1,79100
19237,U250408-10190,UM-TS-036,2,39400
19238,U260411-10191,UM-AC-018,2,44500
19239,U240601-10192,UM-AC-031,1,62500
19240,U240102-10193,UM-SH-014,1,94300
19241,U250607-10194,UM-BT-022,1,63400
19242,U250607-10194,UM-BT-013,1,125000
19243,U250607-10194,UM-TS-015,1,19000
19244,U250607-10194,UM-TS-006,1,73800
19245,U250727-10195,UM-TS-032,1,42200
19246,U250727-10195,UM-SH-019,1,181800
19247,U250727-10195,UM-TS-006,2,69400
19248,U250727-10195,UM-TS-002,1,33000
19249,U230807-10196,UM-SH-017,1,134700
19250,U230807-10196,UM-TS-020,2,32400
19251,U230429-10197,UM-TS-016,2,57300
19252,U230429-10197,UM-TS-011,3,78400
19253,U240421-10198,UM-BT-010,1,97600
19254,U260422-10199,UM-TS-022,1,34700
19255,U250225-10200,UM-TS-012,1,46900
19256,U260112-10201,UM-SH-006,1,218300
19257,U260112-10201,UM-BT-006,1,46700
19258,U260112-10201,UM-BT-007,1,72900
19259,U260112-10201,UM-AC-027,2,56400
19260,U260112-10201,UM-AC-004,1,14200
19261,U260722-10202,UM-SH-016,1,126600
19262,U251215-10203,UM-SH-005,1,84000
19263,U251215-10203,UM-AC-026,1,53000
19264,U251215-10203,UM-TS-029,1,53100
19265,U251106-10204,UM-BT-001,1,37900
19266,U251106-10204,UM-OT-014,1,143900
19267,U250913-10205,UM-OT-022,1,234500
19268,U251008-10206,UM-AC-026,1,59900
19269,U260810-10207,UM-TS-012,1,39300
19270,U260420-10208,UM-OT-013,2,165800
19271,U260320-10209,UM-TS-009,1,49400
19272,U260320-10209,UM-TS-028,1,69200
19273,U260320-10209,UM-OT-024,2,348800
19274,U260320-10209,UM-SH-021,1,151100
19275,U260320-10209,UM-SH-011,1,146500
19276,U260210-10210,UM-TS-011,1,66800
19277,U260324-10211,UM-SH-009,2,116400
19278,U251224-10212,UM-TS-016,1,70100
19279,U251224-10212,UM-TS-018,1,63800
19280,U240826-10213,UM-SH-018,1,173700
19281,U240826-10213,UM-BT-011,1,85400
19282,U240826-10213,UM-TS-032,1,33800
19283,U240826-10213,UM-TS-016,2,62400
19284,U250718-10214,UM-AC-015,1,52800
19285,U250718-10214,UM-AC-027,1,64900
19286,U250715-10215,UM-SH-004,1,112500
19287,U250715-10215,UM-BT-018,1,71300
19288,U251007-10216,UM-BT-004,2,54200
19289,U251007-10216,UM-TS-027,3,64200
19290,U240905-10217,UM-AC-002,1,75400
19291,U260407-10218,UM-BT-023,1,112300
19292,U260414-10219,UM-OT-008,1,247600
19293,U260414-10219,UM-SH-003,1,205400
19294,U260316-10220,UM-SH-012,1,163500
19295,U260316-10220,UM-TS-029,1,43600
19296,U250115-10221,UM-OT-015,2,93900
19297,U250115-10221,UM-OT-025,1,365800
19298,U250115-10221,UM-BT-014,2,58300
19299,U250115-10221,UM-TS-003,2,72900
19300,U260604-10222,UM-TS-015,1,16700
19301,U260604-10222,UM-SH-022,1,145400
19302,U250603-10223,UM-TS-021,1,40200
19303,U260501-10224,UM-OT-014,1,130700
19304,U260501-10224,UM-TS-016,1,64800
19305,U241118-10225,UM-OT-010,1,188000
19306,U241124-10226,UM-TS-007,1,47600
19307,U250627-10227,UM-AC-023,1,67900
19308,U241112-10228,UM-OT-002,2,258900
19309,U241112-10228,UM-BT-014,1,53300
19310,U241112-10228,UM-TS-028,1,73200
19311,U260110-10229,UM-AC-005,1,30700
19312,U260802-10230,UM-BT-024,1,40500
19313,U260718-10231,UM-BT-008,1,79600
19314,U260718-10231,UM-AC-005,1,35100
19315,U251205-10232,UM-OT-021,1,126500
19316,U260129-10233,UM-TS-009,1,58500
19317,U260421-10234,UM-TS-001,2,51400
19318,U260421-10234,UM-AC-030,1,10100
19319,U260421-10234,UM-BT-018,1,63500
19320,U260826-10235,UM-TS-034,1,55400
19321,U260826-10235,UM-BT-019,1,30900
19322,U260808-10236,UM-TS-019,1,82200
19323,U260808-10236,UM-AC-031,1,71400
19324,U260808-10236,UM-TS-014,1,41600
19325,U260808-10236,UM-SH-008,2,172900
19326,U260808-10236,UM-BT-005,1,100300
19327,U240210-10237,UM-TS-002,1,39000
19328,U240210-10237,UM-OT-022,1,209300
19329,U250219-10238,UM-TS-002,1,35100
19330,U250219-10238,UM-BT-019,1,33200
19331,U250219-10238,UM-AC-028,2,44900
19332,U250219-10238,UM-AC-023,1,63200
19333,U240116-10239,UM-TS-006,1,70700
19334,U240116-10239,UM-TS-035,1,17600
19335,U240521-10240,UM-OT-020,1,141300
19336,U240521-10240,UM-SH-021,3,182500
19337,U240521-10240,UM-AC-025,1,63100
19338,U230808-10241,UM-BT-006,1,63500
19339,U230808-10241,UM-TS-011,1,67900
19340,U260704-10242,UM-BT-014,1,55300
19341,U231109-10243,UM-OT-003,1,244100
19342,U250503-10244,UM-TS-006,1,69100
19343,U260622-10245,UM-SH-008,1,198900
19344,U260622-10245,UM-BT-011,1,62200
19345,U260622-10245,UM-TS-007,1,38500
19346,U260622-10245,UM-TS-028,1,81400
19347,U260822-10246,UM-OT-020,1,134200
19348,U260822-10246,UM-SH-004,1,118800
19349,U260620-10247,UM-BT-005,1,105500
19350,U260620-10247,UM-BT-023,1,81900
19351,U260620-10247,UM-TS-008,1,57300
19352,U260620-10247,UM-OT-011,1,71800
19353,U251223-10248,UM-OT-002,3,335600
19354,U251223-10248,UM-TS-022,1,36500
19355,U250927-10249,UM-BT-015,1,77900
19356,U250927-10249,UM-BT-025,1,101800
19357,U250927-10249,UM-BT-019,1,36900
19358,U260803-10250,UM-TS-016,1,69500
19359,U260803-10250,UM-OT-002,2,243500
19360,U260612-10251,UM-BT-024,1,38700
19361,U260612-10251,UM-BT-005,1,90100
19362,U260612-10251,UM-TS-006,1,77400
19363,U260612-10251,UM-OT-012,1,209600
19364,U260713-10252,UM-AC-003,1,13000
19365,U260514-10253,UM-TS-025,1,47700
19366,U251019-10254,UM-SH-013,1,173700
19367,U250906-10255,UM-TS-012,1,35900
19368,U251203-10256,UM-AC-015,1,55300
19369,U251203-10256,UM-BT-024,2,46100
19370,U250925-10257,UM-BT-004,2,51700
19371,U260719-10258,UM-TS-033,1,51200
19372,U260719-10258,UM-AC-007,1,12500
19373,U260719-10258,UM-TS-019,3,71900
19374,U260719-10258,UM-BT-007,2,97400
19375,U260429-10259,UM-TS-017,1,53100
19376,U260712-10260,UM-AC-009,1,71800
19377,U260427-10261,UM-AC-028,1,31900
19378,U260222-10262,UM-TS-017,1,51500
19379,U260729-10263,UM-OT-025,1,317800
19380,U260324-10264,UM-TS-026,1,37500
19381,U260324-10264,UM-TS-028,2,78900
19382,U260728-10265,UM-TS-026,1,33200
19383,U260728-10265,UM-OT-006,1,231400
19384,U260728-10265,UM-BT-020,1,81300
19385,U260730-10266,UM-BT-006,1,57500
19386,U260730-10266,UM-AC-025,3,64700
19387,U260730-10266,UM-OT-009,2,314400
19388,U260620-10267,UM-BT-022,1,74300
19389,U260114-10268,UM-AC-018,2,45900
19390,U260114-10268,UM-TS-011,1,78100
19391,U260703-10269,UM-BT-025,1,84300
19392,U260424-10270,UM-SH-008,2,152200
19393,U260530-10271,UM-OT-011,1,69400
19394,U260530-10271,UM-SH-022,1,128600
19395,U260505-10272,UM-OT-001,1,340500
19396,U260505-10272,UM-AC-026,1,56300
19397,U260713-10273,UM-OT-015,1,109000
19398,U260815-10274,UM-TS-018,1,73400
19399,U260608-10275,UM-BT-004,1,57500
19400,U260811-10276,UM-BT-016,1,91400
19401,U260811-10276,UM-TS-037,1,28400
19402,U260811-10276,UM-TS-013,1,23800
19403,U260811-10276,UM-BT-018,1,64100
19404,U260327-10277,UM-TS-013,1,23500
19405,U260327-10277,UM-OT-005,1,181400
19406,U260327-10277,UM-BT-012,1,62900
19407,U260106-10278,UM-TS-011,1,85000
19408,U260722-10279,UM-TS-012,2,45500
19409,U260814-10280,UM-TS-036,1,47600
19410,U260513-10281,UM-TS-022,1,46900
19411,U260314-10282,UM-SH-023,1,85900
19412,U260314-10282,UM-TS-007,1,41800
19413,U260314-10282,UM-TS-021,2,45700
19414,U260314-10282,UM-SH-008,1,173400
19415,U260830-10283,UM-OT-006,1,210200
19416,U260630-10284,UM-TS-020,3,34900
19417,U260902-10285,UM-AC-031,1,75300
19418,U260902-10285,UM-SH-006,3,201800
19419,U260902-10285,UM-TS-008,1,59400
19420,U251128-10286,UM-OT-010,1,174000
19421,U251026-10287,UM-OT-015,1,82500
19422,U251026-10287,UM-BT-015,1,90000
19423,U251121-10288,UM-TS-015,2,16000
19424,U260209-10289,UM-BT-015,1,105300
19425,U260425-10290,UM-BT-023,2,102900
19426,U260425-10290,UM-AC-018,1,39800
19427,U250223-10291,UM-SH-006,1,173100
19428,U251127-10292,UM-AC-022,1,14900
19429,U251127-10292,UM-TS-006,2,80100
19430,U251127-10292,UM-OT-024,1,262400
19431,U251029-10293,UM-SH-008,2,184000
19432,U260514-10294,UM-AC-003,1,14100
19433,U260414-10295,UM-TS-033,1,47600
19434,U260414-10295,UM-TS-011,1,62500
19435,U260418-10296,UM-BT-001,1,37400
19436,U260213-10297,UM-TS-008,1,48400
19437,U260827-10298,UM-AC-010,1,59700
19438,U260812-10299,UM-TS-032,1,33500
19439,U260623-10300,UM-SH-022,1,143500
19440,U260826-10301,UM-AC-027,1,68100
19441,U260826-10301,UM-TS-005,1,39100
19442,U260506-10302,UM-BT-012,1,58000
19443,U260731-10303,UM-TS-032,1,33000
19444,U260417-10304,UM-AC-026,1,54900
19445,U260417-10304,UM-TS-016,1,56500
19446,U260615-10305,UM-TS-034,1,50700
19447,U260808-10306,UM-AC-016,1,34700
19448,U260808-10307,UM-TS-035,1,22900
19449,U260808-10307,UM-BT-004,1,52900
19450,U260317-10308,UM-TS-022,1,33900
19451,U250920-10309,UM-TS-021,1,42100
19452,U251020-10310,UM-BT-008,1,70700
19453,U251020-10310,UM-OT-001,3,321200
19454,U251020-10310,UM-TS-025,1,51600
19455,U260728-10311,UM-BT-006,3,64700
19456,U250611-10312,UM-BT-013,1,93000
19457,U250611-10312,UM-SH-018,1,223500
19458,U260313-10313,UM-BT-016,1,89700
19459,U260313-10313,UM-TS-030,1,73200
19460,U260313-10313,UM-BT-004,3,43300
19461,U260313-10313,UM-TS-012,1,43500
19462,U260313-10313,UM-BT-010,1,108600
19463,U251016-10314,UM-BT-009,1,58200
19464,U260326-10315,UM-BT-020,1,79000
19465,U260512-10316,UM-AC-022,1,19400
19466,U241007-10317,UM-SH-005,1,77300
19467,U241007-10317,UM-TS-022,1,42600
19468,U260812-10318,UM-SH-004,1,108400
19469,U260812-10318,UM-OT-018,1,294700
19470,U260812-10318,UM-AC-013,3,43900
19471,U260812-10318,UM-SH-014,1,88000
19472,U250527-10319,UM-SH-005,1,79700
19473,U250527-10319,UM-OT-019,1,154200
19474,U251023-10320,UM-TS-035,1,20400
19475,U251023-10320,UM-TS-016,1,72100
19476,U251023-10320,UM-AC-016,1,35500
19477,U251023-10320,UM-TS-021,1,50500
19478,U250323-10321,UM-AC-024,1,49100
19479,U260424-10322,UM-AC-025,2,77200
19480,U260612-10323,UM-BT-010,1,79100
19481,U260612-10323,UM-BT-006,1,64800
19482,U260612-10323,UM-TS-034,1,54600
19483,U250529-10324,UM-TS-014,2,49300
19484,U250529-10324,UM-BT-006,1,48200
19485,U250529-10324,UM-BT-001,1,42700
19486,U250627-10325,UM-TS-030,1,61100
19487,U250627-10325,UM-OT-004,2,237100
19488,U250627-10325,UM-BT-010,1,104300
19489,U250328-10326,UM-TS-014,1,48200
19490,U250328-10326,UM-OT-014,2,144200
19491,U250328-10326,UM-OT-003,2,283000
19492,U250328-10326,UM-BT-016,1,103800
19493,U260712-10327,UM-AC-007,1,11400
19494,U260712-10327,UM-TS-010,1,33000
19495,U260712-10327,UM-OT-020,1,165700
19496,U260712-10327,UM-TS-015,1,17000
19497,U250607-10328,UM-OT-015,1,112100
19498,U250607-10328,UM-TS-016,1,58200
19499,U250607-10328,UM-BT-004,1,43800
19500,U260224-10329,UM-TS-013,1,20500
19501,U260329-10330,UM-AC-004,2,12000
19502,U260828-10331,UM-BT-005,1,87200
19503,U260707-10332,UM-TS-030,1,70300
19504,U260707-10332,UM-BT-003,1,62600
19505,U260707-10332,UM-TS-032,1,37400
19506,U260706-10333,UM-SH-015,1,106600
19507,U260707-10334,UM-TS-017,1,42500
19508,U260707-10334,UM-TS-001,1,42600
19509,U260707-10334,UM-TS-036,2,40800
19510,U260507-10335,UM-TS-032,1,35600
19511,U260507-10335,UM-TS-011,1,66500
19512,U260507-10335,UM-BT-019,1,28200
19513,U260610-10336,UM-BT-014,2,61600
19514,U260610-10336,UM-BT-020,1,89900
19515,U260610-10336,UM-AC-003,2,15700
19516,U260330-10337,UM-OT-016,1,126600
19517,U260504-10338,UM-BT-001,1,36400
19518,U260616-10339,UM-TS-028,1,69400
19519,U260616-10339,UM-TS-001,1,48200
19520,U260503-10340,UM-SH-012,1,141400
19521,U260503-10340,UM-TS-018,1,72500
19522,U260601-10341,UM-AC-006,1,19200
19523,U260826-10342,UM-BT-010,2,83300
19524,U260718-10343,UM-TS-022,1,46800
19525,U251007-10344,UM-TS-030,1,66500
19526,U260607-10345,UM-SH-020,1,210400
19527,U260811-10346,UM-BT-020,1,84600
19528,U260623-10347,UM-TS-034,1,46900
19529,U260623-10347,UM-OT-016,1,109800
19530,U260625-10348,UM-OT-018,2,288000
19531,U260625-10348,UM-OT-007,2,87500
19532,U260625-10348,UM-TS-009,1,52400
19533,U260629-10349,UM-TS-035,1,21400
19534,U260629-10349,UM-BT-018,1,62700
19535,U260318-10350,UM-AC-012,1,51700
19536,U260318-10350,UM-SH-007,2,77300
19537,U260318-10350,UM-TS-003,1,56300
19538,U260318-10350,UM-TS-031,1,24700
19539,U260318-10350,UM-AC-019,1,46400
19540,U260726-10351,UM-SH-011,1,117400
19541,U260726-10351,UM-OT-024,3,294000
19542,U260726-10351,UM-BT-015,1,85300
19543,U260713-10352,UM-OT-008,1,207800
19544,U260816-10353,UM-SH-016,1,117900
19545,U260314-10354,UM-AC-008,1,13200
19546,U260805-10355,UM-TS-005,3,47700
19547,U260713-10356,UM-BT-018,1,75600
19548,U260124-10357,UM-AC-014,1,31800
19549,U260124-10357,UM-BT-012,1,48400
19550,U260515-10358,UM-TS-027,1,78000
19551,U260609-10359,UM-AC-007,1,10300
19552,U260804-10360,UM-TS-016,1,62700
19553,U260804-10360,UM-AC-030,1,12600
19554,U260808-10361,UM-BT-009,1,61100
19555,U250125-10362,UM-TS-005,1,43300
19556,U250125-10362,UM-AC-010,1,47200
19557,U260824-10363,UM-BT-001,1,46600
19558,U260824-10363,UM-AC-012,1,37800
19559,U260824-10363,UM-BT-001,3,40400
19560,U260824-10363,UM-AC-006,1,23300
19561,U260731-10364,UM-SH-016,1,124700
19562,U260329-10365,UM-SH-018,1,182300
19563,U230813-10366,UM-TS-017,1,55800
19564,U230617-10367,UM-BT-011,1,86400
19565,U250829-10368,UM-AC-022,1,19200
19566,U250921-10369,UM-BT-001,1,45600
19567,U250921-10369,UM-TS-002,1,39600
19568,U250921-10369,UM-BT-011,1,83700
19569,U250921-10369,UM-BT-022,1,67700
19570,U260624-10370,UM-SH-013,1,210600
19571,U260624-10370,UM-SH-005,1,67300
19572,U260624-10370,UM-SH-012,1,189800
19573,U260624-10370,UM-TS-017,1,49200
19574,U260601-10371,UM-SH-022,1,118900
19575,U260601-10371,UM-BT-002,1,59800
19576,U260709-10372,UM-BT-015,1,84800
19577,U260330-10373,UM-TS-024,1,23200
19578,U260829-10374,UM-TS-025,1,52800
19579,U240324-10375,UM-TS-035,1,20200
19580,U240918-10376,UM-OT-018,1,385000
19581,U250331-10377,UM-TS-023,1,24400
19582,U241218-10378,UM-TS-001,1,43500
19583,U260326-10379,UM-TS-019,1,86900
19584,U260326-10379,UM-BT-012,1,50200
19585,U260715-10380,UM-BT-012,1,60000
19586,U250216-10381,UM-BT-020,1,71900
19587,U250216-10381,UM-AC-024,3,45600
19588,U250618-10382,UM-TS-004,1,43500
19589,U250618-10382,UM-OT-015,1,96900
19590,U250618-10382,UM-TS-028,3,84800
19591,U250618-10382,UM-TS-022,2,37100
19592,U250618-10382,UM-TS-020,2,41100
19593,U240812-10383,UM-TS-024,2,24300
19594,U240812-10383,UM-BT-002,2,54900
19595,U250930-10384,UM-BT-003,3,56700
19596,U251019-10385,UM-AC-004,2,12800
19597,U251019-10385,UM-BT-001,1,45600
19598,U251019-10385,UM-TS-013,1,17000
19599,U251019-10385,UM-BT-024,1,48800
19600,U250427-10386,UM-SH-018,1,232500
19601,U250427-10386,UM-TS-032,1,35900
19602,U250130-10387,UM-OT-001,1,374500
19603,U250130-10387,UM-BT-010,1,95700
19604,U250130-10387,UM-BT-011,1,65400
19605,U260531-10388,UM-SH-023,1,89000
19606,U260531-10388,UM-AC-005,1,40000
19607,U260528-10389,UM-AC-031,1,61200
19608,U260528-10389,UM-TS-037,1,24100
19609,U260713-10390,UM-BT-014,1,51100
19610,U260713-10390,UM-TS-007,1,37100
19611,U260713-10390,UM-BT-021,1,92300
19612,U260902-10391,UM-SH-001,1,95000
19613,U260831-10392,UM-OT-015,1,91000
19614,U260831-10392,UM-BT-022,1,61900
19615,U241207-10393,UM-BT-002,1,69800
19616,U241210-10394,UM-SH-004,2,100100
19617,U241210-10394,UM-OT-026,1,118300
19618,U241210-10394,UM-TS-024,1,23400
19619,U241210-10394,UM-TS-003,3,77700
19620,U260719-10395,UM-TS-021,1,53300
19621,U260719-10395,UM-BT-016,1,88900
19622,U260719-10395,UM-SH-019,1,128300
19623,U230715-10396,UM-SH-005,1,83100
19624,U230715-10396,UM-SH-018,1,197000
19625,U230715-10396,UM-BT-025,1,84700
19626,U230715-10396,UM-SH-009,1,156200
19627,U230715-10396,UM-TS-001,1,41800
19628,U260701-10397,UM-TS-035,1,21500
19629,U260521-10398,UM-BT-015,1,94000
19630,U240921-10399,UM-AC-008,1,15700
19631,U260730-10400,UM-OT-014,2,137600
19632,U250823-10401,UM-BT-021,1,82000
19633,U260825-10402,UM-TS-020,1,39700
19634,U250515-10403,UM-BT-009,1,55000
19635,U250515-10403,UM-SH-016,1,147000
19636,U251225-10404,UM-SH-015,1,92200
19637,U260528-10405,UM-OT-020,1,181100
19638,U260528-10405,UM-BT-025,1,103200
19639,U260528-10405,UM-TS-006,1,81200
19640,U260528-10405,UM-BT-008,2,70300
19641,U260610-10406,UM-TS-007,2,48200
19642,U260226-10407,UM-BT-002,2,64900
19643,U260822-10408,UM-BT-014,1,58100
19644,U260822-10408,UM-BT-018,1,69700
19645,U260822-10408,UM-SH-009,1,123400
19646,U260822-10408,UM-BT-008,1,78800
19647,U260822-10408,UM-TS-008,1,54700
19648,U251110-10409,UM-BT-025,3,106900
19649,U251110-10409,UM-OT-008,1,240200
19650,U250820-10410,UM-TS-009,1,60100
19651,U250820-10410,UM-BT-024,1,49000
19652,U250820-10410,UM-TS-007,2,48700
19653,U250722-10411,UM-TS-024,1,25900
19654,U250722-10411,UM-SH-001,1,126300
19655,U260830-10412,UM-OT-022,2,250000
19656,U260830-10412,UM-SH-015,1,108600
19657,U260830-10412,UM-BT-007,1,76400
19658,U260830-10412,UM-TS-006,1,76400
19659,U231130-10413,UM-TS-030,1,75000
19660,U231130-10413,UM-OT-017,1,243600
19661,U221014-10414,UM-TS-013,1,23900
19662,U221014-10414,UM-AC-002,2,85900
19663,U221014-10414,UM-BT-021,1,83800
19664,U221014-10414,UM-BT-007,1,84200
19665,U230104-10415,UM-BT-015,1,88000
19666,U240104-10416,UM-BT-023,1,82600
19667,U241026-10417,UM-BT-020,1,68000
19668,U241028-10418,UM-SH-008,1,196700
19669,U241028-10418,UM-SH-018,2,211500
19670,U250926-10419,UM-BT-010,1,87400
19671,U250820-10420,UM-SH-002,1,173100
19672,U250820-10420,UM-TS-010,1,26700
19673,U250820-10420,UM-BT-010,1,108900
19674,U260628-10421,UM-BT-014,1,51100
19675,U260628-10421,UM-SH-015,3,109900
19676,U260628-10421,UM-BT-017,1,42700
19677,U260628-10421,UM-SH-016,1,121800
19678,U260628-10421,UM-BT-018,2,56800
19679,U260429-10422,UM-TS-009,1,61400
19680,U260429-10422,UM-BT-025,1,90300
19681,U251202-10423,UM-OT-008,1,213400
19682,U251202-10423,UM-AC-031,1,63800
19683,U251202-10423,UM-TS-023,2,23500
19684,U260619-10424,UM-OT-023,1,318600
19685,U260619-10424,UM-TS-016,1,73400
19686,U260321-10425,UM-BT-004,1,50200
19687,U260803-10426,UM-TS-027,1,70200
19688,U251218-10427,UM-AC-002,2,73600
19689,U251218-10427,UM-AC-026,1,60000
19690,U251109-10428,UM-BT-012,3,52900
19691,U251109-10428,UM-BT-020,2,77800
19692,U251109-10428,UM-TS-032,1,32800
19693,U260215-10429,UM-TS-032,1,38300
19694,U260215-10429,UM-BT-009,1,51300
19695,U260506-10430,UM-TS-018,1,60400
19696,U260811-10431,UM-TS-008,1,55000
19697,U260811-10431,UM-TS-029,1,50700
19698,U260220-10432,UM-TS-030,1,65300
19699,U260220-10432,UM-BT-005,2,98200
19700,U260802-10433,UM-TS-036,1,52900
19701,U251220-10434,UM-TS-013,1,22900
19702,U251220-10434,UM-BT-014,1,58400
19703,U260803-10435,UM-AC-025,1,79100
19704,U260803-10435,UM-TS-018,1,60400
19705,U260803-10435,UM-OT-001,1,354900
19706,U260803-10435,UM-TS-032,1,39600
19707,U251008-10436,UM-AC-008,1,16900
19708,U260126-10437,UM-AC-028,1,34100
19709,U251220-10438,UM-AC-005,1,32000
19710,U251220-10438,UM-OT-003,1,262400
19711,U260315-10439,UM-BT-008,1,80100
19712,U260315-10439,UM-SH-014,1,104000
19713,U260315-10439,UM-BT-011,1,84900
19714,U250811-10440,UM-BT-020,2,71300
19715,U251104-10441,UM-TS-036,1,42300
19716,U260227-10442,UM-TS-035,1,22800
19717,U250827-10443,UM-AC-015,1,54600
19718,U260216-10444,UM-TS-036,1,50500
19719,U260328-10445,UM-BT-003,1,51100
19720,U250125-10446,UM-BT-013,1,102600
19721,U250125-10446,UM-TS-014,1,55400
19722,U250125-10446,UM-TS-013,1,18400
19723,U250825-10447,UM-SH-022,1,128900
19724,U260526-10448,UM-OT-025,1,289700
19725,U260731-10449,UM-TS-022,1,35800
19726,U260731-10449,UM-BT-011,1,85700
19727,U260804-10450,UM-TS-035,1,18900
19728,U260804-10450,UM-BT-020,1,77700
19729,U260312-10451,UM-AC-031,1,72900
19730,U260330-10452,UM-TS-019,1,68500
19731,U260330-10452,UM-BT-003,1,50400
19732,U260330-10452,UM-TS-026,1,43500
19733,U260326-10453,UM-TS-002,1,33400
19734,U260326-10453,UM-OT-025,1,336300
19735,U260326-10453,UM-TS-025,2,55800
19736,U260326-10453,UM-TS-019,1,73500
19737,U260612-10454,UM-TS-017,3,45700
19738,U260612-10454,UM-TS-014,1,44600
19739,U260612-10454,UM-BT-017,1,41600
19740,U260211-10455,UM-TS-021,1,41000
19741,U250404-10456,UM-OT-002,1,271500
19742,U250404-10456,UM-AC-011,1,56900
19743,U250404-10456,UM-TS-011,1,83500
19744,U260711-10457,UM-AC-025,1,77800
19745,U260711-10457,UM-TS-003,2,59300
19746,U260711-10457,UM-OT-022,1,194800
19747,U260526-10458,UM-TS-005,1,37400
19748,U260817-10459,UM-TS-020,1,34800
19749,U260817-10459,UM-TS-002,1,32800
19750,U260705-10460,UM-TS-004,1,36400
19751,U260712-10461,UM-BT-025,2,85000
19752,U260527-10462,UM-TS-009,1,49600
19753,U260804-10463,UM-AC-009,1,59600
19754,U260804-10463,UM-TS-016,1,59100
19755,U260804-10463,UM-BT-021,1,92000
19756,U251214-10464,UM-TS-020,1,32700
19757,U251216-10465,UM-TS-022,2,39400
19758,U251013-10466,UM-SH-020,1,209700
19759,U251013-10466,UM-OT-023,1,285200
19760,U251013-10466,UM-TS-031,1,24900
19761,U260429-10467,UM-TS-027,1,82500
19762,U250906-10468,UM-BT-024,1,38400
19763,U251222-10469,UM-BT-007,3,97400
19764,U251222-10469,UM-TS-028,1,64500
19765,U251222-10469,UM-TS-005,1,35600
19766,U251222-10469,UM-TS-005,1,38200
19767,U251112-10470,UM-SH-015,1,91700
19768,U251208-10471,UM-BT-009,1,65200
19769,U241119-10472,UM-TS-011,1,62300
19770,U241119-10472,UM-TS-021,1,45600
19771,U241119-10472,UM-OT-002,1,256900
19772,U240627-10473,UM-TS-035,1,20400
19773,U260301-10474,UM-OT-017,1,281200
19774,U250830-10475,UM-AC-029,1,12300
19775,U250830-10475,UM-TS-007,2,36800
19776,U260116-10476,UM-SH-012,1,185000
19777,U251129-10477,UM-TS-034,1,66000
19778,U251129-10477,UM-BT-016,1,91300
19779,U260410-10478,UM-AC-022,1,17300
19780,U260410-10478,UM-AC-012,1,51600
19781,U260122-10479,UM-AC-003,1,13500
19782,U260401-10480,UM-AC-024,1,54700
19783,U260416-10481,UM-AC-024,1,51500
19784,U250603-10482,UM-TS-002,1,38900
19785,U260511-10483,UM-TS-013,1,23600
19786,U240801-10484,UM-TS-019,1,75700
19787,U250410-10485,UM-BT-003,3,54800
19788,U250410-10485,UM-OT-011,1,74800
19789,U250410-10485,UM-BT-013,1,102500
19790,U260321-10486,UM-TS-032,1,34500
19791,U260902-10487,UM-TS-031,1,28500
19792,U260902-10488,UM-TS-006,1,74200
19793,U240924-10489,UM-TS-005,1,36000
19794,U250116-10490,UM-TS-010,1,32100
19795,U250715-10491,UM-BT-016,1,91200
19796,U250715-10491,UM-BT-007,1,100500
19797,U250721-10492,UM-BT-009,1,64400
19798,U250721-10492,UM-SH-009,2,149800
19799,U250721-10492,UM-OT-012,1,200700
19800,U251125-10493,UM-BT-004,1,49700
19801,U251125-10493,UM-BT-022,1,60200
19802,U251125-10493,UM-SH-012,1,168300
19803,U260710-10494,UM-BT-005,1,104200
19804,U260615-10495,UM-AC-029,2,11300
19805,U260615-10495,UM-TS-019,1,78900
19806,U260615-10495,UM-BT-013,1,107900
19807,U260626-10496,UM-AC-019,1,47700
19808,U260831-10497,UM-AC-013,1,49400
19809,U240607-10498,UM-AC-001,1,52800
19810,U221025-10499,UM-AC-016,1,28000
19811,U231211-10500,UM-OT-017,1,282800
19812,U231211-10500,UM-BT-004,1,54600
19813,U260707-10501,UM-TS-007,1,43600
19814,U260707-10501,UM-AC-018,1,51500
19815,U260707-10501,UM-TS-024,1,19300
19816,U260513-10502,UM-TS-021,1,53100
19817,U251027-10503,UM-TS-029,1,46000
19818,U251027-10503,UM-AC-031,1,64600
19819,U250828-10504,UM-OT-016,1,131300
19820,U260714-10505,UM-OT-012,1,171700
19821,U260830-10506,UM-SH-018,1,220000
19822,U260830-10506,UM-BT-018,1,71000
19823,U260819-10507,UM-OT-004,2,216800
19824,U260708-10508,UM-TS-010,1,26500
19825,U260708-10508,UM-OT-009,2,292500
19826,U260708-10508,UM-TS-025,1,52000
19827,U260503-10509,UM-AC-013,1,55400
19828,U260503-10509,UM-BT-009,1,51600
19829,U260319-10510,UM-AC-017,1,28500
19830,U260624-10511,UM-BT-005,1,87000
19831,U260726-10512,UM-BT-020,1,91000
19832,U260726-10512,UM-TS-008,1,60200
19833,U260726-10512,UM-AC-015,1,46600
19834,U260726-10512,UM-TS-010,1,24600
19835,U260615-10513,UM-TS-010,1,33400
19836,U260419-10514,UM-SH-002,2,219600
19837,U260419-10514,UM-AC-019,1,51400
19838,U260816-10515,UM-OT-003,1,244900
19839,U260816-10515,UM-SH-001,1,109900
19840,U260816-10515,UM-SH-019,1,166600
19841,U260816-10515,UM-BT-011,1,81600
19842,U260819-10516,UM-SH-003,1,160800
19843,U260819-10516,UM-OT-009,2,262500
19844,U260819-10516,UM-TS-033,1,47100
19845,U250315-10517,UM-BT-003,1,68100
19846,U250410-10518,UM-TS-033,1,44200
19847,U241109-10519,UM-TS-003,1,68700
19848,U241109-10519,UM-BT-021,1,90100
19849,U241109-10519,UM-TS-032,1,39400
19850,U250815-10520,UM-OT-021,2,119000
19851,U250815-10520,UM-OT-002,3,253800
19852,U260606-10521,UM-TS-002,1,40300
19853,U260129-10522,UM-SH-023,1,89400
19854,U260825-10523,UM-TS-032,1,40800
19855,U260825-10523,UM-SH-018,1,245900
19856,U260809-10524,UM-BT-025,1,84600
19857,U260822-10525,UM-TS-005,1,44100
19858,U260822-10525,UM-SH-017,1,139000
19859,U260822-10525,UM-BT-005,1,103400
19860,U260822-10525,UM-BT-022,1,58200
19861,U260822-10525,UM-SH-008,1,164600
19862,U260818-10526,UM-TS-014,1,39900
19863,U260818-10526,UM-TS-007,2,36300
19864,U260822-10527,UM-TS-015,2,18700
19865,U260822-10527,UM-OT-004,1,189900
19866,U260901-10528,UM-TS-024,1,23700
19867,U260902-10529,UM-TS-003,2,66600
19868,U260902-10529,UM-BT-022,3,78300
19869,U260902-10529,UM-SH-008,1,152900
19870,U260902-10529,UM-TS-015,1,17400
19871,U260902-10529,UM-AC-026,1,53500
19872,U260826-10530,UM-TS-024,1,25200
19873,U260812-10531,UM-TS-017,1,41400
19874,U260824-10532,UM-AC-006,1,25200
19875,U260824-10532,UM-BT-007,1,81700
19876,U260824-10532,UM-OT-016,1,136400
19877,U260824-10532,UM-BT-010,2,91500
19878,U260814-10533,UM-TS-034,1,53800
19879,U260814-10533,UM-TS-016,1,55500
19880,U260814-10533,UM-SH-014,1,93000
19881,U260814-10533,UM-SH-013,1,190200
19882,U260821-10534,UM-TS-008,1,57500
19883,U260822-10535,UM-SH-018,1,216000
19884,U260822-10535,UM-SH-019,1,176000
19885,U260820-10536,UM-SH-021,1,167500
19886,U260528-10537,UM-BT-016,2,101100
19887,U260528-10537,UM-AC-021,2,22400
19888,U260528-10537,UM-AC-001,2,59000
19889,U260528-10537,UM-TS-032,1,32100
19890,U250116-10538,UM-BT-021,1,80700
19891,U250116-10538,UM-TS-013,1,19900
19892,U250116-10538,UM-SH-004,1,111500
19893,U260113-10539,UM-OT-021,3,120200
19894,U260113-10539,UM-TS-036,1,47800
19895,U260113-10539,UM-AC-016,1,29200
19896,U260212-10540,UM-BT-025,1,110600
19897,U260611-10541,UM-SH-016,1,126400
19898,U260824-10542,UM-BT-023,1,92300
19899,U260121-10543,UM-TS-003,1,67400
19900,U260121-10543,UM-SH-013,1,201300
19901,U240910-10544,UM-OT-014,1,122400
19902,U250118-10545,UM-TS-010,1,29200
19903,U250118-10545,UM-BT-001,1,39200
19904,U260325-10546,UM-SH-001,1,114600
19905,U260325-10546,UM-AC-025,1,72500
19906,U260827-10547,UM-TS-016,3,77000
19907,U260827-10547,UM-TS-002,1,39400
19908,U260827-10547,UM-BT-001,2,39000
19909,U260903-10548,UM-SH-013,1,195500
19910,U260901-10549,UM-AC-009,1,71700
19911,U260804-10550,UM-BT-015,1,103700
19912,U260804-10550,UM-OT-015,1,84900
19913,U260804-10550,UM-BT-014,1,56200
19914,U260804-10550,UM-AC-027,2,57800
19915,U260804-10550,UM-AC-006,1,23100
19916,U260724-10551,UM-BT-025,1,107400
19917,U260204-10552,UM-SH-022,1,124900
19918,U240614-10553,UM-AC-006,1,22700
19919,U240614-10553,UM-TS-012,1,41700
19920,U240614-10553,UM-BT-001,1,43100
19921,U240614-10553,UM-TS-004,1,48300
19922,U240614-10553,UM-BT-019,1,28200
19923,U250731-10554,UM-TS-033,1,39900
19924,U260521-10555,UM-BT-023,1,87000
19925,U250917-10556,UM-BT-009,1,60100
19926,U260526-10557,UM-TS-022,1,48000
19927,U260801-10558,UM-TS-024,1,23300
19928,U260801-10558,UM-BT-021,3,80600
19929,U260801-10558,UM-SH-012,1,186600
19930,U250617-10559,UM-AC-030,1,12700
19931,U260416-10560,UM-BT-004,1,55100
19932,U260416-10560,UM-SH-013,1,211000
19933,U260324-10561,UM-BT-014,1,69800
19934,U260422-10562,UM-OT-021,1,146300
19935,U260422-10562,UM-AC-008,3,17700
19936,U260713-10563,UM-TS-028,1,71700
19937,U260819-10564,UM-OT-007,2,110900
19938,U260819-10564,UM-BT-011,1,71600
19939,U260819-10564,UM-TS-007,3,49100
19940,U260824-10565,UM-BT-002,1,77600
19941,U260830-10566,UM-OT-003,1,259200
19942,U260830-10566,UM-SH-014,1,86100
19943,U260824-10567,UM-TS-028,1,86700
19944,U240602-10568,UM-TS-037,1,28700
19945,U240602-10568,UM-BT-006,1,57500
19946,U241215-10569,UM-TS-034,1,53700
19947,U241215-10569,UM-BT-012,1,46400
19948,U260517-10570,UM-TS-023,1,27700
19949,U260517-10570,UM-BT-001,1,36700
19950,U250928-10571,UM-AC-010,1,61300
19951,U250928-10571,UM-SH-004,1,99900
19952,U260617-10572,UM-SH-007,1,76900
19953,U260420-10573,UM-TS-007,1,35100
19954,U260315-10574,UM-AC-029,1,12800
19955,U250920-10575,UM-TS-011,1,84700
19956,U260717-10576,UM-TS-021,2,51500
19957,U250511-10577,UM-TS-012,2,44200
19958,U250408-10578,UM-TS-029,1,53400
19959,U260423-10579,UM-OT-011,1,78500
19960,U260423-10579,UM-AC-010,1,46400
19961,U260423-10579,UM-BT-013,1,92000
19962,U260831-10580,UM-TS-013,1,19600
19963,U260831-10580,UM-TS-029,1,50300
19964,U240720-10581,UM-BT-018,1,74900
19965,U240720-10581,UM-TS-031,2,28600
19966,U250605-10582,UM-TS-019,1,86200
19967,U251023-10583,UM-OT-013,1,162600
19968,U251023-10583,UM-BT-021,1,87900
19969,U260203-10584,UM-BT-008,1,75600
19970,U260203-10584,UM-SH-013,1,184600
19971,U251020-10585,UM-AC-013,1,40400
19972,U251020-10585,UM-SH-017,1,127300
19973,U240302-10586,UM-AC-018,1,43400
19974,U240610-10587,UM-BT-021,1,81900
19975,U240610-10587,UM-TS-017,1,51900
19976,U250913-10588,UM-AC-024,1,40600
19977,U250913-10588,UM-TS-008,1,45100
19978,U250512-10589,UM-SH-017,1,141700
19979,U250512-10589,UM-SH-004,1,98300
19980,U250512-10589,UM-OT-018,1,387300
19981,U250512-10589,UM-TS-006,1,74500
19982,U250515-10590,UM-TS-008,1,47600
19983,U260506-10591,UM-SH-024,1,128700
19984,U260506-10591,UM-BT-014,1,57200
19985,U251231-10592,UM-TS-006,1,74600
19986,U251231-10592,UM-TS-016,1,66800
19987,U250725-10593,UM-TS-033,1,51500
19988,U260831-10594,UM-TS-005,1,48200
19989,U260831-10594,UM-SH-014,1,89800
19990,U260901-10595,UM-AC-006,1,23900
19991,U250401-10596,UM-TS-022,1,34300
19992,U250401-10596,UM-BT-013,1,99700
19993,U250401-10596,UM-TS-004,1,40400
19994,U250401-10596,UM-BT-021,1,79200
19995,U250908-10597,UM-TS-020,1,44900
19996,U250908-10597,UM-OT-004,3,205000
19997,U260322-10598,UM-BT-016,2,99900
19998,U251216-10599,UM-TS-003,1,60200
19999,U250826-10600,UM-SH-016,3,149000
20000,U250826-10600,UM-SH-019,1,159700
20001,U250918-10601,UM-BT-013,1,106600
20002,U251023-10602,UM-BT-020,1,72900
20003,U251023-10602,UM-OT-005,1,201100
20004,U250502-10603,UM-OT-003,2,274500
20005,U260225-10604,UM-BT-010,1,93500
20006,U260225-10604,UM-AC-030,1,11000
20007,U260225-10604,UM-OT-012,1,194800
20008,U250915-10605,UM-TS-002,1,38300
20009,U260407-10606,UM-TS-036,2,51100
20010,U260407-10606,UM-TS-004,1,39800
20011,U260407-10606,UM-SH-005,1,67300
20012,U260108-10607,UM-AC-016,1,35800
20013,U260824-10608,UM-AC-028,3,32600
20014,U260824-10608,UM-SH-006,1,188100
20015,U260307-10609,UM-BT-022,1,80300
20016,U250313-10610,UM-BT-024,1,49900
20017,U250313-10610,UM-SH-005,1,70600
20018,U260223-10611,UM-TS-002,1,31800
20019,U241019-10612,UM-OT-015,1,85400
20020,U250924-10613,UM-BT-004,1,51600
20021,U260527-10614,UM-TS-014,1,40100
20022,U260527-10614,UM-TS-035,1,20800
20023,U260108-10615,UM-BT-012,1,47700
20024,U260108-10615,UM-AC-007,1,13000
20025,U260108-10615,UM-SH-009,1,157600
20026,U260520-10616,UM-OT-007,1,107700
20027,U260520-10616,UM-BT-005,1,94500
20028,U260520-10616,UM-TS-009,1,66100
20029,U250107-10617,UM-AC-004,1,11600
20030,U250107-10618,UM-OT-018,1,377900
20031,U260901-10619,UM-TS-028,1,82800
20032,U260901-10619,UM-AC-002,1,81900
20033,U260404-10620,UM-AC-019,1,52500
20034,U260404-10620,UM-BT-001,1,37900
20035,U260814-10621,UM-OT-022,1,205000
20036,U260814-10621,UM-TS-034,1,47400
20037,U260814-10621,UM-SH-019,1,166700
20038,U260814-10621,UM-TS-022,1,37300
20039,U260418-10622,UM-AC-014,1,29700
20040,U260418-10622,UM-TS-007,1,40500
20041,U260418-10622,UM-BT-013,1,124100
20042,U260528-10623,UM-TS-014,1,41800
20043,U260528-10623,UM-TS-013,1,21500
20044,U260216-10624,UM-SH-022,2,124700
20045,U260216-10624,UM-BT-017,1,31500
20046,U260820-10625,UM-TS-021,1,54900
20047,U260711-10626,UM-TS-003,1,68000
20048,U260721-10627,UM-OT-006,1,212100
20049,U260721-10627,UM-TS-004,1,42400
20050,U260826-10628,UM-SH-009,1,119700
20051,U260826-10628,UM-OT-012,1,178700
20052,U260526-10629,UM-BT-006,1,57100
20053,U260526-10629,UM-BT-022,3,59300
20054,U260313-10630,UM-AC-011,1,71900
20055,U260818-10631,UM-OT-008,1,264200
20056,U260818-10631,UM-OT-002,1,274400
20057,U251109-10632,UM-AC-016,2,27200
20058,U260716-10633,UM-TS-005,1,40500
20059,U250813-10634,UM-BT-015,1,76000
20060,U250813-10634,UM-SH-007,1,77500
20061,U251126-10635,UM-TS-020,2,32800
20062,U251126-10635,UM-BT-015,1,76400
20063,U260310-10636,UM-TS-007,1,44500
20064,U260310-10636,UM-AC-008,1,17600
20065,U260218-10637,UM-SH-006,1,194200
20066,U260218-10637,UM-SH-020,1,206400
20067,U260522-10638,UM-AC-016,1,33600
20068,U260522-10638,UM-SH-011,1,134300
20069,U251211-10639,UM-SH-009,1,162000
20070,U251211-10639,UM-TS-007,1,49100
20071,U251211-10639,UM-OT-002,1,301500
20072,U251211-10639,UM-SH-015,1,99900
20073,U251211-10639,UM-TS-011,1,69600
20074,U260314-10640,UM-OT-019,1,205100
20075,U260810-10641,UM-BT-013,1,121400
20076,U260810-10641,UM-BT-014,1,55300
20077,U251024-10642,UM-TS-017,1,40300
20078,U260129-10643,UM-BT-019,1,27400
20079,U260521-10644,UM-SH-007,1,91100
20080,U251212-10645,UM-BT-008,3,77900
20081,U251212-10645,UM-BT-008,2,71400
20082,U250417-10646,UM-AC-015,1,56900
20083,U260321-10647,UM-TS-037,2,27000
20084,U260321-10647,UM-TS-010,1,29200
20085,U260321-10647,UM-SH-020,1,174700
20086,U260321-10647,UM-OT-002,3,325200
20087,U260321-10647,UM-AC-030,2,11600
20088,U260823-10648,UM-TS-032,1,36200
20089,U260702-10649,UM-SH-018,1,180600
20090,U260702-10649,UM-BT-019,1,31400
20091,U260607-10650,UM-SH-015,2,105100
20092,U260607-10650,UM-TS-014,1,53400
20093,U260607-10650,UM-SH-022,1,129500
20094,U260819-10651,UM-TS-020,1,38200
20095,U260819-10651,UM-TS-035,1,20300
20096,U260819-10651,UM-TS-007,3,45900
20097,U260729-10652,UM-BT-006,1,58700
20098,U250201-10653,UM-TS-037,1,29400
20099,U260218-10654,UM-AC-002,1,73500
20100,U260218-10654,UM-AC-017,1,24100
20101,U260218-10654,UM-TS-028,1,79000
20102,U260808-10655,UM-SH-021,1,149900
20103,U260808-10655,UM-BT-013,1,99700
20104,U260808-10655,UM-TS-029,1,41700
20105,U260814-10656,UM-BT-013,2,99800
20106,U260814-10656,UM-TS-004,1,44800
20107,U250417-10657,UM-TS-023,1,26600
20108,U250904-10658,UM-BT-021,1,65900
20109,U250630-10659,UM-BT-015,1,103400
20110,U250630-10659,UM-SH-001,1,117600
20111,U240417-10660,UM-SH-020,1,214600
20112,U250630-10661,UM-TS-020,2,41600
20113,U251028-10662,UM-SH-004,1,108900
20114,U251028-10662,UM-BT-008,1,86600
20115,U251028-10663,UM-BT-014,2,61900
20116,U251028-10663,UM-AC-022,1,17700
20117,U251028-10664,UM-AC-017,1,27500
20118,U251202-10665,UM-OT-016,1,110500
20119,U251202-10665,UM-TS-011,2,70900
20120,U240316-10666,UM-OT-019,1,153500
20121,U240623-10667,UM-AC-010,1,57800
20122,U240623-10667,UM-BT-024,1,52600
20123,U260624-10668,UM-BT-025,1,102000
20124,U260808-10669,UM-TS-020,1,38000
20125,U260808-10669,UM-TS-034,1,52600
20126,U250819-10670,UM-BT-010,1,98400
20127,U250819-10670,UM-AC-013,1,41700
20128,U250819-10670,UM-TS-007,1,38900
20129,U260901-10671,UM-SH-009,1,121700
20130,U260901-10671,UM-BT-005,1,110800
20131,U260901-10671,UM-TS-002,1,37300
20132,U260821-10672,UM-AC-028,1,32800
20133,U260902-10673,UM-OT-003,1,282700
20134,U260902-10673,UM-TS-036,1,51500
20135,U260725-10674,UM-OT-025,1,288800
20136,U260725-10674,UM-BT-012,1,54500
20137,U260829-10675,UM-SH-015,1,86200
20138,U260720-10676,UM-BT-015,1,89900
20139,U260720-10676,UM-OT-023,1,380700
20140,U260720-10676,UM-TS-025,2,56200
20141,U260817-10677,UM-SH-013,1,181600
20142,U260817-10677,UM-SH-016,1,130300
20143,U260808-10678,UM-OT-019,1,193300
20144,U260807-10679,UM-BT-019,1,30000
20145,U260708-10680,UM-TS-024,1,20800
20146,U260708-10680,UM-SH-009,1,153000
20147,U260708-10680,UM-TS-011,1,81900
20148,U260708-10680,UM-TS-003,1,60600
20149,U260708-10680,UM-TS-013,3,17300
20150,U260808-10681,UM-TS-017,1,55600
20151,U260808-10681,UM-SH-007,2,78100
20152,U260715-10682,UM-SH-004,1,96100
20153,U260715-10682,UM-BT-020,1,72400
20154,U260704-10683,UM-SH-011,1,117400
20155,U260818-10684,UM-OT-022,1,196400
20156,U230830-10685,UM-TS-020,1,44700
20157,U230830-10685,UM-TS-022,1,40900
20158,U260716-10686,UM-BT-020,1,67700
20159,U260716-10686,UM-AC-001,1,61100
20160,U260818-10687,UM-OT-008,1,221700
20161,U260818-10687,UM-BT-014,1,51900
20162,U260818-10687,UM-TS-035,1,22700
20163,U260831-10688,UM-SH-003,1,202400
20164,U260831-10688,UM-TS-012,1,42700
20165,U250423-10689,UM-TS-036,1,37500
20166,U250423-10689,UM-BT-018,1,69400
20167,U260313-10690,UM-TS-005,1,38700
20168,U260408-10691,UM-AC-011,1,56700
20169,U260620-10692,UM-TS-031,1,25900
20170,U260620-10692,UM-OT-024,1,297400
20171,U260620-10692,UM-BT-012,1,57300
20172,U260620-10692,UM-AC-002,1,60300
20173,U260701-10693,UM-SH-004,1,101500
20174,U260701-10693,UM-TS-008,1,61500
20175,U260701-10693,UM-TS-016,1,74900
20176,U260404-10694,UM-SH-013,1,182400
20177,U260624-10695,UM-TS-020,1,33900
20178,U260624-10695,UM-TS-016,1,65000
20179,U260725-10696,UM-TS-020,1,31800
20180,U260725-10696,UM-SH-017,1,154800
20181,U260725-10696,UM-OT-022,1,253000
20182,U260815-10697,UM-BT-012,1,53900
20183,U260622-10698,UM-OT-009,1,352700
20184,U260622-10698,UM-TS-010,1,23800
20185,U260513-10699,UM-TS-014,1,53600
20186,U260513-10699,UM-AC-031,1,67700
20187,U260513-10699,UM-SH-022,1,138300
20188,U260825-10700,UM-AC-002,1,62800
20189,U260622-10701,UM-TS-010,1,34000
20190,U260819-10702,UM-BT-005,1,82500
20191,U260819-10702,UM-OT-009,1,316600
20192,U260707-10703,UM-SH-019,1,151100
20193,U260816-10704,UM-TS-013,1,19400
20194,U260816-10704,UM-BT-019,1,37000
20195,U260816-10704,UM-BT-003,1,69300
20196,U260816-10705,UM-SH-014,1,77200
20197,U260816-10705,UM-AC-028,1,36100
20198,U260816-10705,UM-BT-021,1,76800
20199,U260823-10706,UM-TS-036,1,46100
20200,U260803-10707,UM-TS-022,1,45500
20201,U260825-10708,UM-BT-003,2,67900
20202,U260824-10709,UM-BT-018,1,60300
20203,U260824-10709,UM-TS-001,1,41700
20204,U260824-10709,UM-TS-005,1,46300
20205,U250708-10710,UM-SH-008,1,158100
20206,U260902-10711,UM-BT-003,2,67400
20207,U260903-10712,UM-SH-005,1,78500
20208,U260831-10713,UM-TS-019,1,71400
20209,U231122-10714,UM-TS-037,1,27100
20210,U230531-10715,UM-BT-019,3,30500
20211,U230531-10715,UM-OT-026,1,115800
20212,U230531-10715,UM-TS-023,1,29900
20213,U241225-10716,UM-OT-026,1,101600
20214,U241225-10716,UM-AC-012,1,38600
20215,U241225-10716,UM-AC-031,1,66100
20216,U250705-10717,UM-BT-024,1,42200
20217,U251211-10718,UM-BT-024,1,50300
20218,U251211-10718,UM-TS-034,1,58800
20219,U260127-10719,UM-BT-022,2,72200
20220,U260127-10719,UM-TS-003,2,69600
20221,U260423-10720,UM-SH-020,2,228600
20222,U260423-10720,UM-BT-007,2,83000
20223,U260423-10720,UM-AC-027,1,67900
20224,U260716-10721,UM-TS-033,2,36400
20225,U260716-10721,UM-TS-025,1,54100
20226,U260716-10721,UM-TS-032,1,36700
20227,U230421-10722,UM-SH-007,1,96200
20228,U250223-10723,UM-TS-008,1,48300
20229,U250223-10723,UM-TS-010,1,33400
20230,U250223-10723,UM-AC-014,1,25400
20231,U260710-10724,UM-BT-001,1,47800
20232,U260710-10724,UM-BT-008,1,85300
20233,U260710-10724,UM-SH-006,2,224300
20234,U260227-10725,UM-TS-004,1,44000
20235,U250622-10726,UM-BT-020,3,71200
20236,U250622-10726,UM-TS-013,1,21800
20237,U260407-10727,UM-AC-023,3,64700
20238,U260407-10727,UM-TS-036,1,38900
20239,U260407-10727,UM-AC-008,1,14300
20240,U260514-10728,UM-BT-005,1,99500
20241,U260420-10729,UM-BT-019,1,27000
20242,U260420-10729,UM-SH-002,1,200700
20243,U250715-10730,UM-BT-017,1,31100
20244,U260511-10731,UM-SH-018,1,246200
20245,U260511-10731,UM-SH-013,1,186300
20246,U251127-10732,UM-TS-037,1,30000
20247,U241122-10733,UM-TS-019,1,64600
20248,U250723-10734,UM-AC-017,1,22300
20249,U250723-10734,UM-AC-027,1,56900
20250,U260610-10735,UM-BT-019,1,30800
20251,U251220-10736,UM-SH-016,1,153700
20252,U251220-10736,UM-AC-014,1,26600
20253,U250618-10737,UM-BT-005,1,97400
20254,U260701-10738,UM-AC-008,1,14600
20255,U260701-10738,UM-TS-001,2,46400
20256,U260218-10739,UM-OT-025,2,378700
20257,U260218-10739,UM-BT-003,1,54100
20258,U251225-10740,UM-AC-025,2,66300
20259,U260624-10741,UM-BT-014,1,60700
20260,U260624-10741,UM-SH-008,1,163200
20261,U260722-10742,UM-AC-015,1,50600
20262,U260628-10743,UM-BT-018,1,74700
20263,U260628-10743,UM-TS-015,1,19100
20264,U251229-10744,UM-TS-027,1,82600
20265,U251229-10744,UM-AC-018,1,46700
20266,U251229-10744,UM-BT-003,1,68800
20267,U251229-10744,UM-BT-005,1,94700
20268,U260313-10745,UM-AC-020,1,67000
20269,U260313-10745,UM-OT-014,1,154500
20270,U250307-10746,UM-BT-011,1,81100
20271,U240730-10747,UM-TS-029,3,48400
20272,U260404-10748,UM-SH-009,1,144200
20273,U260404-10748,UM-BT-025,1,108700
20274,U260111-10749,UM-TS-011,1,80100
20275,U260610-10750,UM-TS-012,2,44400
20276,U260610-10750,UM-SH-006,1,231200
20277,U260610-10750,UM-TS-012,1,41200
20278,U260821-10751,UM-BT-003,1,57800
20279,U251221-10752,UM-SH-010,1,177400
20280,U251221-10752,UM-BT-001,1,37700
20281,U260401-10753,UM-BT-011,1,77400
20282,U240528-10754,UM-TS-009,1,56900
20283,U240528-10754,UM-BT-001,1,42400
20284,U241213-10755,UM-SH-013,1,194200
20285,U241213-10755,UM-TS-005,1,44500
20286,U260903-10756,UM-TS-037,3,32300
20287,U260901-10757,UM-BT-004,1,57100
20288,U260902-10758,UM-AC-007,1,13700
20289,U260831-10759,UM-AC-025,1,71100
20290,U260902-10760,UM-TS-025,1,51900
20291,U260902-10760,UM-TS-020,1,33100
20292,U260831-10761,UM-SH-013,1,185600
20293,U260831-10761,UM-TS-001,1,40200
20294,U240108-10762,UM-BT-024,1,49800
20295,U240108-10762,UM-SH-021,1,155300
20296,U240108-10762,UM-TS-012,1,34900
20297,U240108-10762,UM-AC-008,1,13300
20298,U260510-10763,UM-BT-002,1,64600
20299,U260510-10763,UM-TS-013,1,20400
20300,U260510-10763,UM-BT-002,2,72600
20301,U260510-10763,UM-TS-004,1,38300
20302,U260507-10764,UM-TS-033,1,44300
20303,U250812-10765,UM-TS-004,1,46500
20304,U251206-10766,UM-SH-017,3,150900
20305,U251206-10766,UM-TS-016,1,58500
20306,U251206-10766,UM-BT-002,1,76800
20307,U250729-10767,UM-TS-006,1,76800
20308,U250729-10767,UM-OT-016,2,127200
20309,U250729-10767,UM-TS-002,1,35600
20310,U250729-10767,UM-AC-021,2,24800
20311,U250729-10767,UM-TS-027,1,66900
20312,U250411-10768,UM-TS-025,1,55900
20313,U250411-10768,UM-OT-014,1,154300
20314,U250411-10768,UM-AC-005,1,28900
20315,U251007-10769,UM-OT-023,1,336400
20316,U260216-10770,UM-AC-024,1,41900
20317,U260216-10770,UM-TS-016,1,73800
20318,U250626-10771,UM-TS-013,1,18100
20319,U250626-10771,UM-OT-017,1,259600
20320,U250626-10771,UM-TS-007,1,40400
20321,U251002-10772,UM-BT-002,2,67500
20322,U260714-10773,UM-TS-032,1,44900
20323,U260330-10774,UM-AC-015,1,46000
20324,U260330-10774,UM-AC-003,1,15400
20325,U260330-10774,UM-TS-015,1,17200
20326,U260530-10775,UM-BT-018,1,61600
20327,U260530-10775,UM-SH-001,1,116300
20328,U260507-10776,UM-OT-018,1,306700
20329,U260731-10777,UM-TS-003,1,58400
20330,U260731-10777,UM-TS-034,1,55700
20331,U250309-10778,UM-AC-006,1,26300
20332,U250309-10778,UM-TS-021,1,41500
20333,U231031-10779,UM-SH-023,1,88900
20334,U240616-10780,UM-AC-028,1,32900
20335,U260718-10781,UM-SH-011,2,135000
20336,U260718-10781,UM-TS-024,1,18500
20337,U241012-10782,UM-BT-020,1,72200
20338,U241012-10782,UM-BT-024,1,52300
20339,U240711-10783,UM-TS-002,1,31600
20340,U241226-10784,UM-BT-006,1,48800
20341,U241226-10784,UM-BT-011,1,64100
20342,U241226-10784,UM-AC-030,1,11800
20343,U241226-10784,UM-OT-021,1,117500
20344,U250315-10785,UM-BT-016,1,105300
20345,U250315-10785,UM-TS-001,1,44000
20346,U240722-10786,UM-OT-015,1,112200
20347,U250721-10787,UM-TS-034,1,47900
20348,U260819-10788,UM-BT-020,1,88700
20349,U260819-10788,UM-OT-023,1,289800
20350,U260126-10789,UM-SH-006,1,244800
20351,U260126-10789,UM-TS-027,1,83500
20352,U250727-10790,UM-SH-017,1,137300
20353,U250727-10790,UM-TS-001,1,38000
20354,U260318-10791,UM-AC-016,1,33100
20355,U260130-10792,UM-BT-009,1,55900
20356,U260711-10793,UM-OT-018,1,311700
20357,U260711-10793,UM-AC-016,1,35700
20358,U260801-10794,UM-TS-030,2,60400
20359,U260815-10795,UM-BT-019,1,33500
20360,U260815-10795,UM-TS-031,1,26400
20361,U260815-10795,UM-TS-016,1,70800
20362,U260713-10796,UM-OT-026,1,115000
20363,U260713-10796,UM-TS-005,1,36600
20364,U260813-10797,UM-OT-026,1,111300
20365,U260813-10797,UM-BT-010,1,87100
20366,U250601-10798,UM-TS-031,3,27900
20367,U250601-10798,UM-BT-025,1,109000
20368,U260107-10799,UM-OT-012,1,162300
20369,U240220-10800,UM-BT-024,1,40700
20370,U240220-10800,UM-TS-002,1,37100
20371,U260830-10801,UM-OT-005,1,154000
20372,U260830-10801,UM-SH-005,1,68500
20373,U260830-10801,UM-SH-024,1,120300
20374,U260715-10802,UM-BT-015,2,85900
20375,U260901-10803,UM-BT-012,1,52100
20376,U260901-10803,UM-BT-009,1,55200
20377,U260901-10803,UM-BT-002,1,72900
20378,U251209-10804,UM-TS-022,1,35000
20379,U251209-10804,UM-TS-034,1,51700
20380,U251209-10804,UM-SH-012,1,146500
20381,U251209-10804,UM-AC-015,3,50100
20382,U260308-10805,UM-TS-003,2,58500
20383,U260308-10805,UM-BT-023,1,81800
20384,U260308-10805,UM-BT-025,1,80500
20385,U240215-10806,UM-TS-023,1,27100
20386,U260302-10807,UM-TS-025,1,59100
20387,U260302-10807,UM-SH-015,1,108700
20388,U260302-10807,UM-BT-014,1,58900
20389,U240910-10808,UM-TS-011,1,72900
20390,U240910-10808,UM-OT-008,1,265800
20391,U251219-10809,UM-OT-025,1,274300
20392,U240927-10810,UM-SH-022,1,128500
20393,U251021-10811,UM-TS-017,1,51400
20394,U251021-10811,UM-BT-021,1,72600
20395,U250806-10812,UM-SH-004,2,100000
20396,U250806-10812,UM-BT-010,1,100200
20397,U260525-10813,UM-SH-012,1,147600
20398,U260525-10813,UM-BT-013,1,113000
20399,U260525-10813,UM-BT-022,1,58400
20400,U260808-10814,UM-TS-011,1,86500
20401,U260808-10814,UM-AC-021,1,24500
20402,U260808-10814,UM-TS-023,1,24200
20403,U260610-10815,UM-OT-021,1,129800
20404,U260610-10815,UM-BT-024,1,39200
20405,U260506-10816,UM-OT-004,1,190700
20406,U260805-10817,UM-BT-018,1,68900
20407,U260711-10818,UM-BT-020,1,82600
20408,U260711-10818,UM-BT-017,1,36600
20409,U260607-10819,UM-AC-031,2,65800
20410,U260701-10820,UM-TS-028,1,62400
20411,U260701-10820,UM-AC-006,1,24300
20412,U260725-10821,UM-BT-025,1,110300
20413,U260730-10822,UM-TS-004,1,45300
20414,U260812-10823,UM-TS-010,1,33400
20415,U260812-10823,UM-TS-005,1,46900
20416,U260626-10824,UM-TS-021,2,40100
20417,U260626-10824,UM-SH-019,3,175300
20418,U260626-10824,UM-BT-020,1,85800
20419,U260815-10825,UM-TS-021,1,39100
20420,U260815-10825,UM-BT-016,3,112400
20421,U230525-10826,UM-TS-008,1,46500
20422,U231107-10827,UM-AC-025,1,72200
20423,U240804-10828,UM-BT-019,1,36100
20424,U240811-10829,UM-OT-021,2,136200
20425,U240811-10829,UM-AC-007,1,13700
20426,U240811-10829,UM-BT-017,1,42000
20427,U240821-10830,UM-TS-018,1,81300
20428,U260724-10831,UM-TS-030,1,75800
20429,U260724-10831,UM-AC-013,1,41000
20430,U260724-10831,UM-BT-013,1,117500
20431,U260724-10831,UM-BT-009,1,65500
20432,U250829-10832,UM-AC-002,1,84800
20433,U250829-10832,UM-AC-020,1,64700
20434,U250829-10832,UM-SH-012,1,173900
20435,U250829-10832,UM-BT-024,1,48500
20436,U250503-10833,UM-BT-003,1,49300
20437,U260822-10834,UM-SH-011,1,153400
20438,U260822-10834,UM-BT-005,2,100300
20439,U260831-10835,UM-BT-012,2,57500
20440,U260826-10836,UM-TS-029,1,45700
20441,U260829-10837,UM-AC-024,1,53000
20442,U260829-10837,UM-SH-006,2,172500
20443,U260825-10838,UM-TS-017,1,46100
20444,U260825-10838,UM-SH-015,1,87400
20445,U260824-10839,UM-BT-006,1,49100
20446,U260824-10839,UM-TS-018,1,61100
20447,U260528-10840,UM-BT-009,1,52400
20448,U260528-10840,UM-SH-003,1,190300
20449,U260528-10840,UM-BT-016,1,83200
20450,U260528-10840,UM-BT-014,2,54700
20451,U250124-10841,UM-SH-011,1,154400
20452,U250124-10841,UM-SH-001,1,113300
20453,U250124-10841,UM-TS-007,1,35900
20454,U251228-10842,UM-AC-007,1,12200
20455,U250504-10843,UM-TS-037,1,30000
20456,U250504-10843,UM-AC-028,1,44600
20457,U260301-10844,UM-TS-034,1,65700
20458,U250812-10845,UM-OT-006,1,288000
20459,U260716-10846,UM-OT-016,1,128400
20460,U260622-10847,UM-TS-012,1,40800
20461,U250713-10848,UM-TS-021,1,54700
20462,U250312-10849,UM-BT-017,1,34600
20463,U250312-10849,UM-BT-005,2,88200
20464,U260705-10850,UM-BT-015,1,75800
20465,U260408-10851,UM-TS-001,1,36500
20466,U260408-10851,UM-SH-022,1,141200
20467,U260613-10852,UM-TS-021,1,43700
20468,U260613-10852,UM-TS-004,1,45100
20469,U260803-10853,UM-TS-003,3,69800
20470,U260803-10853,UM-BT-013,1,107500
20471,U260803-10853,UM-BT-008,1,78500
20472,U260803-10853,UM-OT-015,1,85000
20473,U260823-10854,UM-TS-027,1,61300
20474,U260720-10855,UM-BT-025,2,107500
20475,U260817-10856,UM-TS-004,1,45600
20476,U260817-10856,UM-BT-024,1,49000
20477,U260829-10857,UM-OT-004,1,233900
20478,U260829-10857,UM-AC-004,1,11600
20479,U260821-10858,UM-OT-026,1,119300
20480,U260826-10859,UM-AC-014,1,25100
20481,U260826-10859,UM-TS-008,1,61200
20482,U260820-10860,UM-TS-016,1,57700
20483,U260717-10861,UM-TS-019,1,64300
20484,U260717-10861,UM-SH-003,1,165500
20485,U260811-10862,UM-BT-013,1,124100
20486,U260811-10862,UM-OT-012,1,187200
20487,U260828-10863,UM-TS-037,1,25900
20488,U260828-10863,UM-TS-021,1,46900
20489,U260828-10864,UM-SH-012,1,200200
20490,U260828-10864,UM-TS-013,1,23900
20491,U260828-10864,UM-SH-003,1,193600
20492,U260831-10865,UM-TS-013,1,23800
20493,U260526-10866,UM-BT-002,3,59700
20494,U260729-10867,UM-BT-004,1,46400
20495,U260729-10867,UM-TS-014,1,45100
20496,U260809-10868,UM-BT-016,1,82200
20497,U260809-10868,UM-BT-016,1,88000
20498,U260820-10869,UM-BT-001,1,47900
20499,U260820-10869,UM-TS-019,1,64300
20500,U260828-10870,UM-TS-008,1,47600
20501,U260828-10870,UM-AC-024,1,46500
20502,U260808-10871,UM-AC-006,2,23000
20503,U260808-10871,UM-TS-035,1,16300
20504,U260808-10871,UM-BT-002,1,56800
20505,U260821-10872,UM-SH-017,1,117400
20506,U260821-10872,UM-AC-018,1,38200
20507,U260821-10872,UM-TS-004,1,38700
20508,U260821-10872,UM-AC-003,1,14000
20509,U260722-10873,UM-OT-018,1,368100
20510,U251205-10874,UM-TS-022,1,42700
20511,U251205-10874,UM-OT-016,1,133500
20512,U251205-10874,UM-OT-021,2,156500
20513,U231028-10875,UM-TS-007,1,45000
20514,U260405-10876,UM-BT-009,1,56500
20515,U260405-10876,UM-SH-014,1,82500
20516,U260129-10877,UM-BT-013,1,89300
20517,U250325-10878,UM-BT-017,1,31700
20518,U250325-10878,UM-TS-034,1,53100
20519,U240524-10879,UM-SH-004,1,93100
20520,U250415-10880,UM-TS-001,1,48700
20521,U250415-10880,UM-TS-032,1,39500
20522,U250415-10880,UM-OT-020,1,183200
20523,U250415-10880,UM-SH-010,1,176200
20524,U250726-10881,UM-BT-014,1,60200
20525,U260829-10882,UM-BT-005,1,112700
20526,U260829-10882,UM-SH-004,1,97000
20527,U260709-10883,UM-OT-020,2,164400
20528,U260819-10884,UM-SH-020,1,167600
20529,U251101-10885,UM-OT-021,1,137400
20530,U251101-10885,UM-SH-002,1,231600
20531,U251101-10885,UM-AC-023,1,61900
20532,U251101-10885,UM-SH-002,1,222500
20533,U251124-10886,UM-OT-017,1,242300
20534,U251124-10886,UM-OT-014,2,156300
